120222125
92235792
93212792
91783958
96821500
90954584
87130500
103034167
108867958
106471791
112045167
102471125
100574458
114947125
228018416
5459
88690000
1001236875
22875
13958
8250
8000
8208
214918208
8667
3417
195530167
16291
8958
232631542
14375
8542
8917
101788041
82114375
23753292
102113542
103713375
97505875
101138625
106544459
100150209
114273708
108378708
106333875
419206750
13917
10167
7750
82315959
114391500
83189583
94824667
102155584
97187250
95473500
93631416
92136250
94828875
80450417
81656584
103364833
117541625
101198083
102888291
105071375
107431042
101594625
112542542
107322291
106229875
102294959
98817500
106145417
100652417
101270208
96071125
89524291
98627292
89172083
96785333
100158042
96456167
86738250
98738792
102117209
102377000
113216209
103375583
101660666
109125791
106477542
98689458
96713917
100744375
108373875
104040167
85100958
45210417
83525334
100266792
111077792
118668833
109523625
334611416
18250
9250
88771875
107093125
104528208
96219166
88394459
101695917
112510542
105941041
95305875
418434917
285998625
17151291
8542
83337000
13666
8458
83257083
13958
82606708
108955458
105331584
105020291
100126125
92873750
90781208
101961375
107338708
104358250
100695334
97509292
106640917
98834458
85850458
86298834
99792583
102229208
98375042
99031875
108136083
107495875
102301958
100657959
97304167
99333417
90225833
92592959
88488667
91336709
100011542
103810375
99257875
102670333
99343250
106331416
103579792
109066250
107484666
108208500
116109625
103479041
93687833
94779417
98813625
106018958
106105250
100093917
98678459
104343750
96619208
90699791
90085917
99672334
100499334
107784208
104599708
94883125
96939834
101671791
110005500
105604542
100426083
93300708
94528917
110238792
100468334
101259459
102795250
108965041
94223084
91281500
91777500
89288625
93816917
87500667
63197166
100771958
102179542
124280584
121570959
347685500
10375
4667
90116625
76364833
67052000
110962000
109464459
104504625
102868583
99893292
100475083
110447000
101329542
96581708
93430375
97401958
94379625
96651458
90670834
99876041
97469167
103089458
96442667
106265167
111832000
109100709
118615375
102023750
94786916
89729250
96260292
114501333
107707542
89048375
97617084
92376542
83661250
101792458
91810167
87929750
96561917
100987583
98008833
105980208
108076625
114027000
112167209
109408208
88958375
86178167
89858083
99872500
509300667
259566000
207648958
21667
14333
13375
14041
46625
9500
44355333
102565042
354493250
11334
8834
55276500
80120792
77451000
87232708
381747125
14792
8292
124140792
74370666
56469750
112595500
105729792
95756916
103877458
95439333
100400666
97227375
103216583
112791333
101726333
89272167
94926541
99020750
94877500
94310709
105669667
103281875
89589000
103440750
101251708
103553917
58700584
87755791
130202291
131749458
105760959
97888167
78177917
76711458
87536417
98138375
102121750
104590333
112992292
109593583
97643375
423804208
14917
8625
111509167
13917
98888459
73025750
84696375
93686625
95481625
98806333
106932459
101965458
106878708
110195375
102744416
100677875
116378084
105288750
91036084
97299458
97177416
94812708
91164500
90223667
85255000
92501625
95774791
109487917
108261500
102804292
107410416
108682917
98089875
99648125
105943542
401723667
15959
8083
108247458
110578250
102979541
14916
90530917
103849458
105339458
101709584
107773875
96419375
93135708
100510584
96135500
95240083
98559750
100069792
106579167
99182708
107296208
98394042
85356834
97276708
92352000
79948833
87242125
101619333
105722958
97489500
101384000
109547958
110107791
105382667
100979750
98258459
115622750
105786916
92959417
93942167
109488958
103601083
102284583
95300583
102745417
94956083
97672875
95063750
97414291
87277833
87541792
68355959
100824792
101398417
123149500
114664125
120494125
217213042
15125
104750875
86175709
104572625
94300333
105937083
93014083
97656458
97076875
100047625
105397250
110447167
110639542
93879042
89454167
107682833
114200083
89946750
94054500
114321584
98238625
99689250
80560292
108501625
112224375
100300167
98941834
100838666
99510125
100219750
95620625
99099541
103677917
96749667
102112333
95727833
95774000
97842166
71023750
87146709
100504625
106121750
113188958
120217458
103462166
108009834
101234125
100807375
99290167
96838000
99585541
90165583
85082083
92352584
97448750
97559167
105532250
114635667
107631666
111478625
424677875
16500
8625
8416
106611208
90021000
58470084
89092375
90811500
91726833
85285584
81465500
101316791
121340667
107327459
376723458
14083
8583
113972042
90007833
50153542
104862625
98449709
102325959
94087958
89521083
96502167
99388416
105664500
108073417
106044584
108235166
106310041
89662000
83956625
73508584
66628667
99432167
117768709
136719708
116315416
109185958
105717792
98736750
96329416
102314750
85803833
119355458
102203625
93587375
89613250
94772500
113444958
97688459
98947584
444633875
19375
13666
219089208
93885625
13333
8958
43606750
105461750
96186750
98848042
96693708
97156833
102529750
104819208
95501875
92742083
95008125
94186500
95132750
97050041
101638667
110301250
112977000
101666500
96970708
87240833
93097292
93013084
112042125
444636875
16167
8334
7875
167240916
14792
67988583
106461833
80837667
93656500
98603167
100484791
99792541
109893959
104853917
112754875
107572250
97294792
104007875
100571708
99313833
98401417
107158750
115434042
106225458
98803167
100278458
107140250
93098208
95351583
95444667
108549166
98265750
102385250
440437917
8541
3417
6625
199051459
8625
67061291
161548708
35590666
102003459
86471000
101794625
371731792
18333
8209
7750
151270791
155373208
7250
41876208
101360042
111341625
129585167
117280958
104685042
103980000
105789583
93574041
94641000
82223792
83115125
97661000
102582958
117150500
112131209
110246000
99813417
90616500
100039167
111552666
108542417
100928833
104459208
101819291
98533875
95489666
84691750
87606250
103095167
107503666
98815000
104281209
99995792
94246917
90511458
94940500
96739333
96391834
103396667
108239708
122972625
98669375
107017459
100449833
99339375
102724500
101035125
90698834
93854333
103180875
98359375
95558459
87485625
97134709
90482458
94065917
110028375
95810458
96563500
105029833
114694708
114650959
111692333
99361834
101901875
93160000
84635417
98045250
104581208
96652625
378877917
14542
8208
96634042
89997292
92015292
22249875
112298750
108841250
101296042
90445333
102146500
104597209
90580584
91690500
110491291
453584333
12292
8208
7709
215098834
13375
69309166
152989292
35340500
423659417
12750
8667
7916
202040500
14500
52169167
91262208
54202458
126728750
129719833
93480875
92069500
95741291
109059709
95880291
102890708
109304375
104703875
102090708
102879458
103271041
98303500
107106583
95375250
90946750
96776542
108899167
86190083
111835958
97559208
87964083
109998542
390430250
8334
7709
95286083
92190917
101223333
9735875
105193375
106939583
110078250
110338209
89069875
87200750
96837958
88173500
83141041
87164583
107144834
99979625
97883208
100681459
95331708
94057958
105472792
102994084
88756167
97997750
100180417
96272208
99622625
99687125
100030625
98828125
99575625
100895042
98796125
100431833
101020541
103035458
101256833
111480542
83751959
108055500
105475875
91003292
95121416
112003208
104441292
83512500
99901750
101965667
97810875
99984000
100228875
99819333
104189042
102632959
102886250
90157167
100007042
100173041
107872708
92252750
100262833
100012583
99624459
99611125
100854667
100237792
101285333
99292542
98351833
100303375
112326292
87725792
100255000
100186125
99433125
101332000
98472458
102413375
97794042
99725375
102179750
98747667
104602708
97109125
106171875
94932542
98068708
109304542
90091750
114424792
86875084
97337458
100215125
99666708
100144417
112658834
87199375
111506375
88483334
108058500
92352375
116030208
84993958
106865875
91714375
107727917
94524584
98139709
112476834
86979000
107297292
92708125
100032083
99968042
100193500
103414375
96566834
99854083
100242167
99537375
100291291
99631292
99954083
100528125
100035833
101753917
101839291
95994917
99799542
100372125
99899042
99846959
100381459
100262042
99557000
100040209
100837917
98812292
100380125
100125583
99670416
99874750
99999958
100074500
99765250
100719250
99506583
100135000
99921625
99802292
100257000
100758958
98945250
99707083
100321958
99789625
100873916
99312042
99706500
100903333
99356750
99734792
100254917
99791958
100233667
99852291
100011917
99948083
100410834
100619208
99510792
101565708
98440292
99235458
100549250
100216292
99285166
99886458
100058750
99961333
100638833
99577958
99612417
100740625
99733083
100027875
99449084
100169792
100151083
99870083
100578708
99691208
100032542
99977583
99732375
99845000
100021458
100233209
99761875
100519334
99977084
99119333
100446833
102481666
97482250
100108666
99726167
100441458
99828333
99786500
99945791
99687208
100602500
105301667
94456459
101946625
98715000
99261459
100240042
99996833
99747458
99918292
100393041
99776958
100224958
99606083
100231917
100389917
99102000
100015542
101981959
98433292
99836458
99877500
100183708
99962917
100385875
100493292
98715208
100594000
99752541
100454625
99205667
100873583
99188375
101127084
99944834
99835458
100796250
99862875
98856417
99796000
100174584
99556000
100012500
114225333
106716875
97451708
81852083
105636709
108108542
96577125
102775250
109807833
91569875
84943125
111657541
93404458
95475583
99737500
100316042
99321708
114146541
85832208
112657500
102760958
92346000
92477834
100155417
111642125
88316459
113680375
85982167
111087125
89000959
108442375
91700875
100883875
98779541
100056333
99802084
100341125
100250125
99813250
99992125
100648083
100112250
99218500
100457792
140351167
98937292
60266500
99926042
100735917
99605125
99458125
100321833
100035917
101166708
98567709
100061750
99837875
100083041
99805250
100142042
100682125
99607291
99646000
100547209
99972959
99803333
99625750
99934041
100152209
99928875
100081250
100002625
100018834
99707750
100185417
100144250
99787791
99893333
100032417
100038083
100045208
99938167
100224500
99795292
100094125
100092000
99733583
99716250
100249250
99798667
100308750
100053333
99888417
100206083
99890084
99717042
101753083
98080583
100289292
99986291
99949833
100039583
99967542
100501250
102278542
97575042
100409208
99172083
99959625
100339500
99825166
99856000
101763583
98869708
99806458
99774291
99559916
100202500
100398208
100193417
99748209
99400042
100759209
99220459
100715584
100066250
99369875
100488208
99328083
100407917
100216125
99593917
100183583
100080500
99699250
100322958
99674250
100158041
99920333
100124917
100742625
99054500
99964708
100025375
100061709
99881250
100048250
100056958
99827083
100216750
99844875
100209709
99754625
100154333
99814667
100562333
100006375
99872334
100484500
99139292
99821708
100391417
99560084
100089750
99900833
99910042
100179625
100044333
99665167
102112125
98513875
99437750
99686750
100763375
99545459
99943083
99739459
100695459
99302333
100357167
100048125
101520166
98296125
100759208
99313333
100478500
99952833
100012833
99491625
100345625
99937917
100186416
99498667
100048625
99992583
100276917
99625209
100767542
99803917
100198500
99534958
100082167
100117875
99711625
102450334
97550125
99410583
100578125
99723875
99779958
100483500
99934417
99988333
99605583
100146417
100157334
100090334
100393083
99168667
100021833
100309250
99586917
99830250
100889875
99457750
100031750
99759834
100253750
99594667
100248875
99969791
100143958
100382292
99514042
100064709
99976959
101916292
98909000
99505208
99576417
100892041
99017500
100110625
99726625
100032833
101309167
98602958
100962167
99312625
99804584
100372083
99971000
99478875
100268500
99964208
99653750
100222166
100149250
99961083
99949583
100280666
99758791
100113250
99827708
100137708
99789791
100367542
102460209
97929667
99889958
101618375
97704750
100570125
99508750
99789750
100216000
99899459
100120250
99867167
99763417
100117750
99909416
100660250
99353500
101941833
98038166
99949625
99769375
100126125
100024834
99781167
100488750
100449209
99102291
100278542
100233792
99657875
100030333
100237167
99974167
99888167
99850625
100037333
100412458
99551084
100206125
100063709
99690917
100179750
99558250
101082458
99026708
100102417
100153666
99602750
99932041
100115875
100794125
99321041
100029541
100927375
99529208
99475750
99983208
99931042
100507666
99666666
99656167
99597458
100627750
99648458
99990125
100405750
100007750
99764959
99981208
100209333
100322125
99398291
101599750
99694667
99814000
100047042
99026917
99673334
99973375
100154000
99971875
99779166
100169833
99856000
100456958
100243208
99460708
99480750
100273375
100119625
102890791
97546459
99635833
100489834
99314209
100161250
99992125
99734167
101017833
99504292
99678500
99881416
99879708
99908709
101955875
98138625
100170584
99907167
99918416
100125875
100013917
99883542
99802042
100142208
100344959
100298958
99220833
100543125
99552708
100461791
101157541
98442042
100166917
99874417
100144583
100183334
99395625
101889291
98064792
100100917
100156417
100171666
99565541
100073875
99811292
100077000
100564167
99833875
100000584
99804500
99970667
103220875
96549709
100049250
99890708
100188166
99774458
99772500
99921917
100316541
100406667
99778875
100121583
100694792
99334583
99640875
100190291
100311833
99542458
100204375
100339625
99128208
100594583
100697375
98656458
99955917
100286417
99766208
100636417
99257917
102012208
98553708
99874209
101538708
98345625
99925417
99981000
100733333
99456333
100012209
100062625
99857750
102095000
98467084
99499292
99503916
100236542
100227541
99609542
99935958
100332625
99877959
100748125
102365916
97214084
99473125
99973667
101024208
99316167
100416083
99934792
99402459
100021291
100070459
99709750
100001709
100002125
100623125
99621833
99927000
100012208
99715875
100716042
99691083
100115334
99724875
99843666
100109208
100019666
99768083
101943417
97887459
100398916
99737333
100074833
99903625
100861458
100107833
99349792
99753333
99878083
100237250
99970292
100660667
99822833
99235042
102449167
98105208
99805625
99599667
99744250
100241917
100058833
100156458
100398750
100181416
98982666
101377125
99090250
99525584
103090750
97546958
100047542
99637458
100140667
100190750
99609500
99981708
100447542
99584375
100132333
101965875
97891375
100583167
99061708
101193375
98739916
100350958
178974625
20861417
100257583
100557667
99849125
100061083
99517667
100115708
99990666
99778125
99923000
99648583
100431791
99676083
99947042
100567167
99849417
99746167
100250417
100118750
100013625
99869042
100429750
99932875
99406333
100653958
100062375
99775583
99372916
100171333
101353000
98334334
99911250
100237125
100040000
99666917
100254916
100135500
99908166
99810625
100027500
100205375
99844208
100072334
100333750
100105792
99651667
100294250
99570291
99917958
100565500
99461292
99711750
100762875
99875125
99477458
99849333
102547708
98263500
99345917
99912250
101577291
98851375
99775583
99737458
100224708
99894708
99842917
100206542
100047750
99980416
99787000
100004791
99970459
99936959
100034792
100217167
99743583
100254875
99998500
100480417
99144667
100354666
99876292
100646667
99324042
100270667
99586375
99978417
100714500
100758333
98528208
100886791
99840208
100236792
99116916
100114334
99755125
101129666
99094250
99801167
100056416
99842209
99982042
101282875
99325208
99660542
100028041
99694666
99969500
100160708
99937625
100437042
99722708
100172500
100292750
99062959
100168542
100027834
100699417
99302209
99984833
100748125
99373125
99826625
100565292
99625625
99589333
100485542
100832417
99628083
99266625
100086166
99546209
100654500
99444708
100264500
100336125
100106833
99295250
100560708
99911292
102199667
97452708
100383958
99792875
99896500
99648500
100301083
100078583
100156083
100846042
99445500
99981750
100465292
99430958
100973000
98591541
99921500
100146042
100083083
99841584
99940583
99916292
109467958
101624875
97686709
97906584
101915292
103394625
90589750
97553667
106949291
106564500
97215750
90550584
106881083
91594417
111014792
91422083
100345709
105590708
93145458
107746792
98829958
107209667
84512375
106242375
106540000
87112292
103483416
104190042
100864250
103600833
98934208
94392917
113132833
87553667
94822750
108063333
107432333
92834458
97599166
93659458
104521584
123718875
101689083
96281667
74395875
99072583
101775583
97807792
102334750
98462083
100517167
102114166
102341250
95464625
99267583
111625333
106869833
110413292
83290917
94661584
92045000
105701125
96070000
100185708
100385042
100071875
109996959
95760459
92681875
107499917
106167500
88313334
97301792
102392125
109269666
88524000
106644125
93226291
107779084
93050709
115473583
84023833
113020167
86391042
121787292
91294417
87781708
101325708
99142083
99071625
99970667
100776583
99035334
100104417
99932334
99944417
99850667
100212375
100139959
100080834
99587417
100260250
102394000
137965667
60893500
98891750
100526333
100469833
99435083
99169291
100218083
100016500
100092792
100032708
99698875
102382334
98446166
99527584
100589333
100295083
100542291
101307375
98307584
98709916
100274333
99310209
99998458
100246958
100341500
99816083
100483750
99474958
99815750
100676042
99272084
100525750
99768916
99619542
99805709
100222209
99890250
99974291
100221209
100428750
99264417
101159458
99203625
99815708
100277625
99946125
99856833
108564958
92352542
101463792
122350250
100458750
99291375
89428084
102402125
97456042
86055458
100041375
102086166
103440875
95342792
99168791
100637167
99102875
100090042
100280500
102081666
98506333
99348916
99761792
100125667
99802333
100195625
100328792
100480417
99065750
99987417
99791166
99950583
100586833
99729917
100011750
100374083
99618375
102920000
97269750
99747625
99926625
99960750
99827709
101772667
98321250
99612166
99623791
100740500
99769791
100196500
99566042
100451083
99749500
100028291
101365792
100042125
99735042
100716667
98981667
99831667
99795250
99130875
100032417
100270125
100104625
99984584
99855542
99987042
100020667
100241250
99990042
99928667
100199000
100486750
99170333
99885542
100559291
99625000
100257500
99892333
99770542
99812208
99822958
99957875
100321208
99772208
100695958
99482500
99742292
100651000
99550750
99861083
101676417
98445791
100657875
99169250
100704042
99531041
100097916
113051083
94725375
103462875
94784625
107751209
90442584
109431292
86031125
104550167
95120792
100739417
99419875
100473666
99947833
99549958
99904625
100794583
99235042
100017417
99965542
100505375
100657875
99350750
103386792
96285041
99964250
100338875
100689334
98862417
99887500
100171500
100207417
100604167
99161500
100094375
99843541
99900125
99708458
99981750
100202125
100098250
99446500
100782542
103394666
96992791
99656292
99847958
99922666
100173625
99881500
99926209
100364041
99486375
100306458
99710042
99721875
101780750
98235583
99946709
100452875
99841500
100183125
100199416
100671333
101339459
98031375
99469959
100432875
99863916
99907875
99883500
100134042
99785375
99952500
101958792
97914958
100047541
101891167
101107792
98898500
99807500
101333458
99520667
100816542
100132542
98178792
103904750
101573000
93340708
99113625
100937541
101159958
97982917
99981625
100269792
99945334
99884041
107651666
96749417
95441583
100104542
99922000
99951584
99996750
100032333
100462250
100571458
101226250
98279583
99647875
99571417
100187959
100050708
100427542
103700917
107318250
89332792
98917542
100462584
100456584
99385750
100214459
99988083
101683625
97986792
99944584
100093459
100260208
99743625
100168125
99516334
100981292
99265875
100037125
99922750
99921083
100529750
100615417
98895000
99961416
100593750
99826125
102755459
96605083
100208667
99970541
100660583
99686500
99754459
100906500
99851333
98991042
100277333
100120708
100926667
98884833
101098125
99181291
102435625
98449333
99557959
99247542
100705625
99454958
99668458
100728042
99483667
99835667
102158583
97991042
100761417
99256750
99600375
100038000
99877292
100167333
100543708
99685916
99957750
100035542
102892750
97067083
100023833
100374583
102706250
99166708
97591209
100202333
99976708
100045458
101641125
98905292
99337583
99654250
101995208
99143792
98765375
99992125
100490292
99760208
99861834
100849708
99252167
99984292
106357458
94054708
99443833
100759334
99824958
99354459
112467250
103117417
99605291
90602750
111399167
99786375
82711583
100096250
99943291
100020875
100442583
99704875
100593167
99484291
99897125
99795042
100306500
99647208
99899791
100654833
99320625
100006958
100162875
99948416
99951417
99901875
100506166
99859667
101480708
98280542
100148458
99740000
100084667
100189500
99752459
99331792
100202708
100516875
102113416
97906583
99647625
101159458
99422042
100609625
98881625
99936500
100438959
100306792
99648791
99079584
99995583
100104833
99735834
100566459
99633166
99871250
100186500
99856959
100576875
100407750
98966166
99897125
101639209
99234875
99773667
100038834
99624625
100796125
99231417
100412875
99629834
100315000
99745375
99725250
99923917
100410584
99632917
100201959
100176959
99777500
100037500
99727875
99993083
100538417
99670542
99792291
100207834
100271833
100621917
99060084
99678375
100233083
99631917
100386250
100688000
99257209
100091375
100185125
99746833
99732916
99918583
99891417
100235708
100200541
100172500
99477125
99995416
100412167
100044834
99859208
99937291
100005375
99899000
99753375
100016875
111557042
102447583
102270708
106366333
90719417
92049958
96767583
100328375
97913834
100488792
100989000
100984166
98122542
99020084
99515917
100716708
99778042
99734417
99986500
100017125
100278375
99994583
100130958
99559375
99950875
100183875
99536666
100247042
100070750
100141417
99800459
100093791
99433791
100552917
101033125
98837958
99964042
99770500
100203416
100508792
99740583
99969792
99769500
100301291
99935209
100024833
99570583
99926458
100460958
99657792
100104750
100109000
100037250
99566292
100219708
99936958
100038584
102159042
98569542
99126417
100588750
99052875
100221708
100059208
100394042
100058042
99387458
100036709
100548458
99797583
100172666
99624708
100692583
99268167
100249875
101323708
98421667
100366792
99231416
99909166
101207542
98970500
99845833
100066083
100195250
100247875
99517166
100253916
100051417
99730334
100140792
100204083
99841667
99871375
100159958
99935250
99806541
99854541
101183875
99061000
99711500
101186042
98829208
99963250
100180959
100084375
100027250
99757584
100235917
99808250
99891041
99969916
107967500
106988542
99431625
93382667
108486208
91202709
102090250
106767125
83604750
100083583
100155625
99912750
100127500
99676750
100466417
99233459
100511334
100095333
99669583
99992709
99889667
100201291
99841208
100448750
99757458
99937500
100072583
100425000
99085000
100301792
99774583
100150666
100289667
100048416
99657625
99673333
101052625
101036334
98224708
100297208
99888792
99714708
100053708
100089541
99947417
99987458
99923333
100072125
100507083
99635959
100001209
99722375
99953250
100317959
99800334
100568292
99292708
99906750
100609000
99608833
99862458
100288583
99935833
99535125
100157500
100274000
99416084
100121375
101149125
99445084
100644750
99090292
101526250
99520458
99028375
100237750
99289000
100613292
99750166
99755125
100100833
99812375
99869000
100347958
99913834
99752250
99987916
100027458
101231375
99388916
99364958
100365334
100114667
99780583
99759792
100185250
100504667
99216166
99999667
100008125
100614208
99700042
99615000
101075875
98817541
100380375
99877542
100261709
100233709
99604000
100063375
100125542
100020917
100088875
100194375
99474500
99945792
101324959
98724708
100343584
99532333
100186917
99568292
100044166
100377000
99477583
100071750
99997333
100128375
99961750
99870542
100207292
99681208
100106250
100028958
100179792
100970208
98814167
99974166
100723375
109022875
106311792
133571291
81589667
83219584
93515875
94745209
102597292
97554792
97326417
101200542
98517500
102901833
97214375
100218916
100105083
100123208
99496750
101278500
98704791
99971209
100340625
99808125
99997875
100102458
99640250
100053000
99790334
101307625
99440417
99136291
100331417
100523542
100255667
99919791
99416750
100019917
99893833
99999458
100061042
99829917
100269458
99833500
100709958
99263167
99732959
99870375
99878708
100220042
100015750
102628583
97282917
100011958
100313916
99900375
99771583
100438625
101590875
97896250
101020042
99494916
99765125
100231000
101926917
97970417
100194042
100632667
98818000
101042000
99320917
99648125
99965167
100093958
99704125
102251708
98058125
101633250
98053166
100614709
118884875
80680708
100598958
99146875
100226542
101069708
105654542
105580792
99775958
89675625
113236083
94510208
106955333
83706292
99570542
99921084
99982250
99841000
100113958
99842250
100268083
99640458
99667250
100180917
100893541
99509750
101174792
98863958
100336584
99938584
99729375
99501375
100954666
99099042
100200334
102984667
97731167
102130083
98153708
99091959
99665667
99630250
101012542
99303667
99929583
100434833
99481125
99903666
100296458
100824084
99223250
100550500
99935083
99723875
99569208
99835959
101581875
100331375
98483584
99790209
99724459
100389042
100380875
99977833
100108750
100201791
99330083
99737709
99981666
100189416
99878500
99556875
100773625
99716792
99444750
99975333
100914083
99625417
103789416
109333500
87288375
99691959
100971375
99039917
99449583
101049083
99197959
99994833
100337417
99635708
100037208
99676792
101797917
98568750
99959500
99911291
99691250
100110375
99916542
99743667
100058958
99946916
101229333
98901250
99889833
100519167
99844417
99463708
100290375
99739500
100217708
100597458
101061208
98290167
100032167
99848584
99776584
100212708
99926500
100255333
99680041
100302667
100139708
99861541
99973667
100581833
99474125
99668417
100063792
99980583
100983792
99693916
99685542
99728042
99848417
99659209
100617167
100304792
100952125
98535833
99991375
100996750
99223791
99714625
100008542
100241917
99969333
101456666
99437708
98706167
100030709
100302834
99805166
100150459
101009208
99213917
99483708
100018333
100265667
99913417
100019791
99571417
100157750
100807709
99836375
99959542
99267208
100724333
99372625
100105791
99849250
100244833
100040667
99660875
100235084
100077500
100531792
99822292
102825833
96696292
99981792
101107208
100190292
99484292
100263458
99940958
98984250
100762000
98931209
100029833
100764500
98844833
100342208
100909625
100557416
98779334
100205292
99260458
100001625
100010708
100245500
99651208
100052916
99940084
100006084
100673292
99341792
100242417
99962584
100526041
99496792
99552334
99877708
101018125
98950250
100545667
99709958
100879417
99401000
99644625
100171083
99990875
100669709
98960083
100204625
100074750
101097500
98761250
100144250
99721792
100593291
99532292
99977459
100330875
99362083
100624250
99576666
100244750
99905625
99798542
99978416
100296541
99561000
100215583
99662209
100534458
99389958
100029375
100713959
100173458
99826250
99976541
99848542
101361791
98595875
99816042
99674750
100463750
104513083
95373334
99773459
99611250
100210917
99726709
100328625
99894125
99996333
100110959
100096541
99692583
100061417
100328041
99434792
100203416
99753083
100623917
99617625
100195875
99957334
99959208
103850042
97107417
100466875
98338250
99843042
99938125
99996208
100213375
102298000
98452166
99329250
100038792
100188958
99618417
99729291
100305833
100022875
100228250
99719208
99872667
100110209
99781708
100075791
100125708
99763458
100469000
99664625
100057709
101295959
99128791
99414500
100175125
99410750
100450000
99861166
100242541
101129333
98816250
100037417
99619625
100230584
100095541
99953334
99685792
100288375
99832084
100365458
100822459
102737625
95871166
100217875
100070583
100311750
99475292
99949833
100257375
99736458
100472292
100484417
101916375
97498458
100440709
99438208
100974166
99268083
99853834
100287333
99292875
99847958
100714292
99631708
100017375
99819208
100181084
99741083
99891875
100213000
100294250
99880541
100006792
99742041
101200875
98739334
99945334
100041083
99928583
99955750
100864250
99424000
100233792
99465250
100496000
99531666
99721750
100031958
100463791
99751750
100202833
99739958
99871292
100984583
99114750
116374250
97767375
137903083
51844625
98709125
98456417
101595708
100454417
99544291
98170375
100869791
99445334
99914084
101435541
98150250
99411250
102720708
100122708
97823542
99752042
100471458
99941625
99481709
99640333
100344792
100526583
99541958
99525000
100025167
100054791
100206125
102089917
98148000
99981750
100099625
99553167
100357625
99330375
99974500
100402291
100202625
99721500
100209791
99539333
99871666
100172750
100635292
101049291
99796917
98784292
108495833
96580750
112013084
104560917
91702125
86335375
113061000
88017833
100327917
98308875
99974667
100521459
99252542
100252709
100390792
99952541
99862166
102169792
97752250
99371083
100676708
100198250
99693542
99670584
100450500
99361250
100183334
100241292
99815583
99687708
100199167
99885750
100157208
100061500
100226500
99842667
100353875
102070125
97717875
100455000
99764792
99484209
100577000
99407959
99620458
100345084
100093166
102308917
97194250
100333750
99991208
99894458
100057958
100513834
98991334
100676375
99584584
100527750
99815959
99679250
100194250
99780625
100938917
100670125
98372334
100492958
99734583
99867167
99899833
99950291
99989542
100237042
99793792
99858583
100235125
99673541
100410417
99431292
100573416
99693625
99960583
100023458
100225959
104015667
95934083
99894584
100439583
99667625
99480000
112632459
87962500
100584666
99358208
99730625
100308250
100628417
99152125
101486583
98292000
101721542
98841458
99441167
100468750
99690791
99859459
100193792
99740250
100548959
99285500
106109500
111009375
83166209
99906041
99620625
101782833
99071834
99452708
99744084
107181458
92784792
100251833
99696500
100787667
107446417
91986875
100585125
101487875
97726833
100345583
100463750
99189959
99901500
100026875
99949292
100253500
99900458
100849625
98994583
100305209
100081000
100024125
99903625
99779416
100530458
100280666
99594833
100051375
99513584
100332833
99678667
100139333
99736541
99807084
100133209
99999292
100444083
100243750
99349791
100186083
99564333
100504792
99985208
100688166
98942375
99864250
101592125
98399583
100221625
100111375
102938583
100659250
97061875
99468791
100727334
99329542
100054625
99625916
100511958
100279083
99356708
100737333
98741958
100240209
100466792
101174042
99831209
98606875
101058708
99157833
99733584
100491000
99431000
100007542
101083334
98859125
100515375
99637500
100390583
101832167
97402042
100211833
100044709
100547500
99664709
99482417
100224709
99961917
99820417
100253291
99945250
100719209
99547375
99578667
100119458
99987625
99794666
100347375
99613583
100012250
100875084
99368209
99883416
100238167
99831584
100383834
100420708
100255666
98613250
100690958
100141042
99659541
99519584
100789875
99065417
100046541
100325250
99898417
99933584
99568875
101048500
101209833
106186084
96907042
94913292
106954167
93422083
101605333
117985334
89467500
121552750
69167834
100483625
99727042
99855875
99665500
101923625
100884000
97323917
100178333
100561792
100171250
100620042
99606541
98671500
100270042
227239541
13792
84541917
88432000
100080708
251649416
15834
48556500
99116459
126304291
74833583
110084542
88780209
108117583
92750625
99673500
133262417
66162333
132153375
69651291
256792917
10292
41531792
99715250
100204500
100655000
181808291
17290625
109948709
104913125
292302542
15333
8167
92557708
117058292
100913208
215302209
12791
90513834
76431875
100002625
256212875
13291
43691042
100035292
99843084
100154583
181617416
20110917
98148750
100129167
305965000
19125
9250
95885042
98389708
100341875
229058416
12709
70944459
100005500
99668334
253664458
14042
47035500
99549417
99729208
99584250
177632708
22687208
99696208
103446708
297754500
14000
8000
99299792
114664959
100952375
104313041
105483584
76134167
98103583
100566125
99805458
150727958
49337792
99624959
103567709
97496291
173993500
42993000
84354583
98570583
99277958
100762541
99425625
103373125
95734541
100454541
121432209
103510750
75050958
99966250
99959833
121272917
125882875
53467417
99062667
100308416
99288584
172360750
27994792
100527333
101211542
98356667
105992208
94222042
121228208
78809000
115435375
103145250
101534875
79833583
99982000
99932708
100299333
144051250
55638917
99690667
100158584
99477833
169616958
30753208
100881333
99390625
101268833
98669083
100050167
99774791
100148958
99772833
100265583
117965666
82132250
99893041
99997458
100127000
140899167
58626000
100060333
100178083
99386458
166907208
34722875
99233667
103067917
96865250
100089583
99829125
99854083
100266667
100031916
99953708
113982125
86174166
99581125
99728958
100748708
139491250
60546291
99541417
102644459
96519750
163741458
36899125
100321667
100561625
98970292
99445250
100911791
99742791
100589709
98501958
100913667
110545667
89727292
99577666
99508375
100202875
135085041
64087250
100133333
99953875
101620667
158620500
39787750
101582708
98156000
99998417
184712333
15296083
99967459
101219791
99516417
101560583
106215542
92102833
99616375
100082959
99748875
133695583
66354500
100570958
99549958
98994708
157989542
42570208
100092500
100663708
99338875
184333083
15767208
99817500
99981417
99529500
101093042
106664084
93055375
99831458
99823292
100408542
129780500
68828708
101113875
100135000
99422500
154531041
45706792
102814542
99076375
98340375
179449375
20173958
100220666
100063041
99579500
100704250
102734666
98248167
100960791
97177334
100677917
126924417
72650667
100024125
100021041
99387500
152155291
48386958
100504458
99520125
100015709
176501375
23901375
99790459
99983083
99079792
100716458
101897000
98036708
99946250
100058125
100021333
125217125
74463166
100217500
99822083
99535458
149317375
51346292
99726625
101078375
99115916
172884042
26873375
99966458
100562166
99248708
100197834
100223792
100066500
99989000
99959708
100392666
120974459
78826208
99750375
100206584
98859917
147023084
53843458
100044916
100173750
99706959
170271708
29468958
100336334
99946250
100190125
98645583
100457000
100575458
99922916
100223875
100461625
118578709
80955375
99975042
100072959
98905625
144837084
56768667
99616125
99473042
100299125
99254958
100202667
99575125
100307042
100122666
99596458
100004917
99935125
100474250
99511042
100021875
100073542
100691292
99117542
100496083
99532791
99937708
100084209
100009791
100364125
99787083
99890083
99855042
99959417
100774083
99245875
99968250
100514291
99984500
99325667
102296625
97946417
99784167
100329917
100016292
99776333
99982125
100733292
99059917
99984375
100454750
100256500
99503417
100171292
100269625
99470791
100055167
100469500
99741541
100382542
99482792
99386959
100483709
100275042
99716750
99985875
100082750
102041417
98584125
99626708
100024584
99819167
101634667
98147875
100032166
100075625
100781417
99331125
99821458
100625375
100796000
98523292
100350375
99308958
100373125
100140125
99924000
99836458
100147292
100044333
99938625
99834333
100151583
99792416
101606667
98635375
99717250
99950833
99813833
100285167
100139625
102338500
98086375
100338875
99638708
102616917
96831500
99980166
100037792
99706834
100387541
99810833
100071750
100774708
99049167
99900583
100217792
99657084
100448667
99533875
100917959
99494875
99889125
101604000
98577792
102533209
97545333
100064209
99498875
99970459
100065791
100269709
100458542
100090958
99080458
104426959
97866625
98057958
100096167
99514875
101014666
100902833
97975500
99902042
100206750
100027875
101964083
98093875
99776667
100050333
100201625
99744542
99772917
100293041
99583583
100388250
99839291
99811292
100201958
100051417
102094042
98505459
99836167
100899167
98676292
100312833
102687875
96984000
99638000
99924250
101282666
99286625
99981916
99461250
100304542
100030125
100083791
99782542
99811125
100952375
99027917
100011459
100432250
99477667
100249541
100335209
99441083
101190917
102226834
96674625
100554542
99628291
100470375
99412958
99719541
100189000
100021000
99771125
100175792
100106750
99976583
99689333
100342334
99579417
101566375
98757000
99924167
100044208
99677250
100205250
100670334
99738292
99839042
99619791
100152791
99992042
99985125
100042000
99791458
100575375
99530542
99752625
100254417
99727333
100001375
100183584
100382209
100432458
99112084
100172625
99938959
99871500
99878959
99958667
100184833
100094208
99943667
99656292
100169625
101237083
98983792
100270750
99563459
100368709
100308417
99199292
100248875
99965250
100294584
100106208
99737500
99784416
99552083
100000083
100350334
99849792
100077917
99686708
100409334
99936208
99639917
101160625
99328625
99503917
117930541
95021292
89887500
97828542
100050500
99994291
100342667
99675666
99739125
99846791
101135125
98806750
100916708
98736917
100439000
99868000
99923833
100055958
100189291
99731875
100059500
101523250
98358875
100900958
99393083
99591583
100241792
99940167
99790458
100556292
99927500
100122666
99269042
100197958
100266583
100032541
99824958
99918959
99748917
99936750
100119500
100119000
99835708
100717291
102245375
96793916
100431542
100156500
101308834
98170291
100444583
100760000
99923375
98991458
104529750
95750250
99731333
100056291
100230875
99694958
101909875
98089125
99763625
99889292
99820708
100485625
100258167
99836750
99702875
100154917
99799083
100594041
99906583
99629125
104114167
95735209
101209792
104937709
94628750
99830042
99461917
101685834
98487084
99937250
100263291
99973959
99641500
100093791
100071042
100420000
100026750
100198458
99042125
100211291
99731333
101967500
103700458
97884792
96888750
100059375
99630833
100267625
100646166
99561250
99902500
99529375
100740541
100068000
99781125
101333167
98055791
100051375
99912042
100129083
100181250
100259542
99854250
100205750
99443833
100617417
99953917
99494708
103130458
96705458
100830000
99449750
100319083
99467959
100266458
99636000
100535875
99762584
99624500
99706042
100734500
99471042
100223917
100300333
99580875
100610292
99812542
100004917
99747083
100165792
99559292
99815042
99910959
100725917
100010083
99491000
101280625
98433334
100216708
99765750
100208334
99876000
100410125
99686750
99811208
100451125
99853750
99766750
99904125
100012542
100576041
101191000
98409000
100010583
99741833
99992708
100474333
100867042
98958041
99999417
100433667
100522333
98688292
99780042
100252084
109495542
92786084
98085416
99722209
100383000
99478709
100018750
99994000
99978375
100088500
100167292
99949875
100089166
101416500
98811917
99426709
99995667
100911458
99075334
100275291
99898084
99825416
99735333
100967417
100512834
98731583
100373833
99643291
100022625
100659292
99240834
99990083
99797167
100376667
100010000
99898500
99714666
100486000
99926667
100083500
99493292
100189000
100074958
100430208
101424833
98579208
100035459
99882333
99851000
100217416
99760833
99681459
99887209
100748209
99494042
100498750
99459166
99660083
100246833
100277875
100316125
99898917
99543500
100558916
100289125
99054125
99829125
100156500
100166875
99901209
99884334
99733458
100045542
100546708
99472625
100251125
99999959
100205000
99641625
100512000
99608667
99749042
99992917
100222875
100018916
101027959
98825333
100292334
99848083
100044458
100412292
99475875
99968125
100030750
99763583
100784250
99628917
99858666
99691792
100015125
100449208
99510083
100091500
99981375
100164291
99725041
101318334
98769375
99932416
102850500
101101125
96293875
99960417
99775250
100523459
100478916
99165041
100501291
104535791
95737292
99747959
99807333
99489250
100238459
99948291
99878375
99895917
100931542
100666167
98516375
99873417
100249667
99688166
100020666
99984041
99768042
100421875
100314875
99849125
99755792
100036333
99801667
100026000
100474250
99511125
100006959
100051208
100490500
99460583
100245167
99787750
100908708
100387167
98800625
99987208
99837417
100019375
100061833
100091583
99895000
99969375
99953834
100257541
99675250
99827250
100561125
99316416
100310083
99991250
100158125
100233708
100534041
99778292
99166375
100189292
100016041
99816833
100088917
99869250
100004291
100043125
100274417
99697500
100034250
100171750
100018916
100065959
99683917
99667375
100004792
100678959
100761208
98564958
99948583
100671750
99596792
99711250
100472375
99853208
99970125
100000833
99946750
100147584
99780625
100110625
99910458
99797875
100429792
100262250
99583292
99896875
100189459
99971625
100433000
99341791
99764125
101290583
98999292
99978625
99753833
100003958
100096125
100269666
99889417
100287458
99685333
100254625
99409875
101400333
99048167
101104375
100823250
98555250
99657750
99453750
99940792
100285042
100237916
99473833
100302500
99814500
100163542
99922666
99864292
100435917
99469834
99998709
100503167
100879625
98649542
100241417
100031791
99515584
100668542
100504333
99021000
103507959
99575958
96831084
99794708
100054375
100147250
99666625
102306542
98305209
99718625
99735875
100515542
99734708
99621541
100785750
99671083
99762000
101270625
98725708
100061750
100170875
101930583
98001042
99708166
100176125
100037208
99876416
100078375
100056167
101063792
98514000
100024625
100052459
100419792
99723333
99729333
100902083
99346959
100079208
99698875
101600750
98322417
99747334
100030833
101073708
98833916
100323834
99973083
101049834
98687084
100281209
100016833
100354875
99665417
99680708
100241291
99992208
99933500
99851583
100219917
100048791
100733625
98991417
100791292
99785250
100878875
98718667
99768041
100167875
100478625
99768791
99978000
99804167
100087458
99922000
99710167
101252959
99016625
99872375
100176209
99877875
100058000
99727417
99967875
99984417
101058500
99178834
99922041
100138084
99657083
100024708
99967167
99967542
100205500
100100458
99807125
99995625
100297709
99736500
101919500
99123416
99457042
108493792
95159000
97170375
99186458
99107208
99961333
100383500
99890708
99617708
100272791
100310458
99971375
99670292
100346083
99961625
100002833
100362750
99291458
101631708
100006500
99927792
98696709
99666333
100044334
99975667
99977083
100011500
99921834
99835458
100556084
108221791
91490375
116872750
83548791
100312708
106285875
108360834
98164666
96338208
105463666
84432042
113990875
87330375
106308041
102601542
89881708
99981250
99650875
105036833
104437791
102349791
98752084
105956542
96788542
103170666
98055459
91782208
99429125
107057041
87394666
106338167
107032500
86268458
106980292
104346667
100388875
97712792
90985708
108178333
106857458
92523209
103044792
101084292
99041416
100582833
88459833
99757750
114083584
93334334
103447750
89940125
99623417
100225708
99809125
99902417
99699000
100117333
99795958
106806083
103731459
101553417
104689834
83362792
110245792
89979833
99473250
100187875
100285958
100421916
99671708
102799959
102149167
111603417
83808708
111730708
88327667
99061959
103805083
109363167
86719041
111428042
99319125
100450709
101613083
95351625
109750375
95251416
99804750
100701458
97994375
89401125
98906625
102890125
101670709
113431833
85309958
107496417
89219166
109524667
105507792
84854417
102330791
98242750
99727458
99542084
100678000
99581458
99861417
99827292
100206333
100428250
100197625
100531000
99609375
98969458
100460708
101179833
98340125
100603000
99881708
99509666
100258250
100217833
99725125
100240917
102530083
97221209
99814292
99924458
101247042
99272291
99728958
100601375
99217167
100160666
101008209
99305791
99973333
99512709
100210541
99941709
99792625
100470750
99940625
99817625
99689500
100326958
100421584
99864958
99466292
100141708
99766417
100254208
99672666
100328458
100042167
100610208
99344333
100117000
99788083
100471834
99660500
100472292
99626166
99883209
100355917
100223916
99540625
100641875
98883416
100540083
99435833
100103458
100118000
99721334
100227541
101044875
98724625
100230250
101269500
98523584
100051417
99995417
99881959
99740958
100469667
100085333
101030459
98896459
99810500
99825916
100145334
100118958
100070458
99739167
99991958
100210000
100147958
99966875
99779208
99842500
101526000
98318875
100726208
100194667
99403833
112135334
98712000
118349667
112785750
116781167
99846000
96203208
92981375
85303000
94074042
99329792
98181958
74614709
100794125
99417834
100197875
99852208
100901333
99110542
99689625
100292666
99960750
100218292
100022333
99674750
100132417
101788000
99934750
97947916
100315042
100395167
99234584
100944708
99712250
99885375
99548000
100369416
99793792
99672375
101378875
99776417
100967250
103029084
109666041
94037500
108143959
98888583
94567208
99626416
90647583
99192000
100024167
99909833
100389375
103142042
96690000
100030291
100782917
99185125
99965417
99902750
100196292
101308208
98411791
99946167
100547875
99876083
99926708
99838792
99682083
100551167
99620833
100586459
99797166
99419833
100040625
100216000
100671958
101155250
98173375
100456750
99258792
100238958
100277208
101093166
98920834
99526834
100152959
100498334
99282083
101310417
98948292
99999584
99681625
101585333
98455417
99657042
100474083
100098292
99698209
100569208
99116833
100454083
100822375
98972750
99925500
100263125
99763083
100926458
99366917
100019000
100671542
98977583
100484584
99525083
101109459
99040584
100036417
99578833
100199583
99754833
100134334
100190542
100743542
99089625
99726500
100112583
99877625
100515792
101021667
98766125
99924583
99837375
100256084
99705000
99740417
101306292
99640416
100271916
99242416
99957208
99814708
101258458
100487084
98344750
99865917
100695834
100062917
99151375
100019791
99951875
100131167
99695458
100185375
99938167
99794708
100219375
99713125
99921750
100323000
100408167
102867334
97380834
99782584
99862917
99487500
101890500
98054875
100219875
99753917
100327375
99830250
102565417
98133625
99414625
102991458
96771125
100125792
100511333
99233209
102357125
99465166
98744584
101421500
98007916
101256959
99268125
100454959
99231125
100752500
100917667
99567458
99521291
99969125
100144209
99079250
99965417
99691000
100073083
99956167
99977208
100375250
99850792
99777125
103251125
99147334
109469625
98507541
106857958
94118917
88945083
100876083
99907334
100834083
99525083
100641541
98635750
100828958
99723000
99777875
98945959
102103833
100634791
98339042
98875459
105279875
108081833
102522125
100097583
91383375
92935375
110286792
101796042
99218833
87837250
101142375
98886083
100570334
99736917
100437500
99784000
99801917
99989333
99964084
100231458
100103042
99831166
99839417
99661167
100082583
100149666
100822208
98927458
101100042
99357084
99842334
99959959
100205792
102650292
99954208
97747542
99333000
100011208
100533750
99657958
100292875
99614125
100144333
99700333
100083084
100450000
99306917
100108583
100170959
99998375
100424375
100009333
99229958
100160708
100231167
99487208
101008416
100232458
98945750
100285000
99679166
99989792
99764667
100262375
100403209
99321125
101488917
99275833
99571666
99588459
100732417
99760583
100016416
99764375
100232209
99743625
100928250
98789291
100763250
99244917
99956541
100444917
99549000
99960583
100533458
99963500
101646000
99355000
106536333
98609833
94500667
110992291
97646750
92806750
99276875
100036417
97987541
101181625
100216333
115270416
84395458
101525125
99230958
102421917
115918292
93911000
96259666
102707875
98946458
94255958
104938458
99708334
89241000
100267542
99569250
100119459
99777958
99971708
100520084
100175958
99529334
99494875
100283542
100801583
101665292
101060709
97689167
99048917
100164208
101700167
98652834
99999208
102303792
99910875
115299250
92839416
90505750
99187208
101188375
97693459
101274791
98588542
100364125
99604875
100163292
100271750
100015792
99896750
100081375
99754500
99994834
99906042
100264125
99734292
100500083
99364042
101655292
101289083
98805833
99384458
99735667
99028458
101423875
101488917
99369084
98086875
99835750
100864000
99309584
100017959
99819792
100691125
99403834
100128667
100237583
99961000
99690167
99807500
99818667
100207542
99908792
99961875
102657125
97363750
99891375
100508084
99919917
99587083
100404750
99263708
100066542
100188084
101658541
98165916
99845084
100273333
99710333
102276375
98474708
99620250
100225042
99482333
99976875
100163958
99965500
99493541
105333000
95671125
99295000
99813583
100428125
99666291
100032208
100415708
99797750
99734042
103591916
98949125
101046750
97515042
98847708
101387584
98652875
100029000
101366958
101762541
97831000
100033500
99221625
99822542
100564167
100121000
99273042
102000625
107187000
97695834
104116083
88505708
109629209
90726083
100105083
100142541
99929958
99799208
100142458
99515000
100308667
101450333
98718167
100155000
99586417
100089750
100127000
103067958
96887125
100209250
99846375
101881542
98185042
100849458
99467417
100121625
99243208
100120750
102024542
97434833
101665583
98932209
101290166
98510250
100144959
102594542
96969708
101648000
98445958
100349625
99665500
99995750
100069125
99632917
101088625
99600042
100609500
99083000
99923750
100078208
100668542
99390000
99712375
99726416
100616750
100305042
99703958
100104709
99210542
100287917
99990042
99657250
101301958
98725709
100009666
100704916
99592917
100311958
99657125
99659875
100735334
99830125
99414458
100302875
100204209
99897750
99654792
100158666
99778958
99944625
101270458
98725000
100264750
99708917
101439250
101659000
97855458
100092292
100262333
100847959
97860666
100186875
100262500
99408250
100348542
99682167
112447625
87598875
113445125
99278625
100243958
97100042
94845334
95379417
99710958
104775334
107925125
87056458
100540208
105433792
110425791
83209833
100926416
99278292
99828875
100566541
99515625
101723125
99845167
98759042
99575625
100298292
100194041
99683958
99977000
100220541
100135500
99615167
99940167
100112833
100473375
100342708
99053709
99775709
100477250
100006584
99867167
99605833
100145375
100130958
100226792
99490000
100616209
101840041
97738959
100587416
99155792
100222125
100041791
100200125
100176833
100132916
101061000
99442667
100934583
99188917
100941708
97993083
99577542
100436000
99628292
100511542
99820541
100696959
99017875
100350541
99664958
99761208
99981459
99966958
100834542
99214041
99934959
100299375
100868000
98780250
99978584
100267750
99769584
99747458
100332584
99970291
100146375
99968542
100359417
99466042
99909334
100550541
99933541
99551875
100148875
100127541
99956209
99960459
99952833
100153083
99785167
100405250
99827833
100252541
99436125
100064667
100322709
104092750
95855958
99917792
99632542
100379291
100127625
99543083
99833167
100201417
100078083
100615375
99347375
100133459
99659542
99635792
100543416
99657959
100291208
99969042
99912291
100213292
100564333
99080917
103879291
96377292
99748791
100047291
99916084
99717458
100426959
100112250
99722958
99737166
112133125
88004042
116191459
83799542
99704583
109321750
105342416
85404959
100294666
110281208
89567250
110235375
101468042
100710750
95188084
103973250
88675541
99662291
108280542
100661500
105975209
85048667
100130541
101481542
103230333
106045958
89073750
100218333
99599166
100538542
99449541
99992833
100941084
101400125
130904583
92787500
95867875
101415708
96010375
92880458
100863500
86902334
100195917
99904500
99812541
99966583
100368583
100182041
99763042
102131917
99708000
97995833
100213959
99845875
99943333
100007458
100292000
99658083
100242667
99585917
100004750
100200208
99985792
99967875
99711583
100323750
100831875
99422292
99794875
100136791
99546708
100633125
99315333
99978500
100224334
100003375
99676333
100046334
100510833
99655042
100360541
100075791
99407541
99934791
99990250
100696083
100855375
98478375
100177417
99927708
100201541
101654125
98770417
99444166
100379500
99315708
101175584
101492167
99680041
98028959
99815667
99909625
100115667
100404667
99539875
99739666
100343292
99572500
100224583
100022208
100233708
99796708
99749166
100355583
99736417
99937875
100428417
99241500
100086083
99889875
100243333
100772791
102339709
101764959
111064000
83671000
108979000
103118250
88159709
107892084
98467292
93866083
99618917
100185459
100086375
99894625
100001583
99620042
100119834
100744375
99940875
99357250
100573833
99427708
100176750
99696250
100208333
100782250
99415333
99659333
99855833
100540833
99672125
112441833
97163667
101211542
104098125
98923792
86059000
100069791
100191792
99854208
99672041
100457709
99536959
100116625
100023458
100418000
99839875
99600209
99935667
100239417
99723459
100089667
100397041
99820917
99826542
99893333
100431292
99855041
99615708
100000417
100229333
99815833
100418250
99666708
100568041
99502458
100259583
99728458
100989541
99484333
99268167
99952042
100607208
99827625
99842083
99979959
99674792
100012458
100323875
99559291
100163583
100412333
99444167
99960583
100652541
99717042
99683917
100359834
99613292
99980042
100252583
99757666
100645834
99829250
99336208
99951834
100150083
100651458
100406500
99536750
100323375
99328667
99685042
99979416
101050166
99283375
99909458
99763125
100187292
100043584
99644959
100310417
99674709
100143500
100257875
100003458
99811625
99906875
99664667
100297875
100015750
99746667
100930959
99214500
100178458
100168667
99372875
100031375
99912250
100624667
99418209
100322166
99877750
100019000
99904792
99936666
99877083
100005916
100943291
99555083
99708709
100024875
100007625
101633667
98656250
100175833
99337375
100111958
100293750
100026041
99938291
100286417
99301500
100463417
101837792
97917583
100034500
100520125
99053875
100011083
100690417
99420583
100168875
99822125
100018625
101153750
99243208
99354708
100369709
99655000
100484667
99856709
99666834
100607375
99669666
99674583
100704208
99439292
99750208
99832500
100738458
99490458
99757042
99938000
100062833
100208583
99907041
100502500
99638375
99621166
100055708
99921625
100011209
100238500
100353583
100479792
98913625
101174000
99480500
99342041
101499750
98656292
99620875
99952166
100253708
100085166
100167708
99793542
99825291
101501166
102605333
97248125
99169000
99392458
100212458
100438333
100435167
100740417
98876125
99138584
100180916
99708584
99966000
100453667
99951542
100765792
99066416
99703042
100894042
100068833
99593666
99740125
99970750
99713958
100497209
99712291
100006583
99726042
100085000
100151542
99819709
100165292
99792833
100242833
100413250
100233291
99392583
99885125
99742958
99983458
101189500
99180875
99643875
100136917
100796959
99060750
100102458
100742292
99360625
99814041
103416750
96645667
100115334
99338792
100354833
100158333
99853417
100357709
99919917
99645042
100218000
100453625
99392209
100188625
99921791
99501916
100250375
100106000
99892833
100215292
99984792
99762792
100791333
99472333
100247125
100149291
99405292
100125708
99882167
99948375
99627708
100758833
100682250
98777459
100311375
99716125
99671083
100260500
99967041
100016000
102231750
104699209
105398791
96848000
100348250
100644917
102048583
97244291
97044792
102040041
99579667
98582750
148772125
93029875
99322916
97041708
85036375
96236833
97017625
76776666
100024916
100446291
117772583
241759291
17375
85840917
61727417
100787917
100754334
99279209
103922541
92321875
100945750
100863167
100969583
100678541
100434375
101548166
100434167
101318208
100437041
99844334
100495042
99554208
99380625
100752541
99735000
100571166
97127500
100749375
100414292
100546916
101232167
96994250
100926541
101121375
100066333
100375250
99170167
100033958
100062459
100985500
100707750
96538958
101078000
91197000
97973584
100129542
99382125
99980125
99994542
100062750
100142916
99747416
100572000
100008875
99682042
99560417
99954209
99917333
100090166
100136167
99991000
100245791
99745541
99807541
100370125
99483959
100189541
100311125
99735959
100802208
99842042
99566167
100758250
99212417
99709541
99866416
100218917
99860917
100019500
99890542
100069375
99760125
100098916
100045209
99630875
101313209
99268833
100047250
99307166
101382542
99252667
100866375
98866042
99944042
99973792
99779709
100720417
99768500
99732209
100395583
99845375
99936458
99754459
99997083
99998042
99753209
100240541
99754500
100431625
100007625
106897583
103199791
107071625
100483792
92317125
100991209
95132042
102024916
102880625
99956750
94531791
94093000
100020917
99964583
99971292
100491292
99463291
99989542
99775167
99969125
100457833
99514333
100240750
100233583
99737083
99766334
100229792
99717917
100729375
100420250
98986041
100036083
101063500
102194833
96307875
102958500
97212834
100248708
104245500
99416125
95991250
102830667
97657458
99761209
100456291
99750334
99727208
99984375
100028875
99504542
101407708
99581667
100551917
98519125
100061417
99811166
99996334
99899292
100242083
99629375
100547500
99984875
99713209
100308958
99711125
99930500
101779792
98253792
99605667
102138792
98312292
100193667
99637417
100048875
100204333
99728791
99965000
100015709
100021708
99900125
100025041
100009667
100455958
99482625
100028250
99763666
100051750
100382291
99548167
99968458
100130333
100557042
99702500
99772292
99987083
99659083
100282917
109433334
93495917
98911000
98599583
100083333
99961042
99854791
99945792
99830458
99695375
100091333
100211708
100439459
99101041
99941750
100093833
100388958
99284958
100429750
100219583
99978417
99901917
99819000
99970500
100440750
99530459
107769666
107121083
92073791
107110167
99770083
100335500
85808292
99575250
100355792
99921541
99994875
99793416
100157875
100445750
100078834
99088000
100339125
99728125
100335750
99958958
100003292
99879041
100299375
99749958
99961459
100040250
99628417
100337834
100918375
98951958
100296542
100103291
99411666
100000458
99962875
100127167
100496791
99596541
100854375
104010167
96354125
98853917
99915417
99898916
100236708
99922958
99839583
100017041
99667083
100493500
99556834
100204625
99822959
101916375
98450125
100090542
100447125
100113000
98858583
100294417
99274208
100743042
99402250
100507625
99514166
99986917
100531417
100135250
99269875
100760458
99253333
100452542
99796458
99405875
100769959
99436792
100005125
100324125
99432917
101684917
98449958
100061792
100006625
100526208
99439208
99974250
100299667
99737917
99914750
100217750
100364500
99650125
99732791
100277167
99979792
99469208
100529083
99671167
99792125
100245583
100152084
100090333
99711333
100109958
100461708
99890000
99474541
99752917
100199250
100305000
99421042
100890334
99614750
99767792
100915708
98740917
99985541
99976458
100272250
99950084
100026167
99736833
100729834
99850125
99657792
101016917
101264458
98494750
99034083
102302583
99281250
98945667
99240750
100281625
100004834
100057875
99901208
102235417
97519083
104759250
112735542
83067250
105586792
95951500
98241292
99980416
108374458
104095291
88729750
110654958
87584167
100211709
111521792
88544875
99995584
102659667
112130125
84830666
100290958
99731625
100011167
100216625
99716959
100242000
100296625
99447833
108356584
105207625
99558916
96853208
103262542
86946458
99539041
100223542
100030459
99941875
99978458
99956250
100030459
101299500
98603667
99758458
100877375
99861959
100030375
99471417
100024000
99676916
100280000
99927541
100014875
100325666
99674291
100020125
99945209
102703125
107744916
89507708
99723333
100480750
99849625
99936834
100067958
100506917
99078958
100423208
99843875
99958667
100275334
99705209
100023417
99708750
100293625
99437666
100845000
99617750
99967084
99932959
101895416
98166667
99909542
100830792
100035875
100559166
98582958
101289584
98758875
99947208
99751000
100162750
99702416
100099167
100255500
99949375
99962250
100540417
99373208
100840291
99995250
99220458
100768750
99261208
101242834
98639125
100255666
100405958
99980958
99579958
99695750
99858167
100129125
101227166
99582834
98942583
100282208
99686750
99986292
100412333
99535500
99960375
100030583
99938125
99706792
100558708
99985167
99735209
99987708
100669917
99604125
99941709
100441583
99856209
99355959
99961709
100268792
99699417
101805709
98166209
100007917
100344667
99693500
100197875
99822875
100559167
99385125
100293250
100126209
99409417
99965833
100352250
99782916
103328500
97689250
99111542
101808084
98927708
99726125
99590833
99972584
99985625
100250750
99466417
99943083
100297958
99906292
99617834
99987666
100030334
103800500
100235250
112378083
84015125
99517375
113845416
85838000
101166417
99065167
111903417
88348833
109329417
101212125
89504417
99716375
99887250
100047875
99987792
99967583
100579750
99160500
100125542
99917292
100222500
100434292
99266667
100205875
99902834
99879250
100790542
99906375
100921625
98499625
100187084
103942750
95578500
100669666
100330917
103227458
102996292
96064833
96611208
101282666
98976667
99960208
100005542
99721291
100648416
99457292
100193416
99652667
100151541
102293708
97720500
100470125
99823708
99710250
99968250
100187083
99739584
99628958
100344042
101249166
100814667
99946667
98161125
99807291
100003000
100413667
99491917
100926083
99987875
98829250
99938583
100056750
99917667
101331625
98936250
100249334
99481667
101388209
104258333
105124834
103723792
98851625
102803958
83775375
115320667
87952000
96818042
107512625
103558541
101335500
99979166
100432750
86773917
112970750
86920500
100177000
99909417
111895125
87885875
100218708
100089083
99939791
100200167
99886833
99889916
99984542
100518084
99440542
99969625
99692833
100270792
100418583
99488833
100087000
100018709
99932000
99962625
99731417
99881125
100196042
100002541
100377583
100440541
99587458
100101625
100184459
99929208
99840250
100073333
99828625
101443084
100845542
98873041
98710625
100247417
99590583
99896750
99976417
100132166
99561917
100514542
99975542
101075500
98621083
100355750
100197125
99189709
99883792
100582833
99347417
100180875
100373292
100040375
99858125
100198083
99647500
100189708
99796250
100205916
99675500
99820542
100003875
100173209
99805041
99879750
100307584
99707417
100062292
107586375
104951500
101536291
97336542
99918291
102248083
98958542
98489500
88944125
99668750
100044500
99955750
99871125
100375208
99956834
99520042
100297708
99932000
99751917
101681208
98466000
100003375
99934750
101573000
98330958
100083792
100257250
99932541
100850458
99720125
100822500
98641084
100399666
99674792
100019042
99573708
99997458
100253541
100199959
99484667
99732458
100242542
99753209
99940792
100873042
99612209
101120708
100007375
98816458
100008041
100745542
99001750
99905250
100300750
100245333
100035708
99483292
99814958
99919416
100017666
99877333
100236958
100244959
99388625
100154000
100031584
100086458
99606125
100559042
100521042
99348417
100026916
101154333
99719875
99486416
100108500
100436917
99634166
100107167
99327958
99710708
100566000
99517250
99742250
100200584
99856958
99837375
100736417
99513250
99971625
100121708
99581000
100053708
100022458
99853042
100444042
99884000
100771417
99396833
99983458
99912542
99845333
100095291
99999292
100206416
99869500
99878833
100144459
99941458
99530583
100354792
99589792
100007042
100839917
99359958
102414542
97405458
103901750
97750500
100262875
99232542
99732167
101831875
98297500
99101834
100007625
100049916
99656875
99679167
100619167
99827792
105444958
109103042
98150833
87156250
100058417
99913458
99969958
100253084
100291625
99688250
99689500
100176000
99632625
100187375
100077292
100232083
101907834
97776250
101137625
98699709
100327875
99707875
100935250
99769250
100934208
99818458
98768000
99723875
100078459
100267167
99617791
100176041
99318916
100620791
99720125
100457750
100118958
101667458
97744500
100731625
99499750
100091542
99774167
99834167
101469875
98760833
100365458
100363083
99646083
99702167
100081292
99739667
100073958
99482875
100345708
100137833
99961167
99845334
99959292
99940084
100049666
100405542
99713458
110162750
104817750
96014791
103102875
97281583
106425000
100595875
97223167
84094375
99711625
101079417
99942667
99291125
99967750
102260666
97740375
99781958
99922792
100098500
100663667
99462084
99869000
100678667
100089875
99343167
100013542
99917416
99868500
100068875
100336833
99603500
100222375
99845458
100080833
100026708
99995458
99981291
99748833
101562750
98421500
100498042
99431917
100966000
99299750
100014584
100173792
99811000
100185166
99527708
99951542
100337208
100000250
99961084
101104000
99428416
99308875
99939459
101462750
98622125
99785542
100426375
99571958
101051417
99254042
100128666
100488250
99697833
99613708
99395750
100615250
99778458
100187875
99927417
100143500
99863166
100192708
99701792
99925459
100043500
100209583
99966209
99819958
99802958
100088917
99979250
100241083
100118333
99671917
100522333
99499791
99713000
100202959
100345459
99216709
103088709
110328167
104101458
82810458
110053041
90413375
99747834
99860709
100303792
107956042
91886250
100071875
100040833
99835083
99587541
101550333
98484709
99901375
100337875
99660000
100307750
99823958
100161750
100242625
99665209
100765375
98976834
100386333
99915542
100153583
99715000
100257417
99686625
100019125
100137417
99781167
99966875
101476250
98396916
100414750
99562416
100131709
99669167
100393208
101296833
99331083
99568791
99865333
99798500
100041834
100044666
100093500
99572417
100340541
100509792
99882958
99856333
99628500
99700792
99766584
100132666
100102750
100262625
100103292
99532292
100154291
100214917
100366500
99308167
99811792
100198250
100443875
100600041
99208500
99693958
99899292
100340083
101311500
98601708
100283542
99526375
100324417
99481875
100050959
100348417
100210833
99450042
101497750
98837292
99947958
99870250
99723375
101018125
98975542
100014583
99882125
100171250
100122917
99960250
100424625
100284084
99470000
99863584
100021875
100290667
99370000
100144625
100077708
99710084
100369875
99715625
99983625
99956833
100244958
100000208
101726708
98003833
100060417
100317542
99606333
100330959
99591042
100771500
101336250
97933625
99695958
100150584
100134416
99797500
101025333
99309167
99805209
100223708
99419583
100355292
99854208
100374750
99674541
99797125
100987250
99615792
99355958
100522166
99386333
100135750
99839042
100127625
100440417
100019084
99992875
99623417
100029125
99834833
100852417
118130541
97352875
97622292
100031250
92812333
103518708
100680917
99130750
101498792
88082541
100164959
99745041
100262416
100234917
99508458
100380417
99485666
100156250
100137750
99681791
100374709
100079167
99572000
100284167
99790709
100616083
99566625
100342291
99403625
99966209
99982459
101505292
101173584
99583250
106768208
104308667
88290750
99722417
99378542
101498167
97754292
100173875
100810917
98896500
100037250
99934750
101039833
99043708
100532750
99428292
100226584
99979750
99599375
100145959
100719167
99801000
100454041
99042125
100311875
99892917
99898584
99875084
100016417
99715583
100800417
100024708
99156250
99995000
100461166
100005666
99486000
101311625
98948167
100226000
100802542
99546916
100323666
99218666
100352709
99682917
99710667
100885333
102093083
99107666
98614708
98964292
100296166
99901375
101754667
98479250
99998500
100258125
99380416
100113166
100186333
99613833
100882167
136894833
72252542
91368000
98663500
99919000
100126209
101983542
98101083
101048542
98692208
100499666
99661292
100336750
99392417
99932291
100029625
99822292
100229125
99786625
100270666
99918083
99672209
100060417
100372792
99972208
99617417
100642584
99310833
100016333
100241541
100423000
99692333
100337583
100627959
99262333
99643833
99762583
104293917
95622792
100257500
99725291
100123291
100084500
99564167
100072292
100378166
102324083
109305125
101606000
98469542
101788792
94933583
99705542
91461750
99781458
100396292
100209333
100339958
99550792
99778542
99979458
100410375
99707417
99528625
100710417
99454625
100700583
99183291
100516959
99625292
100244458
99993667
99976666
100021708
101087375
98764584
99953542
101364000
98327791
100168458
100187916
99887625
100373250
99257084
101280958
98705833
101475958
98855833
99897875
99819833
100155875
100610625
99126500
100772500
99433708
100191459
99802541
100101875
100175958
99507250
100393875
100095667
99638208
99759375
100380958
100851833
99261416
99938333
99844209
100672041
99785958
99489083
99639750
100341750
99642708
100068791
100006166
100636708
99607916
99764708
102518333
98027666
99735167
99962000
99576583
100220542
99978500
99973542
102129250
98258792
99711917
99943000
99862333
100425000
100067000
100144916
99646500
99717708
100726166
99112583
100067958
100048625
100247709
99835500
99847250
101452333
98385333
100920000
99080584
100547625
99660041
100406208
99425125
101092584
98867500
101074833
99288833
99433041
100101250
100857250
99219833
100381000
99838458
99924375
99805916
100492333
99973542
99600000
100282292
99915458
100135375
100060083
99416417
99871875
100661042
99947708
99043417
101790667
98539458
105178208
100285917
96215917
98641833
100133417
100447167
99101208
110458917
102992500
107505542
91734375
105527750
84775625
97289083
100673708
99219459
99992167
100102875
99668125
100417250
100125625
99754125
99860416
99943209
100612375
98855458
101432167
99126208
99653667
100020083
100810167
99210792
100120125
100979459
98839583
101251875
98902667
99858750
100017541
99516958
100497500
99952125
99971084
99888709
100664250
99326000
100421208
99609792
99870958
99830917
100001125
100325875
100126708
99998958
101011917
98872667
99649167
100285458
99878750
99792417
100279500
100422542
99236375
100009666
100170958
99855083
99877208
101354250
99042875
102021417
97653041
100497250
99407250
100164125
100372708
100448125
100364208
98971583
99627458
100185833
99823125
100573834
99671666
99985333
101297125
98635750
100387000
100080000
99381625
99955791
100944333
98898500
100017209
100198459
100094167
100018792
101004833
98978000
100772042
99540042
99779791
100359292
100270042
99275375
100171958
100130500
99973625
99758042
99519208
100182459
100328583
99900666
99790916
100062291
99743542
99717042
100199417
100601166
101828167
98265208
99422875
99929791
100671167
99396583
106899750
108213834
98180292
92374167
105323916
92504459
109331083
97084292
99863125
90074291
102341041
98240375
99640583
100654250
99532333
100088000
99346542
99716250
101912291
98466208
99935916
100282042
99972875
99727917
99766250
99929958
100464500
99789666
100493000
99631792
101278833
99470792
98984125
99991042
99973042
100473709
99636542
100229042
100217000
99428000
100706250
99763709
99677167
100261250
99484958
99966916
100234792
100018459
99963583
99755083
99428209
100543250
99734917
100267209
100388375
99607042
99936416
100006709
99745000
99968042
100007583
99968125
100780875
99227500
99919542
100037208
99965125
99937667
100334834
99743375
99953500
99984792
100049500
99924709
100263084
99697209
101612208
98395000
99999125
106445917
94810958
102781334
99038083
97303167
99988083
100185541
100235667
99504417
100726333
99087458
100533333
99309959
100591292
99379709
100020166
100714250
99447584
99756292
100694458
99358375
101442666
98240917
100395667
99631042
100271834
99703167
100031208
100388084
99951084
99973666
99693125
99598041
100377583
99935542
99697667
100626417
100104000
99233417
100921917
99472750
100487500
99257375
100191958
99899875
100382416
99618791
100462292
112420208
101256334
99417541
97834833
103713500
91714625
103660167
101639208
87449917
100415500
100109959
100911459
99270375
99503416
99734584
100337542
101064250
99098792
99538791
100450167
99720291
100045250
100183875
100433083
99279375
99720500
100259000
99715959
100374416
100012792
99943833
99656500
100088250
100071875
102742583
97364625
99804125
100460625
100489250
99822542
99183250
100093125
99760125
100124000
100281417
99990083
99899125
99742542
100098542
99878625
100277458
99862667
100094416
99858291
99975208
101136583
98687583
100013375
101721500
100131833
99915459
99327333
100414875
99418625
99298917
100838500
99086042
99803041
100284417
99664875
100001833
100937208
99516834
99929042
99492084
100139125
99962834
99860000
99901542
100106042
100017583
101175209
98771291
99916209
100016500
100200583
100289875
100000041
99887708
99817708
100142584
99674250
100189250
100080291
99714042
100131416
100024000
99922167
99920667
108405000
91230083
103867583
110821583
98425292
95985292
91431916
99945166
99518792
99904083
100886584
99453542
100167500
99983417
100723334
99202958
99806333
100956625
98968333
100473667
99446417
99897916
99967792
100464375
99762750
100129375
100207916
99845208
99666000
99975500
100507583
99413042
99976917
101265583
100159792
98900959
100632208
99242459
100132208
100130666
99460459
101029834
99275750
100074375
99700042
101062417
100125459
98991500
99948959
100156583
99545125
100293833
99629833
100201792
99816542
100281041
99754000
99865709
100053292
100133375
100301125
99434834
100342958
99680125
100027333
101219084
98715917
100303959
99779583
99813291
100976375
99412167
100285750
99631375
99998584
99809833
100498750
99960125
99612166
99862083
100687709
99115416
100352416
99790417
99967875
99914125
100071709
99891208
100140125
100150000
99751750
100670792
104481750
94831666
99813875
99886458
100363959
99858000
99904916
100442292
101970916
97852459
100100250
99753834
100169584
100022958
100201208
99571917
100221667
100227875
99197625
102879292
97855792
99860375
99708458
99695250
105456417
106781375
97979125
97816875
108478166
100417542
95399209
101024750
98886166
88092167
99728416
100767166
99541666
99509917
101037459
98927833
100249250
100373084
99660459
99914000
100606000
100761833
98593042
110403833
104173250
100882750
95802625
88624792
99915583
105438541
109678833
84760584
100307791
99983167
99607167
100087917
100931250
99236167
100714542
99232542
101208792
99629334
99019500
100001208
100211542
100819333
99005583
100223084
100054833
100107250
99552333
100567625
99542625
100739709
99244458
100000459
99755583
101518250
98765041
100500042
99230250
100354208
99595167
99936625
100518208
99565250
100341500
99752458
99885916
100073667
100234042
99976583
99490708
100403583
100236292
99734958
99686667
99991709
100122208
100609875
99708375
99707708
100272166
99818125
100175292
99452334
100232375
99544209
99881917
99960334
100308084
100113834
99863584
100757167
99216042
99790542
101637583
99128875
99438708
100049792
100347250
100289500
99659917
99779208
107580083
93403917
110017750
92611000
96689833
102974417
97220584
101033792
98014875
100500125
101309167
99195334
99685000
100735000
136673250
94736916
73480708
118307167
100057958
99320708
88813583
102386917
98594083
88204916
98177542
99763833
104221583
98275959
98242375
99658542
100234500
99304333
100254167
99809417
99839709
99946666
100553500
99293416
100844166
99257709
101056958
100137583
98928458
99975750
99756375
100412625
99426584
100313375
100294583
100255333
99329833
100131292
99748084
99965250
100098666
99943375
99872709
100040667
100297209
99859458
100746000
99878334
99885542
99665458
103764458
96365542
100313041
99857250
99537208
100986500
99080583
99714375
100190958
100043458
99744250
100078000
100183291
101499584
98408875
99913875
100217292
99569291
100014292
99902375
100007417
100340708
99956125
99647000
100336125
99730666
100137125
104421792
95271166
104236792
103519375
92174708
103747792
110531458
89983958
108534834
98714500
96827583
106012500
85659083
100908959
99041209
100139416
100164250
99653708
100067708
100440750
99933042
99529042
100595125
99468792
100993541
99016583
101068750
98891333
99663584
100489125
100136667
99660167
99924958
100462958
100112917
99420500
99970833
100486500
99687666
99707083
100181541
100652208
99486750
100583709
99060166
102546542
97553167
100094500
100195875
99694792
100514459
99110792
100403334
99818958
99856375
100364458
102651417
96890208
100146833
100526875
99361709
100473958
100071708
99967000
99882750
99614792
100176292
100437375
99839292
99937125
99821792
100088958
99841416
100002958
99656208
100797875
99577708
99649459
101008000
99248459
100224583
99408417
100189417
99961042
100191334
100001459
100190958
99671542
102840834
97994958
101259833
97634125
100555292
99907959
99646542
99983500
100082000
100169250
100050334
99628709
100305083
100181375
99762875
100087792
100668750
99183541
99851750
101107209
98741916
100149958
100576166
99971250
99748209
99425917
100675666
100341042
98999208
99943458
101613209
99535083
98902000
100163125
99736875
100899041
99135000
101947542
99461458
98991583
100468500
99280542
99999625
100229875
99494583
100226958
100254833
99711291
100494375
99749792
103776417
96172042
99493334
100389667
99784625
100067458
104709417
95020625
101195750
101571500
97354000
100485042
100007875
99761583
100015875
99661875
99933875
100251625
99326792
100464250
100697167
99349750
101226125
99139167
99563083
99635792
100312792
99930917
100312416
101117583
98767125
100657500
98883791
100439625
100276625
99281042
100123833
100679791
99470875
100184916
99957667
99420709
101282584
99723208
99022000
99945042
100399791
100338792
99522083
99739125
100768250
99801792
99745834
100285125
99862916
99733000
100044000
100640000
99067792
100216875
99690459
100719833
99269667
100341500
99699833
102124375
97838708
100912209
99285333
101772583
97926791
99926750
100023125
100019042
100242375
99956709
102106709
98512416
99754875
99829959
101287042
98589208
99885125
101548250
98158125
99940625
100114041
100744875
99194667
99638708
100859125
99251417
100311375
100460750
99795959
100000792
100708416
99306125
99564666
100489042
100032750
100205625
99851959
99587666
100663125
99315916
99576792
113565208
89286125
97773625
99251500
100484667
100598959
100017792
104498791
95157000
99599333
99979625
104889917
103937084
106644708
84435708
99607584
107282125
104708917
100362750
88021291
100353375
103078167
112534167
100370666
84089917
99442208
100188708
99848750
99804333
99952500
100354333
99716375
100104792
99534334
100324459
100106875
99502625
101091917
99176125
99886958
100297666
99466459
100480708
100676791
101679750
97531375
99910250
100723833
99392584
99941292
99681417
99946917
100184125
99808125
100236208
100640584
99966917
99048458
100999250
99058333
100187792
99590833
100522250
99561875
100239458
100106459
99899250
103136167
96945750
100216542
101008375
98164667
100184958
100149542
99920708
100631917
99594708
105278125
94636333
99744958
100964333
98938084
100347791
100175542
99453000
100613459
103097208
96165583
100405500
109761417
105219875
97631333
101071834
99851708
109320334
88862750
104803959
103082917
86070375
108340750
99485833
99489959
94737583
94616666
103655625
105057542
89193917
99284750
100985125
98871291
100249916
99853500
100527125
99599541
99810500
100284792
99564875
100285542
99808625
99887333
100078500
100229875
99695500
100383084
99525167
100767833
99650083
99635334
100250042
99855292
99612000
100050166
100162041
99821584
100464500
100004625
99725042
100013666
101470542
99726791
98872792
100491708
99951709
99728167
100040416
100946333
98825125
99736917
102234250
110584958
99253583
104455375
100084583
102952958
106787458
97474375
76105625
100029875
99731042
99991416
100181959
100251458
100766208
99488417
99844333
101982500
97725833
100419292
99729541
99574417
99986000
100231083
99835333
100316958
99475084
100314834
99924791
99842209
100034708
99960459
99893250
100469041
99575125
99998166
100498167
99710667
100849833
101858250
97457208
99932000
99994542
99557625
100195583
100660291
100410833
99444292
100252500
99039167
100209000
99850250
100344833
99634041
100120167
99839000
100288833
99598583
100198500
100301541
99756041
99748708
100497375
99679500
100174833
99786708
101168625
98652209
100282208
99735208
99874708
100094208
100077084
99845042
99704458
100445167
100482667
103344666
95973000
99764584
100221583
101510291
98737167
100272042
99713917
99883583
100473292
99354000
100535875
99361250
100702208
99787917
100126083
99403041
100111375
100283709
99785958
100291917
100031083
101131292
98363666
100406959
99840500
100087625
99345583
100082166
100649667
100033875
99403000
100016708
100034792
99961500
99850875
99867792
100038792
100772959
99457667
100111291
108089791
102516875
104864292
99934250
97881250
86682625
100134084
99499750
100008375
100873708
99666000
99441083
100163541
100108834
99878916
100007083
99729500
100198750
100306834
99645917
100261875
99517583
100269542
99737916
100483042
100121167
99972584
99419334
100693292
99438791
99915208
100493625
100743292
99529708
99347417
99985709
100952583
98750167
100367333
99802084
100824041
99140625
99959125
99795750
100161625
99574292
100262083
100089167
101103375
98986958
100185125
99895750
99730417
100486291
103624333
96031292
109646542
89793209
107650625
106167834
99873083
86906375
99654042
101217375
100702625
98521084
99754125
100167166
100254375
99393958
100111334
99904792
100980959
99797625
100648125
98545834
99596542
100294000
100293250
99711250
99772792
100804208
101167250
98908125
99392583
100670541
99272417
100023250
99938375
102238083
97491334
100175333
100002125
99629000
100964458
99712791
99584500
99871625
101470333
98581708
100133167
100226250
100450375
100246292
99652666
99665250
99774416
99731291
100304334
99654833
100467416
99809417
99875916
103190834
96692083
99909250
101299292
99558667
100661333
98877167
100741875
99372709
99640833
100131500
100373083
100274042
100227959
99624666
101914250
98154292
100213708
99025250
100012500
99990791
102123916
98175709
99397334
100237167
99712333
100299500
100233542
99935584
99921333
99778667
100086208
99995583
100677125
99006375
100031917
99984417
100201375
100099250
99639750
99980167
100380584
100326291
99271333
100052209
99948542
99965708
100819125
99922583
99209709
100004333
100080000
100173625
99533084
100702709
99535459
101018375
98996667
99663958
100758959
99724708
99925041
99627666
106061333
105742334
95654666
107332958
100685125
85356750
106895208
92911625
99491334
100070625
99685333
100184042
99749417
100608709
99606000
100373500
99386084
100193417
100259416
99877292
100019041
99810166
99801625
100650125
99567167
99910000
100813542
99287625
99665625
100064209
100357042
99657292
101323000
98558958
100250167
99701583
100335875
99918458
99669333
100082708
100592667
100116000
99375833
100041125
99768750
100248500
100077791
99565750
100164292
100253875
99696041
100102041
100469584
99653083
99755625
100187291
100232292
99792875
99651709
101713542
98538792
100094458
99676333
100177875
99916125
99834291
99940417
100969667
99342084
103624292
98021584
98177834
100230625
99667458
100173334
99810250
100735333
99189083
100335958
99875584
99720792
100064292
100381334
99857459
99742208
100174209
99936000
99843792
100064166
103091834
96900875
99767625
100946166
99276208
100129125
99658459
100670166
99338875
100069708
114383667
85726334
100618416
103210167
108854334
101013667
99996583
99512875
102178167
96522958
87892459
101488750
98245916
100232917
100730167
99233250
99964916
99745083
100242041
99978875
100142958
99845375
99916416
100121500
100725417
99446875
99316042
100635334
99282042
100110792
100941208
99265667
99947833
99714958
100098375
100188625
100716875
99494875
103818708
95812250
99822458
99953500
100602792
99709834
100410792
99489500
100200125
100207833
99696667
100355750
99825917
99417042
100822709
99461125
100215959
100472542
99058958
100355750
100223083
99324042
99969292
100076208
100683584
99205250
100540208
99486917
100153667
100237875
100292875
99339959
99972250
99973791
99941833
100963792
99678291
99646167
99961750
100337000
100344834
100211834
98953750
99925750
99915167
99919125
100396833
100717084
98943834
100527625
99683166
100007375
100930125
99509916
99224750
100824917
99115417
99996583
100954792
99319458
100166208
99858958
100271333
99386584
99810917
100323916
100474917
99332042
100171250
101096334
98566625
101615958
98963625
99582666
101547166
99834209
98988250
99662333
100041250
99678125
99998041
100382333
100017417
99999125
99743125
100695417
99124125
100324500
99930541
99931583
100061958
100176958
99831500
100752833
99475791
100242958
99748250
99972833
99705250
100195041
100031041
99724208
99942500
100018167
101040417
98990958
99643458
100255166
99986291
100237875
104363292
98829292
128796250
96519375
100800625
89977708
82982542
97951500
99769375
100353583
99007291
100202833
99962541
100228709
99544333
100936833
99804708
99704583
100738583
98985667
102013000
100267458
98330583
99084917
100754542
99956792
99232750
100090625
100054708
100367792
101655291
98036458
100000583
100232125
100179958
99343667
99988667
100168959
99548916
100689166
99682042
101204542
98567750
99967541
100309000
100911250
98743667
100958250
99032750
99993708
99948541
99982042
100043667
99671458
100311333
101485083
100311500
98074333
100066583
100006042
100022041
99919125
99775542
100031541
100345000
99813375
100017208
99983875
100085333
100059334
99823416
99776334
100405334
99403000
100267875
99751167
100369667
100018458
101824333
100011750
97832042
100304833
99821625
100624375
99070375
100756084
99649875
99891125
100843792
98997666
100913875
99406917
99893000
100128542
99937333
100085166
99743625
100275417
100464458
99249416
99886625
100072875
99975750
100440958
100417209
99616500
101044292
98681167
99937750
99985792
102491500
99887959
97238000
100134959
99757500
100027875
99871417
100012583
101782625
97987250
101105791
99109166
101369500
98970542
99983250
99909000
100260708
99665083
100025583
99885875
100065750
99927125
100092708
100804250
99004125
100321417
99619250
101142917
99060250
99984000
99881791
100223083
99939375
99953000
100530917
99199792
99776041
100393958
99844875
100112084
99982083
99548959
100282875
104569459
98640292
112391916
100703500
83783708
113044375
87195709
107256625
105912750
86330041
101136916
107454042
90989000
100428791
100512958
99713459
99927833
99831875
100036083
99870250
100290500
99825000
99942458
99875417
99992334
100250542
99735875
99895083
100047417
100195541
100091542
99732750
100235916
99518209
100383792
99794417
99895333
100071750
101553917
98340667
99876084
99919334
100150709
99986208
100236292
100453667
99701750
99620500
100356708
99496125
100216792
100290666
99641916
99959042
100636334
98944625
100172875
100230041
99831292
100004708
99994458
100209792
99643625
99852625
100375833
99851708
99890667
99952500
100967958
99535375
99601250
99988167
100164417
99876458
99991834
99864708
100167958
100494875
100104709
99434583
99862083
101155000
98674417
100151250
100189292
100064708
99669250
100088416
100170250
100252208
99296709
99870459
101313458
98833000
102019958
98292583
99617459
101361500
98504875
100012708
99911792
101702917
100285875
99052167
100350375
98633375
100873459
99254042
102155708
102974375
109711250
97774583
95401959
104642625
93493625
111664125
83419459
99833875
99612000
99895917
99176000
100488667
101038333
98859625
100114667
99753625
102537084
99160125
98361750
101845917
98489083
99495000
99773167
99876375
100855625
99100166
100139208
99908250
101447459
101948416
98639125
99246458
100689625
101190042
98819875
97863375
102180834
98418666
99663625
100066917
101140833
98521292
99948458
101000625
99071459
99941833
100106584
99978458
100508333
100101458
100229250
98984500
100430041
99504833
100087833
100112042
100238166
99907958
99829625
100491667
99425875
99876000
100217708
99582042
100296666
100286875
99931625
99771583
99999500
99664708
100238208
99970375
100581333
99698375
99563959
100276875
99947042
100066375
100590917
98965334
100310208
100223792
99557250
100179583
100276250
99675375
100286833
99722625
99803208
99913958
101079792
99024541
100402750
100615625
99148916
100170917
100944625
98730041
100150792
99689541
99996834
100251541
100316000
99643250
99746458
99952417
100062583
100201292
100085541
100725375
99187916
100541541
100056375
100912625
98505583
99675583
99995584
102744167
97360375
100435458
99718584
99830958
100175625
100998458
99359375
99049458
100288833
100562542
99764500
99467958
101543458
98710250
99945125
99981084
100455250
99791916
99742417
101381625
99026958
100105208
99957917
100157084
100046042
101044375
98295625
99931208
100271542
100130042
99578333
100270459
99718833
100281916
100174875
99480209
100727708
99243417
100129875
101067083
99096917
99765291
99932125
100020958
100257000
100273125
99391625
99842042
100672750
99615042
100376667
100482667
99226125
99809375
99826292
100015375
100629375
99432959
100309458
100373667
99831334
99658209
100431041
99939667
100266292
99251208
100247625
99717292
99996750
101022625
98882292
100453833
100110333
103614667
96340542
101450500
98329167
99889583
99427250
100319959
100099583
101770459
99203500
99558250
99682166
99805375
100152375
99932791
99787542
100022125
99840000
100154542
99714666
100168375
100452250
99462291
99907041
100604791
99299167
100124500
100164292
100217250
99482542
101093666
99906708
99338667
101018583
98624583
100245791
99856875
100135500
101688500
98593709
99740375
99929541
100386833
100161875
99179500
100235000
100917583
99102083
99777375
100446416
100501291
100525666
101052583
98417500
99946750
99042375
100362500
99968125
100023042
101678000
107536750
93942833
97562125
101974042
96921875
100279208
100111750
99656875
100102542
101066125
98798250
100051250
100305542
99621458
99941584
100490250
99342834
99973917
100549667
99656042
100161667
99652625
100851791
109161833
90161084
100086291
102682625
109270042
104936542
96957709
95184084
91222625
99522125
100182583
100698334
99086750
99894250
100096625
99750083
100006125
100293917
100195459
100479625
99900042
99626750
99451666
100191708
100090209
99917584
100040125
100642666
100038167
99909708
100233125
98986292
100245917
100717083
99435667
100352417
99155791
101182917
98801167
99950333
100291792
99843666
100126333
100497459
102111084
99895292
98336167
99677292
99803583
100397709
100557417
100033584
98437667
109108708
108551375
100299834
93610375
101726917
97463833
89134583
100494917
118597792
96645375
97877875
98251000
97050042
100703375
90490584
99999208
101123167
98887000
99860750
100112334
100043583
99833792
99881625
100714667
99352542
101650791
98702791
99608833
100603500
99834209
100829416
99045917
99616458
100010042
100530625
99840834
100137792
99284167
100245917
100096625
99870417
100385000
99798334
101158666
100914750
97824417
100730875
99378583
99964500
99465125
100817167
99482125
99960791
99998083
100213250
99819958
100237916
99665292
99839792
100451750
99916584
100674000
99883375
99223458
99536458
100524000
100047583
99871292
100953917
99041125
99968333
100215084
99858083
99931167
100323042
99735333
100015958
100164875
99513875
100471792
99608625
100675792
99713333
100767917
99318416
100814500
99108333
100378625
99766125
100477167
99135208
100191250
99572584
100160417
100620083
99992708
99549000
99796084
100018875
100021667
99850083
100588333
99710917
99764417
100950084
98848125
100127875
99782458
100301333
100682042
99870750
99347417
101660750
99571292
98585458
100116500
100057208
99823042
100247708
100098166
101692833
100117709
98847416
99255084
102144250
98030500
100623666
99879459
99340459
101045250
98769292
99659000
100113958
100225750
99708084
100164625
99858417
100378584
99364125
100175917
105736625
107429042
99824125
86679459
111713125
104626541
95915959
87738125
100095875
101750250
98796833
99302792
100302917
100813959
99111959
99753458
100568833
99707791
99849125
100242292
99810167
101233917
98989042
100219667
99282708
100180625
99968042
99922750
99993083
100199042
100489792
99587625
99693625
99704208
100725916
99667084
99634875
100074291
99966833
100233000
100006708
100223750
99777875
100194875
99621292
100059292
100154959
100025292
99830583
99746291
100445625
99796750
99950708
99724042
100345875
100648625
99506791
99551666
99891625
100005375
100131916
100088416
100368708
101880041
100268542
100250875
99302375
98701417
99634625
99671583
99998541
100129584
99747667
99767333
100912416
99110708
100824416
100322041
98937084
100109500
100324792
99654416
100977000
98856208
100363709
100039500
99843625
99562625
100457708
99840042
100969291
99262667
99732500
99702167
99963125
100110041
100173750
100175375
100646666
99281959
99897834
99788291
100276750
99947167
99728750
102260875
97307208
100715167
99826750
99766625
100431667
99674916
100124125
99697292
100089459
99961959
99627333
100658375
100156208
99470416
100002000
100200167
99494625
100272292
100170500
99741791
99802083
100268042
100876541
99109250
99843458
100268667
101234666
98868125
99713916
100087500
100237875
99793167
99801417
100610584
99499917
102264583
97662833
99795875
100492416
99978625
100044625
99653333
100226000
99902125
100030125
100841917
99232833
99694375
100007166
100266459
107720708
91971042
100216792
99630459
100913375
99174875
99828875
100407209
100100625
99969167
99458917
100265000
100011583
100065916
99958750
99641917
100296459
99668292
100391625
105143042
94869125
99804542
100156333
100048917
99801917
99988083
100341167
99413250
100129833
100158417
99795875
100121417
100370125
99593000
99922209
100151500
100014708
102300250
100315958
97905750
100002541
99867458
99751625
100187417
99435625
100369542
100439208
99232292
100225833
99711667
100332167
101709833
98124083
99803209
99723541
100252250
99966042
100313667
99981750
100232083
99456750
100742000
100202750
99074167
99852708
100073792
100237458
99737917
99979292
101147417
99936375
98886458
99723333
100958542
99276166
100280541
99719042
100470209
99501959
99832125
100105958
100403459
99555125
100287125
100723834
98958042
99943166
100012250
101114167
98977625
99914083
100686583
99464042
100372625
102267375
97676000
99804042
99676834
100274500
100238500
99964833
100751583
101703833
96990834
101850000
97852708
100329625
99943000
99977166
100731833
99458875
100646292
99244500
99514333
101412666
98646250
99869958
100323208
99945708
100287166
99501000
100227167
99672666
100343208
100188917
99420416
100168833
100337833
99543583
100777375
101393250
98403709
99793583
99569375
101537667
98337958
101095291
99370209
99992792
100120209
99291708
100819375
100356833
99232667
99556125
100154875
100598084
99334083
100015958
100044959
99972125
100424167
99505917
100246167
99514958
100462250
100809417
99817375
98919208
100225042
99905125
99940083
100550875
99618875
99628042
100288125
100443667
99848416
99726084
100455542
100015875
99749750
100816417
98981667
100744959
98958666
99989125
100427209
99723667
100276084
100585917
99101834
99673375
100398541
99530584
100591042
99485084
99847458
100742000
99997500
99310000
100325167
99673250
100901292
99810292
99318541
100231334
99484750
101423334
98835625
99920333
100408041
100057833
99649959
99882916
100082084
99645458
100219667
100629125
100592000
98679542
100612875
99199291
100791083
99427208
100299167
99641667
99996000
100297459
99921709
99541708
100251625
100445250
99316458
100510291
99711791
105463125
94449834
100100875
99838708
100252167
99698125
100132417
100008625
100069375
99858500
99640834
100311833
100015500
101600500
98161125
100448292
99813791
99974125
99912209
100575458
99486292
100980750
98724125
100267292
100600666
99844416
104148375
95537583
101098292
98842875
99896000
101916250
98226041
99863166
100605542
99054583
100062041
99723167
100176416
99929542
100019291
99822750
100116333
100050500
99809209
100459083
99964292
100192583
99696417
100073667
99671292
99863250
100871167
99640917
99734000
99916917
100855875
99392584
99681959
99906250
100449917
99452459
101235375
99488625
99543958
99684875
100039750
100160583
100462417
100015875
99664917
99604667
100166375
99581209
107311000
96964959
98018375
98146542
99972166
100019125
99815458
100413792
99866458
100123541
100378208
99169375
103928458
96072625
100842292
99094083
100270458
100534709
99245750
99889792
100520875
99439834
100265666
100260750
99879250
101026708
100304125
98531750
99810833
100202917
99714625
99904541
99998291
100142125
99854250
100201333
100606708
100180209
99092208
100202041
99738958
100180667
99719458
99715500
102310000
97998291
99828583
101120917
99104875
99629791
100323208
99685583
100227500
99835083
99927708
100709625
99729000
99974708
99662708
99876375
101846166
98333667
99992542
99884875
99868042
99988792
105246167
95018084
100257084
100300500
99556209
101303375
98202500
100205000
99925166
100141416
100413167
99608791
100102833
99884458
99725417
99955209
101226667
98955292
100273125
100298667
100237458
99489625
99546000
99975542
100041916
100172375
99761542
99954542
104620750
101892583
98104834
101134250
94283125
99918083
100179625
100011500
100098292
99925542
99518333
100240208
100152292
99872625
100345125
99525458
99958291
100470542
99790416
100087583
99618542
100753750
99261667
100600166
100959459
98758166
99635250
100486417
99449833
100364792
100002750
100556333
99122333
100524500
99733125
100218375
99254667
100310875
99940709
100075791
100536792
99332417
101643125
114794583
106287458
77571250
99362500
100507709
99738875
100415667
99743417
100376084
99563375
100101792
101403000
98614625
100475416
99244542
100492333
99600792
99588958
100059625
100243334
99960500
100453083
99737250
99808833
100090625
99509708
100488209
99521833
100314625
99673333
100763291
100193417
99596458
101681041
97819500
99918583
103173625
98483459
98616750
99810542
99876666
100464833
99971417
99635792
99911750
100408000
99743708
100106083
99921958
104500583
95587125
101827667
98350041
99510292
100415000
99889542
99703834
99865542
103311541
97646666
99984834
99925625
99520542
99741792
101400833
99517042
99801500
99880333
100003334
99469125
99661333
100433709
100112708
100165042
100335833
99632083
99917500
99936375
99852875
99665042
103633792
97261792
99196459
99896709
100962541
99241542
99692334
100044125
100229167
99487542
100119666
100845417
99350667
100223916
99705792
101157417
99080333
99612000
100008583
99978416
99944625
101055709
99803375
101087750
109330708
88735166
100236584
99953166
99494000
100280041
100194500
100603416
99222875
100406208
99742584
99750084
99799000
100036583
100957166
99693042
99199833
100382500
99835208
100701209
99792041
99308166
99943333
100431750
99733166
100297166
99401458
100436500
100155625
99776208
100155166
100072458
100286584
99470208
99894458
99426833
101123708
99563625
100259917
100550083
100924750
97860250
100633125
99558083
99903333
100847125
98927583
101671833
98314833
100414375
100979625
98914709
100862958
98845292
100577000
99657084
100002417
100411625
100300375
99518625
99697292
100120791
100461584
99464667
99927250
100012959
100220541
99760459
99885750
99814917
101237250
99285042
99700875
100187416
99501750
102123542
98113958
99855666
101404541
100803958
98027541
101692125
98650084
99292042
100774042
109313959
90472750
99090292
100174708
100109417
99871250
100200375
99555500
100305916
100005250
100138417
100050667
100025583
99750583
99878917
100257792
100295208
100706125
99044792
100365375
101098250
98876000
99512708
100529916
100554042
99038291
99950833
99833042
99765459
100099583
99741375
100004750
100338208
99935000
101239792
98700000
99966333
101156958
98888042
100196750
99982208
100557000
99292083
99945333
100958208
99968750
98950792
100124500
101385209
98977458
100085584
99336250
100428042
100260708
99407750
99974791
99940667
100707875
99365000
99719042
100289708
100007500
100304666
99729916
100584709
100053791
99206292
101335292
99310042
100017875
99382583
99919875
100239417
99789208
102675042
98096916
99063083
100317709
99712833
100282625
99541125
101406333
99504542
99147375
99976500
100115750
100644166
100228375
99827417
99073084
100106291
99961833
99947750
100079375
100686000
99236583
99959625
100108375
100021541
99696167
99883208
100502417
99852625
99799625
100122708
99789875
99923084
100150750
100427750
99980833
99408125
100474167
99939917
99666917
100114792
99791791
101147292
99287000
101329417
98126333
100054292
105862125
108412000
85825792
100643875
99216458
100212625
100671709
99275917
99757583
100217375
99991291
100128125
100018000
99999375
99911166
99986750
100619750
99338958
99975125
100001250
99867750
99948583
100350125
100349791
100507291
98977541
100552500
100432083
98892666
99972541
99829083
100527209
100034625
99850125
99657875
99828292
99945375
99978625
99969459
100118042
100140000
100338833
99679417
101482625
98276584
100020417
101110083
98837917
101123417
99009250
99784083
100065792
99741709
100605709
99826959
99515250
100129333
101373666
98775625
99933375
100212625
99885000
100551167
99588459
100633792
99926875
100552750
98364125
100718542
99996125
99687125
100311958
99707834
100333917
100341542
98945417
100171667
100299166
99623250
99733959
100014916
100004167
101120000
99111583
100838666
98946583
100143417
99781042
100415708
101273458
100565000
104557917
101506334
91615125
101339916
98659667
100238584
99761333
100168792
100030417
99616417
107012750
107771208
85471625
100302167
100227708
99602792
100048834
99779875
100194791
99621125
100027958
99670583
100523833
99930583
100197541
99858500
99696917
100233583
99732041
99981417
100097041
99886000
100079333
99950167
99716833
100756834
99700167
99796708
99733083
100289458
100562375
99366208
100311292
99692708
99912667
100740750
99576167
99967666
102096209
98148625
99582000
99969666
99653458
100625583
99957875
100138208
99705875
99580209
100468750
99958375
100576708
100347750
98550166
100256791
99990834
100669458
99087833
100530958
99675042
100031791
99900125
100654417
99353958
100683666
99319709
100455833
99920625
99356583
100186375
99781875
102563875
97489917
100315542
100268667
100329083
99861041
99323708
99987292
99822333
100308250
100052417
99952125
99758459
100078917
99945292
100363542
99579834
100135041
99933750
99722458
100510375
100297042
99595209
103293166
96299791
100543625
99804625
99914833
100896875
107402041
108377875
83483750
99723000
100001500
99660000
100398500
99906917
99843958
99985250
101171209
99039083
100951667
98699000
100702834
99774666
99634958
101328958
98700250
100285000
99528250
100307917
99723125
100182667
101415166
98307833
100616000
99742750
99697667
100620042
99916917
99550959
99894333
99691667
100731250
99676458
100148042
99968791
99931542
100086458
99636583
99691875
100275458
99948667
100348792
99843916
100159292
99604792
100305875
99853000
100237792
99469167
100316667
99596500
100231708
100197875
100119333
99658750
100015000
99963292
99814625
100909083
99490541
99844167
100133250
99508250
100096125
99900875
100189834
100097584
100140125
100303292
99840250
99693292
99900541
104224208
106953250
89138333
99611000
105787542
95485875
98752583
100201375
99711958
100464375
99972000
99750000
99650833
99956584
100481542
99536958
100061334
100300584
99905083
99878000
100574042
99896416
99350375
99892125
100580292
99658292
101890750
98736250
99618041
101956625
99352417
99757459
99193166
99211042
100240041
99672458
100402167
101105167
98666875
101137417
99249584
99901167
99576458
99895875
100268125
100573542
100724958
100341666
98211250
100644208
99775083
100094917
99977625
99369958
99942750
99732458
100810375
99471542
100454750
99702209
99946584
99979292
99843125
101169208
98865333
102434208
97564834
99915250
100489375
99786708
99942250
102222334
97339542
100146250
100337792
99933458
99833292
100175042
99709833
102424042
97660708
99727500
100123000
100031541
99986875
100400125
99448458
99689875
102297458
98317834
101072250
98779125
100038334
100278667
99627416
100078708
100291167
99481417
100177250
99930125
100038083
99788750
100065125
99834458
100100083
100297209
102094750
97932875
99550125
100196500
99730208
99977792
99889959
100231875
100176167
99619209
99937625
100368833
99736250
100197667
99943334
99688625
100044750
100133167
99932708
100551500
99481583
100003916
100018333
99903041
99959500
99912459
100033250
99926042
99919333
113815041
86131250
99987375
99917416
100256042
100218625
99962958
99769292
99774042
99960667
101782834
98322291
99906833
100388875
99967542
99856291
100192375
99692333
99885916
100424708
100250791
99373334
100246625
99762833
99865334
100165083
99943125
99998500
100232417
99586208
100006250
100044250
100166208
100207084
100832125
98905125
99951250
99797000
100088208
100137709
101811166
98561083
99890000
99662625
99834375
100459792
99575208
100281125
99707833
99909041
103957208
96558041
100313792
99367459
99777167
99946875
100761708
99079916
100194250
99910708
100023250
100165417
100120959
99756667
100337167
102150042
98068875
99982292
99321875
101368792
103064792
95785958
99891917
102243000
98835625
99192000
100706417
99145291
100165292
99994292
100125042
101629834
98512917
100320416
99343708
99991666
99539250
100298917
99666375
99940000
100083833
100505500
99275417
100162334
100184958
102653500
99515250
99733000
100010959
99837625
99014666
100805417
99424583
113569917
101554583
83843250
99606708
100991500
98880042
100387833
99851708
99815625
100405584
99498500
100201917
99747584
100090708
100292792
99626958
101423084
99074541
99568209
100179292
100661291
99039958
100108833
100508459
99393167
99970041
100239125
99921542
99933250
99841708
100249541
99717208
99946292
100412834
99616375
99741875
100246666
100153917
111392709
89186875
99315083
100403792
99575084
99998791
99914042
100777292
99208166
100061541
100024000
100261291
99913875
99423833
100675125
99942583
99922083
99882917
99830125
100026542
100094417
99784500
99965375
100259708
99543625
100344375
100106875
100169167
100580417
99082958
100075708
100185875
99450292
100098792
100267917
100120375
99762125
99630833
100278083
104305375
95566250
100454917
99471292
99849250
100261417
99778625
100182167
100313667
99733542
99647416
100264625
102746583
97057292
100156208
100223375
99793416
99997875
100681292
99525334
99986917
100041375
99559625
100164875
99890458
100105416
100358584
99689042
99670875
99912542
100519208
99600000
100424084
99877416
100106000
99702875
100106542
99744375
99951875
99917833
100218708
100079166
100019792
99803458
100916667
99163750
101061875
98766166
100104208
99870917
100379416
99816792
100272458
99529000
100357458
101012375
98880125
99828083
99796708
101486167
98481041
100764625
99298708
99851583
100420334
99589625
102275916
97976375
100024166
100492042
99858083
99658583
99751792
100153417
99933250
99854959
99966208
99942250
100569083
99939167
99847000
99737583
100345500
99549792
100410208
99594167
100335541
100006000
99672667
100891417
99267708
112473708
87393250
99961292
100433916
99666583
101291125
98557291
100256417
99668791
100708500
109099667
90449208
111125834
101425833
88317334
102895750
96143000
99767125
99762125
100211708
99753458
100209875
100110417
99923542
100045583
102589666
97186417
99980917
100067333
100359209
99478708
100348375
99506375
100241542
100016500
100127291
99918458
99961542
99734292
100236875
99749708
99988625
100186875
100449416
99285500
100216625
99941250
99927959
99907583
100724875
99596750
99708958
99935125
100055666
101733167
98427125
99748792
100296541
99939792
100022625
99759625
100839834
99625542
100776208
99078583
99924458
100632917
99241875
99941625
99873333
100019791
100423000
103678250
96034750
100064709
99742541
100043292
100112959
99815458
99899000
100071459
101727334
100733833
98927291
100087625
99618584
98926709
101010666
98918042
99872209
100702958
99279334
100279750
100052500
99771291
99982750
99900375
100488459
99890709
99327792
100944250
100541833
99123583
99598125
99908584
100035041
100370375
99688833
100179959
99617375
100071208
100150292
100197250
99561834
100888958
99283375
100038958
99885791
100217417
99736292
104983541
95909708
99084458
99972667
99919333
100236208
100715417
99212417
99721459
100139292
102627625
97899667
99253459
100199708
99912625
100376125
100167750
99511208
100172625
99968208
99512459
100414709
100048458
100313500
99134250
100290500
99808875
100336500
100288958
99512042
100017542
100712041
100113084
100877500
98839500
99314750
99926166
100373875
99736125
99879958
100410958
100033083
100148042
99149083
100260708
99844916
99965417
100165875
100073958
99888208
100651542
99328292
100494125
99548583
100226083
99815083
99734750
103026542
97011167
99868291
100088958
101672875
98297291
115614750
84530334
100102500
99642292
99933375
101342209
100389375
98698541
99822458
100071250
100176583
99681084
100315583
99837167
99897583
99833000
99837125
100095792
100892709
99636500
99446084
101934291
98495916
99217750
100553834
99738292
99954500
100478334
100074834
99475625
99937583
100043209
100452666
99712875
100067458
100793666
107445542
104906167
87254834
99509625
99977667
100160667
99723667
100766125
99187417
99935375
100436209
99809167
103414250
96413208
99878208
100225458
99590708
100358125
99777834
101101500
99114375
99778708
100425333
99271208
100460083
99493750
100653709
100669583
98946166
99715250
100157834
100127333
99954916
100009792
100411250
100792458
99892417
98823708
100079250
99744208
99974375
100021000
101266000
99109625
99981042
99562292
100882458
99276666
99787875
100553042
99740708
103452125
98760500
97820125
100158709
102061750
98118833
100198584
99819292
99803750
100517917
99371292
101190375
98597375
100731875
101375292
98246208
99841833
107930500
93388041
99072792
99282709
100696208
100847417
99621500
101011500
98701083
99650958
100165500
98928875
100030292
100068916
100131708
99825917
102018083
98113916
100473708
99556625
100493500
99177125
100065833
100065625
100439917
99712959
99727375
99926708
100999083
100637792
98678458
100078583
100933750
98797375
100192667
100394875
99750959
99202959
100729791
99970500
100158500
100048333
99899750
99474000
100219791
99680875
99964209
100265167
100110291
99682167
107955167
107148000
85667292
99665792
99733792
99937291
100006125
100035208
100454333
101923041
97670208
99839292
100019709
99795458
99681166
100642042
99902208
99982584
99805542
99865583
100327917
99703667
100002417
100060542
99863292
100194916
100714375
99784917
99486209
102610167
98409333
99062584
100152292
99624542
100241291
100629333
99289334
100046208
99803250
99909750
99803209
100299875
100045750
99977167
102562500
98451875
99221125
99550625
99989166
99921334
99998250
100021875
99949417
100246208
99500250
100219334
100224125
99586083
100327167
99711917
100198625
99961833
99891208
99920291
100200083
99992875
99733167
99997792
100021333
101122750
98784583
100245125
100804708
99400292
99858000
100000375
99966416
99942375
99952042
99585791
100235083
100075125
99877458
100209208
100138500
99908125
99699791
100212458
100959625
99028459
100452583
99069833
100231834
100715875
99508125
100082834
102947042
96722958
100089375
100384750
99437625
100572625
99185125
100973000
100024417
99366417
99866375
99963541
100227625
99921667
100345959
99239416
110633875
108898209
81197250
100036625
105832417
93628958
100048417
99947834
100535584
99398583
100050334
100296041
100253000
99414834
100144917
99744958
100294666
99723083
100637416
99620625
99501708
100339541
100249375
99687625
99933916
99440583
100685458
99865083
99938583
99819917
100247250
99724792
100612083
99820875
99715541
101342625
98501916
99885584
100444709
100541792
99308667
100113833
99832166
100131375
99582333
100303542
100621458
100835459
99243167
99428000
99995208
100328458
99301042
99975000
100749000
99459667
100612417
98694709
100359250
100179208
100052209
102544958
97636042
99842458
100014750
99874292
99772375
100245042
99720000
100481291
99761167
100272000
99660500
99937500
100969125
99838000
99766000
99457166
99710209
101434375
98618042
100044167
99964292
99918709
100269417
100435292
99714291
99667959
101892291
97946000
101276958
99548209
99439792
101234709
98828000
99770916
100217833
99696958
99969625
99903541
100293292
102120542
97618458
100025125
100074417
100222709
99657666
99949375
99991750
100090250
100559500
99288667
100782542
102330667
100050250
98222000
99665125
99109042
100010375
100167917
100185375
99411875
100426917
100185959
99860667
99697541
100015083
99916875
99885167
100148500
105515916
96876625
97299166
99728916
100789333
99429875
100236875
100242375
99697875
100027833
99786250
99994167
99968291
99968000
100006542
100235583
100166875
99795625
99608375
100710208
99993667
100201542
99541083
100784000
99762666
99142208
100144083
100103625
99799625
99743500
100417958
99771750
99696542
99985666
100141375
99880833
100761000
99464875
101834541
97957875
100411375
102359542
100355041
97972334
99790333
102518709
98692708
103258459
98450875
96096000
100139583
100067708
99597333
100605375
100109708
99392500
100695333
99654291
99809458
101501291
98959667
99661125
99616500
99980833
100201375
99792375
100017291
100306833
99621167
100674583
99551625
100941667
100065833
99224708
100621750
99462417
100048958
99319666
100493916
100596083
99217500
100742708
99154209
99527084
100512042
99952958
109928500
89759667
100283042
99897583
100656625
99538250
100132583
99773167
100631333
99189041
99946916
100100708
99789083
102600500
97927833
100021292
99320166
100813750
100287917
99020666
100107458
100122875
100308875
99898209
103781709
96607667
99301750
100969875
99571667
99457916
100345041
99542084
100164084
99691125
100004625
100339042
99465208
100152917
99692000
100118708
102319792
98094833
101029750
99369584
99278750
100236833
99841250
99753292
100254334
99849584
100284708
99875250
99845750
108475667
92766083
99279833
99537875
100709083
99743834
99756625
99975917
100140334
100788667
99000750
100419375
98933208
100729875
99821666
100543834
99227000
99885625
100124750
99965458
100057792
100178708
100151208
99812792
99971292
99588708
100153792
99884583
100478459
99381250
100288916
99964375
102286708
98303958
99128833
101472625
98600375
100678708
99215625
100163542
100239875
99942708
99721541
99980750
100363167
99912917
114069125
85699417
99740875
100280917
100468041
99335667
100478333
99733583
100243375
99615792
99957417
100219125
99645834
100039291
100425458
99567458
99979250
100197458
99887583
100422458
99379959
99906292
100453792
99698625
99646959
100354000
100696250
99503834
100428500
99489416
101147125
98461750
100230416
99910417
99981375
101733083
98534750
99670875
99859167
100266000
100058334
100342625
100358875
99621000
99424959
100198792
99916459
99575333
100433958
100212334
99339541
100714000
104188958
96589084
99041917
99964666
99768459
100308542
99822875
99910875
99877042
99961167
99998333
100769375
99703042
99842792
99750125
99764500
99856917
100154084
100427750
99813084
100633416
99172375
99795708
158154750
116217042
86499833
58490625
82423875
99722375
99812792
99603875
100313458
99348417
99802166
100891209
100467291
99387500
98905666
100209166
100679750
99072209
100458375
99674708
99571750
100608084
99744833
100375958
99734708
100062791
101156459
98725375
100481791
98999667
100256750
99838750
100153417
99963959
100842125
99681584
100302958
99486959
99490542
100863000
99055208
100308250
99700667
100217500
100712833
100118667
99385000
99755417
100206292
99462417
100494958
100477208
99574333
99462167
100253042
101252291
98534834
100112417
99972167
100025083
99714875
100169500
99563833
100520917
99940500
99932375
99800875
101608708
99930625
99087584
99662208
100099083
99677375
101181375
100758792
98497458
100008209
99875375
99818166
99555250
101197583
99068750
99928250
99813917
100103458
100569167
100898500
148501250
50172167
101894750
97918084
100050958
99882833
100090292
99894333
100055833
100608708
99397125
100183292
99830625
99870292
100160542
99854625
100286666
99938875
100456625
103147292
96689541
100771833
99172833
99386375
100494375
99631041
100115458
100422792
99475666
99827292
100179625
100054958
99762958
100372375
100259959
99295917
99733042
114980375
85595375
99539250
99866375
99986667
100174042
100166917
100050625
99943125
99913042
99769125
100212167
100499958
99503042
99968958
99923541
99902334
100252208
100732209
99566333
99818459
99510208
101521334
99835417
98886917
99843625
99689875
100232583
99934458
100245333
99932458
100037917
99905125
99955458
100131833
99758042
100097917
99973917
99961625
99965667
99699584
101002250
99782333
101031042
98324375
99946292
100112750
99902042
99979333
100202667
99732416
100014417
100021333
100939917
98964417
100007917
100578292
99572458
100102125
99487084
99965542
100232250
99886958
100386625
99463375
100248291
100290125
100642209
99573917
99225083
100532875
99705041
100094916
99965791
100468958
99519416
99653500
100681667
99547708
100138666
100824625
99001500
100180416
99692833
100168083
100216000
99731250
100397625
100052500
99425250
99837292
105196084
96273250
99531750
99390458
99818333
99904083
100233500
100114125
99424833
100490166
100239459
100413375
99552833
99372125
100928750
98902625
120598209
80828916
99072542
99820917
99869750
99944042
99826416
100274334
100494709
99272208
100347292
99738750
99867084
99980375
100015375
100313667
99883708
99921500
101084125
99756083
99298667
100880542
100259209
98987500
100463458
99351083
100290291
99916000
99302250
100394750
99799792
100455666
99878750
99977917
99574750
104828292
95214667
101785708
99132083
98964042
101315750
99512083
99782500
100134625
99188500
101280834
98427666
100663500
99597417
100364417
99999792
100311625
100005166
99688459
99603709
99769625
100027375
100214959
100565500
99362125
100335625
99588458
100592417
99649334
99658000
100363125
99748625
99865959
100279334
99980959
99766042
100217833
99955667
99988875
100023250
100209500
99949333
99289375
100022791
100418791
100020792
99642875
100602417
99501792
100033208
100088000
100378625
99618042
100549833
99748542
99499750
100289542
99864125
99819584
100606084
99125417
100746667
99898083
100625291
104391125
112173875
82983708
99364458
100027708
100016875
99928125
99953333
101017959
99164167
100277000
100439750
99254041
100314500
99568167
100038375
100159208
99500625
100086042
99900125
100293584
100424167
99653875
100087083
99887417
100008167
100277917
99369792
99960708
100628334
100629625
98715250
99851708
100037875
99885375
100449959
99737500
100141750
99708250
100408292
99772833
99945875
99789042
180780708
25439750
93908042
99872583
100342334
121888625
78175709
118415583
81333875
99707958
149417875
51461667
142365500
56617584
100767334
170104000
29497625
167065834
74274167
59348250
136730292
65619625
97001458
164745917
35112333
161585125
39880292
98358625
102329000
99476542
98063458
99898125
100415625
100087125
99668250
99824750
101022916
98841708
100270625
100008708
101348500
99782958
100554208
98985958
98796875
100290625
100732959
99248917
100778542
99894250
101292917
98716375
99285583
100025458
99563959
100810708
99593541
100016917
100795167
101231333
98266000
99669875
99779041
100241917
99840291
100031041
99943167
100206708
99807416
100136083
99840916
100152208
100046458
99544291
99878834
101338250
99179125
99909959
99612625
100382167
99598500
100061583
101241542
98721500
100805333
102836834
96326583
100352625
99871042
99871042
100369541
99453583
100218083
100221959
99807042
100035833
100111750
99659042
100143208
99678958
100394375
99842833
100207500
100048875
100146667
99485833
100641583
99380708
100633958
99224708
100084459
99834000
99962042
100256166
99976833
100686292
99107333
100275917
99659625
99977084
100184792
100176375
100212000
99440834
100207500
99846416
100143750
99939459
100026958
99705750
100043083
99939958
100065792
100745375
99990458
99954500
99958625
99578375
99570708
99970959
100241042
99913667
100254542
99694667
99840417
100103708
100196541
100210875
100440375
99402209
100334583
99541291
100059000
100451916
99516000
99500542
101001792
99336167
99927042
99892875
99955000
100523292
99978500
99933333
99919666
99475958
100151041
99828833
99882500
100110667
100185958
100193625
99734292
100917708
99123000
99991833
100583792
99650958
100869916
98517209
100790833
99229167
100268084
99818917
100058458
100682416
99224250
100096167
100126625
100171291
100031125
99857125
100361083
100171667
101215583
98097708
100370958
100315250
99171000
100360917
99767583
100719375
101521375
98480291
99666750
100170167
101101250
98884000
99138042
100385500
100160125
99862875
101901125
97980958
99697000
99858875
100283291
99859042
99960291
99745000
100342791
99684250
100636417
99384541
100334750
101948250
102657542
95540750
99351959
100464917
100966500
99844416
100328625
105223166
104673333
90314375
99397458
101725250
98808500
98186875
100795417
99316041
100500708
102004958
99076500
98809166
99833334
99917875
99406917
100446917
99783708
100497416
99717833
99842708
100107875
100289583
99683750
99875000
100573833
99318167
100035250
100174084
100096000
100270625
99611042
99681792
99838208
100292417
99894167
100016667
99932583
99764917
100328292
99991333
100047667
99599125
100310833
102007791
97675042
99960042
102709250
98628959
99697500
99315459
99722458
99909250
101001709
102284709
97507250
99103125
100530292
100505875
99598917
99646792
100071833
100171500
100210584
100128709
99098125
100290250
99898333
100020208
99851959
99768709
100955791
99640584
99713041
100261209
99730917
99936000
99824834
100277375
100047583
99924625
100115417
99930916
99792000
100454667
100239000
106722125
92533250
100998750
99323875
99925459
99757791
99771209
99731042
100343916
100443834
99997667
99576208
100113084
99838625
99988959
100258875
99941333
99949750
100096667
99995500
99629875
99994084
100052334
100403792
99728833
100669875
99349917
99930000
101303041
98849750
100024292
99718583
99936666
100359458
99941042
99524250
101098500
98880833
100200833
100243208
99771291
99858459
100008000
100287250
99701959
100204000
99916959
99998375
100524500
99381417
99603875
100537000
99708417
107474416
92555500
100370542
99523083
99674792
100398375
100265417
101064583
98652416
100357167
100369750
99369625
100215209
99537292
100258958
99867500
99887875
124917125
75330250
101461708
98644042
99659958
99799167
100121167
100232000
101061583
98409375
100392958
99388792
100666875
100080667
99749000
99958833
100441334
99286084
101503750
99304083
99309666
99860209
100358917
99654500
99865416
100249708
100439291
100743667
109523042
92032709
98546875
99558375
99947166
100426083
111110083
97235250
90881666
101460417
98082292
100662292
104373375
104481250
93394958
96791916
99898375
100393208
99859083
99878750
100219375
100716125
99395208
100934042
98742000
100637084
99260083
100226791
99648125
100105292
99956334
100171583
99844875
99864625
100720583
99780333
99530417
100005250
100593917
100135333
99516875
100194833
99869250
100712666
99431667
100235417
99537417
99950125
99649541
100024958
100156958
101717333
98157875
100671500
99470792
100047334
100609333
100051875
99258708
99754959
100126875
99893667
100148375
99733708
100332542
100034750
99969583
99824166
100333292
99560584
100398125
99826000
100360250
101069208
99129208
99782375
99874667
99665000
99982250
100353708
99526042
99667250
100091334
100253709
100085375
99900208
100365791
99992917
99183916
100211583
99833625
99976208
99851459
101771292
98514000
100103333
99881334
100226208
99756625
100259042
99651125
100124250
101306666
98386750
100193625
100109084
100035167
100059625
99845916
100194667
99792041
99959542
100200666
99548791
99925041
100101958
100612083
113120916
86533500
102721375
96950291
100451334
99375083
113397375
98898083
98802833
103511667
98376375
94961042
104354500
96493709
92514333
108842500
101516583
102859750
97288042
95873708
104762833
101404791
99580292
99686250
100989083
97962834
98516125
89481458
99804667
108147875
109064875
100235208
99086583
95547584
99203917
100673583
102564708
96875625
102923500
93121166
105575083
98169208
100857209
100108708
97678833
102142334
98801042
99817250
89543417
112699834
99614166
99089542
102886375
96633417
102106917
102419666
96439334
98001375
101226584
98971291
102328083
103523000
95137625
102885792
95417958
107721375
96777209
97683667
97699834
103343167
99156792
96551292
106257916
96034042
100807375
95025875
102273667
100092125
102327292
105225500
95733791
104236666
94400667
102263583
86312167
100532500
100551875
100225458
98599542
100212625
99872334
99755208
101020625
99291750
99731917
99904583
100087625
100206833
99731000
100017042
100300833
99848291
99715333
100634708
99889208
99790625
99727583
100450375
99818000
99787000
99911625
100799708
99402833
101898041
98016834
99988750
99961000
100179417
99868334
99983625
99674542
100023625
100253292
100518000
99527875
101080750
98671833
100160709
100116000
99667500
100177083
99746541
99854666
100136917
100563958
99726542
99829000
100332542
99531125
100101792
101344959
129227792
99761875
101211625
90607041
91245791
101532375
99185833
96564417
98949583
100649916
97702666
107459458
100096041
100156083
95793500
101881458
95749666
103806750
97752834
98188000
90928875
100881042
100270708
98680083
100135500
100086542
99903500
100487000
99349459
100008458
100401375
99572292
99805042
100173708
99938667
100137792
99912625
101083792
99083667
99386709
100778167
99659292
100236625
99996292
99658292
102342291
98774916
99968041
99525209
99908042
99532042
99680334
100699334
100136667
100162208
99775167
102687458
98374125
98363167
101924792
97850166
99893250
99986125
100033916
100201833
99936167
103248000
106741916
103512667
97765708
100886209
106200125
81430750
101364834
98572792
100237875
100052500
100103959
99909958
99707792
100193958
100516584
99436167
99837291
99884375
100262750
103029459
97121375
100025042
99885292
99895750
99896375
100118791
100586666
99644167
99498667
100708041
99470458
99894500
100558000
100933541
98358875
100078125
99670750
100591792
100633666
99884000
98957125
100167334
99798125
100388833
100506750
99311875
99918958
100514000
99672375
99910042
100084917
99909542
100162209
99628334
100151625
99977250
101196000
99769417
98677291
100441666
100235041
99617291
99952125
99675541
100544709
100469625
98982833
100302959
100197208
100660083
99148500
100291833
99732333
99891042
100532458
99839292
99443250
100345375
99524125
100414792
100872000
114421417
84675875
99930917
100113875
99829625
99752458
102378917
99046958
98726959
100040542
100099833
99988000
99589000
101269500
99539292
99384875
100019084
100800000
98998084
100207666
99957625
105302750
110459250
102159333
82014917
99811959
100243500
99911250
100434750
99973125
99602833
100299333
99793791
100579916
99374875
100047959
99971500
100692375
99167792
100138583
99855208
99636417
100581000
99505792
100339375
99931125
99964833
99486458
100721041
99738875
99985000
99703791
100476667
100860833
98879916
99894250
100352625
100008542
99737416
100025000
99692500
100691709
99262834
100131291
101222250
98970375
100092625
100198583
99718458
99799875
100898083
99315208
99663708
102497000
100131333
99081250
99536125
100770292
101399209
99699375
98468042
99172583
99713333
99394584
101080208
98928583
100269834
99644875
100539208
99910333
99585125
100920791
99314167
99575333
101011542
99150292
100307167
100026667
99550625
100065250
100306833
100550291
99559709
100291042
99441208
99951291
99917791
99862709
100155500
99903875
99822042
99910125
100106417
99966084
100415709
100092625
99956583
99650625
100150167
155059166
69481791
77721125
98371250
100015958
99703458
99311875
100184750
100241291
102540709
97455875
99781458
100015125
99683042
99827958
100594542
100196541
99662166
99702833
100654250
99404042
100094833
101003375
99195917
99972958
99209709
101673125
98402875
100160708
100120584
99707708
101027625
99221625
99717584
100272542
99771000
100470709
99695334
99995541
100001209
100458208
99684917
106265334
106947250
97093000
104326500
98788125
86534458
99924458
99912292
100117500
99663208
100133166
99753958
100206666
100062917
99756166
99908166
100184625
99841041
100796125
99471292
100622708
99285958
99851917
100270417
99666458
99920750
100409667
99594000
100373500
99610667
100537125
100926292
98532916
100052291
100042875
99916250
99901459
100029709
100382250
99703042
100519959
100847834
98570042
100009417
99948250
100025750
99939625
102273541
99332250
98591166
99897625
99545917
100364125
99984333
101722833
98163292
100264000
99873333
100196583
99713209
99985875
100003500
100324458
99435875
100207750
100160208
99804291
100111875
100482458
99611959
101167916
101278333
98097750
99940000
99607000
99509250
100536458
99533208
100187333
99845250
100065458
99641000
100084000
100252083
99661542
108281958
109324416
99802833
97520625
91994000
105963167
104311334
97521833
99227334
86673709
99495583
100046667
99696500
100049959
100198833
100136959
99536834
100511834
99490917
100367250
102378333
97762459
100084875
99406792
100471667
99742417
99929584
100030875
100645500
98976667
100290750
100246125
100030042
99405833
100246667
100944875
99005208
100571958
99509292
99675000
99927667
100059000
100982250
99097084
100042041
100065250
100684833
101594333
98564583
99424375
101275917
98896583
101134583
99005042
100427042
98816417
101527083
98069750
100071084
100885750
99433875
99789667
100290750
99508750
100500167
100526958
99159750
100153333
100569875
103625709
95595583
100699042
99306958
100017250
99803834
99889000
100184750
100171250
100056333
99798208
100487542
99357792
100367000
99780375
99975167
99907125
100168042
99856334
100470041
99960250
100197541
99446709
99976625
100006875
100992083
103158959
107588833
101923875
96963209
102860625
100860584
98128333
98935167
104164875
85025625
99143125
99849958
100177375
100418958
99923875
99649333
99984666
100566250
99631917
99503000
104362709
95916666
99900083
100281417
99769542
99962000
99781167
100275625
99745750
100801584
99506792
100142792
100358791
99536458
100625750
99552000
100612958
99227416
99833834
99742792
100338625
99860542
99697125
100361291
99978958
107295375
101357541
107202708
95964208
104422875
83769584
100012167
99601125
101413708
98677792
100172042
99882459
99875041
101649542
98268375
100524292
99345500
100359417
99717500
99935334
100568709
100452375
99132083
99892458
99923708
100089250
100063292
100089709
99518792
100215708
100430292
99695083
99974916
99702458
100634333
99515042
99764916
99947333
100175000
100120250
100173417
99574958
100056875
100383959
100198583
99657208
99782000
100498292
99570917
100188167
99663084
100199125
99882500
100279875
99751541
99848000
99993709
100337833
100456709
100304958
99985875
98921625
101407417
98433458
101436917
98695958
99910375
100292375
99550583
100443792
99491167
99939458
100693042
99672125
99931709
100089084
100074291
100022125
99881708
100216167
99712167
99685958
100998292
99386000
99741875
99897875
99959167
100023291
100296875
100128291
99995916
99482250
100161584
100982542
98773375
100308375
99995458
100947792
98790459
100518083
100226542
101438541
97837250
104940542
110689541
99170834
97396500
102619166
99022792
100255666
102515084
94466250
105513375
83225958
100636208
99389458
99897750
100305584
99810833
100746125
100080500
99283541
99955042
102345083
97252875
100590083
101114916
101520708
98917250
98332417
102427000
99275000
98688625
99268625
100186208
100264333
100640833
99183209
100228208
99827917
100123292
99882500
99843125
99747292
100188000
100182792
99893333
99867042
100206459
99636625
100358375
99516167
100004667
100410083
99646916
99893500
100276209
100075875
99772625
99996709
100462375
99381875
99740958
100302667
99957208
99734459
100383750
100074791
99870208
99650166
100495750
110869250
100972167
100229833
105807667
98039000
94784500
106288833
99476041
95114959
93211625
95109333
100133667
100037708
99602292
99961584
100228000
100568292
99674250
99359208
100188208
100157875
99788541
99736791
100468958
99522250
99942708
100275292
100112583
99849625
101190250
99067333
100423375
99325375
100171500
99738958
100872792
99150500
99903041
100095167
101242959
98471917
100184584
100162875
99703375
100854041
99419834
99867500
99886250
100009791
99810667
100773542
99177292
100074041
100161500
107933708
104437708
104024459
93394375
104158417
103333791
94831292
101032667
102953000
97915125
101077833
103784417
90585750
99415583
106029375
91842875
93162625
99882000
100813625
99562834
99374500
99989583
100186125
100836667
99143333
100134709
99637667
100034166
100036458
100252208
99652459
100128167
99865625
100150500
100025875
100174167
99619292
100829250
111910959
90426709
97151167
100060250
99936875
99685875
100047833
100221000
99986083
100344041
101701166
98134167
99913916
100008042
99833750
99883417
99911375
100316041
99617500
100413292
99686541
99632917
100223875
100353500
99693334
100627208
99362958
100239250
101259458
98196833
99847000
100406500
99886584
99842542
100166458
100140584
100656209
106409958
96144167
111144791
93562792
112413542
93332750
99223208
100205333
101100166
97257375
102271084
98158542
99778792
97646042
92911083
98514292
99050458
99806958
100948666
99255083
99723542
101335291
98350459
100283125
99516875
100458000
100042542
99781208
102866834
97620375
99277667
99991334
100598375
99917666
99246792
100339917
99700125
101260542
98998417
100388125
100093916
101504458
99234666
98589125
110588833
96460458
93520167
101285750
98591792
100404291
99147583
100052584
99504709
100666417
100006666
99479959
100044708
102341417
98059667
99880916
99990625
100007458
100134333
100312334
99458291
99728583
99880500
100803875
99754750
99552500
102970792
97078416
100060250
100019792
100198791
99717000
100981375
98887750
100043416
99918500
100208500
99721584
99948500
100877000
99707458
101430458
98374208
99954708
99534959
100288291
99895625
99958209
101400625
98420166
100206000
99867916
100486042
99744834
100371042
99183625
100264709
99963542
99952500
100073167
99932250
100125334
99786792
100089208
100045917
99695416
100350500
99842750
100775375
100177833
98812875
99927250
100411667
99827875
100104167
99898708
102412458
97292667
100726542
99548125
100518667
100550583
104560541
94700458
99455417
100183875
99666125
100230625
99778667
100016583
100247166
100002666
99709208
100398917
100470834
100192375
99184416
100161208
99757750
107692042
106226583
101812625
96275500
97496583
106496375
92777500
106229958
106742167
78394459
99549000
100740875
99782792
99398500
99999000
100000209
100256333
100045583
100202459
99933459
99724542
99860291
100378416
99536791
99890542
100220667
99914209
100343834
99954666
99706541
100045084
100325166
99676750
101253125
98569625
100114916
99987959
99997250
99740750
101222541
100924167
99017291
98906958
99970000
100056125
100007208
102093041
98326542
99617125
99928084
100485708
99421167
99918792
100136959
99855542
100127042
99631333
100448000
104494417
95627458
100673834
100440042
98477125
100502792
99815750
99979209
99923583
99926041
100616125
99417917
99595042
100990958
101727667
98963667
98761209
99542750
102423792
99257584
99569833
98891958
99764917
99902542
100095042
99959625
100202041
100649291
99100416
99949209
100505625
100255958
99832917
99450666
99912709
99992959
100081125
100291667
99713583
100267209
99912833
100068291
99740291
99582791
100503792
99957250
99838958
100277458
100459625
99206291
100275833
100619042
99787791
99477500
100116333
99896500
99940250
99917125
99942792
99953125
100226125
100150375
100259250
99585750
100092584
99630750
101336083
98712875
101533042
98638666
107943125
113618083
96912750
98279041
102196208
100467125
97286917
103427500
94305542
100717792
93260125
92875292
98966083
99533459
100237500
99659416
100415542
99567542
101232750
98888750
100606292
99600042
99720542
100370792
99514541
100047833
99956791
99998542
100213292
100762750
99713834
99643750
99765042
100507833
99692875
99735833
99823417
100119916
99857250
100479042
99563083
99888041
102587541
97791458
100119458
99607791
100402625
102333500
99272667
98097916
100144708
100005833
100259416
100339125
98912833
100296833
99692083
100365208
99665000
99895833
104032375
96065458
99950250
101657667
98375750
99846583
100105834
100026334
99953875
99755333
99965875
100179541
100110708
100119000
100044875
99993333
99498667
101493708
98502792
100461500
100020292
104408417
105972541
102304542
104534000
94393291
98850958
92640083
113295792
109135041
88172625
98308208
111102375
90578250
96864917
103027708
96840833
89138167
99768500
100196292
100800667
98896500
100031500
99950000
101018292
99082375
100121625
100522042
99395291
100184459
99896500
100741250
100283000
98809709
100648875
101887541
97923667
100207459
99478875
100187291
102303666
97613166
99650417
99983584
100280542
99948541
100480042
101089792
98039208
106796292
93246333
99788375
100317708
99879375
99921291
100352916
99651083
101216958
100192209
98936166
100400083
100382125
99484708
99934000
99640833
99550042
101034167
100512416
98873709
99782750
99912000
100094208
99956916
100431709
100119417
99450958
100135250
100008083
99784584
100006416
99887041
100323458
100417000
98975750
100927958
99146834
99930166
100250750
99928667
100281375
99746083
108901458
106245916
92106333
472665333
13750
8208
7709
47624208
97811292
98740667
91360084
86034125
101038416
115255250
101835375
91775708
92458375
96986375
100538916
98314250
100337667
99792833
99899333
99648667
100048666
100301958
99922334
100036333
100104792
100143000
99488000
100021000
99916666
100598750
99396333
99966708
100155792
99838750
100228250
100035708
99963625
100228167
100642250
99348083
99602208
99867667
100092167
99898584
100312042
99897625
100083750
100006833
99697000
99918417
100303500
99841000
99962375
100168292
99680209
99947542
100126792
100684042
99228917
100027000
100025834
99915792
100080041
100084541
100102833
99489375
100970875
99478959
99900250
100192875
100273708
99381292
100022250
101368750
98809000
99998834
99858500
99943959
99861375
101264292
98728209
100014083
99766458
100011666
100181542
100563042
99574792
100001375
99617542
100015500
100464584
99561958
100817833
101141416
98209416
100742541
99238833
100367709
99930291
100366667
99009209
100036209
102301708
101888959
98800250
98105917
99642417
100377125
99386208
99846625
100114958
100512208
99309833
99989625
100088542
100694208
99077750
100219500
99943291
100201167
99590708
100013583
100149500
102460000
97302083
100040500
99937375
99805167
100568959
99507834
100381542
106090584
93667625
104865000
109755334
99584000
94244125
106289458
94832917
107974125
94861458
94007209
104758667
98880000
103857459
97442917
108256458
95599208
96188500
88607166
99526125
100026375
100803125
99189625
100728167
99677708
99940166
100109541
100740500
99348625
99569125
100090500
101035625
98918250
99687250
100619834
100478458
99463209
99494041
100377458
99958542
100474125
99173625
99855625
99975042
100223458
99763125
100124500
99876125
100323375
99799458
99869041
100040875
100429125
100034250
100046959
99882792
99694625
100102667
99707291
100287334
99490792
100375041
102575208
96946917
100977208
99303167
99999375
99910584
100212541
99774417
100153084
99943083
100166500
100239208
101520750
100480875
105299500
95343791
98317708
98809041
101625292
98593792
99520167
100163750
100987292
100850833
98464666
99119209
100222542
101647500
98635750
100233708
99333708
99942292
99932625
102253125
99229458
99091541
100022542
99653916
100138917
99681542
100120208
99983125
100444041
99420834
100249791
100179125
99856916
99854166
100022000
99738541
100450625
99476667
100009084
100461750
99787125
99708667
100119709
100102917
99846875
100138333
99705958
100366416
99705167
100693041
100788041
99174625
99419916
99762333
100494459
99691750
99845041
100095000
100397458
100249791
99579459
99675875
99932458
101907417
98302917
99993375
100212250
99964875
99595625
100431667
100173125
99571500
100383958
99348291
99914667
100100250
100057917
102135042
111067250
103341542
97121834
98331375
101434541
98386333
88640500
99938958
99601833
101603083
105711750
92969958
99601792
100190208
99742000
99896500
100035750
102423250
98194500
99852375
99546625
100891750
99561708
99563584
100217792
99929250
99773208
100174042
100139500
100058333
99625209
99908458
103090708
97527583
100404458
98880917
100121416
100017750
99707667
100204458
100227291
99947292
99946708
99894291
100056917
99915250
100187625
99520083
100162667
100358792
99563417
101181584
98699875
100069250
100144250
100162792
99823792
100072000
99705417
100235208
100799583
99369125
99838917
100160042
99755125
99979333
99702000
100306166
100213042
100455750
100463334
99174083
99899708
100152500
99791583
99574291
99902834
100067500
99931125
99989084
103597042
109310125
102726917
97219000
100252709
99080375
88783333
100139334
99119917
99635791
101274708
98946416
100288708
99659417
103232541
96858209
100064250
99963500
99724625
100660583
99994959
100192166
99198833
100349042
99612042
99902042
100246042
100322625
99897375
99662458
99871917
99917708
101837875
98999625
99420584
100206000
99529750
101272500
98924750
99939375
100052500
100198791
99588083
100089125
101163333
99692959
99033375
100031292
101634459
98655041
102746166
97556000
99324000
99933125
100144334
100528917
99841583
99556583
99925167
99955041
100000750
100737875
98937542
100217417
100440584
99719958
100005500
101017250
99813333
99465791
99455958
99978791
99793708
100886333
100398375
98856292
100399459
99739667
99837542
100385250
100120208
99855666
99760917
100045333
100728583
98964750
100689167
100061042
99188333
100192458
99965750
100654541
99558084
100017000
99667834
100201625
99942083
99750042
99857708
100276208
100149375
99867916
100261292
100205958
99395625
100035333
99864750
100220084
99609875
100414042
100576417
99520750
101564208
98123417
100106125
100168834
100196375
100188833
100537500
98486000
100334291
100007041
100446541
99241750
100190958
99741500
100194209
100114292
100925458
100214792
98593625
99943250
100233416
99722500
100709583
99500417
99770333
100159708
99880917
105741583
94188167
100014875
101122583
98833792
100139917
99850875
100005625
100175750
100082042
105973708
106476667
100707625
97893833
106901000
97089250
84545500
100494375
99738875
99868667
99958041
99930167
100051417
100547500
99431208
100336208
99582542
100305625
99595417
100595541
99765083
100262042
99498958
100222542
100080500
99683416
100024958
101664584
100122958
98482583
99685125
99669458
100569833
99729375
100731250
99262000
99657292
100503250
99770292
101119542
103120625
95926709
103435375
98414292
97887000
99722708
100763084
99993541
99566625
100317542
99711375
99688041
100620500
100137833
101987708
97650708
99466417
100543875
100027917
100278625
100074416
99615000
99723500
100055375
100160834
99888125
99614084
100288208
99736791
99924792
100671625
100053416
99345042
100023375
100266458
99914625
99670542
99999625
100607375
99373125
100287625
100328125
99412916
100516500
100382375
99268958
99914917
100793959
99570458
99706000
99968292
100118250
99899208
99795541
99952334
99704500
100972541
101308541
98006959
99928708
100232458
100654166
99870583
99581084
99694458
99952791
99988375
100010000
100262542
100987750
98666875
100531334
99701792
101268000
98894916
100013209
99603042
108116750
108124791
98802208
109747917
106317208
99146250
70375875
113001708
91846875
109304500
85345375
114175958
95196750
106729125
95562375
102300834
85834334
100195875
99686125
99954625
99735166
100883541
100608208
99340250
99474875
100177334
99680709
100127875
100155875
99682833
100280208
99686500
100099208
100852166
98854917
100767250
99851292
100171416
99256625
102119959
97995333
100152875
99794041
100003250
125112209
136984000
68945750
72306375
97665458
99971250
100261916
99768875
99294875
100389750
99246208
100700166
99144084
100384542
99802500
99847958
100220417
99598458
99961875
100249000
99942916
101327583
99453209
99401000
99929333
99921875
99681125
100131042
100162167
99700500
100604417
102130625
98252208
99755292
99607583
100232083
99382125
100301708
99645792
100303000
100737375
100020458
99377667
99672500
101340042
98945417
99486125
100388542
99911917
99945625
99714708
100296416
100041375
99925250
99950834
99802459
99970542
99852792
99817042
100274792
100168792
99837084
101587250
99247917
99376916
100138709
100018792
99949916
100227458
100158417
99414125
100907625
99277709
100983000
99042875
99980750
100374958
100807083
98576917
100135791
101461583
98647167
99435916
100022041
100446084
101082208
101160000
97498791
100229417
99489458
100482125
100548333
99310542
99843541
100065917
99855084
99983291
100811792
99307958
99475375
101038459
99856834
99375625
99924541
100183875
99826833
100427291
99628958
99907916
99981917
99801666
100224167
99842500
99903000
100717000
99111375
100416417
100151334
99726083
100042375
99944708
99840375
100736791
99396459
100010375
99922542
99756583
100239250
100038125
101596500
98459792
103222708
97401584
99837333
99911208
99603667
99720417
100391250
99985958
99959708
99839833
100034208
99774667
99977625
100419125
99951042
99529209
100292875
99791625
101042375
99435833
99623208
100451750
99888500
99569583
100419500
99665875
100711292
99318750
99696875
100360583
99867042
100075708
99806250
99603291
101101125
99127167
100032208
100438625
99750750
101319458
99356417
99738292
99561250
99441292
100453750
100060625
99772167
101064958
99893583
98725708
100367875
100200917
99816583
100038458
99576125
100100000
99785792
100847334
100517459
99619500
99762250
101418250
98450333
120592042
106950708
100296833
92172958
99826833
101285750
99981708
95321208
83538334
101417458
98934084
99323625
100035333
99990833
99759917
100480125
99483541
99978083
100800625
99478875
99695875
99684625
103900000
96830292
99443750
100577375
99797625
99787958
100115458
99747625
100663334
99528625
99770292
100115042
99915708
100395292
99304084
100090291
99987666
99851709
102681667
97574417
99769167
100501584
99919125
99710500
101103375
99881167
98906625
100226292
99681209
100456750
100122250
99726750
99722583
100313375
99803209
102149167
97962417
99635750
100131459
99855750
100260584
101064167
99001750
99692500
100200958
99733084
100584417
99536792
99951459
100233583
99716708
100326000
99895292
99994500
100126625
99984666
100527333
99062958
99942084
99729458
100263042
100167666
100893666
99034625
101067292
99808583
101290250
110148084
89444333
98509000
100951583
98957250
100663166
99662250
99519292
100143625
100263208
99884709
100178709
99222584
100486958
99567041
115233875
92862708
107703083
105630333
98967333
91552834
97259542
102932875
100807834
95756375
105022125
93900375
107103666
100308125
96625875
99378500
100409250
96789625
104163875
102621667
99516292
99494459
100830916
108330458
100080041
94936875
93556875
100231250
102681833
102154208
94531334
109611208
88553625
90279500
100624084
100943083
99370417
100545458
99980625
98382709
99604875
99976625
100245542
100046000
100185750
99613666
100098792
100052791
99965542
99846708
100057417
100147583
100237000
99206292
100349250
100229458
100342000
99540625
99767500
100486042
99580833
100006125
99968625
99899958
100386583
100403166
99315041
100685709
99252125
102424959
97559500
100190750
100122334
99812875
100861417
98783333
100189209
100157625
99708167
101295292
98638834
100903917
99102000
101003750
101526750
124383291
80842167
94470333
101272625
100390167
106994542
101739875
106662958
98700917
96238292
120356292
86640333
107758833
98437417
101095917
71594958
101302875
99560834
100265958
98321792
100448625
100069750
103735625
96472041
99406459
100002417
103649042
100269334
98269291
102545375
109913125
88029167
97534417
99692959
103611875
97119209
99655458
99577667
101863583
98790583
99248750
100301708
99699042
101383500
98775500
99971875
100531459
99895291
99431334
100772791
99406167
99855666
100374667
99435584
99934083
100329959
99857750
99576959
100268959
100115000
99902458
100315375
100215125
99647917
100145208
99982500
100927167
98773125
101849541
99277750
98752416
100117666
100682625
102202875
105561542
105508625
95841292
102517375
101492459
102022625
101428667
96406417
94858917
105771041
100167167
94148625
105871792
85506417
100940542
98861042
99683458
100137541
100159042
99710625
100715208
99993500
105746833
93710583
99798000
100689375
99685000
100248375
99223208
100328541
99681958
100145000
99787208
100720500
99321583
100033291
100311875
99728667
99836209
100308208
99762125
100070875
101458625
98468750
99875292
100149916
100658959
99304583
102459291
97461625
99976375
99922041
100186125
99804917
101222083
99153083
99805583
100071083
100368167
99600708
100295208
99670250
99896250
99788291
100176625
99289541
100742542
100009958
100303208
99530375
100010666
100046542
106194500
94581750
99175333
100009334
99843625
100558541
100144542
99381291
100322833
100313041
98870833
100939625
99401583
99999667
100208750
99721125
101190250
98715083
101242708
98777417
100657750
99305000
99835709
100706917
101282250
98507625
99784209
99529750
102169458
98838375
99208666
100046833
100135833
100222458
99680375
100612792
99387375
99622542
100363625
99992584
100709625
99708959
99448458
100040792
99759083
100256250
99640541
100042209
102134000
98078833
99962708
100176666
101914042
100101416
98424416
100364792
101044041
98254041
100065500
100172750
99390041
99975708
99731416
100153125
100651292
99950458
99037042
101445375
99113375
100172333
99412250
101237000
100190709
98752209
99860084
101047708
99564834
99531709
100008791
100158083
100846292
98707834
100248791
99828458
100291750
99855125
99617208
100091417
100001583
100613500
99897458
99951458
100013458
99656792
100060917
99731167
100178375
99892291
100066917
99748833
106000917
93871209
100060791
99779625
100281333
100051250
100216708
100185833
99761709
100176209
99824583
99694500
99833125
100388167
99719667
100596083
99825500
100051584
99795875
100329292
100465791
98797250
99991667
100173541
99806792
100149958
99893833
100195208
99519333
100154375
100025292
100599167
99584083
100239916
99754666
99764500
100297209
99599750
100132708
99730041
100075875
100126750
100237958
99772791
99851000
100235042
100295416
99490375
100688166
99176250
99979792
100037916
100345125
99880125
99630375
100477167
100665500
99739666
99494666
100950042
98918625
99778208
100558250
99487125
100241416
100492625
100707167
98771666
99990375
102263209
98500458
99585750
100267708
99232791
101077625
99206875
99403750
99817709
100147041
100087292
100254791
99933500
100268542
99591958
100201916
100775541
98800667
100653667
99435917
100182667
99608000
99905458
100039541
100394291
100420958
99223375
100100250
99558917
100330084
100281250
106327417
93601875
100013166
99750750
99832875
100518167
99558834
100232542
100136875
99776125
110623500
89488208
108478291
104719500
101503375
98929667
100933666
96312000
98259833
90649500
100616833
99162375
100109125
99969125
99811083
100215334
100201000
100087500
100119333
99653958
99584375
99849625
100309042
100006792
99929541
100317333
99893042
99890500
99991625
99945542
101561250
98297291
99772333
100279084
100103834
100045375
102353084
97524958
105794500
109880625
97623667
89517875
108595250
114347000
93678167
89631667
103447958
87339625
100104833
100479417
99136250
100005375
100130000
101490292
98866541
99710875
99947959
99742167
100454583
99806875
100267666
99907667
99927750
99676458
100168125
100126125
101777958
97828958
101099875
99480625
99380833
100005875
100137875
100141750
100883208
99118166
99665666
100324875
100361584
100761416
98793541
99883125
99970916
100125250
100787708
100577958
124310500
90694375
98381167
104244042
102176250
99801042
95335458
98604042
97435459
92273792
101499584
116915416
98892417
98947583
78961916
100578709
99921916
99519500
100296084
99604667
99768000
100066000
100148709
99890208
100139833
99437750
100123500
101445875
98580166
101188541
99048750
99644167
100843958
99268042
99885667
104572541
112080000
100493792
89553209
107890959
85298541
119259792
86157250
104958875
104358167
85297791
100305167
99482709
102060917
98737208
99900458
100070958
100300000
99313167
99717333
99852750
100157500
100103250
99790917
100005875
100132166
99908625
100365916
99434917
101079084
99440000
100458917
98969791
100591375
99949500
101467750
98002750
99998166
100403958
99638833
100393833
101056791
98400792
100380750
100165833
100054917
99647833
99681250
99972541
100284583
100407125
99486167
100647541
99032459
100430708
99728584
100211750
100232208
99778125
99850750
99780959
102136041
97985583
99795250
100118417
100222667
100180834
100413542
99625167
99559667
99680584
100350083
100331750
100712959
99002375
100168875
99684500
108115333
91751000
100194041
109687375
105818541
94366792
102883375
101303459
85573416
100345042
99986708
100157208
99684167
99945875
100072250
99890917
100147416
99853333
100131875
99815917
100378667
100049583
100403833
99281542
99943708
99703917
100297750
100339916
99825792
99825542
99981500
101077250
98974083
100005458
99871584
100112709
100182875
99581959
100015167
101646417
98359125
100495875
99356459
100275917
100869958
98923125
100234916
99765667
100529292
99630375
100637000
101465708
101677250
96103250
100442375
99702417
99825583
100718875
99224500
104938375
97012500
98501000
100237667
99761833
99717166
101244208
98606792
102007542
98007416
99556500
100140125
100268666
99805833
99811583
100696042
99117459
100135666
99861542
100327250
99929666
99791625
100630250
99675125
100198000
99446042
100038667
100398834
100672917
100218208
98907500
103894166
100894250
95563250
99944958
100319083
99052042
100997167
99267333
101143209
100835167
98640500
99199750
100040375
99904250
100488583
99544334
100583542
99355542
102182250
98419166
99023625
100414208
99996958
99754167
99997250
99767584
100205333
100002167
99911334
99678167
100051333
99947417
104219083
108580542
101789292
97148625
100966041
97530125
99563625
103821333
86534125
99997208
99716000
100228084
99723916
100313209
99462792
99895125
100091166
100952542
99545000
99962375
100190667
99476541
100018208
99723000
100953166
98978500
100713333
99846125
100898250
98630625
100475583
99469000
100201250
99952916
100208958
99738542
99986917
99713125
100223416
99785250
99930958
100286458
100521500
99279583
100184916
99684458
100218417
100725625
99246625
99965209
100887375
99157917
99642958
101141958
100644916
98207125
100941292
99265333
100015917
99698625
102017791
99804166
98400542
100248958
99996625
99486000
100180042
100983250
99052875
99655458
100522042
101474334
98129459
100337834
99504625
100494834
99733542
99700750
100248125
99794209
99940833
99659333
100280875
100002750
100550208
99389667
100003791
100785584
99215042
104960000
95902250
99394708
99612959
112323041
100189084
99709167
98961625
98469958
110308792
111022708
89795750
80133167
101746083
110797084
87085208
99613125
99663916
99980333
99985416
99958000
100005916
100360708
100040500
99856958
99650750
101080625
98992542
100736209
99467458
100243584
99423625
100538584
99687375
100047458
100182375
99470708
99713833
100232458
100017625
100716084
100526666
98504334
100714667
99435875
100053625
100473125
100001833
99420875
101509916
98456208
100395209
99658292
100216167
100434208
99230584
99994583
99902584
100046750
100432000
99570792
99668250
99936959
100514875
99786916
100502583
99970292
100669958
98787042
99893958
99849958
100255333
100735417
102173791
98068750
98954250
99874833
100060583
99982250
100044500
100512292
99724875
100486959
98964584
100192000
99663167
100077041
100681500
99512000
99731292
99979250
100214125
100155417
102431875
97765167
99717500
100313000
99582917
99720416
107919333
92321333
100270541
99664875
100675958
99025083
100286625
99692875
100760708
99179667
100082625
100179041
100222125
100138417
99956167
99390709
100325375
99624042
100464708
99485750
100233667
99987958
100352292
99628459
99672084
100316667
100263917
100127875
100548292
98712250
100076417
100071333
100040834
99776375
101010708
99510916
99597875
100871584
98961500
99871542
100103917
100461875
100991291
98436458
100219666
99702542
100286250
99726875
99975583
99975333
99979667
99956375
100006750
100545625
99447292
100609042
99336041
99741500
100503500
99958208
99849916
99556417
100302791
100666625
99077875
100488750
100606417
99424167
99661542
99931084
101388833
98910000
99949334
99971584
99696209
100011834
100877250
99077792
99925375
100333541
99482916
99985166
101334292
98824959
100040500
99979708
100000750
99981916
99988000
99917416
99804125
100058084
99857583
100394209
99406291
100969500
100890041
98733000
99792750
100275541
99857417
102782708
98064250
98989167
100013250
99940917
99910625
100306917
100000000
99858042
100718542
99093583
109952041
89772958
100284667
99707375
100289042
99936416
100220250
101119750
98188459
100623209
99328084
100454334
100574792
99595958
99567458
99959875
100667458
99272334
100221083
100757708
98960875
100230125
100305041
99913250
99573416
100191916
99733250
99950625
100396167
99625125
99940083
99958541
100008750
100804000
99178167
99980167
100511958
100260167
99214625
99974625
100012833
99944750
100238625
99978417
99453459
100240833
100022167
100253750
100039708
99822834
102313500
98239542
99771500
100256417
99533416
99465250
100539750
99978709
99971917
99645542
100239208
100389750
99969291
99443250
100362458
99755458
99780542
99694875
100484000
100517333
99197542
100999958
98949333
100271791
99491375
100229083
100938250
99303000
99932791
100772625
99801416
99157833
99957375
99909292
100335625
99987625
99495625
100216083
99819666
100440458
99968208
99751792
100819750
99372500
99949458
100287917
99325959
100413375
99970000
99706917
100002541
100260500
99719125
99652542
126693958
74113125
99455125
99947834
100233125
99459208
100578584
100621625
100478000
98602333
99982584
99771834
100200250
99699417
100072292
100188583
100401833
107458041
92004333
99929042
101147208
99342917
99261500
100236500
100248500
100407959
99057833
100482084
99706583
99752125
99954666
100020792
100473584
100021459
99485416
100744583
99403666
100663625
99058125
100036208
100769209
99967459
99477333
99690792
100004833
99950542
101249709
99467833
99893875
99692584
99263084
100681042
99954084
99508084
100270125
100743042
99201792
100232125
100236083
99489458
100795417
99068125
100845417
99190542
99792459
100475542
99956958
107713459
92007167
99960084
100012334
100509291
100984541
98774542
100948708
98468792
100493917
99478958
100226959
99738500
100020500
100563917
100773750
99589750
99881542
100502833
99210917
100003500
100097333
99486709
100900584
99566125
99859792
100840125
98727500
99981833
103233666
96937542
100175000
99608166
100002500
100235000
99747416
99996334
100493583
99458417
100788042
98854542
100266542
100219458
100111125
99762708
99828292
100213291
99565250
101402542
98727459
99996875
100482625
99253292
99947042
99980209
99976791
100262416
99959792
100274292
99942375
99637500
100121666
99968875
99952916
100083083
100188000
99812916
99622084
101990625
97945291
99971750
100277125
99749375
99949458
100021666
99946459
99952416
100588458
99629083
99954000
100298125
100012959
99484750
100691500
99754833
99461833
100280625
99717958
100138375
99465667
101544709
99503084
99757833
99584834
100157083
101849417
98052792
100078875
99434791
100260542
99966209
99963166
101524292
98450875
99988791
100142125
99786833
100019292
100459333
98993083
100266250
100532875
99670875
100243917
100449833
99278917
100302750
99631583
100483791
101353667
98021542
101506208
98552750
101335583
100160125
98749000
100202875
99530875
100181750
101283166
98439417
99689208
100292916
99756792
100590500
99411542
100145958
100046042
100003583
100658750
99730667
99537541
100148584
99801958
99763083
100146958
99831208
100734375
99424958
99982833
99716959
101396750
99889334
98654375
100862583
99392833
99737416
99962916
100080875
99804291
100079500
100117417
99514916
100174209
100273750
99634333
100320459
99705875
100256584
99764750
100008875
100009083
100139416
102421459
97990750
99880833
99662375
101718166
98911250
99808334
99515917
100288209
99882666
99745708
99804041
100466541
100037875
99577625
100606792
99693625
99952292
99915541
100132459
100170000
99724625
102505417
109625542
89490250
117521000
101837458
78921708
106515042
113675958
100996250
85783584
93151000
100558250
99696417
99766625
99485292
100006250
99891333
105443208
118232542
94486833
92475208
106169084
100453166
341332792
13708
15417
117597917
42291250
98383709
97263750
98647458
109021791
90419125
122191500
101223916
90510458
112598292
86319833
102212708
100277458
92798583
79830666
102105250
104278709
99915167
93061708
100166791
106945917
102777792
106225958
96554958
95156417
92019208
110520375
101023667
103351833
96960000
100878416
86882833
101090875
98929542
101544458
99182083
99470625
101057209
98759459
100442167
100630042
100507416
98254125
100707500
99323458
99981084
99977083
99890000
100338709
100439542
99756167
100218667
99789250
101969125
97739250
100736583
99115792
100076333
100051583
100893959
99627750
99320792
99986167
99737708
100744000
99534000
100227458
100501708
99249250
100060750
100065792
100530500
98940834
100849750
99192416
100238750
99737208
100170041
100331541
99680500
100425041
99230291
100212375
101361875
99171208
100066208
99390083
101508875
98489042
99711167
100412750
100786458
98991125
100516875
101470417
99270083
98674667
99965084
100246125
99481541
101315792
98700000
100516000
101655625
98210167
99206833
100285167
100743917
99779500
99960250
99469791
99743375
101569416
100746875
100469875
97435958
99992042
100839791
99448667
100311000
102252792
97358792
100152583
99480125
101276000
98894000
100230833
100492125
98709500
100786167
99523541
100801875
99647625
99766917
99815500
100166542
99665292
99763709
100198167
99761083
100573416
99602791
99997167
100320084
99641083
100515541
99506167
100175917
99775750
100003916
99736792
99991208
106077250
105534917
102054375
98354625
101859542
86909958
99400375
99733167
100296125
100055292
99338125
99995709
99971583
100055125
100040792
100242916
100177709
99902625
99554458
100643500
99490792
100318875
99513250
100229458
100283750
99440125
99998667
100488416
99959375
99496791
100231125
100570791
99692084
99731875
100174500
99472334
100850500
99391958
99780791
99913250
100332750
99680250
100907166
99314292
99938750
101304708
99562625
99021750
99881083
100504083
100184917
100538459
98605083
100442250
104186875
106041667
99659458
100655709
99322833
102898958
86472666
100654625
99707000
99809291
99981875
100199083
99726959
100065416
101508208
98485958
100256417
100494292
99430292
100681791
99174875
99896167
99685958
101496875
99182125
106914584
92628167
100120416
112237291
102119458
97917833
110989333
100708917
98051834
85954958
107484875
103682834
97091750
94957875
100418000
99521500
99428250
101889333
95512084
91850417
100530167
100994708
98101041
100425167
100396083
99423000
100640834
99549084
99491667
100358125
99880959
100230375
99827500
100174166
99746250
100053541
99941500
100140250
99845750
100093833
99865042
99864959
101017500
98831584
100721292
99731833
100306667
99959417
99437125
100784667
99435792
99701209
99901458
99916000
100505042
100574958
100100542
99157542
100255500
101516416
98922250
99827959
99494542
99842166
100114917
99764959
101769583
98030459
100270958
99573417
100160375
100675250
99380583
99945333
100442500
99721167
100233333
99967042
100076042
100801792
98780209
100153541
99843375
99588750
101106292
101222000
98456875
99441458
103875625
96276083
100167584
99866333
100062167
99790834
100801959
99190542
100084584
100608000
99247333
100337208
99797292
99805083
100288792
99657000
100352583
99961833
99971792
99879375
100002625
99976708
99890708
100003750
99874750
100025167
100356625
99638625
100193458
99575625
100435250
99875250
100111667
99618125
100124083
100276583
100061000
99924417
99837958
99735166
100129958
99884209
100688916
99863250
99489500
100059541
100187625
100073709
99447541
100385334
101217375
99232666
99791833
99581709
100487292
99238500
101087541
99244041
99877917
99924791
100386167
99575208
100398417
99502375
99953417
100202458
99931209
99948958
99915375
100240208
100410833
99953375
99707209
99940292
99668583
100472209
103346208
103311333
104588833
98231541
115977791
92886084
94541792
99421833
101205250
91425209
110006875
99054334
92541541
106683042
101947667
85849542
99934916
106662708
105978500
98948333
97609583
94077958
95370417
99772666
100088500
99944083
100332583
99884250
99593084
100045750
100816917
99142125
100061125
101188542
98612292
100284667
99882708
99937042
101218041
98937250
99948500
99881250
100055958
100205167
100282042
100332084
100963834
98602958
100036042
101187375
98380916
100172541
99789250
100351583
100008250
99599958
100228959
99855791
99840750
99714042
100267125
100549167
99753125
99684417
100226375
100165792
99692792
100157625
99907625
100298125
99516334
99843250
99962334
100241166
99979583
100277584
101533958
98260333
99948791
101206917
98975541
99247708
100484917
99511834
100211791
100293625
99990709
100458750
98961125
100251708
100270250
100465334
99258125
100353167
100243333
99641958
100395125
99625708
99860459
100049334
100322125
99055709
100121750
100231458
100469667
99182375
100317125
100051542
100485667
99513208
99727250
99921250
100206667
99940834
100957708
99133750
101069541
98794334
100260292
99947667
99783167
100185541
99774375
99923375
100207334
100402500
99524125
99910375
100229083
99769458
99927792
99916250
101057292
99470209
100405500
99323250
100125625
99853792
99728167
100041250
99968833
99738584
100270458
99765333
100195792
99969333
100269333
99482792
100152458
99825333
100231250
101942208
98479583
99500875
99994208
100040084
100455416
99496291
102157917
99811917
98159000
99806958
100012750
99966125
101003375
98990125
99961084
99960542
99880041
100140583
100043542
100220667
99720584
99977041
99949250
100101167
103600250
97222000
99606208
102325666
97369583
100040167
100252625
99708000
100251375
99188083
100250500
100000583
99942708
99769708
100348500
100386958
99986208
99527708
100053209
99667750
99243000
99939625
99693792
105320916
109891500
98073208
100316542
97345125
98323666
103230125
87738083
99986417
99931042
100033750
100632833
99357667
100003084
99956500
99771791
100198959
100245666
99495250
101029416
99261250
99685875
100206875
99930625
100965333
98801875
99998500
100277292
100215292
99698333
100268125
99765916
99701459
100428667
99533583
100280417
99689958
100316250
100235416
99695542
100595250
99122333
99989583
100860625
99208459
102719208
97713791
99624667
101055208
99015291
99960333
100175084
100332708
99247333
100253875
100495875
99463209
99959166
99750000
100489833
99486041
100289375
99434333
101227833
98968292
101264708
98739750
99986292
100029375
100716541
99446500
100051375
102368916
97476375
99634750
100319833
99892708
100010833
100100500
99586167
100204708
100031375
100042792
100207458
99762958
101095208
98796500
100022125
101830875
98466333
99677083
99980083
99927833
99847541
100183625
100012625
99991833
99962250
99982833
100256458
100268958
99991334
99463959
106435709
106086792
101880750
101890583
89837416
107563208
98087917
87848000
100430375
100198333
99851875
99745292
100025292
99959542
99999375
99716375
100471958
99751291
100517375
99981458
99452583
101002166
98963292
100779584
98969417
100546084
99701542
100558042
99354584
100030583
99763084
100145458
100107000
99747541
100845958
99883250
99287041
100647042
99769167
99937708
99781125
100276500
100200208
99254625
100008250
100030375
100266417
99591583
100343083
100001208
99644792
100258208
99706167
100059000
99922416
99991792
100087625
100172667
104397625
106461583
98086250
101989000
105814000
96503250
107020333
97139167
97470458
85016375
100199416
100813042
100341250
98267875
99735500
100355666
100267333
99419291
100880625
99334167
100732375
99315083
99812875
100119667
99824208
100669250
99630916
99548042
100965333
99282083
101036250
99185708
100727125
98958125
99835125
100159584
100071125
101969708
97656500
100306792
99983542
99967208
100015917
99945625
100005708
99948333
100068417
100141250
101200250
98431875
99923458
100007417
100549375
99401708
102658958
97625333
99779917
100125750
100210250
99787250
100239042
99479833
101753833
98437958
99737417
100261625
99705416
100376875
100392250
99754500
99670416
101523833
98440208
99833875
101743792
98531000
99886417
100012417
99686292
100027709
100512666
99430209
99999834
100012875
100214250
100045500
99909583
100541667
99238083
100235333
99796666
100790709
100542625
98381333
100771542
100542958
102044334
97624541
99333417
100493959
99825917
99391000
101241042
98714916
100234833
101011334
98749291
99973791
99935625
100056542
100202959
99731958
100890334
101519500
99458500
100598625
100190000
97413125
100241959
99589625
100253792
99591584
100550708
99545583
100175500
100272459
99729333
100664083
98987542
100157833
100005209
99800833
101160625
99413292
100174125
99938000
99444416
100119459
100737041
99494333
99618125
99862125
100394291
100041875
99560875
100507209
99432209
100129708
101603167
98150708
100221125
99815500
101660417
98176792
100127208
100061417
100017541
100918708
100408333
101197333
99924459
99612042
103609375
94091583
105789792
107721875
99404875
100976250
101345417
95085917
90010500
99590000
105639417
103976792
90142583
100143333
100089875
100020792
100333666
99552875
100388542
99738667
100828584
99286375
99812583
100112709
99981625
99878541
100719792
99137250
99924667
99915625
100142833
101077042
99710084
99413292
99610292
100398709
100569625
99311084
100441625
100491375
99064625
99859000
99965625
100400209
99408375
100017042
99908208
100446834
99818333
101097500
98783042
100186875
100192000
99473792
99960458
100437125
99898292
100042000
100238125
112539958
101887917
94448500
103921292
87552250
98996250
100001125
100063333
99958334
100094500
100412000
99774625
99597000
100059250
100104083
100458583
99588417
99896916
100738375
99246416
99973833
100245375
101628041
99454709
98801250
100038417
99716375
100013792
100198375
99768375
99864292
99964875
100541333
100346708
100114458
100202792
98689625
102267666
97519125
101567625
98840834
99766459
99698667
100373792
100134500
100616875
99422750
99453416
100800291
100574625
99236291
99537000
99979708
100314333
100550375
99169708
99975000
100023667
100185042
99437375
100200333
100473875
101383625
98746917
99210208
100342375
99901500
99759375
100729791
99176917
99833958
100448208
99630583
99890750
100775916
100652250
98898750
100938208
99468417
99845292
100167125
100148083
99337542
99944333
99996500
100496917
99923375
100041958
100187958
102200750
97545417
99868125
99412958
100473584
100004708
99676334
100607792
100086000
99949958
99912917
99515916
100079292
101302333
98933667
99409083
99911666
100657583
99767375
100396292
99188333
101404792
99135833
99632875
99794667
100203625
99678209
100476292
99554625
100840416
99509042
100647084
98718125
100435916
100064542
100198459
100041792
99791917
100021208
100292458
99326500
101640459
98634833
99455625
100162708
100818000
100325083
99020166
99771250
100101708
100683833
99333291
100579542
99106958
100174042
99696625
100348875
100656583
99943333
99493417
100297500
100728292
99399958
99222625
100308292
100643833
99215042
99700000
100500458
100006833
99822417
100395625
100415958
110062709
104602833
102280500
97985250
98263625
91434125
109052000
105507042
92537875
99105333
102764583
100360791
93840417
91045250
100522542
99479875
99873958
100390458
99731833
101047875
100643959
98334917
100508209
99747000
99694958
100426958
100113125
99587625
100117959
99643584
100468167
99664709
100928500
100137375
99017666
100254333
99616125
99964583
99871375
101045750
99320917
100091041
99503167
100233208
100042292
100172959
99739791
100547125
101342417
99783333
98305000
100702750
99494042
99745417
102185167
97773542
99732583
100696583
99538666
100033375
100027000
99938500
99774125
100400792
99475458
102495167
97555667
100184833
100214875
99651291
99999917
99864667
101703375
98385084
99811292
99968125
100075458
100464750
100079208
99764916
100027584
99621625
100006208
99940750
100175583
100375167
99510000
99759958
100089541
99941125
100828917
99210625
101020375
99073792
100420541
99294333
100712958
99619708
99531667
100270875
99972292
99985417
99692667
101297292
99380167
99580916
100030750
99664334
100379000
100467791
99315500
100023375
100505583
100676709
98879542
100096792
100808916
98916375
101046750
98650417
100044042
100244292
99991916
100519417
99531042
99929334
100567792
99105417
100320083
99705958
102260667
97895708
101228125
100250500
104258000
96373417
98539917
100699541
100027542
100428667
101924834
96247834
101577958
99733500
98740583
102330500
98927875
101641209
128356333
99598166
98223792
89711459
98452208
107650709
94240250
98060000
100809125
95478875
101022208
98479542
96569125
107203833
86346291
96418750
100326209
100004792
100067000
100283833
99571958
100076958
100374292
100285584
101410750
98087500
100689625
99882000
100982750
98046875
100144958
99701959
99963875
100769417
99133250
103123375
96938708
100068417
100354208
99544625
100340583
99863875
100169417
99717833
100337000
100200083
100268875
99230542
100265000
99764375
99929875
100012167
100592041
100163500
99007083
100062958
99866917
100258583
100267042
99753416
99785291
100340084
99561417
100327000
100185500
101350917
98474375
99648500
99966291
100067583
100640417
102266750
96706625
100328500
100050000
99557625
100707542
99826209
99450083
100565250
100022958
99512584
100994041
99216750
100015417
100324375
99481875
99868916
100255875
100101750
99859292
100690417
99588125
100035291
99935000
99766375
101205917
98609834
100930834
99188208
101808083
98379875
100180500
99696541
100253542
100155042
99459208
100085083
100660958
99391292
100700500
99162000
100142958
108208875
111774083
79830375
100347709
99466083
100166958
101552334
98395250
99867416
99818459
100583667
100758667
108571375
106807417
103276416
93311542
96367500
103626458
97531208
89511208
99832000
100135333
100529792
99624292
100280750
99599625
100004375
99624125
100290000
100024708
100161292
100277042
99508500
99702208
100208375
99835500
100244709
99403417
100273625
99975875
100108416
100058625
100241084
99629042
100207167
99820583
99926167
100225542
99727667
99760042
101739125
98894834
99792125
100263667
99670625
99840833
101248542
98875250
99849208
99928916
100005750
99997458
100978458
99528333
99724083
100036083
100609667
99590167
100041625
99506584
100563458
99433000
99966291
99977583
99894875
99588667
100652000
99529792
100536541
99790583
100939917
101075750
104734083
94419333
99011125
100765584
103743500
97699875
99055083
98762250
99425500
100583250
99802333
99786583
100166333
99674875
101211500
99029042
99861709
108565125
114417750
91769958
85360250
109302208
107992250
82798416
108269959
101355041
90820667
99503875
99884917
99754583
100161375
101060958
99316250
99791917
101428875
99534666
98867500
101493417
98221708
100369417
99619833
100018875
100062584
99984500
100112417
99863416
99917209
100231875
99893250
99984666
100135667
99954417
99949416
100499584
99988125
99331084
99904834
100094583
100931291
99125750
99987625
100618084
99337667
100477542
99918417
100456292
98917041
100904291
99120958
100097042
100237625
99821333
100273875
99641625
101006375
98691125
100410291
99780375
100322750
99701583
100751833
99443792
100542375
99553125
101001375
98755334
100371584
99708333
99908833
100973083
99105458
100283291
99779250
100187125
100692917
98836083
103313958
96639625
100589250
99570083
99700541
100106542
100113667
99699500
100404542
101090375
98745583
99646875
100106792
100214250
99995125
99919167
100089958
100215625
100624291
98942666
100105542
99773125
100248333
99765375
99999458
100281792
100204833
100996166
98468625
100124500
100861291
99021375
100065458
100092334
100150334
100734792
99246958
99709458
100301458
99621875
100099125
100820417
99434959
99872083
100341417
99686041
99784000
100212833
100163292
100939125
99752959
99018250
100957541
99062083
100440417
99565292
107006291
108254958
101031167
98118208
102011334
96991250
93379292
98709167
107972792
99248125
102370167
101323709
83284667
99963209
100008750
101417958
99824084
98595750
100687083
99539459
100186583
100006791
100913125
99020958
100023667
99916375
99914375
100008459
99935458
100254042
99976875
99788709
100043500
100142791
99722333
100161334
99881875
100243541
99717084
100678792
99446583
100129416
99757250
99912916
99969625
108144583
94154916
97913584
99890375
99891916
100969084
99059292
99765083
100168584
100026750
100437000
100129667
99448583
100015000
99742333
100472125
99967584
100939792
98596458
100456334
99865792
101117834
99074875
99698417
100315125
99951666
100186042
100515958
98842917
100415167
100257000
99273667
100647375
99661500
100010000
100343791
99598541
100313208
99826583
99700000
102382292
99756792
98361167
99263541
100230375
100822042
99124291
100051750
100710375
99834041
99474625
100257166
99934667
99721584
99814583
100736333
99275000
99923584
99961209
100197084
99718750
100332500
100820250
99175125
99696959
100796916
99229875
100091875
99917500
100723625
100007458
99742833
107703333
111577750
97583416
97967833
93371208
105456292
86026208
100717042
99002709
99994792
100232125
99877250
100301708
100544666
99832708
100515333
98838709
99796833
100542375
99740916
99512250
100324625
99957084
99870791
101046125
98814792
100454250
99789709
100386625
99476542
100302292
100083250
100106167
102723542
97252833
100043834
99161917
100277375
99965375
99984541
100194792
99587667
100342541
99899708
99710542
101974917
98254166
99941083
99751792
100223791
99809334
100170959
100172375
100303334
99602167
100023083
99762917
100174458
100707875
100317667
98986250
100076792
99758209
100182958
100037500
99643000
100211667
99755792
100227458
100259166
99536291
100448750
99676084
99772917
100156458
100451375
100117042
99508917
100740209
99692375
100182791
99938333
100521792
98638208
100330417
100383750
99464875
100457209
99726333
99912834
100512417
99871542
99767917
100114666
99968458
99541500
100079042
102758708
97135500
100369792
99697292
99911708
99881042
101445917
99029750
100388125
99463375
100166291
99358959
100623167
101881458
98189208
99692417
100003625
99741417
99933083
100092333
102629167
98435959
99016084
99765458
100032292
100115833
99763333
102311250
98508000
99283542
99882125
100199500
100352958
99667583
99770917
99916000
100721875
107865959
98950583
104817500
102204917
98754625
87510584
99502334
102287250
98271083
100828167
98369583
100064417
100105416
99600291
99862458
100735167
99479250
100370625
100216750
99191875
100843542
99548416
99997042
99936417
100447416
99319709
100146667
101715125
99361917
98916958
99690333
100673417
100282958
99138333
100070917
100080042
99953667
100649625
100104834
100257750
99489125
99532625
100571459
99341625
100163792
99684416
100602500
99629500
100092250
100153042
99544875
100553458
100105000
99833708
99824750
99535458
100114041
100971250
98793042
100166791
100497834
100180500
100150625
100998709
100541416
102787917
96672709
98408917
100939708
99104375
106238416
96857834
96123583
100481792
99591667
100115083
100739209
98932542
100121375
99869041
100221542
100242000
99600209
100225750
101144000
99125958
100342667
99553916
100968667
98600417
100010292
100492500
99817417
99885542
100289709
105771000
93950833
100250459
101592417
107064875
106136875
93764708
106696708
97551209
103768792
99208334
97049458
86862875
99677500
100172125
99854750
100234667
100824416
99119250
99625625
100642834
100220292
99759917
101114208
99341875
101744958
97767500
99977500
99691958
100416208
100499375
99220291
102084917
99798875
97408792
100841000
99722959
100701083
98872333
100685042
99517125
100018541
102714084
99534958
97850625
99766250
100561667
100672333
100162250
101326792
97748166
99611208
100889333
100018083
103704417
98559959
97753000
102076625
105376292
103456375
98441667
89578958
100382375
100912166
98576500
99892208
100745000
99873500
99990916
99192042
100362959
100038208
99745042
99995334
99866750
100033917
101722916
100247666
98970000
99585000
99459500
101224125
98955000
99888166
100185417
100819666
99882541
98962125
99963791
100467542
100111042
99650959
100946250
99898167
99807708
99526167
99782875
100894459
100701000
120515000
119324500
96020750
93050958
90967917
78175958
100018334
114077125
102291459
96487166
102399541
97635334
99434958
87877583
99685542
100083000
100489083
99623917
99938000
100110167
100432625
100760833
98558875
100211417
99821917
101649167
98684125
100080500
100001875
100781750
98634875
100655292
99887334
100134125
100133917
98976291
101414459
98943375
100363875
99676417
104265833
95586542
99974750
100738916
99393584
100359375
99399125
100370959
99599000
105304750
94665250
100172291
101374500
98630958
102283041
98087084
99186917
101068500
99494500
99716000
102269625
98408167
99790792
100340750
99153292
99776000
101071666
99204083
99851667
100701583
99676584
99427458
100471500
100253917
100012541
99181125
100191750
100161166
99792000
100166667
99626917
104055958
96754209
99389208
100063750
99601083
100758584
101770458
119671833
95590375
104425750
92218208
87764125
97812417
100981500
118912875
81614125
99212916
113120875
100386750
103009083
101019042
97053625
84753208
101978000
98950083
98957750
107493166
107711708
97690333
104801542
102420334
93704833
98206291
101791916
87927667
105143375
103008209
104098167
101031250
102359833
94842959
103622459
90216375
102748042
103124208
100291000
100447084
98653375
101170209
87210959
100692667
99933250
99461500
104763167
95537167
100344916
100636416
100585208
98059667
101352584
100440542
98339375
100092375
100026750
99682833
100336750
99706625
100935083
98967875
100006708
100105708
100345584
99334584
100409458
100652000
99299459
101745708
99301792
99046583
100304125
99478375
100085917
99922667
100537833
100047791
99580875
100251500
99443709
99956375
100246208
100705625
99079084
99888833
100236417
100642833
99213500
99673542
100120458
100090542
100501959
99527125
100287917
100197750
99490708
100199459
99919083
99887791
99781291
100164250
100244333
100227042
99632500
100083375
99936042
99545916
100324250
99990292
99999292
99949833
100358583
99949750
99885708
99529541
99868208
100400375
100039250
99991625
100144375
99802000
99748334
100127292
100654959
99237334
99906667
102214291
98119000
100195292
99476208
100185375
99923167
100092125
100058875
100151916
101529250
98433500
99699459
100524541
99338041
99883125
100802750
99514750
99711083
100239333
100312792
99515167
101039292
99322167
99436500
100397958
100012292
99706750
101683583
99493291
99411208
100457500
98973875
99891459
100368417
99713834
100529292
100118125
99180083
100190916
99983084
99758834
100535042
100261750
99165000
100881083
99075833
100978084
99577625
100002583
99638875
101059083
99084708
99841334
100342875
99513792
99916333
100074375
99978875
101895167
98299959
101029083
98469666
100319000
100145125
99713666
100832959
100801333
101465583
98606667
100352208
99908708
99536584
100778375
97809209
100508083
99471792
100193208
100241208
99498875
99922959
99757458
101022000
99224333
101813958
98432750
100435083
99289250
99987291
99793292
101161041
99796958
98971833
100102959
100886875
99295500
100008209
99936708
100788791
99569917
99839458
99496042
100280583
100492167
99224833
100425834
100165292
99745125
100012583
100399791
99567500
99878792
99752250
100291083
100841292
99402875
99886333
100678250
99242666
100951583
99228166
100675834
100069833
98665208
99980500
99974167
100172500
100943042
98873875
100593500
99660375
100295917
99367166
100210583
100867083
105419583
93889208
99641167
100790666
100022625
99589333
100540000
99729875
99732250
100180084
100761833
99537250
99176959
100823708
99081083
100002333
100384959
99551375
99984250
99931375
100008458
100787250
100230917
99259250
99679792
100223125
100075208
100239375
99986625
100214542
99289625
99960500
100724417
99457666
99883291
100697916
99143916
100038125
99763667
100479667
99652458
99794709
100402458
100615834
101059125
99152208
99020084
105294291
110548583
101351458
98786291
92971000
102596375
103801042
103504375
97773041
104819500
105036500
84086125
89550833
99962250
99762541
99927250
101124250
99322875
99625042
99959792
101787792
97999334
99951625
100173792
99787084
100264625
100802250
99627416
99933333
99576916
100841208
99189000
99899709
100692542
99095875
100236541
100018292
99631916
100561875
99922916
99776917
100020250
100954792
99059917
99718625
100289542
100068042
99584166
100029958
100121667
99914834
100240959
101317250
98681542
99649542
101194750
99702125
99623333
99915125
100208208
99631459
99984292
100271333
100747167
98981041
99657833
100543459
99526583
100129167
99711500
100692292
99717041
99402666
100181375
100031583
100555542
99532375
100305916
100429209
99107750
100169750
99877333
100955500
99688541
101261833
100308333
98303125
99700917
100137125
99891500
100076209
100038791
99685250
100444292
99443250
100672666
99820875
99569584
99645542
100209583
99916667
100137833
101071166
102716250
96222458
100902167
100176917
99770958
101107542
99690375
101758917
100069750
96912875
99120375
100132291
100007708
99743000
100514375
99773041
100687833
100179542
99152417
100325959
99843167
100211042
99591458
100044708
100276084
99860167
99868709
99928625
99989333
100012083
99567625
100030208
100342166
100048667
99666458
101289125
99216375
100143250
99908625
99891667
100493042
99451459
102102166
99155000
98635292
99579375
100622500
99908208
100281458
99407209
100423292
99608083
99791834
100123708
100050083
99993959
100043375
99948792
100111333
99909334
101067542
99221750
99642250
100044125
99953791
100547000
100226375
100500458
99300042
100200000
99190500
100130834
100436292
99488875
99699625
100449416
99541041
99947417
100691750
100010292
99885916
99996000
99762542
100147750
99965209
99426125
100067209
100731667
99584375
99629042
100321375
99957458
99833250
100140500
100181417
99790208
99776041
100071667
99995583
100152208
108088000
92321041
99578167
99766458
101234792
98737916
100286416
100421250
99375917
101577125
98353208
100190542
100219084
99593125
99965458
100201250
100097708
99691542
100036500
100421167
99735083
99830167
99956834
100124416
99706250
100888500
99728625
99508333
100415125
100036792
99653500
99855000
99902500
100492166
99665084
102161250
97947250
100324042
99778125
100431708
99315042
99922375
99974209
99935625
100961792
99291625
99761500
99882292
99886250
100023917
100374333
99573042
101212958
99191125
99968833
99801541
100137041
100650625
101077333
98117667
101226375
98519500
100205333
99992333
106111916
99797042
94298666
99517709
100234833
100525500
99327667
99992958
100504416
99359583
100255708
99838083
100094792
99899792
100063333
99691833
101469333
99280750
99488750
100504875
101815958
97811542
101249792
98371167
100215542
99786625
100143875
100009833
100065459
100109292
100467583
99524583
100494958
99183833
100126792
100136542
100118208
100249125
99774042
100194250
101701250
98064083
99865542
100166709
99834334
99523625
100199375
101587750
99747792
102897750
103356959
110351250
83856083
98032042
99959041
100156708
99488333
100909875
99410167
99986083
100880125
99180250
100295500
99654750
99806750
100407792
100402000
99320750
99959542
101788083
97863375
100980583
99538833
101114666
98745959
99665167
101278458
99261375
99482417
100747250
99559250
100131042
99745708
100226709
100731291
99168625
99565291
101524708
98458208
100235041
100004250
100303459
100562625
99242167
100255459
99474417
100065833
99750042
100255167
100627250
100148958
99226459
100714125
98984875
100221541
99786333
100364208
99613917
101602584
98630292
99730709
100369542
100871959
99892375
100601958
98602875
99912291
99888042
100128416
99946833
99768291
99898917
100386625
99645250
100076834
100042208
100139958
99901333
99886875
100164666
99916750
99751792
100618292
102438833
100250625
96438208
100778333
99647875
100191791
100022041
100691584
99515250
100225625
99082167
100692209
99831291
99725667
99840708
100375708
99572291
100809125
99135250
100742792
100067833
99839167
99350000
100132125
100887667
100244375
98935833
101337333
98341500
100421375
99947417
99775958
99420583
101617792
98596750
100304167
101090708
98526291
100540916
100037917
99692250
100328417
99646833
101539916
98204416
100623208
100047291
99579833
99944833
100059291
100247500
99765500
100261625
100404000
100620167
98774708
99562334
100172708
100135125
99929333
100723458
99124041
100156125
100146333
99505542
100858875
100305042
99630750
98971875
100516083
100441667
99362500
100004958
100142625
100336458
99748125
99919667
99967916
100128125
101867000
97981667
100145917
100863292
98775542
101572417
98904417
101474167
98450750
99510625
100187583
99833750
100052500
100435417
99439166
100174583
99926917
99959833
99939792
100140083
99882333
99945791
100102667
100039708
101515708
98271583
100496750
99940208
100273792
101463750
99728958
98998667
103385334
95874584
117006000
83342500
99782708
100633875
99131458
100330458
99949083
100106875
100719958
98990042
106056792
100789167
98514042
113158000
80851458
102118125
102405833
124381792
81380042
92548375
98159709
100342209
98964708
100361833
100538125
99039333
101232750
101973209
96841000
99967958
100467334
100234292
100882000
98472792
100180584
99709333
103396708
97280416
99446458
99624125
100789916
99420917
99986459
100754334
99461000
99711584
100420250
99221750
100242875
100422250
99919708
99955708
100207500
100145167
102000917
98134625
99732667
100058083
102039375
97196459
102452416
98229875
99484292
99809167
100323958
101244792
98635750
100082000
103270750
96373625
101004750
99153792
100288417
100512708
99609834
100159083
99603292
99754209
99904292
100239292
100007333
101061292
101763667
100422125
97748500
101353791
97746375
101356250
98833667
100066834
99857875
99867334
100062708
99782458
100340834
101185708
98739792
101971041
100185833
145457417
56545208
95492500
100451458
102126375
97240625
100039000
99901250
99918500
99707917
100487291
103556334
96127667
112431292
95911334
110640917
81835708
99108292
100421542
101044917
98825500
99882458
100029500
99923500
100145750
100044417
109459000
107647083
89184709
93725459
99666250
100330541
99517708
100124666
100216584
99910459
100323292
99826125
99905042
100265959
99630583
100131541
100213583
99742791
99677459
99985125
100332125
99962667
99406417
100245292
100102500
99981500
99934708
99935625
99937875
100339209
99290583
100277083
100385667
100163084
101078208
98666375
99945458
99787708
100217375
99685625
100255083
99966291
101022625
100264291
116096084
92955708
102800500
99830875
108959500
97717000
93201208
98780209
88030625
100042584
101124166
98612500
102621166
103770666
93581584
100260541
111112459
105260625
99662625
83964166
100606042
99351458
113758250
86273000
99621417
100096125
99996750
107899667
104988667
97529209
167627083
35431084
96490500
101428584
96724250
103476750
98277791
99392209
100911417
100958166
102258917
100161333
92916333
102508500
102380000
99408042
99369167
100835709
101275125
97759083
102517833
98333334
93065541
109026875
91837625
99137333
107834792
107815791
100983416
93142625
95851416
101994709
99513084
99057875
102548000
99836875
97391625
102225875
98306209
100947834
101158667
98672958
101413083
98127834
102779959
101213666
89201917
95139708
111684000
88392250
105983042
107447333
98634667
98984584
101017375
98961584
100511125
98866750
105416209
102723292
101877291
91042459
107939875
91113291
96833833
92725708
99985792
100207041
100045208
99926500
99984625
99769709
101520834
98233791
99819583
100197375
100160500
100056167
100091792
99695500
99966250
99946834
100004791
100031375
100284417
99628458
100158750
99860250
99820916
100231542
100696292
99388833
99870417
100741291
99302708
100272250
99763625
104028791
96147416
99532584
100248333
99889708
100164167
99940792
100644708
99222917
101998333
98685417
99418334
99920375
99705166
100512000
99432333
100129792
100468500
99829542
99619834
100082792
100199292
100522625
99075458
101273167
99027916
100162417
100218750
99586833
99632417
100264417
99863375
100124792
100238958
99895334
100983833
98724333
100453375
99411000
100483000
100671417
99078417
100149625
100239667
99302041
103483333
96529625
100030458
100430708
99450458
101229166
98792875
100054792
100825875
99209166
100671833
100121167
100962791
98191042
101048792
99099042
100044167
100326958
99812458
99570791
101100834
98865458
100317167
99630333
100151041
100354625
99566417
99903750
100122791
99901333
99933916
99581791
100721083
100211917
99274875
100422458
99797875
100006375
100383791
99429084
100371000
100039875
99983584
99684792
100002958
100254125
100255958
99973291
99426917
100763541
99041334
100681834
99370333
100251292
99723375
100594000
99635875
99831208
99952125
100276667
100425958
99770958
99682834
99847042
100253834
100091500
99779292
100256667
99454042
100425250
99747917
100517500
100092792
99213000
100341417
100113000
102415625
97337458
99897958
100055500
101654333
98976542
100915333
98191667
99990834
100275333
99674958
100076083
100626125
99830417
99783333
100495958
99214250
100217250
100151959
99551167
100033208
100775000
99148584
100852833
100328375
99935792
100423000
99476417
100755416
99367459
99116750
101040667
100642959
98052542
100133708
100180791
99692417
100233125
102859292
96847500
101528709
98450334
101148417
99691125
99268042
99901125
100024042
99656958
102040833
98085459
100322333
99787209
100313291
99785500
99776250
100199250
99887750
99681875
100958000
98872167
100047000
100351375
100353709
99781375
99699584
100874708
99321625
101688125
98873666
99969417
99096292
99958792
100052208
106796250
93715458
99941208
101500666
122451209
78949834
97838125
99913083
101245625
97777625
100270583
100898208
100947375
103174041
96128833
98331542
99954958
101261791
99408250
100118917
99191333
102924166
97305459
102580083
97218167
99904541
100918916
99164542
99941917
100387792
99846000
99742958
100394250
99808000
99899250
101626875
98533250
99895916
100866416
99113792
99895000
100108667
99993417
100030334
123131167
102241667
88632709
85843208
99784042
100185042
100406250
99442000
99919958
100302541
100141583
100362333
99744667
99827666
100574083
99367959
100387208
100437375
99288417
100296458
99218250
100257667
99634583
100727292
99835292
99566709
99871667
100029083
100001125
100218583
100010667
100226083
99500708
100233750
100010459
100393000
99270792
100383666
99937000
100650875
99386167
99994917
99675500
100109084
100203000
100236959
99605583
99788500
100085083
100112125
99797208
100216250
102236042
98625459
99335042
99572583
100236333
99675833
100557375
99995250
99445667
101025208
98717708
100299166
99861167
100674834
99401542
100194667
99543000
100566583
99453208
100399500
99806250
100214209
100768250
99265667
99400916
100572209
99742792
101215750
98807291
100548500
99617667
99558125
100863625
100522625
99164625
99615167
100487500
99479250
99678125
100454917
99453833
100293459
99720958
100501292
99898375
99789583
100008917
100176292
99806542
99763292
99906500
101087042
99599917
99623667
99867791
100457875
99657208
100070458
100149750
99413583
100221625
100844750
100078250
100970750
99731667
99821750
100958125
99692167
98010334
100688000
100381166
99015125
99959667
100350750
99596166
101571875
99108709
98981167
99897000
100612750
99524959
100651458
107248333
91903334
100735792
99715291
100129875
99702625
99985041
99957042
99773208
99981083
101042250
100871750
99919417
98655667
100177458
99904584
99408667
100144167
99777167
102906292
97185625
99889500
100126500
99928083
100369917
100069083
99617917
99894625
100693833
100497708
99286666
101505291
98144542
101582000
98305166
100473709
99524459
100149333
100246458
99464833
100094583
99697709
100180792
100054875
100593708
99533084
100524625
100697834
98735708
99856625
99910333
99979000
100079042
100390417
99758042
100865667
99040416
99959500
99772458
100134708
99982000
100101167
100155167
99944584
100088750
99476667
100118042
100000416
99919958
100098584
100277167
99965250
99797666
100838250
99194292
99867291
99815167
100268500
100004083
100027625
99668625
99860083
101371375
99059667
99947708
100449375
99462250
99712875
100110708
99857416
100039166
100047125
99879791
99939334
100382167
99872333
100208750
101673625
98057500
101318417
98481958
99912958
101735542
98255667
100073084
100185917
100232958
99455875
100409459
99643208
100089833
99887875
101784250
98210333
100020583
100324792
99902416
100199666
99568459
99998208
100005583
99902667
99974959
100483083
99541667
100365792
99624375
102194792
100444792
97473292
100235875
100873333
99393417
99961750
100238833
99846916
100256458
100601416
100768708
98347875
101140333
98353417
100077208
100050667
100322166
99659042
102286375
97504417
99950084
100399958
99923959
100713709
98761917
99970833
100008875
101524333
98461709
100440583
99478209
100884750
99308292
100503541
99603583
100722625
98993417
100023125
99833750
100994667
99035333
100394500
99732167
99536250
100898500
99744959
100925125
100259000
98762375
100747417
99197625
99872750
101151500
98891750
100283166
102160166
97484000
101755750
98451167
100001000
101541917
98969250
101150209
98325250
101471875
99988208
100197083
98853667
99628541
99603458
99904041
99770458
100193791
99970250
101186416
98523500
100526292
99598958
100208209
99739583
100185458
99935625
100263667
99871250
100164583
99712792
99770542
101025959
99425583
100039125
99464291
100142125
99871167
100232250
100316458
99610208
100086208
99761708
99990500
100930541
98965042
100952500
99142375
99633917
100383709
100123500
100558166
100182000
99049875
99915292
100034625
100113459
100500166
99837292
99743125
99664292
100519625
99565000
99969458
99936208
100307041
99831250
100459084
99763084
99630959
100368750
99642791
100087791
99900042
101082167
99211875
100688000
99710333
99970417
99159333
100084167
100030167
100502167
99516708
102132958
98528375
99301167
100859417
99099958
100320417
99647500
100017125
100003375
99935709
99855500
100676250
99485542
100388917
99580750
100291834
99664708
100550458
99803958
100274042
99736208
100127167
100388791
99479333
99955875
99903959
99751000
100755750
100013208
99983458
99321917
99893167
100022334
99623792
100738583
99381125
100781584
99203750
100451959
99620750
100198375
100175709
99473750
100288542
100135250
99760791
100328417
99704000
100502209
99316792
99833625
99752416
100970208
99496833
99973458
99830667
99962334
100610083
99889792
99496333
100153458
100140917
99752667
101761250
98145792
100065583
99961416
100342500
100022792
99657125
100160459
99774750
100525459
99729917
99572750
101263459
98805291
100112250
101445417
99443416
138950792
112207833
66515500
95204792
98359500
103543666
100120625
100667916
97170667
101961250
98516083
104372500
100738750
92731292
103237500
96861041
106677625
95431750
101863333
100821083
97618042
103862792
96950209
97014416
106022750
94133083
99217375
105212916
91372250
112945750
92690875
104200250
91743458
101580417
102497792
105078959
98853708
100632208
101534000
88161334
102009500
99423875
101372917
95826417
101533458
99544833
103022834
100332042
99480750
102527875
98054000
99995958
99292792
104267375
99621958
97458708
100211959
99211583
101811333
97852125
101106708
101543500
98638250
101271625
97818333
100145750
103240333
95234709
103266625
96981250
102825750
100508167
98875667
100032333
100077042
98688042
98982625
103255750
98766625
114644125
99440541
86721250
100798958
122188541
112685333
88743958
104068000
104312750
93116459
106024083
93464042
102097792
88173750
104210417
98383584
104259459
106162416
57600208
108244084
97834458
100796209
103655042
98761416
98834792
101674792
101714541
98187750
99919083
100766083
100703167
97333125
103053333
98903083
100737292
100379709
99821375
98630167
100679834
100995292
99855041
101192041
101321791
99445583
98590583
98982083
100369500
102743292
98638958
100808292
97458083
101567500
99016083
101030500
98793084
102209708
101154667
97801416
100355958
101368791
98447500
103369792
94849125
100380583
100539708
100803042
99242083
102492875
99226500
98966667
101092334
97928375
101264125
99351417
101323667
98342125
102886541
95184833
100625750
103615792
97007500
100865000
98154625
94756625
106074625
98155125
103062542
102144459
95994916
99913667
101867583
98880250
101917083
99868083
100779625
98781375
98791500
99462750
101173625
100356833
102539666
93449000
102991084
102391208
101283250
95008417
103518583
99692417
100674958
99910583
99952500
93749959
106335667
93615208
102482750
105793458
90332083
101423250
100238042
102223791
98207542
104561167
98382250
98473167
102529542
99788583
98573542
101818917
98498958
102209750
98318250
99346833
102625792
96190000
95456250
106458542
92300458
105258917
102961667
96725958
103214750
104625083
96550416
93623542
107781334
96687417
101869000
102307542
97615166
94502333
105729000
100907250
95797209
102069292
97736917
101297250
99069792
98418458
105267875
100360292
100394042
98816875
94900959
106437125
98193917
101231958
96720125
85611709
99995375
100390708
99374417
100661209
100886750
98408125
101528416
98834709
99723167
99943167
115048042
89365667
96507833
99698333
99594375
100068250
100276417
99641834
99821000
100051459
100575792
99633416
102978500
97738583
100573791
100909333
97808542
99967500
100017958
99787959
100086292
100857917
99183791
99992333
99707125
100007917
100382042
99788625
100190459
99617542
99983458
100568625
99365666
99910042
100525750
99615917
100000167
99693916
99975000
99929750
100986042
100129000
98770666
100090083
102380708
98808458
100356416
98681250
102660166
98363042
102410958
107033625
89223667
101180916
99060458
99686959
100686500
99337833
100231250
99722292
100010917
99968625
100029750
99862208
101052625
99031375
99938583
100251417
99622916
100127167
99935542
100489583
99763667
101675833
98340875
99204625
100172416
101318042
98597292
100237958
100346208
100261166
99716792
99950583
100173541
101024792
98931458
99662500
100300750
99693959
100601792
99355666
99933167
100497750
99226417
99920458
99923166
100336500
100257250
100329417
99159334
100081458
100501625
99259500
101249584
98903542
100211042
99940125
100098792
99793916
100055000
100262458
99647000
100007542
100355958
100120792
99247750
100219667
100264667
99711417
100273500
100424875
99496250
99794291
100099916
100780709
99425417
99825042
100336042
100095292
99538833
101155959
99170042
102027375
98809833
101763875
97115250
100136709
100718750
98819584
100167625
100216041
99747250
99990334
99872708
99860875
100077375
99897625
100329666
99897125
100489541
99891417
100856250
98713375
100009708
99998625
100285625
