68691167
88167
100333
82166
78583
82542
108334
80250
39708208
84916
92791
80792
78208
77375
77833
92292
115636834
84083
80084
3988625
84833
79084
79125
80125
78125
77625
78250
77917
78667
86959
83875
78500
77792
91792
77208
79042
78042
90542
85041
86167
77000
68916
45208
52958
44917
47334
45542
53375
45500
47500
47458
47416
48292
47500
45041
80375
46958
48667
45042
47083
45333
47958
45500
49334
45709
52958
45333
57666
45000
45292
46500
44750
53083
45375
56333
45500
45333
52459
44000
46500
45500
46208
41625
43667
38542
43500
38542
51000
38292
38583
51041
38333
38333
40250
38416
12592583
88000
4653292
79917
81875
77709
90417
77375
80000
78333
90208
78375
115482166
82667
77958
77833
86166
78208
83625
77375
85917
104167
81125
84250
78666
77750
80500
76708
80667
77250
79291
85000
85292
78750
84958
47542
46167
44292
46959
47000
46167
44958
47000
45458
54750
47584
44542
53292
45500
54292
44708
44583
46000
45375
53542
44834
48834
45333
52625
45209
47709
45791
46042
44459
56834
44500
45209
55750
45416
53292
45500
45416
45750
46375
42666
46583
38667
38916
48209
38834
50500
41834
38250
38291
38375
38334
42709
22333833
81625
78833
82667
78208
78166
90000
79042
78625
77792
15408166
37625
34541
33750
34125
34125
33959
33833
33458
34125
33959
38083
33500
34250
33709
33750
33917
33708
33666
33750
33333
33708
36083
34208
33500
34208
33500
33833
34250
34958
33709
34875
35125
36916
33375
34833
38083
34625
34500
35917
35250
46959
38667
34416
33500
34125
33708
34041
34125
39250
34875
33875
33667
36083
33458
36916
34708
33917
33583
37833
33333
34667
33541
34500
33583
33666
33750
34125
33875
34042
35708
33458
33500
33750
33375
34042
38041
33958
33250
34458
33625
33708
33750
33500
33459
34000
33500
84625
34000
30041
30167
87489334
26584
22166
21084
20833
20625
20541
20459
20166
20167
20458
24250
20333
20500
20792
20666
20042
19875
28625
20292
20291
20958
36167
20917
20833
25958
20750
20709
20375
20083
20292
19958
20125
21625
20375
20292
20041
20292
20833
20584
20375
20750
20041
20959
21541
22875
20250
20375
20333
20208
20708
19833
20333
20292
20041
20500
21500
20833
20250
20250
20000
20250
20125
25875
20625
310416792
73490958
82625
79250
78666
77250
77750
77583
91000
77625
78583
71256500
101117666
85750
23652708
79792
79625
76250
77792
78166
78625
78208
81916
77584
78209
333149916
15625
184053709
45459
36375
35667
35334
34708
35625
33791
34625
36166
37166
40333
34875
39917
36041
49167
42791
35291
34250
541911833
39166
75866708
122536708
54125
88321916
327422500
32750
76278500
638375416
44459
42916
40625
39708
39458
39625
39583
38666
48542
39083
47833
38958
39208
38375
38792
46542
39792
39000
42250
38292
46458
41500
38833
39250
38625
41083
39625
40167
41834
39833
39584
40333
44250
39166
38667
38584
39042
39167
38958
42792
39250
38792
38459
42917
38500
38750
40333
40458
40417
39334
40042
161875
41500
40292
40791
41583
39625
39833
39750
40625
39500
40041
46666
38833
39042
38709
39833
42458
43000
40750
40083
39958
39375
43833
39542
38875
38917
38125
38500
38791
39000
39709
41875
42583
43625
39375
38125
33959
33792
35917
35041
37291
34750
33250
33542
36417
33459
34083
33458
33834
33708
37083
34208
34000
33375
33708
35667
33459
33000
33875
35292
36667
33583
34833
35375
40334
37209
37000
38375
35500
37541
35041
34042
34125
33500
33709
34542
37834
46459
38541
34125
35625
45667
37583
35167
34459
33208
34209
70042
37292
34208
34208
33833
37125
44708
44792
36000
36292
35959
35542
37375
34834
35375
34833
40709
37625
42250
76584
53917
40291
36000
36250
36417
36041
35542
42208
34333
37375
35167
52250
39833
36000
34708
53917
36541
34708
95333
34875
34125
34167
34375
34375
33959
34500
38750
40334
35583
218292
35125
34208
34375
40459
35000
38708
37417
33834
35125
36291
40166
33584
34292
38042
63916
34625
36833
33709
33917
37417
36834
36375
34209
34209
35791
9200000
145396375
248641792
616206875
79137958
11590166
308741500
317119291
44333
34750
35209
33834
33750
34125
33583
43333
33709
34000
43584
34000
41291
34208
34542
33875
34791
34000
41458
32916
33666
36875
33500
33542
33541
33667
33500
33750
33458
33917
33917
33500
35250
33750
33792
33333
34000
46542
33334
42583
37583
34667
34334
38375
34583
33750
34334
33500
38833
38291
34208
34000
35125
33667
35708
33375
42459
33667
33750
34541
33667
35375
33709
38750
34167
33625
29542
30958
29750
31333
29625
31083
29750
31125
29792
37333
31375
31708
29625
32250
29709
32333
30000
32250
29875
29792
31667
29750
34042
29708
31208
29833
41208
29875
29708
30458
30042
29917
29458
34500
29875
30667
29166
31250
29875
38792
47667
506555291
614045375
88208
80167
78375
79541
78584
77417
78833
77042
78833
94459
77291
77541
78583
77375
77250
77542
245773208
25987791
119162500
234882083
397106541
85045167
628708
81042
80542
88042500
145936583
45996875
453294791
54692833
766194792
86000
84917
78625
77375
77875
78042
77292
78417
78083
77750
94292
82833
78292
77291
77959
78458
77208
83042
87292
78834
77125
87458
78250
90916
76625
76834
107000
76958
77583
77125
77166
76291
77625
76875
77167
77083
77333
82625
72375
45125
44458
56583
47458
58292
46500
45000
47916
45333
48833
44958
52416
44583
53041
45333
51291
45125
57792
44834
44917
56958
45333
44625
52792
44583
44917
47791
55042
44917
45416
57167
44083
44959
47291
45042
52416
44834
25707625
481245750
86625
82042
80208
80708
79417
81875
78250
80000
78708
89542
86333
91167
77750
91959
77834
80458
78709
79250
78500
87667
79417
90959
78667
87083
77292
85042
78375
79291
77041
79125
77500
91791
83584
85417
78375
92000
77500
90125
77292
85459
77583
65250
45166
49125
45209
57000
45583
45375
57834
45333
45750
53084
45125
57292
62417
45500
57625
45208
57583
45083
47000
45958
100792458
83708
79084
78291
79167
77666
88709
77959
78000
77958
85791
88458
85625
76542
77917
76833
90625
79000
85667
78708
86041
78833
69292
45292
58542
45875
51792
46333
44750
56042
44875
46875
44875
47875
44792
46084
45208
53875
44916
57166
45167
45541
46666
46500
48042
57042
44417
53417
45250
56916
44625
45292
56750
44750
45625
48750
45416
46875
44917
57792
45417
45250
46333
38292
39792
39083
56042
14117666
283727375
85042
79584
78666
79000
78625
78084
144037458
199021750
376186750
74429916
87292
86084
80083
78250
84125
77667
77375
78208
78083
78416
86834
79000
76375
77708
77500
77000
78209
83958
77042
76958
77000
82125
77500
76208
77375
77250
77542
79125
79583
90167
73583
46834
49916
45916
45791
53000
45208
45500
45958
1490167
48291
46292
46875
48250
46542
45291
45291
44958
51750
48541
48458
45542
44917
44542
45042
45000
54833
56291
56250
57333
56208
65417
59042
56791
56917
56917
56958
57125
56542
56750
57500
60583
60542
56417
56833
56542
58125
59125
39792
38500
50542
38958
38125
41667
38833
52083
38625
38541
40000
38417
43166
38625
51333
37833
40791
39250
38291
46708
38917
38334
43291
41875
51167
38791
38083
47958
39833
38500
38417
38208
40333
38333
50542
37875
38292
38834
40833
38500
38417
38666
41917
40542
42875
41458
40958
38333
40917
38708
42875
38625
41000
38666
40709
38542
41375
38458
40959
38333
39959
40125
46125
38208
38625
46875
38459
38250
50292
38250
38000
39542
43291
40083
38417
46291
38875
75708
39167
38708
41791
42083
38125
39250
37750
40333
42167
39916
41167
39667
38375
46417
39333
38708
40166
38167
38792
38583
40084
40792
50917
38333
37958
40667
38542
47417
37958
38791
46250
37750
40250
52083
38708
48167
38083
42750
39791
38500
40041
39083
51125
43000
38209
42083
40709
40959
38709
38083
38458
38959
38500
38708
41208
38083
38541
46167
38334
38292
41833
42167
40042
42250
39917
40167
46250
38208
38875
39000
38500
46000
38083
38708
40083
39042
42250
38083
48166
38333
38541
40250
38541
40000
38708
51542
38583
38583
51416
38625
38500
43250
41208
50500
38333
38375
40000
38667
40625
40459
39709
38667
73917
38750
45750
38208
38750
46375
38875
41875
33750
34792
33917
36791
33459
46416
33375
33292
37958
33625
46667
33417
33292
44875
35041
33458
44333
33459
33667
35250
33417
35208
33458
34375
33459
36625
33416
45417
33709
33209
40542
33750
45958
33084
33417
34333
33542
46125
33250
40875
33250
36208
33500
37875
33500
33417
33334
33709
37875
34083
37709
33541
41583
33708
33166
33416
33792
33750
33292
33833
33500
33625
33458
35416
33666
33542
33292
33458
33375
33625
33750
41459
33583
64633333
85208
79667
78000
78292
78417
78250
78000
78750
82292
81167
90250
86709
78458
79375
78958
78417
77791
28999375
323143833
84915958
83583
162084916
200167250
195725833
203044791
485128541
76141333
31328958
65382833
112271000
88000
79583
78292
78917
77125
77709
78500
78500
77625
77791
88459
78500
78500
430504250
94943791
519478750
82654333
34965500
82042
78750
79125
78709
121633875
13642708
4669709
83208
79000
78250
76875
77333
77000
78750
79583
78916
78958
86125
78167
90375
77584
77166
77500
89584
76792
85166
77541
77625
84250
77292
77875
83458
78750
77500
90458
77792
78875
76833
89209
82458
84709
77292
86875
77583
78875
77542
91000
76625
89709
76708
81208
77834
85792
73083
57708
45083
45083
50125
45542
44709
44833
49250
99333
46750
45208
45541
45125
46792
44833
58125
44500
45041
48291
48250
52958
45250
46834
45167
45959
44917
47458
44958
52834
44834
48917
44792
46042
45458
44792
44292
46833
45500
47834
42042
50875
40916
42583
40000
38666
40041
38791
46542
38500
38792
50916
38583
40208
51584
38333
38583
50416
38500
38250
39959
39167
51333
38500
40375
45917
38333
38291
51000
38458
38833
39000
38291
46208
38041
40417
46583
38375
38708
51250
38666
38875
50542
38250
38791
39333
40333
46500
38042
38208
39875
38333
50958
38750
38042
39917
41542
40084
40834
40667
38500
43208
42000
40000
38625
40209
38250
40333
38250
45041
38292
39833
38709
50084
38292
38208
40000
41792
40584
41625
44042
38667
40708
38500
38625
38792
40083
44625
44208
38541
40625
39250
40125
42416
44792
50667
40542
38708
39209
38917
46417
38542
42666
44000
38792
51292
40417
38375
40500
38250
40250
38667
40375
37959
45834
38417
38334
45167
39792
39625
38208
40334
43209
40417
38916
49875
38042
38583
51750
38500
38875
51125
38208
38416
50917
38041
38292
39375
38625
42208
41166
38875
61125
39500
38750
50083
38416
38125
39750
42834
41834
38667
44000
38958
40166
44500
46625
38667
38584
39375
38708
39750
39042
42625
41208
40083
41833
47750
41167
156500
40042
38875
38959
38791
38708
38500
38625
38416
38625
38792
41333
38584
38542
38833
38667
39500
33625
34291
36792
34500
34250
36667
33542
34125
33916
33166
34250
33667
33375
18056750
39416
38958
38750
39000
38875
38417
38709
39167
38791
7612292
17076625
77625
13240292
82875
79792
78417
78417
77208
79417
77625
85333
77041
77958
22309875
79125
85792
78500
82083
77166
78583
76792
82416
78833
79917
82375
84833
76500
81208
76833
89750
77125
90209
77042
86709
78167
90875
76958
84458
76042
88792
77084
87125
77250
84459
78208
89375
82917
64667
44792
45000
45333
53750
44875
57584
45250
45375
56417
47333
45042
57125
44750
44541
44500
45000
45334
52458
45000
52333
47333
45000
44917
56625
44708
44292
57042
44708
44958
57000
44916
47792
45542
58792
46125
44834
57334
44875
45458
42709
38167
38833
40209
46209
38542
38708
50458
38584
38458
50584
38459
38250
50708
38458
40708
50791
38208
38709
38250
38875
50333
38459
38583
50250
38291
40375
46542
38250
51458
38292
38667
38667
38708
51625
38125
38375
40625
38500
38417
38583
38208
38250
51125
51250
18393292
2307125
78375
78458
77125
81375
76834
77750
89583
77750
78833
77250
88500
77959
79291
77167
76708
77625
77458
77625
77083
78875
84292
83000
78500
50791
51709
45208
45917
51209
46250
46500
44667
46166
47291
52792
44916
53416
44417
53000
52708
45166
53083
45125
52917
50875
53084
45208
45500
44583
57750
44334
44959
57375
45167
44791
48500
45542
56333
44125
45000
57584
44917
48375
51375
38291
38833
43334
38333
43833
38333
58875
38875
38416
47209
37959
82070500
81097209
102033334
164995541
312588000
86500
79333
79167
78083
92417
87083
306766041
513952292
133198250
82398459
17244250
277099833
83333
79541
307089375
47350875
94521833
138824875
334305083
93875
79708
84709
91708
78250
77125
87416
79750
77333
80792
76917
84000
76792
90042
84416
84000
77709
85166
77959
85083
77833
79084
77959
77750
82209
80500
84000
76708
85417
84333
77708
78334
77709
78250
76584
84667
81875
89292
77167
91167
78041
80000
53458
46084
45292
52125
44333
48375
45208
58084
44708
44458
45625
44625
46750
44833
46833
44709
53750
52500
45458
44875
50875
44583
46500
53584
46333
45209
45917
45167
46334
44917
57542
44750
44875
46458
54500
48750
44625
49291
46875
46292
38542
44458
39000
38458
38792
41084
42166
38791
38625
46333
38667
38416
50583
38625
45500
46583
38500
38500
46292
38917
50042
38042
38667
51416
38458
40500
68917
38917
51000
38542
38291
43917
38791
48541
38583
38417
50917
40666
38500
50625
38416
38667
41250
38584
39208
38458
51125
38500
40625
50250
38083
39000
39750
38042
51500
37958
39042
51083
38584
40542
44084
38417
50542
38375
38250
49250
38084
37958
38417
38334
42084
38583
50666
38333
38583
51500
38166
38417
46250
38250
38334
41084
38375
51167
38459
38500
49875
38083
39000
46958
38291
39000
52458
38375
38500
39375
38500
56167
38625
50750
38583
38250
50666
40125
38750
49750
38166
38417
46000
38416
38458
46125
38333
38334
51167
40708
38708
46625
46000
41375
42542
40750
45250
38542
40750
38958
43791
38875
50000
38834
38542
39000
38458
46334
44916
39666
38542
41250
41875
40292
76292
39584
39042
40500
38333
39750
41625
40209
38708
45958
38625
41083
40334
38500
51708
38083
40000
41750
38958
49375
38500
38792
42167
38792
40250
38333
49750
38458
38833
50625
42291
38875
44375
40708
49750
38459
38542
40875
38209
45292
39208
37625
41625
33542
35416
41959
33542
33041
46334
33708
33583
35083
34083
36250
33458
37792
33000
41459
33792
33750
41250
33750
41500
33250
33333
37292
35708
33666
41541
33917
33167
45500
33625
33625
35125
33375
33584
35667
36375
38791
33625
33375
33500
33667
33667
33500
33500
34041
33666
33667
35584
33917
33667
34291
33416
33416
33708
33709
33709
35500
40250
35416
33834
45917
33583
33583
33750
33375
33417
34000
33583
33750
35375
33292
33417
33792
33250
33791
33666
33708
33875
33666
33625
35500
33792
49667
33125
33458
33625
33625
33958
33917
33417
33625
33250
33584
35417
34167
33542
34000
33334
33375
33458
33542
33750
33417
33500
35375
33625
33875
34042
35371250
83125
78292
78625
78583
77417
77250
77458
77958
77875
78292
83792
76875
77125
2140375
87083
83542
78167
77583
78125
78417
77500
77709
77375
76416
83625
77500
77333
77083
83833
56542
45667
45375
45125
44875
45500
47500
45417
44750
45167
44792
45500
45042
45583
44792
45125
45000
47875
45291
44625
44625
44708
48875
45750
44583
44750
45000
44458
47792
52333
31044250
81792
77791
77459
78000
88333
78416
445667
81541
79250
79000
79667
78417
78333
85167
77959
77708
78583
5249917
80708
78833
77250
9894959
32209
30000
32042
32875
30750
29792
30042
29666
36834
30125
32833
29792
29916
31000
29958
29833
29833
31208
30250
29791
29500
32375
30250
31250
29791
30000
41916
30875
29834
29625
29125
29500
32625
29916
29250
12419750
79417
78417
79083
76750
78000
77917
77917
80083
77708
79209
84791
78250
78042
78542
77875
77458
77542
77667
85500
78084
78125
83208
79000
77750
76667
77459
77875
77834
77667
77208
76667
77208
83500
3427000
45583
40209
39958
39459
39334
39000
38834
39625
38709
40458
44500
39250
39167
39334
38333
39583
38166
40375
38417
46708
42084
45500
38750
41958
39291
38708
39458
39709
38833
38541
38417
39000
41875
39042
38459
38750
67959
38541
38542
39042
38667
42875
41916
38125
38625
38375
38500
40792
38625
38625
38209
39292
39125
38041
39375
38084
38458
39958
41166
17745583
11223250
80958
78625
79250
78375
77834
77500
66866458
82541
77750
78417
77791
77792
77458
77333
77834
77625
78375
85041
77292
78833
77917
83583
77208
79625
77750
56791375
79625
19073667
80041
77667
77333
5498834
11290750
80167
76958
7830542
83791
78708
6267000
77916
3431792
79541
77291
9584292
61385833
81000
78708
77917
76167
67483375
128144833
173161459
904666
81625
149995000
165918083
138268167
105551959
177010583
39074250
81500
34581250
458075541
170371667
650602750
87000
80459
80292
79208
78916
78500
80416
78417
80166
78250
90791
79250
81291
80208
82292
80375
79708
79542
93000
78042
79000
85375
79709
78792
79167
78250
78375
78209
78292
78083
79542
78917
86458
77375
79584
79375
79083
45333
46250
45583
59417
46000
47333
45709
47042
45334
46042
46125
47166
45417
47167
49292
47458
45042
46583
45416
46083
45209
46834
45459
46958
45458
49542
45083
46208
45625
46833
45625
47167
45375
45792
46792
46916
72334
46375
45834
46500
45209
40291
43083
40666
39042
39375
39750
118917
39333
39250
38791
40250
39083
40125
38792
39167
39084
40500
41792
39667
40375
40500
39083
40041
38625
40417
39125
39333
38625
42250
38417
40292
38584
40333
38834
40000
38875
40542
40166
38792
41375
40292
39375
40417
38667
40500
39125
40334
39125
47458
41208
42792
38500
39625
38458
41250
38708
40333
38500
40416
38833
40041
40916
40709
39750
39083
40917
41792
40500
38625
40000
38250
40458
42708
38917
40042
38583
39959
38583
40584
47167
40708
38166
40167
38167
39917
38792
40042
38167
39708
39292
42750
39083
39208
38916
39333
38458
40125
38959
39791
38208
39959
41042
40583
38791
40375
38250
38667
38667
39916
38541
46166
39084
42250
39000
40292
38417
40709
39167
40042
38625
39667
38625
40250
40833
40167
38625
39875
38791
40208
38625
39708
38292
40125
38416
42000
43542
42375
41375
7072959
33032208
356723833
97042
42630292
82333
79500
78250
77625
79459
77834
79750
77791
78834
77209
42844667
84917
80875
80750
80083
79292
80500
80334
80250
78667
80084
84209
79125
79292
79625
79334
79917
80084
79125
82625
87125
79542
85042
78167
79375
78750
85167
78417
78834
79834
78625
80958
79000
83250
78916
77500
78375
78000
78750
78042
79500
78542
79167
79083
83125
46292
45667
45792
45541
45541
76125
45792
46125
45667
46084
45667
46375
45041
45625
45458
45959
48542
46042
45791
46208
44875
55583
49250
46083
45583
65625
45875
45584
1312791
47000
45792
51500
49250
45792
45125
45666
45208
46042
48208
48000
45541
45708
44666
45375
45584
44875
45459
45209
45000
732334
55875
2882667
89583
79875
80083
77583
77625
81292
79875
79417
77417
78125
83875
77417
78416
77709
78500
82958
78208
77250
76917
76583
77333
84292
78292
77459
78417
77750
77459
78292
77500
76875
84917
44875
48333
45208
45292
45584
44875
45125
52958
56000
49208
24618959
80167
77834
78250
78333
77334
77791
77792
78375
77458
76500
83083
78125
77083
78208
77708
16360833
81333
78834
78083
78250
78250
85361708
185123333
85916
81125
79250
77667
78417
77208
77958
79250
79000
79042
87292
77667
78875
77625
78125
89209
79167
77292
78542
77667
79667
82125
78083
77709
78958
78500
78083
77208
78959
79041
78500
77333
83958
77584
77542
77125
77792
77042
77792
77166
78875
66792
52458
51545792
269241041
80370500
333417
87667
78083
78625
77958
79334
77084
79084
78500
86167
77708
84708
79291
79583
78541
79250
78416
79542
76833
79333
77583
599750
81250
86916
80500
81042
84916
80041
78209
80500
78708
79833
84042
80458
79041
79792
79334
80416
77875
80625
78458
80000
79084
85583
45416
18311459
81250
77667
78875
78209
78792
78375
78916
78500
79916
78250
84584
77750
78209
78625
77875
85917
77334
77625
78583
86166
81083
84416
78916
77667
78875
2874750
80500
85417
78250
77958
83250
78750
77459
77958
77750
77958
83000
78917
76542
78000
78375
77250
78708
79000
77958
76834
78000
88875
79917
77833
77916
79750
78667
77458
65708
46583
48041
45000
49292
45459
45208
45208
45041
45166
45167
44833
44750
44792
45500
47917
44667
45041
45208
16879541
146883958
320454042
86542
91209
78333
79042
80667
83917
77875
88375
77959
78000
79667
77709
78458
78375
80375
78834
80459
78416
83708
79750
79500
81708
52208
45084
47291
45458
46583
45416
46167
48959
46334
45375
46584
56625
46333
45083
49792
45542
47000
54291
45375
45583
44875
45916
45375
45417
46959
45666
46416
45334
48625
45500
46875
45125
47291
45125
46375
44958
47084
45125
46667
48208
46708
44208
39209
40333
40459
38625
40209
38875
40167
38625
42292
38292
39792
38916
39958
38625
39958
38916
40291
38791
40291
40583
40416
38667
40167
38583
40209
39833
39291
40417
38583
40459
41250
40375
38750
40166
40458
39083
39959
38750
38583
38709
40167
41250
40500
38500
83375
39500
40583
38667
39250
38875
39875
38917
40875
38917
40000
40958
40334
38833
40250
39166
39792
38458
40458
38958
42000
42542
40250
38542
40208
38667
40125
38916
40458
38875
40250
38459
42542
39042
39167
38750
39875
38958
40333
38250
44875
39375
34232958
1078709
83500
79917
79542
77458
79375
78209
79792
78917
80125
77750
86041
78500
78792
77292
76625
77917
79625
77083
79459
85208
79333
82208
78958
78125
78084
78042
260526125
307753959
88250
81041
79459
79459
78500
78583
78250
78500
79292
80042
87958
78833
79958
80042
77708
77833
78542
87292
78667
4506125
204466250
82459
79000
316223792
21382875
35062042
81916
78500
79750
78666
79542
77833
78667
77083
79333
77750
86375
15230625
82459
79250
77916
87583
82416
77541
77417
78708
78125
77708
83292
85125
78167
79292
97500
79917
77083
85042
77708
77625
77375
84125
65291
46958
44584
46292
44875
47000
45167
46834
45500
46292
47875
46125
45458
47250
45125
46458
45125
46125
45250
46542
45625
49042
45708
46917
44834
47084
45292
47209
45583
46333
45084
46667
48208
47125
45167
46375
45292
46917
2727625
59791
314649916
91917
82709
78959
79875
81750
88459
78500
34126250
85916
79625
79208
548708
174108375
84041
78250
78250
78875
78708
77625
78500
78292
79666
77834
88250
79041
132442500
84292
79167
79000
77667
79291
77500
80083
77875
78958
77458
87584
78958
78000
78667
79583
77792
78667
77500
79209
78083
79167
83041
77250
77000
272842750
282649167
85333
79167
78875
79083
78542
78500
76083
80000
77708
78042
93250
78667
78833
78042
78625
77667
78958
77750
76750
76916
77375
83833
77417
83584
80375
45583
45417
45333
6640500
87791
77500
78958
77459
78959
77500
79042
77917
78584
76791
83833
77084
27464333
79417
77292
86833
78250
79833
85417
78083
79208
77250
78291
89084
79417
82917
78209
77250
79792
78542
79167
78500
79583
77542
82583
83000
79042
76833
78584
77667
120500
80000
59792
45417
46334
44542
46375
45000
46083
45083
46125
47875
46417
45000
9877292
79167
78875
77375
78667
76833
78292
78375
78416
76625
77916
82333
79041
77584
79959
77125
78875
78292
79000
77875
84417
78042
83542
86291
80292
78875
85958
77583
79375
77667
78792
77042
80125
25646792
83917
80583
78167
78958
78667
78125
77583
78000
79042
77917
86167
76000
46292
45375
45625
45542
45500
45125
44916
45541
45167
48958
45583
45083
45542
45500
45625
45750
51750
45833
46500
45375
49166
45000
45292
46209
45125
46125
44958
45792
44916
45458
45291
49625
45000
46084
44500
45625
44750
46250
46416
46333
46417
43375
42291
41250
38584
39334
38667
38708
38958
38833
38417
39083
38708
41958
38709
38500
38500
39334
39000
39041
39166
38958
39125
38958
42750
45292
40500
40041
38542
38833
39125
39375
39833
41542
39583
41209
38666
39417
40500
39917
43125
41292
40625
41625
39667
38917
43000
41083
39500
38917
38958
38625
38834
38917
38667
38792
38875
45917
38542
38917
38625
38625
38416
40125
54000
40875
41333
40209
41875
39333
42625
42000
39917
39167
39792
42583
39833
39875
41625
32674792
85583
43663250
2851084
136197625
643110250
104167
79375
81125
80833
80000
77667
79416
77125
83833
78125
79334
85500
94958
91125
78875
77875
87083
77958
79458
77708
172410750
261811750
2718834
147841750
63440958
10786167
470330875
303629792
159236583
81114458
679806250
39827542
109828500
35104167
225029416
66314250
88209
80167
79208
78333
353854625
40324625
46247500
82458
1308833
79667
79083
79125
79500
77000
78833
77792
79291
77417
84750
83042
78250
83875
79417
78000
78500
78750
79125
76958
78416
77458
83000
78208
78541
77375
79917
78333
78667
82417
79417
78167
78292
48625
46375
45875
46458
45208
46625
45208
46375
45042
46416
44750
48375
45042
46167
45375
46750
44500
70875
45416
46542
44833
46458
44875
46583
45625
46209
46542
2977833
78625
82625
77875
77000
77083
77625
78625
79416
77541
79000
81375
78583
77667
77875
77500
84792
77875
78583
77041
75667
44958
48667
44398334
80500
77708
77125
79375
76833
77416
77166
77833
77958
78375
83084
77292
77292
77334
78250
77667
77916
76208
83750
76750
77959
80875
79083
77334
78541
76875
78083
76458
78750
77541
79000
77375
83875
76792
65584
45042
46167
66541
47084
45250
46000
44916
46083
44750
46667
26289250
78666
77666
77209
77125
79833
77125
78250
77792
79041
77167
82709
77542
79208
77875
78625
76791
78916
536072250
85792
78667
79000
77792
78833
77458
78292
77750
78459
78542
87292
406408083
84250
78792
279907208
536560042
86167
79833
79708
79750
17997042
119398000
29917834
84708
78125
78416
78792
78583
1268215916
85833
79541
78375
78541
77875
77500
76144250
19616834
316994250
94500
96125
80250
76625
79333
77458
78041
77375
78791
77250
79000
76458
84083
77750
79541
77166
78584
78208
87791
53940042
84833
79459
78958
77375
77542
77458
78750
77084
77875
76625
94167
78166
76833
78166
79333
78666
965590125
395845958
84709
83875
78958
78458
78875
77542
78292
78417
79083
76834
90042
78375
78375
257528333
72883292
125697959
92158291
83084
49346167
81375
78584
78125
77875
78750
76958
78167
77125
78708
78166
84167
77834
79209
76792
77125
77333
79084
78000
78625
77209
79667
81250
79750
76667
79042
83833
18792583
518226917
107782750
138096750
182213125
85750
78500
96444208
42818958
155261834
175758125
278935916
83979459
49081459
83959
79792
111168791
82708
79084
78292
79083
78917
79459
77583
78834
76667
79459
86750
79875
77583
78583
76708
77833
76458
79250
117130542
302593792
51336542
25983000
72814209
276200750
90209166
469475125
237202208
85625
79125
77750
78250
78667
77417
77417
77875
77917
77417
84041
77875
77583
77542
76833
77667
77666
76584
77542
77250
76791
87458
77000
76583
76750
77500
76917
76584
77625
76708
77458
77750
82542
78125
77375
77042
77750
77959
77000
77750
77583
76459
76541
82625
77125
51875
44958
45000
44666
45125
44875
45334
45000
45750
47833
49667
47917
45125
45250
45208
48416
45083
45458
45500
44750
47458
44833
45000
44834
45209
44500
45458
44708
44750
44875
44791
48167
45250
44458
44750
44791
45458
44708
45042
44500
45083
40125
38375
44042
61667
39042
38292
38833
38333
38500
38667
38792
38583
38833
38459
40667
38625
39041
38500
38125
38000
38542
38334
38708
37791
39042
401041
41125
39250
38666
38750
38458
38125
827375
39042
38542
38833
38417
43250
38875
38625
38708
38417
38292
43792
38542
38375
38458
38625
38750
38292
39042
283709
38542
38583
38583
38500
38667
43208
41250
38958
38625
38333
41167
42042
41125
38625
38458
38541
38833
38542
38209
39292
38541
41458
38083
38833
38416
41542
38542
38959
38208
38417
540916
1282708
32833
32875
29250
29209
29083
29459
29542
29250
28833
28917
31333
29334
43625
45833
50750
45000
44750
44667
1197417
45583
45583
45375
53625
47709
44958
44542
44584
44750
44917
48125
45125
46500
45916
45416
45083
45500
45500
51333
46000
48125
48834
688916
45000
48834
45000
44833
44709
45167
44542
45250
44875
44708
47875
44667
44833
963750
44834
45125
45333
45917
45042
45208
44917
45083
44917
45042
48417
45416
45042
3182959
58375
57042
56334
56208
56583
59334
57625
56625
57250
3985709
79667
77416
77458
77792
77292
76958
77584
77542
76292
76792
82083
77250
76584
76250
76542
78292
77625
77833
77334
78958
78500
81833
82542
3195792
58000
56708
56334
55833
57167
58291
56584
57167
56708
56667
60459
56625
58667
56292
56375
56250
62625
56792
56834
56500
56625
59541
57041
56792
56750
73750
77209
77375
78125
77625
77000
77084
88583
77541
77375
76750
77333
3331458
78417
76833
78042
78292
76917
76417
76875
77042
77000
84292
94333
78750
76708
77584
82666
77250
77791
82250
77708
77750
76541
81667
78250
77583
78375
78459
78917
78041
121583
78708
100042
77959
83833
80250
78541
80000
59583
45000
45708
49250
45250
45583
45042
44875
45375
44792
45209
45167
45250
50167
50750
47584
48583
45666
44917
45084
45333
44750
45084
44667
44542
47333
45042
44250
44417
44750
45333
44458
44834
45459
44292
45291
47542
44750
44917
45334
49250
40084
38542
38333
38458
39041
48625
39000
38583
38542
38709
38375
38875
38625
38917
38542
38666
40583
42416
4084333
48792
45875
49584
45625
46208
45125
45625
45541
44709
45083
49625
45459
4176125
3943459
40458
39792
39625
38916
38667
39209
40083
42583
40333
38625
42459
39167
38958
38958
40042
40083
38541
39000
38375
39375
39250
41125
39042
38584
38583
38541
38625
39125
38291
39125
38750
38166
41333
39000
38708
39250
38625
39042
39125
43166
42583
38375
38584
40875
38875
38500
38083
39084
38667
38709
38459
38709
38625
38958
40834
38750
39042
38750
39125
38292
38333
38625
38917
38375
38625
41250
38500
38542
39125
38917
39166
1698541
41333
47542
40208
38875
45292
39041
38458
38750
38792
45250
42833
44167
47084
39875
44417
14145250
90042
78625
86959
78958
79417
83458
77791
77250
77417
78125
82625
78125
78584
76709
77125
76917
76791
77750
76417
83458
78875
82167
77166
77500
77292
77750
77833
77333
77125
77083
76750
77917
67041
44584
44791
45250
44666
44542
45334
44875
45083
44833
45417
48292
45208
44750
47000
48292
81379042
65113833
3926208
86333
85500
80208
79333
80083
78666
78625
78709
78417
78583
84042
81625
79000
79709
79625
81125
82125
81959
79083
78333
80292
88167
79167
78584
78833
78541
77250
78083
78208
77667
86084
78500
83416
78167
78750
80583
80708
80167
82334
78458
77917
78959
80417
10622292
18953041
1810250
20194750
76250
89000
79500
79042
80250
78416
78458
78625
78000
79583
86208
80958
79583
79833
79667
82625
79542
84042
82791
79667
81791
39833
29333
29333
29083
29208
29167
29458
17295958
158306291
17483334
225207458
408213458
1427583
326009708
188385083
492151458
243181459
307072250
88208
99541
79167
77500
78500
78250
77959
79417
78583
78041
77417
78458
83667
79500
77792
78667
77458
78208
78000
77542
77000
78209
77500
83916
87833
78291
77750
78125
78125
77417
77834
78125
72458
45250
48667
45542
45083
45458
45334
45083
45334
46666
45459
46333
45083
49500
45375
46750
45292
45750
45500
46958
44334
46125
44625
46792
53625
46834
45291
46500
50334
45917
54708
46833
44917
45542
44625
49125
45042
51625
52917
46333
38041
39917
38250
40125
38292
40459
38458
40167
39084
43125
38750
40375
38500
39959
38125
39375
38166
40083
38292
45792
38250
39834
38667
40084
38458
39833
38417
38708
38666
40166
41042
40167
38708
39958
38834
40625
38750
40000
38833
40125
38500
41000
38833
40125
38667
40292
96334
39917
39083
40750
38500
40125
38167
38959
38292
40875
38375
42583
38792
40209
39917
40375
46334
297939333
244989333
97375
80792
78417
78708
81209
78458
85208
77417
76709
77625
94875
80292
83667
79291
77833
76917
76875
83334
77625
81208
76958
92166
77750
78041
77083
77333
76708
85167
98167
1522875
84709
80708
80458
79833
79208
79750
78833
79292
79000
79125
86250
79000
90208
80625
79666
79250
85125
79250
95875
79500
79167
85250
79958
80000
79084
79292
80209
84375
79875
79041
82708
90958
90375
86708
77833
84209
81375
49334
45625
47292
46042
45167
48625
48750
45667
46584
45208
53750
46000
45875
45833
52541
45333
53416
58625
53000
45458
47166
45500
47041
45292
56667
45750
45667
49792
47709
58083
46500
44833
46625
45125
45917
45125
54292
45500
46417
45625
46333
38459
38375
46000
38541
38833
50334
38458
38916
41208
38417
43375
38750
40458
38500
46542
38917
38916
41292
38959
40334
38542
42833
38875
40417
42292
39667
38875
40834
38875
39709
38458
48000
41166
38333
40000
39042
39750
38750
50041
64917
41833
43958
39500
40209
38667
48750
38792
41291
44750
38625
42875
38709
40375
38125
50792
38375
39042
45375
43166
44042
38750
41958
38709
40416
43541
46584
38459
54292
38875
50666
38167
39125
39959
38375
40250
38459
48792
38709
42333
38625
44167
42167
46542
38625
39542
38458
46875
38459
50375
40458
43500
40042
38542
51209
38334
38750
47500
38750
41250
38792
45084
38583
40166
38208
50875
38542
38708
40375
38958
38459
38667
57917
38458
39916
38416
51292
38292
38125
40250
42417
40125
38625
41708
38625
46542
38542
38792
46917
38625
38541
50416
78166
39792
44541
38792
39708
38375
40250
38250
48041
38750
38709
42583
38584
46292
38375
38458
39500
38500
39500
39292
38334
38584
42042
38542
51458
38125
38458
40333
43833
42000
38333
42875
38958
42000
38375
46917
38709
39000
46416
38375
38417
50625
38417
38958
48791
39250
38541
39875
38667
40500
43000
36333
33583
36834
33708
33667
33542
33750
33541
33791
33333
33584
33209
33459
36583
40791
37167
33667
33459
38000
35542
35291
34625
33833
33667
33625
33166
36084
33875
33542
33542
33833
33709
33750
33458
33625
33292
34292
35583
33500
32959
33500
33667
33583
33667
33209
33667
48208
33750
33125
33875
33542
33667
33583
33291
33834
36583
33167
33542
38792
37500
35917
33834
33833
68834
38500
34041
33500
33542
33542
33292
33292
33625
33625
33250
33625
35500
33875
33792
33584
33541
38708
34750
33709
33750
33375
33458
35000
33333
33750
33542
34041
33625
33500
33042
33708
33666
33500
35167
33667
33167
33334
33583
33875
33667
33459
33458
33750
33417
38208
38125
40125
29958
29833
29625
29709
29916
29667
51500
837750
30583
29792
29958
30125
30125
29875
29958
29959
29792
30083
32000
30083
29666
29875
31333
30500
29875
29709
30167
29750
29417
31708
29834
29958
29708
29250
29875
30292
29708
32209
33250
29750
31791
30500
30417
37042
31125
29583
29792
29750
29792
30083
30209
31750
5622250
7521583
34417
33709
17438083
7120417
16850792
256750
3663208
79583
70328500
321423584
86875
81042
79792
77833
78875
77625
78500
79084
77709
86125
85416
80000
78500
78791
77875
79458
77542
89750
77583
79334
77333
91042
84667
79208
77709
83792
77542
89875
67625
46000
45541
46958
48208
53084
45125
58541
45708
45542
58541
44958
45458
47667
44875
55958
45209
46542
45625
48792
45250
46708
45833
46666
44500
53292
47541
57875
45083
45458
45125
45083
45125
45417
45083
44791
45250
48250
45209
45625
45792
40375
51417
38667
38875
46667
38875
38500
55583
38458
39917
38875
51708
38667
38541
50417
38959
58875
40000
38666
50667
38167
38250
50208
44451667
84375
81125
79875
80792
79166
90958
79916
79500
79750
87333
85042
80208
79375
93083
79792
85667
78833
86458
78875
87083
77916
84250
78000
91750
78167
90917
78625
86333
78500
90333
78417
79417
82709
82083
78042
175150917
85583
1274166
82708
229459
79291
80042
78166
81083
77542
78625
79500
79209
867750
86375
79125
78791
77167
95333
84500
78291
76750
77667
77167
83500
77291
78458
76500
79083
77750
79208
84291
78750
76917
82583
80583
77167
76833
77459
77625
91750
77916
88041
77834
88625
76958
87459
78375
90500
76959
81333
79875
53292
45208
47333
48875
46125
45041
54250
45250
44417
56375
51625
45084
46833
44708
49625
44583
46166
45041
46125
44709
49083
50750
52209
44917
45750
49625
46333
48958
52834
45167
53208
44959
54417
45167
46125
44709
46917
49625
41209
38250
38875
38500
46959
42250
38833
46125
38041
38625
37667
38667
38625
42542
42542
38917
40875
38625
39000
38375
38792
38292
73167
38959
39958
38542
39333
38292
39167
38833
42917
41958
40292
40792
50084
37917
38625
50750
38250
38500
44084
38667
50834
38709
41042
43708
41584
39959
42083
41000
41875
40958
39708
40041
38666
42000
38250
51750
2846208
40125
39084
38667
38750
39375
47625
45541
43458
40958
248708
15398709
7716209
347573542
95913958
416263250
85291
79334
79042
77834
85708
77833
84958
77792
79250
77000
92417
78917
86375
78125
77583
76291
87125
76750
88000
77666
78458
84208
83666
77166
306587708
93833
93000
79625
78709
78417
81625
78750
78625
78916
77500
77500
77833
83666
79416
78417
79084
77625
78208
78333
78042
77542
77459
77958
83417
85750
77833
78291
77041
77875
76792
78042
78125
64666
45750
48584
45334
45500
44792
44875
46000
45041
45042
53958
45458
44625
45083
46166
47959
46375
48291
49666
48875
45125
48875
45792
45500
45500
44541
45458
45208
45375
66450791
85125
78875
78292
78375
76875
78917
77375
85000
77042
86416
84625
79208
77833
78333
77250
78333
78917
78083
77958
81209
77625
86584
77084
79000
77041
41040416
84750
81042
81083
81042
79958
79000
84292
80833
79250
81750
94708
88667
79041
88042
79292
92500
81041
86542
79084
84625
79209
85875
79000
89667
77208
79375
78791
78959
86875
79125
78167
80334
87500
8701833
80750
83500
77084
78625
78000
90708
78042
79458
78833
86250
82584
85208
77542
80000
77375
82417
77792
84709
78625
78292
77459
83459
46263500
81917
78125
81250
77958
82457416
84000
79541
78167
80542
77750
87084
77708
90125
76833
17233625
646375584
53375
46750
46875
46250
46334
46125
46708
46084
46750
45542
54000
1814875
42625
41125
40542
39791
39125
39167
38833
41708
39500
42375
44959
39292
38500
39542
38291
39291
38125
46458
38375
38875
38750
41416
40042
38542
39000
38708
40000
38458
45583
38209
39042
47500
43333
46666
38625
38458
51666
58875
39083
39958
38625
39792
38709
51000
38333
38792
40459
38459
48875
38708
38708
40375
38459
51209
38584
39167
45916
38458
38667
48834
38625
38667
51042
38666
38875
46000
38291
38209
46167
38500
40167
45917
38583
39042
46500
40125
39625
38417
46625
38167
51250
40625
50917
38667
38500
49209
38541
38584
38167
38375
39875
38083
40667
38500
38458
38333
38458
38917
38625
38708
38583
38625
39959
40833
46291
38792
38459
49834
104083
38500
46625
38625
38625
46583
38458
38500
40209
38583
41291
40959
39042
38084
39875
38334
50625
38458
38250
55083
38334
49541
38333
38791
43667
39708
39041
46125
37625
46292
38541
38791
38792
44333
41834
41333
46208
155306833
86541
79208
79084
80554875
86500
78875
83333
77208
80864250
82750
79084
78417
84792
78708
79291
99303625
495638334
25138959
111311541
138917541
127974500
69994417
12022125
86917
79166
77917
77375
78250
77666
77583
77417
76709
79792
94375
88500
82992125
353620458
86042
78375
79083
78334
77167
77375
87625
77708
78709
77375
96959
78125
86833
77625
94875
77583
78708
77458
84834
69625
46417
45333
46334
44750
52709
48875
45291
46958
45500
44792
45584
45042
55209
55542
44625
53292
45000
58416
45333
45541
52666
44708
45833
45458
49458
44959
56292
44958
45333
56750
44416
44750
45125
42786125
9070333
16411709
80125
77542
77750
76792
84666
76666
86792
78125
86833
78541
84000
76875
84375
77042
78083
76791
89084
77625
78083
79709
77708
86584
77833
77208
77791
76500
90167
76167
78500
77500
710167
47125
45500
45084
45375
45334
45000
45167
44833
45916
44958
48708
45375
45208
44709
64084
45083
45167
44875
45458
45667
45375
48083
45292
44875
44958
49583
51334
47500
45000
44584
44792
44250
47375
45167
44791
58500
44625
44209
57625
45250
45166
46583
44834
49250
44917
52750
44833
52667
44708
46167
44875
57167
44709
64000
47208
45334
56584
44084
45375
56542
44750
44959
56667
45084
44917
49542
53459
42291
50750
37875
38208
40583
38166
51541
38542
39084
48375
38291
38708
51541
38500
38792
50791
38250
39125
50791
38792
38417
41542
38541
46458
38625
38542
50125
38083
38750
39708
38458
50083
40208
38834
45875
38333
37833
50875
38458
38542
50792
38500
38666
48708
38625
38583
40625
38417
51458
38250
45000
51916
38208
38750
42750
38584
39542
41667
39084
38042
45916
40584
38250
46250
68208
38959
51125
38750
38500
48125
42625
6651250
41250
43541
39375
38875
38375
38416
46541
38750
38625
37833
41709
38875
38542
38625
38917
38417
38208
46125
38000
46417
38792
41000
46209
38875
49000
38291
38083
45333
38458
40416
38125
39875
40583
44291
42250
39916
38125
46167
38542
38417
50458
38209
38584
48208
38583
43042
38458
46292
45167
46375
44875
57083
44500
57459
47458
57500
44667
45000
5659584
68375
63291
57208
56791
57125
56250
56584
56709
56417
56291
62208
56834
56792
62959
59125
55792
59917
58459
56375
56833
56250
59417
56334
56333
56500
56542
56416
56375
63083
59208
57250
56000
67083
58791
56416
56417
56292
56417
72708
57459
56875
55708
56500
56500
57125
56250
56042
56416
56875
60916
56583
56750
56083
56542
56542
56875
104869292
6771792
5024625
79875
82647834
84042
81625
79166
79917
79125
87709
77709
80166
77750
78834
85208
80500
78375
77500
89750
78250
34581708
91542
79958
78000
79167
80250
79708
78166
92708
78125
81833
86292
15394709
46089500
181823083
19115208
80667
78833
14786500
31113208
31099959
63239958
120870792
77159792
82667
79416
88500
77416
78000
77583
78541
77125
79417
76875
84833
77084
88416
77167
88777667
86000
3509791
81000
86333
78208
80125
77916
91823250
24805167
152643500
39365333
41051083
172150292
391626000
94875
309006542
87583
98000
79709
81500
80416
78791
80042
78917
79834
78833
79417
86875
84833
79292
79792
81125
79583
79666
79584
80666
78208
80250
79459
86458
85625
90042
79291
88125
78792
80250
79292
79084
78292
90250
79042
79084
83541
79167
77959
79416
78959
73250
45625
47166
45542
45667
45458
56500
45708
53583
45125
47125
45250
45708
48042
45958
46250
47875
50333
46917
45500
58000
45583
45291
45875
45542
47583
49750
54625
48250
45500
53417
45042
47041
45292
46042
49125
58125
45209
45667
47291
42000
83209
39292
40667
38833
39958
39167
40292
39042
39708
39083
38917
41000
42000
42583
40292
38875
47042
38958
38916
50916
39125
39208
41542
39334
46916
39250
40500
39041
47042
38834
39083
51917
39125
41500
40458
38875
41042
38500
39417
43292
40833
43209
40750
38667
53125
43416
45625
40667
40083
40375
40084
38875
42625
38709
40083
38750
46500
39042
39250
50875
39084
38917
51792
51625
39334
48292
39417
41792
47958
38875
38833
42833
30169333
88209
79417
81625
77333
79291
77042
79291
77666
77458
77458
96166
77834
78042
85292
79709
77458
77792
77291
77459
77667
78916
82083
77916
77292
85584
76500
76917
83500
86125
77250
90166
76667
91417
77000
79709
76792
83459
76625
77750
69958
55958
44542
45000
7140083
86375
81958
77458
85291
77333
85916
76542
78458
77250
78791
81583
90125
77292
79750
77500
90791
83291
78084
77666
90792
77209
82917
78542
78125
76500
84959
77959
90167
76875
90041
76625
84958
83000
76875
80291
89709
77333
79250
77084
90792
185417791
52577791
92256250
83480042
100712333
176820333
3889208
98057292
1020043125
318228583
86667
79334
373260125
514108250
87792
79667
79250
78917
98541
79083
77667
78666
77833
82209
78292
81208
80792
78250
81000
83667
79458
77333
80417
77542
87875
77958
80208
77666
79875
78250
75125
45125
46458
45375
51583
45167
46667
45542
57709
45334
46750
47792
54625
44708
53208
45416
53250
45125
57209
45542
45750
45750
49709
44916
45708
45542
48333
59375
46667
45208
56125
44750
44750
48792
44958
52750
44958
57833
45083
46708
46333
38375
50875
38083
50917
50584
38250
44417
46166
38458
38791
50625
38917
38542
52375
39041
50375
46541
38750
38833
50542
38875
38708
39667
38792
40208
38125
41917
38500
39875
39500
38875
39084
39000
38958
46375
38625
43375
42042
83443542
129750
38809875
82417
135686709
450610833
94167
93791
30094917
82459
53177959
47879208
85125
79000
78875
80500
78584
77625
78667
78125
83000
77542
95583
77500
78875
77083
82417
77750
89917
77000
889084
78875
78958
78750
79042
78125
78750
1008667
86041
80708
79958
104166
87750
81292
80375
79209
8148084
10058208
769963833
97583
407222959
64785083
84000750
92163625
1156333
81083
88125
78875
79417
83875
79625
77875
78291
78709
85625
82917
82834
77791
90375
77375
78542
947333
80834
80542
78167
80208
78042
84917
78250
79875
77875
79291
84625
77375
78333
78334
77375
95458
32871625
4946708
8025958
50395334
22821750
14811959
336957292
97083
32536333
71250084
42224250
83125
589750
78458
78708
78625
1571584
957709
79084
77666
79292
78042
77250
78125
77167
78167
77334
78625
83791
78792
77542
78750
77250
77875
76958
78958
78166
78583
77750
81792
77667
79250
77625
78416
78292
78375
78792
77125
77667
86000
83583
78000
76084
78625
77375
60792
45167
44584
45209
46042
45125
48125
45583
45083
78083
60291625
65783792
609102875
95792
767061125
86042
78500
79833
80584
78083
78542
86541
79167
78917
90459
86917
108417
78417
85375
989208
90167
79166
78416
84417
81000
78083
78125
77875
78000
77792
83667
82417
77750
86000
77333
78291
78292
84333
78375
83958
78084
91708
79791
45750
45250
53375
44709
46750
45250
45500
44542
46750
47791
46666
1899500
60959
59583
57834
58834
58166
58292
57375
58834
323625
114854875
82375
78125
81917
78000
78541
77708
85458
77417
78666
76750
90250
77500
87000
77458
79125
78125
89500
21206208
80167
86625
78375
79541
77625
85542
77791
29647708
3685916
2972208
2822541
7296708
27732458
2469833
79500
80708
78250
86750
78709
79084
77834
78208
78125
79167
82500
83875
77875
78500
83584
79709
863917
81708
78250
79917
78125
90834
77167
78625
76791
78750
77250
85125
78291
285833
78834
35991542
80125
77334
79583
77417
87917
76541
84583
38752125
81583
78083
79083
78125
80959
77583
77917
78708
78125
76833
91000
77334
77500
77208
80052083
84417
79125
77542
77417
78458
80208
77666
77042
78375
91000
93416
87792
90810208
27949208
81334
82417
77833
81875
77917
78458
77917
77458
23302000
13687000
55464916
82500
78208
77458
77333
78166
78375
77834
77417
77542
76125
86958
77708
85542
78666
78541
77375
83375
78667
89292
83083
86458
71542
46042
44708
53125
44750
46083
45084
46958
44500
46041
49958
49000
50291
45833
45500
45208
45667
46792
45417
50000
54583
47416
47917
45125
45084
44208
45208
45125
57208
44541
44958
45083
44833
55500
44500
55792
48583
45250
50375
45708
46458
41500
39459
38500
41500
38542
46750
38333
38042
43333
38208
50458
38292
38375
50458
40708
38833
39416
45708
38041
51000
38500
38292
51333
38542
38667
53792
38125
39583
38666
46125
38375
38375
45584
55417
38666
48125
38375
38584
50291
38583
38625
40166
38125
41583
40875
39625
41250
38250
38417
38292
38584
38208
38375
38250
38417
40959
38208
51250
38334
38334
51625
38667
38000
39000
38375
51167
40916
38625
40833
38209
55500
40917
38583
41000
41250
38750
50416
72667
42125
40208
38667
46208
37958
38458
39667
41417
46875
38542
38209
40083
38541
45791
50167
38542
39625
38250
46625
38166
38625
51625
38709
96749417
82167
78584
77584
79667
78167
79334
77583
86542
108356417
85542
3922500
45757291
89750
79709
79333
79000
78083
78917
77709
78958
77375
77417
91167
82125
78875
84083
77958
78542
78292
82458
78584
79083
77792
95125
84166
79459
78625
92834
78458
76625
78334
77042
89750
77500
90000
77583
76875
88709
77125
89875
61917
52959
45291
53083
45084
49167
45292
52958
45000
53625
44583
57666
45042
44667
53250
45209
48166
45458
46083
46542
47250
45125
52542
45084
57083
29410333
2926291
316468083
83958
38571750
371021041
87875
306971542
313048125
88209
79125
79375
79084
78666
82750
79583
78500
78083
78583
90750
81750
78708
89750
78542
85709
78250
86417
78709
78292
78375
90458
77584
91416
78084
80417
77791
92208
78041
91542
77833
78583
82417
86208
78458
91541
78125
92542
77208
77916
86791
67209
46875
48208
47459
45000
54917
45042
45042
47167
45208
47334
45583
57416
62875
45625
47417
45459
46833
45333
42548833
83791
81334
79875
86875
206752459
93166
7670750
116288792
2670958
8062125
82292
78084
78708
78625
117208
98334
82500
80042
1136708
84125
1207833
80417
79042
85667
80000
118667
79416
2826667
140632084
85417
80084
78708
78333
78417
77625
77333
78000
77708
78542
87042
79125
76917
79500
77750
85584
77625
78708
79583
79541
84875
83583
77625
81333
78167
90083
78459
82292
76875
79875
78083
78708
83291
78167
77750
84333
83042
81208
88208
73250
46750
47125
45291
52042
45458
53083
45167
52917
45833
46417
45041
45000
44792
44542
55417
44792
45000
52667
44625
53042
45291
45292
45708
52708
61250
50667
46125
45041
45208
45083
44750
45833
46333
46083
62708
47458
48000
49584
46834
42375
39833
43791
38625
47542
38584
42166
39541
38333
50875
39167
38500
41167
40333
40500
38583
46917
40875
38625
48250
38792
38833
46334
38708
38792
39958
38541
48542
41500
39292
50167
38416
38916
46250
38416
38708
50291
37958
38750
50375
38625
38542
38833
38458
38541
39166
39333
38166
38584
38667
41083
102792
44917
38875
39667
38792
40333
38667
39667
38875
46583
38667
40375
39875
38500
47958
46167
38625
38209
38750
40500
40708
39917
40917
47792
38959
38958
40416
38875
50167
38208
38375
38584
39000
41708
38750
51208
38542
38125
40208
44583
40208
43041
38917
38500
40916
39500
38458
50542
38209
38500
50334
39084
38625
39167
38459
50708
40250
38250
40958
38458
40459
38250
40875
38875
40833
38375
43333
38416
40625
38584
40750
39209
41417
38833
51375
38542
38292
46667
38625
46750
38584
38625
41083
38833
40500
38416
46875
38916
41167
39375
38291
47000
37916
38458
50250
53708
38916
72539458
88958
8735791
12960292
68025834
2935375
149312417
157284708
54569000
24050958
67998417
20875
18542
3397583
19458
17875
17042
17083
16958
16791
16666
16542
17250
16875
20375
17083
4079750
25125
19333
18958
18917
20250
33811875
28042
1111167
25625
23916
24000
23209
23542
23459
809084
24208
22709
22958
23250
2677875
916000
23875
23042
22917
4324208
23958
678166
23791
23292
22708
22916
8759042
28917
27417
26958
26750
26625
39958
32003375
694333
33875
188764958
75862917
1751750
50791
47209
92193333
584417
1492208
48250
45583
45709
45416
56250
48625
45875
3475334
43416
40000
39125
47708
39416
46167
42542
39042
69759875
147008375
36735625
248075875
446146916
533584
879500
13146083
19090583
34130792
37856833
81375
35836417
80083
78292
86140917
6722083
27196708
30975916
71008791
101129416
90041
2159000
85958
80708
85500
80083
77625
78541
78000
86041
79834
79625
86250
86042
79166
78167
83375
78584
78500
83500
77500
84958
79375
85541
87875
79750
77875
79167
77041
79750
82292
79916
89542
78125
83708
81000
81000
79125
77500
77792
78167
79458
71167
48209
49417
53416
45958
51000
47708
45959
111709
58334
49500
49625
45667
47709
46666
46291
45083
48625
56125
45958
44834
45292
49250
47542
44750
47542
44583
50750
52500
46375
46000
47542
48042
51417
11559125
43125
39500
39333
39458
43208
39459
42458
44375
39167
87632542
85125
78292
79917
78667
79541
77000
79583
78542
78875
4656208
144609500
86041
80459
79708
78166
78333
77041
77875
76792
79542
78375
92834
78125
85208
76792
78042
77208
80875
83417
85209
78417
86500
77583
46417
45250
54333
45916
46583
44750
46000
44459
57875
46833
47875
45417
45334
57042
45458
45334
53125
45041
53792
44583
45042
49209
45333
46250
45167
45417
45750
57084
45250
17978833
83542
79333
77917
77208
84875
81958
79916
78875
79125
78500
84542
78875
78625
76875
78166
77333
83416
77750
77875
77416
77708
82792
77750
78333
78375
78500
77542
77125
77958
76709
77042
77375
83500
77750
77708
78375
76291
77667
76583
78125
64833
44833
45875
48500
46375
44709
45042
44875
45709
45042
46125
44625
44584
45500
49083
44334
46333
45417
46125
45333
53166
45375
52542
44792
46833
49917
46125
45000
384966500
86792
73151833
131920292
36583
30917
31167
31334
30917
30250
31708
487287875
65708
58709
57625
67792
58875
61708
62833
61583
714996458
394542
12039458
86167
48097417
43426875
24441500
53792
43000
38792
41625
40250
39917
40250
41125
40292
45042
49583
41583
43583
40666
53000
54291
42542
40000
40875
43750
41542
49666
44750
40209
40834
40792
40958
43458
40250
40333
40083
41291
47542
40292
40458
44209
45208
40208
40125
40625
40750
39917
40458
44416
40500
39958
40500
39791
41792
40750
39166
40333
40250
42458
47584
40291
7762833
1984583
34292
33375
32875
48042
32375
31375
31541
31958
31750
31417
34417
32083
43791
32000
32709
31666
31291
39167
32166
31916
31541
34125
31833
31459
31042
32542
51084
36917
32459
115292
33750
32250
33041
33792
31250
31333
31417
31250
31416
31333
31875
31292
30834
33875
32042
31583
31042
31375
31292
38917
32125
3018042
33250
28875
27625
27041
26833
27292
26291
26542
26375
26375
30209
26958
26625
25917
26417
33208
27000
27625
26708
26542
26417
29166
26584
26709
26750
26459
26041
26459
26667
27041
27583
28500
29333
27291
27250
25833
26167
27625
26666
26500
26458
26500
26250
28500
26250
26542
26542
26000
25625
49167
28583
33792
26667
27583
42125
28416
27459
26625
26292
26958
1982041
28042
27417
27041
22169375
1532750
24417
23917
22875
23375
23500
23291
23166
23042
23209
22833
25167
22833
23250
23792
23708
23709
22958
22750
22667
24459
23250
24625
22667
23666
22875
22875
22833
22958
23208
22917
22875
22833
24291
23250
22458
23625
24000
23583
22833
22666
23167
22959
22459
24583
23042
22625
23583
23708
23250
23625
7874083
24375
23250
22542
22459
22959
23292
23083
22750
22708
22500
24958
23041
22458
22708
23042
23667
23083
17596166
26792
24042
23459
23333
23209
23250
23000
22834
22459
22667
24916
23167
22792
23000
22625
22792
22625
22708
22750
22958
23041
24459
23000
22667
23167
22875
22666
23333
23334
22916
22500
23208
24625
23541
22792
22667
22750
23083
22750
22417
22875
2386458
28417
21792
20875
20916
21125
20708
20292
21000
20125
20916
22458
20250
20833
20875
21083
47750
25917
21916
21208
4454584
26208
24459
23041
23083
23000
22458
23166
23042
23042
22791
26167
23416
23250
23125
1441000
25208
27042
23417
23125
23625
23000
10441875
23458
32375
20625
20875
21250
20500
20250
20417
20250
20333
22750
20375
20750
20333
357584
21375
21000
21666
21041
20708
20875
20875
20542
21375
20542
21708
20375
20584
20416
20875
20958
20417
20500
20833
874917
21042
21000
20625
20750
20666
20750
20167
20541
8346541
22875
21125
20833
20417
27500
20459
20750
20375
20417
20333
22083
20125
20417
20500
20583
21292
20500
20500
20333
20542
20750
29833
21209
20375
20667
20833
20500
20583
20750
20791
23417
20417
3361583
21083
7338583
22042
20458
20708
20416
20750
20000
20125
20791
20791
21333
22208
15619583
31708
22917
22000
21792
21417
21083
21084
20875
20208
21000
24792
20291
21709
48375
21875
20875
20208
20792
37625
21208
22000
22916
21625
20333
19875
20959
19541
22291
20375
20167
29583
25625
23958
20541
20917
20541
20458
19875
19916
20125
19917
20167
20250
22750
20292
20125
26833
20208
20125
20083
20084
20208
20458
20166
20209
20583
20083
21209
20041
20250
20250
20375
20375
20333
20459
19958
20167
20375
21875
20083
20917
7314291
22667
21292
20500
20500
20709
20583
20125
20291
20291
20042
22375
20292
20416
20375
20250
20500
20375
20417
3473375
21625
21042
20833
20250
20958
20583
20250
20542
20583
20333
27709
20750
20209
20250
20375
21125
20583
20917
20417
20333
20042
21958
20416
20334
20333
20458
20375
20375
20166
20625
20125
20667
51416
21000
21041
20250
20542
20291
21000
8748208
22625
21250
20208
20500
20209
20166
20250
20416
20709
20208
22209
20375
21083
20375
20375
20584
20708
20000
22375
20792
20167
22500
20500
20416
20084
20500
20292
19467500
25583
23583
22708
22959
23083
23000
23500
23125
22792
22750
24750
25250
23375
23542
23084
23291
23083
23542
23250
23333
23167
24500
23084
23208
23291
22792
22875
22708
22583
22958
23333
23291
24208
22875
22792
23208
23041
23000
22834
23292
23458
23250
23250
24667
23208
22791
23542
23417
22875
23166
22791
23125
23166
22667
24583
23041
23000
23166
22792
23000
22791
23208
22875
23250
23000
24167
22958
23375
23750
23958
23416
30417
23541
23667
24500
20417
21750
20708
20250
20375
20333
20584
28333
20541
20250
20458
20167
20583
21625
20583
20250
20916
20583
23375
20875
20291
20292
20833
20458
21292
20083
20500
20875
20291
20334
20417
20458
20375
21500
20209
21625
20709
21000
21250
20875
21250
20417
46041
20667
20625
21000
21000
20250
21250
20333
21041
19792
37792
29958
21750
20750
20541
20750
20416
20458
20625
20417
20375
20250
22292
19916
20375
20167
20333
20458
19875
20292
20500
20375
20500
20084
21458
20167
20625
20333
20167
20125
20292
20209
20417
20250
20375
21708
21125
20708
20167
20292
20083
20334
19958
20084
20375
21625
22166
20209
20083
20458
20042
20292
20458
20542
20167
20166
20500
21375
20292
20250
20292
20292
20208
20083
20333
20167
20208
20333
21834
20458
20125
20416
20250
20583
20459
19875
20083
20292
20458
21292
20333
20667
20416
20416
20334
20250
20125
20375
20041
20209
21291
20167
20167
20250
20167
19958
20292
20041
20250
20000
20250
20375
21792
20625
20375
20083
25584
11620875
22125
21083
20333
20500
20209
20291
20416
20417
20417
20250
4187292
21625
20500
20125
23167
20333
22138500
171274750
42916
33958
407554375
105083
80167
80541
79209
79500
78750
82834
78708
80833
78000
81750
94750
82500
78125
87041
81209
79667
79750
93667
157333
95750
84042
110500
80292
78250
79375
80625
78709
79500
81083
78167
78125
79459
87542
78708
79625
78041
80667
78917
75500
45292
46208
45542
53625
49458
45792
45625
54958
45167
45125
47042
45042
57916
45125
47292
48000
51791
45750
53083
45209
46333
45083
45208
45208
45292
45292
47542
52167
45250
54166
45625
46083
45041
58417
44875
45417
46583
56750
49125
43166
40333
38834
39084
38625
49708
38500
39000
50333
47750
38667
40583
38916
46625
38458
39208
39667
38834
50250
38625
41666
50708
38666
57125
39875
39000
41542
38667
46584
39042
38875
51834
38500
38791
42708
39125
46667
39000
39125
49042
51917
38875
40333
6188709
42416
41000
39459
39125
39000
38209
38333
38584
18091750
85833
80042
77500
77917
77708
79292
78292
77459
77958
77500
92416
78334
76875
78542
77666
76834
78583
77708
85125
85916
79750
70750
45583
46250
46333
45292
45209
45583
46375
45167
53833
45333
47959
44959
45292
45959
45208
58166
45209
45209
58792
46583
47584
49417
45208
45084
45625
46542
47584
69750
50667
50333
47041
46083
56250
48250
46666
45625
46000
45167
45917
42709
47042
38667
39042
52625
38375
52125
41834
38958
38583
43542
38000
40167
38667
39917
49125
39709
39334
45209
38458
39708
38917
50291
38291
38500
40083
42459
46541
38958
38209
53375
38417
169702291
104000
84750
78958
79292
81167
84833
80750
79125
96625
91834
80042
77708
82083
77541
78708
77833
89166
92041
247125
70792
46750
45833
47042
46250
47541
51042
52667
45500
47083
55125
46417
45542
53583
44833
45917
46125
47125
45792
47000
46167
50916
45334
48542
45125
47125
49458
47167
45334
52833
45375
57416
48375
44875
58000
45333
44959
61375
46417
47875
50250
48791
41375
43458
42500
42958
38750
47334
38083
38333
41625
38250
39875
38125
42750
75666
39875
38500
1990708
45542
39375
39042
38542
38458
38583
39042
38500
42208
39750
41750
52000
38709
39084
38500
39916
38417
39000
38333
45292
38542
46208
39125
39458
38500
49291
38500
38625
40292
39125
39791
38417
42125
38708
38875
38792
39583
38250
40166
38583
50083
37667
38292
42458
38417
46500
38542
38334
50000
38167
38750
40250
38791
40292
40791
40458
38541
50625
41167
41042
40709
39125
39541
42041
39542
42708
38958
42959
38416
38708
38584
40417
40875
38834
38459
43500
42875
45125
38833
40000
38666
38417
44000
39250
41708
39416
39292
39458
40959
46125
38708
38958
40583
38208
39459
38458
43750
38625
46375
40625
38500
39958
38750
46542
38333
38583
40083
38708
40000
38375
45583
38042
39792
38084
40375
43375
44459
70750
40292
38625
38583
39333
42042
38750
38250
38750
38625
38875
45333
38625
54666
38917
38625
38000
38709
38875
38042
38375
38583
40875
38708
38292
38709
38667
38500
38416
38625
39166
38458
38542
42292
41375
43084
38375
38584
38917
38667
38500
38291
37917
38625
38542
40542
37875
38833
37917
39500
38792
38583
38416
38917
39084
38792
42666
38666
38541
38458
38833
38292
43167
38542
38583
38916
38709
40792
38417
38542
38500
38750
38416
38250
38667
38166
38583
50458
41041
38958
39125
38958
40125
42541
40250
38625
39625
38292
46250
48333
38375
45292
39958
43208
38500
39916
38333
38500
38792
39250
39125
34917
33625
34875
33916
41916
33625
33541
41166
33334
35000
38459
40375
36667
33500
34625
33292
35375
33875
59083
33917
35125
33833
42334
33584
34166
33542
35458
33666
41042
35792
33625
33916
33958
34166
33459
42750
33209
33167
33250
35042
45625
38917
35958
36833
36875
36667
34083
33458
33375
37708
33875
36041
35875
33625
33459
33708
33917
33625
33708
37833
37542
33834
35083
37000
35000
33458
33500
33500
33459
33500
34542
34792
33542
33625
37792
33875
34750
33708
35542
33542
41542
33250
33292
33875
44125
33500
37791
36042
33833
34917
33208
33583
33416
33208
36292
33500
33542
36417
33709
37792
51750
33959
33583
33500
33292
33667
33416
34375
32125
29917
29750
31458
29583
30084
33458
29875
30000
29875
29750
30166
29542
30208
31458
30625
30375
30583
29958
30167
29875
30000
29833
29708
29666
31709
29709
29833
29625
29917
29542
29625
29750
36959
33250
30083
31750
30583
29875
29584
29791
29708
29875
29792
29666
29959
29666
40792
29833
30209
29833
29667
29750
29708
30000
29708
29542
30041
31375
30125
30167
30000
86917
48625
33917
35416
32625
34625
31791
41209
32291
31958
32167
31500
31375
31334
31333
33667
31542
34125
31750
34167
31917
31791
31459
33833
31625
31875
41125
32333
32417
34542
33875
31500
31584
31375
31708
31834
31333
31416
31458
31625
31375
34375
32208
31584
31833
34209
31708
31666
65000
33875
32541
34208
32000
31083
31875
31500
32375
32000
31250
36375
31541
31250
31959
31250
34375
31458
31875
32000
31916
31208
33458
32250
31750
31041
31542
31584
42458
32250
32333
31834
31958
31750
33291
31375
31125
31791
31666
31250
31792
31500
31292
31500
31625
33333
31708
32041
31166
31125
31333
31250
31583
31334
31458
32459
33542
31083
31292
31167
31084
33458
31541
33500
31541
31625
48791
33584
31875
32375
26500
26625
26167
27083
27125
26334
27042
26375
28167
26583
27041
26708
26833
26333
26916
26666
26166
26709
26291
28083
26417
26875
26291
26834
26125
26791
27084
27500
26666
26834
28041
26875
26291
26708
26792
26625
26709
26542
27750
26917
27125
28834
28000
28959
26792
26541
26916
26166
26333
31875
26208
25917
26125
26125
26375
26209
26375
26542
26208
26917
27958
27000
26292
26250
26416
26833
26250
28917
26667
26583
26417
28709
26750
26542
26750
26250
26667
26709
26000
26417
26375
26417
28250
29208
26792
26667
26458
26625
26166
26292
26334
26208
26792
28041
26291
28792
27000
27084
26167
26333
26375
27125
27458
26667
26583
38583
26791
27792
26875
83833
27042
26792
26458
26500
26417
26417
26125
27292
27458
26834
28042
29291
26541
26500
26500
26666
26209
26375
26375
26250
26333
28375
26541
26834
26666
26667
26209
26542
26916
26333
26417
27000
28250
27458
26542
26542
26250
26042
26542
26042
26500
26500
26750
28959
26500
26750
26333
26750
26416
26334
26291
26084
26750
26417
27750
26292
25833
26667
26458
26583
26500
26167
26250
26042
33334
29166
29208
26541
26583
26459
26458
26459
26542
26292
26458
26542
26208
28250
26500
26625
26708
29583
26250
28708
28542
27916
26584
30291
3504125
28666
858209
824625
1302917
2725209
2950625
27833
5854500
27208
26750
27458
26375
26541
26209
26292
26041
26542
26250
28000
26375
26208
26209
26208
26333
26334
33375
27209
26375
26792
28625
26667
26375
26416
26458
26708
26834
26708
26375
26458
26583
3558542
32500
31708
649000
3289833
32333
31750
31542
6367375
32084
29500
29917
29292
31500
29125
31708
29209
31333
28667
36542
28750
31583
29083
31292
28750
31041
28708
31417
1028709
35000
34916
32542
30666
3330958
31916
33500
30375
32542
30375
32667
30042
32417
29875
30250
32208
30333
30125
30250
29625
30041
34792
30917
30041
29709
29500
31708
29875
29833
29833
29916
29584
30250
32125
29875
29917
30458
31625
32500
29791
32292
29708
32291
29958
32417
29916
32459
29542
33583
30291
32292
30000
31917
29792
32500
35291
33042
31542
32458
32125
62250
30208
35167
6233875
2397208
36583
34333
36417
38750
36042
33625
35958
34000
35041
33375
38917
33250
1185792
38708
886334
5047209
34250
1952458
38750
38542
38375
43208
39292
39750
39041
38417
38708
39625
44083
39292
39708
39958
38667
40041
38417
39709
40625
40250
43000
45250
38333
38333
38208
38708
38708
44833
42667
43417
38542
40666
40458
44958
38167
40666
38292
41000
38625
41083
38458
41333
47000
1515292
38958
1463125
44459
40083
40084
40000
43584
39792
39459
44834
39375
40292
43166
41042
39375
39541
39459
48417
39125
4797333
40959
40666
42000
39792
38917
38708
38417
39834
39958
38750
44792
41792
38625
40959
40667
39291
38417
38458
38709
46167
46250
41958
39167
41500
39375
39792
38334
40000
38584
47625
38917
38625
43459
38584
38584
38334
39209
38291
51125
42750
38875
43250
42500
38834
41833
38917
80042
39542
38500
38834
39125
38709
38625
38375
534292
858250
1329958
701541
41292
836625
43084
1300875
44208
40875
38125
40750
50000
41459
39375
40667
38708
41167
1475083
1072416
39292
41209
895375
2364792
45833
38875
578458
39791
39209
38834
23722084
82333
77333
80792
88625
85875
82333
89083
77042
80542
78167
79250
77167
79625
77333
79500
76750
92584
84709
80000
82042
85958
79584
76416
79459
82834
97667
4902208
81417
77417
80166
79291
77291
78958
77791
78875
77083
78667
82042
79916
77500
78667
77333
79500
77417
86792
77750
80083
78292
81875
77333
78708
83584
79833
77875
79083
77375
79000
77125
79000
83583
79167
77083
79666
77417
74583
44916
47042
44833
47166
45167
50042
55292
48625
46583
50792
45333
48208
44375
45625
46417
77250
55542
46042
46667
66417
50292
47834
44959
45792
46500
815042
20195459
82042
78875
88125
78542
78667
79250
80541
78458
81125
79375
98917
79875
78209
78916
92458
78000
28685792
63417
56833
59042
56833
59166
55834
58750
56292
58584
73291
12245875
79792
80500
1913958
82083
77750
79084
77834
79750
76583
86958
78833
13925584
9966500
81917
181041167
90459
502160417
29791
27833
26833
26958
26500
26750
26208
26250
26083
26333
29334
26333
26541
115536166
54538708
31250
28625
27458
27125
26875
27042
33416
27292
26750
27083
29042
26667
26417
26500
26209
27166
26584
32500
26708
29042
26583
28458
32666
27375
26458
26958
26750
30667
27542
27084
28000
27584
28666
27125
27000
26959
27125
26333
27375
26708
26750
26667
26500
43750
26792
26959
27375
26167
26459
27083
26500
27167
27000
27125
28750
26917
27166
26750
27959
27916
27208
26708
26625
27541
27250
29125
28084
27041
49459
27042
26292
26750
27834
26292
27125
26083
27208
26125
27084
28917
26958
26500
26875
29416
26375
26375
26750
26709
26917
31459
28125
26834
26542
26458
26458
26542
26959
26833
26500
26333
26375
27916
26958
26875
26541
26416
26416
26292
26125
27334
26666
26416
28042
26833
30292
7393958
27791
26959
26500
26208
26792
26333
25959
27250
26625
26125
1603916
104999334
93541
82625
80708
80125
76583
79417
78167
82125
77250
77375
97667
79834
77875
79917
77959
78541
78417
80375
86042
77958
83708
66416
46000
27156791
86875
80125
79375
81459
78750
78459
78042
61393208
67075875
9717833
93552542
35952667
86250
79625
77458
78125
76875
77875
77042
79250
77459
79667
89459
79709
76833
80250
78083
79458
76458
84375
79417
79500
77375
86167
54084
49084
45125
47334
44417
47084
44334
47083
44542
53792
48541
45708
44750
44875
45709
46167
47625
47833
45250
47375
44792
49709
44584
46875
44667
46916
45292
47833
44375
47500
45042
47125
48708
45209
44959
47708
44292
47375
45708
46375
40833
41000
38375
42541
38458
40375
38584
40458
38791
50875
38291
39208
39375
38791
47458
38208
40667
38875
40500
38791
40958
38958
40833
38042
40709
38792
46666
38583
41166
44208
51736208
24852709
87625
1516959
1076000
53388542
891117041
86084
80000
78250
77666
77375
78833
78084
77166
78666
78042
88208
77375
79542
77542
79250
78166
79292
77708
85334
78250
79209
92250
77959
78750
136394917
84292
78667
78125
77500
77375
77542
77167
78333
77792
85125
94708
89000
76417
85542
76750
89917
76917
78083
76417
78291
76917
90417
76834
85416
81292
77750
77791
77292
77625
71250
45250
45000
47291
44541
44458
56042
44583
44792
54584
44833
45083
57625
44666
47125
53458
44875
52333
44625
57333
44916
44792
52500
53208
44917
54209
45583
44667
56416
44833
45583
57333
45583
44416
57792
44792
49292
44583
48750
45791
43750
38291
45750
38416
38333
45750
38375
40583
47083
38166
38000
51292
38333
38042
51250
38291
46250
38250
38542
41792
38791
46167
38667
38417
46584
38584
38459
50833
38459
39750
40958
50542
38000
38750
39125
38709
51833
37958
38708
40041
40292
44625
38375
48208
38416
39125
39500
38625
69792
38375
43125
38125
45667
38208
49333
38583
41167
40000
38125
48375
38083
38375
50875
37833
38667
50584
38875
38334
49750
38042
40666
40708
38625
46042
47750
42417
40375
38375
40208
38250
40459
38709
41875
38458
44125
38709
39292
42750
38833
38916
39708
38708
40333
41083
128125
38708
39000
39125
42834
38583
39458
38458
48250
38416
38167
43459
38083
40875
38458
41417
39334
43000
38750
40958
38416
40500
40583
40834
37792
41125
38166
41209
53542
41125
38250
41125
38167
49416
38333
38541
49667
38958
39542
38166
46250
38125
38375
39500
40125
51584
38584
38542
39625
38375
39750
38250
40084
42667
42750
40291
48958
38042
38542
42500
38750
48834
38083
38167
48375
38333
54000
39709
38542
49958
38000
38167
40291
38958
44334
38167
40041
40459
46084
38250
38625
39625
38291
46417
38166
38709
40542
38417
39750
41041
40042
38625
39000
33459
46584
33500
33333
46333
33375
33541
36625
33375
34792
33459
44708
33166
33667
44958
33375
33083
45167
35250
33458
46000
33084
33500
45500
32958
38458
38084
33542
33417
33500
33625
33166
46875
33292
46291
33334
37083
33500
50584
33500
36583
33250
33708
33583
33375
33333
33125
37084
33542
34000
33917
33875
33583
33416
33417
33292
33291
33375
46834
33292
33542
41833
33458
33417
46375
33375
33459
36792
34000
35083
33708
33334
69250
36125
1289875
35709
3830334
36875
3960291
41459
6730458
40666
761625
1752000
40291
39416
44458
1344666
45125
39125
39333
39000
703208
1032292
13636334
89125
78875
78625
77542
81500
78000
77625
76791
76750
77833
83166
77292
78291
79875
84917
76917
83667
82334
85541
77208
83500
81500
65833
46125
45125
45416
45250
58250
45208
45125
46291
45416
48042
45250
45875
44666
49750
48458
45250
44958
52708
44958
3710917
81375
78167
78125
77875
17195750
81000
78500
78708
77542
77625
77959
77792
76875
77667
76875
82917
78416
77458
77125
77542
76875
76750
2361250
82292
84459
79750
77833
77667
77458
77209
78583
77458
76833
85792
77958
77834
77792
76625
78459
77875
77208
82667
78000
77959
81959
76625
77875
77542
91666
118833
84459
77375
8210791
82833
78083
78000
77709
76958
77084
77125
77541
76667
76875
82458
92042
78666
77208
80250
78000
78125
78042
77250
78958
77875
85167
78125
77209
77500
77750
78125
2183792
79417
78333
2494417
873208
3206417
87708
77459
78958
77750
85667
77584
84750
77042
85042
77125
82833
77708
90708
76958
77584
76166
79041
83542
91667
75916
90000
82291
78917
71000
53041
44333
8009250
79417
83125
77375
77958
77083
81125
77542
79459
77500
77666
82375
88375
77875
78792
76958
90167
76708
85375
76833
84084
77083
83375
77083
84917
77125
90209
77750
89583
77625
23844917
80209
77958
77000
78416
77333
78750
77292
78125
78125
79417
83125
84375
77250
77750
549625
2968625
85708
78000
78000
78000
85791
77209
84667
77875
84417
76791
92000
76708
79125
77709
89291
77500
83666
77000
79209
2153917
499583
80125
84375
78791
79000
79750
78542
90334
77834
92833
77917
86208
11227625
78833
81667
76542
85208
77250
78166
77875
76917
77583
78208
82500
82417
77375
90375
76000
79125
38922875
86584
80250
79792
78917
79125
77625
79584
78250
78500
76958
94375
77834
86750
76916
77250
77916
82958
76542
84375
77042
31039000
85042
80083
79709
79625
77334
78792
78041
78042
77208
78750
86500
77375
77583
77417
76541
76250
81875
77667
79542
80583
50292
50667
46667
58587083
84792
79084
77666
78709
76625
78583
77416
82750
76583
65500
50500
45875
45416
45667
44667
33857458
82209
78375
77000
78500
78250
78250
77583
78583
77084
78833
85583
77708
78083
83959
77583
78417
8357584
86166
79917
85583
77750
79042
77417
78500
76875
77875
76833
85375
83709
79708
76958
77875
80666
91291
77125
78416
78083
80041
85250
78083
77041
77500
77250
77500
78083
79292
77917
78750
78167
85000
77375
84292
77125
78083
60542
46375
49125
45375
45417
54375
53792
46625
45125
44792
46542
47208
45417
9000375
80250
78292
656042
78541
77125
692833
82500
863625
78667
80042
803500
77641042
70330000
31333
28000
28292
26791
27125
26416
26875
26709
27458
26625
29750
26916
26709
26250
26250
26833
26083
26542
26416
26667
26583
28375
26459
26333
27292
26542
26583
26542
26875
26875
26542
26417
28417
26583
27292
26250
26750
26916
26500
26375
26541
26667
26625
28583
27584
26750
26833
26417
26792
26500
26584
26250
26333
26583
42208
26834
27500
26375
26500
26625
26916
50209
27250
27083
26417
27083
26583
26458
26709
27291
26709
27416
28458
26959
26667
27292
27292
27792
27417
27125
29542
28541
26792
28583
27042
26958
27416
27000
26791
27250
27250
26875
27208
95458
44875
28958
71833
35083
28875
28209
27500
26583
26916
26459
26792
31792
26750
26500
26916
26625
27042
26542
26291
26125
26458
26292
30000
26417
106750
4027375
24959
23916
23167
23209
23084
23209
1928292
23875
23250
23042
22917
23250
39500
24042
23375
24083
26166
6577583
24000
23417
23417
23292
22750
648708
2064792
2655292
26333
556000
24750
24208
23708
23333
23084
23125
23333
23333
23125
4548084
24625
23500
23208
22958
2232792
3693417
24041
880750
23542
22958
23083
667250
36083
38000
37667
25917
24875
24209
24125
23584
23500
25322000
57009667
24953042
24792
21708
468113041
36625
33458
51667
31875
32000
32583
32459
31750
31458
31125
79791
74708
34292
31250
30750
30416
30209
30166
34084
30041
29875
41916
31916
30750
34334
30250
29875
30208
29792
30458
29833
30125
33041
31084
33375
30375
30209
30792
30291
30459
29625
30750
29208
38042
29792
37958
29875
30084
31250
29750
31375
30250
30375
29708
32375
29667
30542
29792
30792
30000
37125
29542
29750
32458
29292
36500
29666
31084
42375
31542
29958
37500
29667
54625
31125
29958
39500
29917
29666
36167
29875
29833
42125
29750
33208
31292
29792
38125
30625
33500
30334
31291
32250
30541
33334
33833
31083
33334
30667
155625
31292
34291
33375
30125
30125
29792
30375
30708
34750
30500
34834
30083
30750
32833
31500
29792
31250
29916
30750
29542
31500
31583
32375
29750
30709
29708
32542
29959
32250
32166
32000
30333
34292
30083
32042
29417
32125
29708
44750
29709
32083
29834
29916
29542
32083
30000
32250
29417
32042
31542
32875
30000
40042
29833
31459
32666
30500
29667
38083
29625
31250
34292
29709
37042
29500
29708
37208
29958
29417
41125
29625
29500
32875
29750
37750
30125
30042
31333
37500
29916
29667
40875
29500
33042
30000
31250
29708
37250
30000
29667
37667
29875
303858375
39333
33916
32333
32292
32083
31500
31583
31875
31959
31709
39958
31792
31166
31791
32041
60366125
47250
37708
34125
33875
33917
34458
33643042
49292209
66667
40667
34125
36375
36750
36792
37250
38208
35042
36084
44083
37083
34458
33875
33333
35083
18704750
42125
32208
160265417
41111916
85792
80000
77708
78167
77375
551817208
88752458
93541
80500
79250
84792
78625
78792
78541
78375
91000
77458
88458
81333
79500
79250
78458
78333
80083
78041
78333
77167
78708
84875
77292
79000
78166
79250
61917
45833
44625
46417
45083
53958
53667
116208
1731333
58166
57709
56625
57417
56417
61875
56916
65000
56542
58250
59917
58209
56292
62625
56625
58666
57500
58250
56792
65041
56542
61833
56125
64667
56750
64583
59041
58333
56375
58125
57250
45958
42292
39000
38750
39917
38208
39708
38167
46209
38084
38666
38667
40917
46042
38625
38667
40166
38458
48000
38375
38375
40167
38750
49500
38959
50666
38459
38709
38834
38208
40083
38584
50750
38750
40083
47000
38125
38417
39583
38416
51000
38458
38542
40417
38459
42166
40333
40042
42125
40125
40166
40000
40625
41875
39250
40416
45334
44417
38583
72459
38833
39125
38708
49541
39916
40166
38833
40917
41500
38833
40917
42209
38417
39000
45166
39958
38667
41625
42625
39000
39875
48209
40458
44667
38667
42625
38250
39834
38416
39375
38500
40167
40666
38083
38542
39625
38041
38833
38417
46125
37708
42500
43250
41833
50417
38166
38375
39792
38791
51166
38917
38792
39583
38917
41417
38792
46084
51416
39417
38416
40000
38916
39458
37875
40083
45375
40083
38917
39250
38459
47416
38333
39000
39917
38291
39584
41500
40375
38458
39458
38333
39875
38333
48875
38167
40125
39791
38792
45584
38916
52000
38333
38000
50334
38125
37958
46875
38791
39875
40458
39500
39125
39084
38459
39375
38583
47666
38291
38458
47792
46584
38834
40959
38417
48125
38250
38458
55208
38375
47583
38292
38625
39417
38500
40667
39709
41000
33375
36542
70875
34917
33500
39500
33750
40958
33125
33000
33708
34916
34958
35666
41542
33292
33584
35333
33250
38166
33750
34292
33583
33750
34584
35125
33417
34834
33833
35500
33584
34417
33833
41125
33459
35042
45417
33375
45750
33542
33500
35167
36458
34666
33625
33709
35333
33834
34125
33709
43667
33416
34291
33458
33583
33333
33875
33542
33458
33416
33459
35542
33416
34375
33584
33750
34917
33333
33667
33875
46042
33375
35292
33625
33333
33792
33541
33250
33625
33584
33000
34166
33125
36167
35625
33917
35875
36833
38292
34500
35958
34666
35291
34583
38625
34125
38375
33833
33333
33750
34792
39875
37750
36084
34250
35916
33584
34208
29583
29917
30000
30042
29583
31167
29500
30292
31500
29917
30042
29708
30000
29708
29834
29875
42792
29916
30042
33708
29958
30000
30000
29875
29458
29875
29875
30084
30042
29958
31667
30125
29625
30000
33625
32541
92792
30333
30125
29917
30333
29750
29500
30083
29833
30375
29792
31750
30125
29792
29458
30042
29958
30167
29875
29792
29625
29542
31291
30584
94208
36250
33875
32916
32041
32375
34709
31750
31958
41500
34542
32125
34375
53417
36459
31916
31500
31416
31584
32292
31875
32042
31417
31500
34750
36125
34959
31625
32083
31792
32084
74000
59709
32917
34333
2995917
31167
2243542
30958
5685708
3726584
34459
33917
33959
38792
39000
34750
33542
34708
33750
41500
38291
33750
34625
33792
40625
33666
33583
34083
33209
40542
33583
35375
33583
33416
34833
33791
33417
38125
37083
34208
33584
33584
35542
33500
34542
33833
40583
33333
33458
35208
38875
36041
32750
35416
34500
34708
33666
34750
33583
34500
33292
35250
33375
45708
35416
33500
34916
37208
37417
33834
34375
32209
30750
29417
36416
31917
29458
30083
29708
35125
30292
29583
29709
31375
29916
49292
29917
31083
29750
37833
30125
29584
42875
29666
29500
42459
31334
30000
30750
29958
31583
29750
39042
29458
42083
29875
29542
39250
29917
39708
29583
29625
42208
29792
29917
29584
29833
37459
31458
41500
32916
29792
31375
29833
38292
29875
30167
42083
29500
76584
38166
32084
31292
32084
31208
31667
31417
61834
31334
31208
31208
31792
31959
31458
31416
31625
33875
31958
32208
34708
308583
2618542
9487333
894458
3070959
1769542
33667
1079333
34041
33041
1281542
661417
666958
1266292
2262959
3799417
906500
11296500
32416
4346708
2572167
33000
30667
29958
39583
691375
32458
3993416
2111041
3936208
7333334
34792
33042
32958
32208
33167
31458
1972250
558291
33375
32125
32084
32500
31833
32167
31750
31833
312792
6435041
43625
32666
32875
2808833
32375
1618541
36875
34750
34125
39917
37666
33666
34958
33958
34208
33792
40625
33833
35125
34209
33959
33917
358791
35750
34542
34541
34209
34208
34041
33209
34000
33708
33625
37209
33667
34125
33958
33542
33833
33667
38792
39625
38250
33791
40041
34083
35083
34250
35333
33875
35542
33583
35458
34125
35041
36458
39250
52584
62833
35208
34125
34000
37542
33625
35125
39000
37375
34125
33708
37916
35292
34250
38958
12675542
1830167
28667
1484834
28666
27417
27500
27417
26500
26667
26791
26500
26916
27500
30250
26958
26209
27208
827375
28916
27333
27541
27458
26917
26958
34000
27917
26250
26583
29625
26958
26667
26417
26875
33542
26500
27000
26542
26625
27417
29208
26834
26542
26917
26583
26625
26708
27000
810792
26916
33875
30167
26750
26625
27041
26791
26500
26666
26334
29042
26416
26708
26417
27958
26625
27083
26709
26541
26209
26458
28667
26833
26500
3998042
33084
31875
31875
31500
31500
31459
32250
31584
4522167
32667
31625
31750
39208
36375
34583
31250
31666
32375
31625
34000
31583
31500
39041
34625
31542
31750
31792
31208
31375
31500
33875
31417
31417
33084
37750
31750
31917
31875
31958
31792
31667
33834
31917
32417
32041
31792
31708
31916
31417
31959
31292
31750
34042
31458
40208
32416
31750
31959
31792
31667
31791
31958
31500
35750
31792
32375
32167
3438833
33250
32125
31416
31583
31666
39541
32083
31375
32125
31542
33417
32542
39125
33500
31542
31208
32334
31334
30959
32250
31750
33709
31125
31375
31333
31750
31250
31458
31667
32833
31875
31583
33500
33041
31708
32042
31459
31375
31625
32042
31625
31375
31292
33334
31917
32000
31791
31459
40542
32167
34416
31666
32208
30667
33542
31833
31541
32458
31916
32042
31959
31250
31416
31750
32042
33500
32333
34250
32042
31375
31625
31083
31666
31375
31750
31709
33416
31666
50083
9099291
2145750
32333
32541
32167
31417
31417
32125
39417
32000
32291
31083
33666
32958
31958
31916
31625
30959
31833
31416
32500
32375
31958
42333
32000
34500
31667
32541
31625
32375
31750
31500
32625
31333
42208
48459
31500
32125
32667
31958
31916
32667
32458
49584
32292
31750
32333
32333
32250
32583
31666
31583
32458
36667
31500
197000
8869125
3034958
3073500
1828542
3126667
32625
30459
31250
29917
30666
30000
30416
30417
30375
3658208
8127625
8086917
3861083
41193125
72583416
85708
80167
79667
78041
79709
77333
85292
77375
78833
78000
93167
78333
80000
77292
84584
76959
88625
77250
87750
78083
79792
82500
90917
78000
71958
45041
46708
44875
51875
45000
53542
45250
49708
45625
47500
45042
45625
45291
54917
4516917
83083
81500
77958
78292
78333
78583
58731416
88174208
29856583
44025750
33940666
65052250
103333
82750
80667
78042
77750
77625
77667
79250
80039875
49170750
1823792
704708
110505083
177261167
27541
24583
23541
23292
23333
23084
23042
23083
23375
23875
26709
24375
22791
22875
22750
23417
23584
23292
24083
24625
20625
22708
20458
20208
20542
20500
20500
26500
20916
20625
21083
20500
20458
20542
20959
21125
20875
20625
22250
21417
20584
21041
20708
20792
20458
20125
20417
20500
20792
21542
20584
20458
20458
1108792
20917
5780542
24042
23500
23917
23000
22834
23000
23208
23083
22541
24083
25125
23375
23209
23167
23166
23334
23125
22708
23000
23208
22916
24250
23291
33917
23541
23250
32500
24208
23625
23375
23417
22917
24666
22958
23917
23084
23000
23250
23084
22709
23000
22917
22875
24833
23125
14877000
148750
56000
25625
156667
2374333
32542
29209
29167
28792
1369166
1756083
57291
2355708
23541
701500
17458
1430500
33667
2150458
619334
2554000
17167
15625
15167
15083
14750
14875
14791
14667
14666
14500
17042
14875
14875
15041
14208
14792
14667
14833
14792
14750
14625
15417
14833
15500
14708
14584
14583
14542
14333
14500
14833
15500
26834
67006792
29284583
22375
20041
19208
18667
19041
60703833
20812291
2145458
28958
28500
29000
27166
27083
26625
26750
26000
27250
26917
29708
26917
26833
27042
27042
26833
26667
26625
26167
26875
29875
36917
31250
31958
32458
1004791
33458
39875
32209
31792
31542
32000
31250
31458
9700625
941208
35250
32042
32083
6502958
35542
30541
30625
29875
30125
29833
29625
29875
30084
29875
33667
29875
30000
29834
30125
29250
35083
33833
31875
30208
30541
32416
30708
30125
31458
30209
30291
29709
43166
29500
29916
37375
10959042
37625
34625
33917
35292
33417
34625
33916
34709
34041
41625
37583
33709
36625
34042
40500
35042
33833
33709
34583
33583
34084
60708
34375
33500
2965917
40667
244000
3275625
44417
39958
1436875
7371250
37458
34958
32625
32167
32000
32042
37042
31667
32791
34667
36166
1338625
33750
2323833
33250
4117792
446459
4916292
43208
34583
33958
34583
33625
34417
33667
35000
33917
43250
34000
36166
34958
33667
34833
33666
34709
33792
35166
33666
46458
33375
36125
36333
33083
35042
33167
35833
33792
35000
33125
36208
27521709
41917
38875
38584
38708
38458
39250
40625
38375
40708
38166
43833
38333
41000
38500
46291
38208
38042
48125
38292
38209
43458
41208
48312708
24681750
81750
78333
72858625
83375
79916
77750
80541
77083
78917
77208
79208
76500
80625
86375
79917
76542
78792
76833
80458
77875
80416
79416
84500
2210292
912333
4335958
1444292
6341500
81917
80834
1186792
79583
77250
77500
77833
79375
85833
78833
89750
687167
77375
88500
77500
78583
77708
77583
83250
84041
78417
86458
83500
78750
77250
85459
77209
85292
173833
89625
82041
80917
80333
80125
70584
46375
45875
46459
49709
56458
47083
45541
45833
44917
45583
45208
47541
45625
55000
45667
48083
47459
45292
53250
45166
47167
53542
47042
45833
52583
45333
49375
45459
51416
45667
46709
46583
45833
45375
46334
44833
50292
49541
4347916
47041
45250
4884875
2090458
4850875
31375
30500
30084
31458
30000
31500
29792
30750
30041
29667
32958
30792
29708
35042
29792
30791
29834
37708
29667
29750
30708
31667
31291
29625
31583
29625
31667
29583
31083
30459
34041
29875
33208
29583
30542
29792
29958
30667
29958
38292
29417
29500
29916
31292
30042
29958
29500
30167
29958
29666
34083
33542
29750
29833
31958
30125
30042
30209
29625
29917
29542
37250
29958
30167
29708
31791
1906250
4066292
1896000
2999750
1927250
1179042
1710125
85791
4175458
2072917
79959
78291
630917
840167
3249459
57792
2930834
857292
4472792
58208
60292
56791
57625
57334
81041
77333
84792
79208
85333
94666
77750
77792
113417
78250
1318666
84333
80209
76583
86459
77958
90792
77000
88750
919209
77584
77292
77209
77167
93084
77291
85125
77584
100209
110041
78125
1056292
5640541
80333
77083
77584
76583
91167
77583
77916
402885459
787917
1730250
81541
1120791
911459
79667
84583
77541
78625
84625
78250
77625
78708
77125
427000
606875
80625
78584
77542
2128417
83917
79750
79083
78250
80375
84166
79209
83375
78708
83084
83667
78417
79583
76916
77917
77208
76833
78292
78167
82417
78417
83167
89291
62458
56250
45125
1184750
46084
45667
56708
47000
45667
45292
52417
51042
50542
45042
49250
45500
47334
45333
45375
44834
51459
48209
44791
44750
44750
51416
45709
45625
46000
45042
46083
44916
45750
44875
51834
48000
49125
45208
46375
45084
53250
44750
52750
44583
52375
44834
53584
47500
46791
44333
52708
45542
52375
44792
56584
53291
44792
45875
40875
40042
38166
45792
38333
38625
38750
18616000
82625
86583
77750
77750
78042
77125
76500
76125
76833
77042
83833
78000
77416
83083
77875
77833
85834
78709
77459
78792
77334
84958
44625
49500
49416
45459
44917
54291
44667
44375
45541
45250
48708
44458
46416
45625
48459
44750
53750
44458
56500
44125
44917
53458
45459
49875
46417
47625
52375
45875
44416
52750
57166
46167
48833
49250
44667
46250
1709166
46416
44875
46000
44958
46333
44834
46292
44459
48000
44875
48417
45792
45125
46375
48708
49041
45542
46667
45916
45125
46708
52833
45166
44375
45333
56458
56375
56583
56750
56709
57083
57167
61458
59083
59125
56125
57458
56541
56500
57167
58792
58833
57000
62333
56709
57583
59625
53417
45333
44625
45250
45209
47416
44917
48041
45084
55542
90125
47292
47709
47917
45500
45292
46000
45667
44667
45041
44583
49250
46209
45000
44625
56167
44042
45209
44834
52708
44292
56333
47416
45000
54250
44709
44833
46000
45791
46000
38167
51375
38292
40500
39875
45958
39166
38500
45166
38458
39667
38750
46208
38500
40542
46334
38209
39709
38625
46084
38792
49416
38375
38209
45959
40792
4572209
42417
39666
39125
39542
39375
39375
38833
38584
39291
39042
44083
39125
39750
39041
48500
38917
39000
10372375
79833
76333
77583
76875
80291
76541
79833
77583
78208
77000
82833
77250
77541
78167
88291
76917
84208
77625
92917
77792
82333
81750
77792
77500
85209
77416
77875
76709
81625
76541
77666
3004083
82625
4896417
79875
76792
78958
78041
79500
77959
3762292
79167
81708
76666
78000
77292
80042
76209
79166
77083
79125
82541
90792
75750
84291
76083
78625
76667
84709
76209
79708
84417
89584
79708
54916
44250
54083
44500
45125
45792
44625
46083
44875
53666
45125
45750
44959
46458
44708
45917
44625
52000
53542
46250
44709
46250
45208
45833
44666
46292
44542
45459
45417
47917
44417
46792
46542
45125
48250
46042
45458
45500
45209
50167
48209
41000
38833
38375
38166
38750
38625
40916
38917
40083
38708
41625
38375
39500
38375
39709
38792
45708
38666
39375
37958
46625
40666
38542
46291
38292
38084
39583
38584
46417
38416
37833
50625
47125
38083
49792
38000
38125
46875
38000
38834
46084
38333
38125
41792
38083
39667
38250
39459
38375
46000
37875
38250
38916
71750
38417
39416
39625
38416
3389500
39792
39333
5997291
38566708
58333
44375
42208
54250
64375
181667
920750
5109000
4919917
7310083
6649500
6056375
34000
33584
32583
31958
31416
32167
8934792
31667
34583
27291
26875
27208
26625
26458
26667
26791
27000
29209
26417
26500
26041
26584
27000
26709
26750
26666
26500
26417
29125
27084
26667
26333
26333
28958
26958
26416
26750
26625
26625
28875
27334
26375
26500
26583
26625
26542
26334
26458
26583
26334
27833
26500
26375
26750
25959
26833
26708
26000
26250
26292
26375
27959
26875
26584
26792
26458
26833
26292
26250
27250
26791
26916
27791
26625
26708
26500
26833
27500
26333
26417
26834
26708
26208
27917
26584
26750
27792
27584
24125
23125
22917
23125
22792
23125
22792
23917
22792
23209
22958
23167
23041
22542
22625
22833
23209
22750
24750
79583
23500
22792
22833
23167
22875
23083
22750
22500
23250
22541
24167
23208
22541
22583
23083
22500
23084
23000
22750
23000
23125
24292
22458
23083
23084
22500
23250
22625
22583
22708
22916
23375
24583
22541
22875
22584
22542
22667
22667
22875
22792
22583
23458
24166
22750
22875
22458
22625
22833
22500
22625
23167
22750
22833
24500
22959
22791
23000
27542
7954959
16719125
8938542
832208
2120208
31228667
1561875
25208
8306208
4996250
6568500
22000
21458
36247791
44084
24625
21708
21750
20708
20833
20094500
720666
9070834
22333
4940417
8098333
12406542
25250
24417
23917
23333
22917
22584
23167
23000
23209
23125
25333
22834
22500
22875
23333
23083
22875
23375
22916
23167
22625
24958
23208
23083
22667
22750
22792
23459
22875
6636417
24875
81833
25000
22209
23417
22875
22959
22833
22833
6001500
25166
23250
23208
22833
23292
22834
22875
22667
22834
5711583
24209
23875
23000
23333
23750
22917
22584
22875
22875
23083
24875
23583
23000
23125
23625
23208
23458
23375
23292
24208
22750
24917
23209
26667
23625
25666
43542
30458
25084
27166
24000
23458
27292
23209
23833
23292
23125
35208
23958
23000
26625
23875
22958
25291
23167
22959
23083
23041
23042
23250
23125
23125
22541
23083
24666
23667
23250
23375
23541
23375
23042
22959
23125
23042
23042
25000
29417
24000
22708
27250
23000
22875
22542
23083
23000
22834
24625
23084
23042
23166
23583
22709
23125
22875
22958
22833
22666
23083
24583
23250
22792
22791
22833
22958
23166
22958
22834
23000
23709
24416
23125
23041
22875
22583
22916
23250
23333
23458
22709
23125
25208
22875
23542
23750
23167
32875
23875
29375
23417
22750
23083
23083
23000
23125
22917
23167
53916
24088792
28917
27625
32153917
267625
50515459
49116333
74152292
118967000
20993000
7547833
2962500
81125
780708
813833
83792
870166
37587750
2745084
40172958
2834125
3007833
2678958
1344791
35148166
82051792
86083
83250
80583
3488167
864542
81250
2133666
91500
13877000
2154541
20845417
1903042
80292
79000
1928958
856167
78917
1584459
709667
2036334
86959
81958
3437708
336873250
32916
27458
49613500
15671125
22918333
323144375
41334
41708
33875
32042
32417
31959
31458
31833
32083
31958
32042
31709
34958
31583
31625
31041
31250
31542
31459
34708
33708
38167
31708
31917
31833
32541
31334
46000
31959
31625
31709
31208
34792
31917
31875
30916
31708
42542
32209
32459
31958
31750
31208
33541
31250
32042
32250
31791
31583
31625
31875
31875
31500
32000
34542
31333
31916
31834
31500
31375
31833
31375
31375
32000
31500
33750
32084
32417
31875
30666
26500
26833
26542
26833
26917
27250
28541
26625
27000
26833
27250
27542
27083
51041
40250
29916
29084
34250
27792
27834
26917
33750
32166
27125
26709
26708
30000
26708
30125
26708
26583
26917
27000
27125
26792
26500
26500
26917
27125
28916
127917
27291
27125
26833
26792
27459
27083
26834
26666
26916
26500
29167
27125
26916
27000
26542
26708
29709
26750
26833
40542
26792
26791
26916
26917
26958
26708
26292
28625
26750
38792
27000
29667
9012292
1843792
1416333
23917
23667
22750
23083
23500
23458
23500
23791
23208
23500
27500
23333
481708
23208
23083
23625
23167
22875
23208
23500
23459
22958
23125
24416
26125
23167
22583
22875
22875
23000
23042
32250
23583
23416
33459
23708
1498791
28083
27125
26542
26875
3506584
28375
26500
26708
26583
26541
26875
27333
26250
28000
28167
28583
26333
26250
26375
26459
26542
26500
27083
26208
26708
29458
28125
26750
27375
27166
26750
27417
1832417
3767542
3996042
28667
5749833
13286417
48281000
40081042
28619084
58091209
17083917
113254833
22517084
85124875
23921625
38500
327693750
39559166
7793125
151069916
99038208
14013667
11920125
290986834
28862083
58584125
38208
34125
33666
32042
33041
31917
31792
31875
31584
31250
39000
35791
32667
31000
31708
32125
31333
31458
31083
46925833
588083
29292
28167
27042
27125
27333
26875
531458
2258250
670709
28333
5182041
14009375
857000
33750
839292
47750
34875
9271958
101193750
42250
589542
37834
1281042
43458
72954167
780829875
178531083
30075209
32792
29000
32583
27666
43958
31000
27291
26833
26541
26584
31916
26375
26292
26125
27083
26875
26667
26542
26625
26458
38375
159273917
15543708
27247625
140982083
29923667
67984667
32916000
28508875
483792
20064542
1451041
84750
80167
78792
79958
80500
79875
79083
78791
77917
77333
87000
78125
77583
78917
77834
78666
90777792
58958
46709
45792
45500
45667
45541
47750
44875
47666
44875
66084
45291
46625
45167
46208
44625
47750
44917
45500
44875
47458
49541
47708
44958
47125
45458
29334334
40208
34666
32625
32583
31917
31375
31292
31708
7154625
39208
33125
32541
32500
32292
32125
32167
32292
31500
32166
36250
32125
31250
32875
32500
31834
31542
31583
31583
31375
31667
34666
32375
31958
31625
31834
32166
31334
31292
31708
32334
31458
33791
27333
26709
27250
27417
15333500
147795042
42197542
91987917
64030833
17687250
27666
24792
24958
23167
24125
22917
28334
23458
23000
90488292
118858584
242959
286622958
89584
81042
78875
78542
77125
90917
77083
89125
78583
85500
100500
87583
77209
90292
77541
85875
77875
102704000
65292
134815083
75729875
21835834
175200583
95949416
50258167
326458
882459
4086125
84709
731041
59208
58000
57875
57125
58834
58625
3466792
85167
79833
79167
82458
76583
79875
79208
78791
78250
78292
87792
83833
79083
77500
78750
76792
78833
104666
80125
95416
80167
95500
79958
78625
79292
78916
78209
194543667
86542
79750
78709
79000
77875
79416
79125
78125
78542
262955166
22075833
43750
41000
38792
39917
161044584
85792
78500
80541
77125
79208
77708
86000
428274792
85584
89500
78500
78083
53812834
84000
78584
78667
79541
79417
78625
77708
90625
77250
78916
91125
78667
77542
89583
77625
78917
77458
90209
87041
78000
76833
88583
77666
76834
19626459
81708
78666
78250
77792
79667
78625
78500
11340417
38656375
80667
78333
77375
77833
77208
88792
77208
88917
77458
79916
84083
78541
77333
88208
77625
78542
76833
81583
77458
82958
54738250
80250
3817750
83625
78709
78708
77917
78167
77667
77166
76750
78125
78042
84667
78542
78333
77334
77333
77667
78667
77209
78666
77792
78875
82625
77458
77042
77208
77875
77375
76709
77041
77833
77042
78333
83125
77667
77000
77584
76875
77625
78042
77208
78292
77666
78459
81875
78000
77084
77125
65042
45709
44542
45875
45417
45959
47542
50833
45666
48583
48875
48292
47208
46875
45541
46500
44542
45916
56167
46208
44583
45542
45125
53959
44959
45125
45709
3132750
59500
57458
58334
56334
59000
56875
56875
64417
57292
62250
61625
56833
55875
56625
56792
57292
57083
56583
56250
56292
57208
59625
56875
56083
58083
58666
56667
62416
60208
56041
56792
57292
59625
56792
56541
56459
56500
56375
56834
56667
56709
56333
57250
59833
56583
56333
56458
56959
57333
57000
56667
56292
56375
57167
60000
56875
17469958
19982959
15970333
27022459
37071541
12411208
78250
79583
77500
80250
78292
76875
77500
84333
77000
76958
82333
85334
77833
82959
76667
79417
76958
90375
76708
77917
77250
81833
69666
45542
45167
47083
44791
47125
49084
46959
45042
46125
47208
52500
44833
52583
45083
45625
45583
52541
44833
52500
45250
49000
44500
57833
44584
44750
57333
44417
44750
46375
44958
45541
47625
46292
45083
47042
45042
54666
44959
46375
46250
41958
38583
45458
38417
46500
38041
50250
38500
38375
50542
38625
38000
46916
40750
46792
38375
38958
50625
37833
38417
46459
38333
38541
51417
39000
40667
51208
38875
38666
51292
38375
69510125
90286084
146869334
70182875
83584
79584
78791
78917
77333
82125
76750
88166
77083
77750
86708
10130291
16458250
62051875
1436833
79750
79334
79334
77917
77916
77167
85583
78875
78333
78125
272714292
107458
462960375
87875
80334
79625
79417
79541
92375
79458
82416
108166
92916
78709
78959
80500
77792
79875
76709
91791
77958
84500
84250
86125
70083
47125
45125
53459
45916
58125
45250
45500
52875
49250
47209
45542
53375
45250
46708
45292
53292
45084
46958
45625
55917
45458
46750
45250
56625
45625
45416
53292
45167
47500
48834
47958
45792
45459
45333
44875
45416
45792
47167
46750
39875
39791
41333
303263209
87959
81250
79500
87083
77833
90000
79000
88208
78834
90375
96541
78500
86125
85875
89708
91667
78583
84958
78791
90416
77750
81000
78208
89125
85541
92542
79250
81000
78042
78791
77916
91083
76958
85125
78542
89833
79166
78834
79625
81542
80542
69625
46791
47625
46792
53166
59584
51667
44625
52542
53125
47333
45250
58250
45375
45292
56375
44875
45417
46625
45541
50209
44375
58167
45000
45292
53083
45125
53958
45291
46875
45583
52792
45250
46333
45500
46333
45542
57292
45250
46125
40041
38750
42167
38375
45916
38375
38833
38625
38625
46209
38625
38667
51750
40334
39083
51500
38250
38583
50834
38333
38917
46291
38125
39125
49541
51375
38958
46375
38292
41250
402880333
51416
43750
35375
35000
35166
35125
35291
35000
35625
36959
35959
43209
38583
31250
30625
30500
30833
31041
30625
30833
30958
30500
30333
32666
30708
30542
30417
30416
30542
30541
30791
30583
30500
30416
33375
30166
30792
30500
30875
30375
39458
30667
30250
30084
30709
30417
34583
36250
31666
30459
30458
32083
30333
30667
30791
30334
30709
30500
30500
4997125
196042
55375
99542
96792
59458
33583
29000
39917
47625
30875
39375
29500
31083
29833
29625
42291
29916
28875
28459
40417
30167
416917
34083
30958
29167
47833
152750
79458
40000
31333
29416
34803250
602833
15916
46784416
95908250
101848333
83666
80625
78541
87250
78833
77833
78292
78166
78125
77667
84917
83334
78541
80125
83000
79708
78083
90625
78042
78666
88417
84041
84791
79291
78792
79000
77416
89125
77875
88750
78125
84792
85292
90542
145000
80208
78417
86250
63459
342458
46084
47292
45292
49250
50500
46000
44917
47167
49375
47083
48000
54792
49583
45250
46375
48792
46958
45250
53792
44708
46541
47666
46166
45000
57417
44833
73917
46500
49250
49916
45209
45792
45208
53083
44917
49583
45167
49625
49167
53000
45125
57458
44917
67333
1928416
64125
64792
57208
68709
56625
56750
58292
64750
56666
57916
61625
56708
69750
56834
56584
58083
56167
64417
56417
58708
56666
60917
57125
58041
57958
58541
56583
70542
5554125
87416
77959
684459
78333
154786042
562288500
100917
88291
37955250
141295916
13687209
830947917
13114500
200441500
44360833
31918959
49960042
69867041
899334
52210208
23248584
148277458
32491584
89833
186032625
30163667
81291
78833
86041
76958
78792
77792
78875
77709
84334
1813583
1337500
82083
3694584
80667
83708
77459
89750
78959
79458
77500
89959
83875
79166
83042
78834
78291
89833
77959
79834
77792
78458
83625
87500
76583
96916
78166
76916
85208
76583
84500
76208
88709
76625
77292
76583
82500
78042
89875
77167
89458
77166
85583
76958
74250
44750
56833
47375
44750
45916
44375
57250
45292
45000
57500
44542
45333
58125
47708
45000
46375
44917
52500
44583
57334
44667
45125
57583
45250
47625
57917
44375
55375
45125
44667
53125
44583
57292
44875
44959
49333
45542
57208
46375
39292
50417
38500
38666
50542
38291
38625
46958
41542
59625
9474292
85625
86666
79041
79250
77333
82250
78459
79167
77042
85333
82375
77209
77041
78292
83750
84917
77667
79959
77375
86250
59875
48000
45333
57167
44709
44791
46083
45250
52291
44750
45959
45125
52667
45375
53083
44709
54875
44709
44958
2998958
8784459
78792
84084
78334
84250
81958
88667
77708
83708
76625
90375
82250
78833
77709
85292
76875
82334
76708
78542
84375
84167
77125
82625
77250
91459
76209
90500
76167
91041
85083
84291
76916
91750
81792
90166
79666
58458
44458
56958
44959
45167
53375
45042
53083
47375
46541
44667
53792
43959
53000
45167
46709
44833
46000
44375
55333
44958
57833
44625
44750
53083
44875
58625
44500
44834
58166
47834
44334
52917
44958
57667
44750
45375
50708
41458
50458
45708
38667
40375
46250
39084
38417
46041
38042
49959
38584
38291
48750
38333
38583
40875
38292
40375
38416
39541
38708
40500
38666
49875
38292
38375
50875
38292
43334
42208
38333
45916
38250
38667
42250
38209
50625
38375
39333
38459
50959
38459
38416
39458
38417
50208
58583
42042
44000
38500
40083
38458
48208
38792
38417
40417
38791
41625
38792
38875
38625
38833
39125
38625
38542
38875
38500
38792
55500
3417750
39625
38792
38875
38875
38375
39250
38500
38250
38125
38292
41250
38458
39208
38541
38750
38417
42875
42292
39042
38750
38792
40375
38834
38709
38459
38416
38333
38542
38875
38833
38625
38375
40542
38375
38584
42500
42417
38458
38541
38667
38375
39084
38500
43667
38500
38625
38833
38667
38709
38541
59042
38833
38666
35835750
2975791
85292
81625
77750
76542
77583
78541
79875
76875
88875
77125
82000
78125
85292
82917
77292
76875
82458
77958
90625
77042
78708
81542
84750
76625
77666
77500
79625
84500
85584
77083
85167
77333
82208
77125
71542
45250
53000
44833
58167
45167
44792
44875
45042
47125
44834
45083
45042
52750
44959
57167
45125
45416
51708
48292
46959
45792
45916
44667
45708
45083
55083
45292
61541
45125
45625
47500
45500
45166
45667
45541
45750
45625
44958
45167
45375
40459
40584
38459
38750
38625
7705958
1298166
2913417
14042000
9063500
79875
78209
77875
77458
78083
76917
79583
77458
77583
88500
82625
77709
78584
76792
79875
486750
82834
80292
83000
82042
77125
79334
79083
89583
79750
76875
82875
77958
83208
77834
77292
90916
77541
82959
77667
78083
77833
89541
76834
126583
78750
89125
67500
49500
2414916
46542
44958
46125
55209
57708
56500
63917
57458
67541
56750
59834
57625
56958
64334
56375
57709
57250
69208
55791
64833
56917
61417
56542
56875
57542
56875
57541
57417
56125
65000
56334
64500
59542
59334
56000
69500
56958
56500
69458
55750
56084
67584
56750
60000
65042
55958
57708
56625
69292
56083
56375
63750
56875
64625
67375
56500
51750
44750
53000
45125
46792
44666
56625
44958
52917
47000
45917
44750
52958
44958
58000
45167
45083
46791
50500
46333
48208
51958
45042
57500
45292
44875
46417
44708
58083
44875
45500
56458
47166
44917
57416
44583
45000
46459
45042
47500
46667
42959
38500
42209
38334
50166
38333
38125
49417
38250
38417
39708
38500
51000
40625
38667
40666
38833
42000
38208
46250
77750
43875
40250
39209
46375
38542
38458
39833
38417
38708
38875
40792
38666
38542
38541
38834
38584
38750
38709
38709
38750
38458
40750
39125
44375
39417
38333
38791
38417
51375
38334
38750
42750
40500
40750
38666
38416
38375
41875
38209
38500
38542
38750
38417
39167
40625
50042
38958
38542
38250
38500
38750
38833
51000
38459
38667
41833
37708
50500
38208
38625
38667
38666
38917
39125
38750
38459
42166
38375
38458
38500
38125
38875
38875
38291
38500
38541
38708
40917
39125
47625
377167
40792
38916
38959
39042
38833
38125
38542
38292
38459
38542
41458
38666
38833
38709
38916
40333
40959
38834
38709
38625
38167
40958
38292
38459
39000
38583
38583
38250
38541
39083
38917
38625
48583
38834
38750
38542
41667
39041
38500
39292
38292
43292
38459
40791
38542
38792
37875
38542
38708
38708
38792
38583
38833
38875
41166
39000
39292
38542
38416
38375
38958
39042
38250
42041
38250
67917
2546083
43125
38625
43166
39333
38458
38750
38959
38834
38250
43000
40666
63875
39208
38791
38458
38291
38625
38833
38291
38375
38333
40958
42333
40500
1129542
39166
46834
38875
39042
42750
2436833
45708
39833
40417
40042
40333
39500
39542
39334
40000
39417
42666
1226083
12810833
79792
3373292
79583
78125
81791
77625
79791
77291
84542
77375
78791
83250
83458
79917
78167
77500
79292
77834
91083
77916
86208
78083
83000
82292
84667
82709
89750
77042
84667
77291
85500
60292
46000
44541
49292
44833
45083
44625
52041
44750
45083
46333
46709
44791
46000
47208
52834
45125
52875
44709
45458
44833
44875
45167
44792
44416
47333
45333
45042
44709
45209
44917
45083
45041
44917
45583
71375
6383417
3853875
80875
78708
78416
77042
77250
79166
77459
77584
77750
76959
84542
77416
77042
75750
77542
77583
77333
77708
77958
77375
77292
82291
77709
77708
77625
77041
64541
45458
44750
44709
45125
44583
48333
45125
45292
45791
45125
44417
45459
44667
45167
44250
44916
48625
44958
45500
44625
44875
46292
46083
45375
45333
44791
45334
85208
45250
45000
47750
45125
44834
110291
3290042
8075250
80250
40282625
90667
35884750
69098416
15327917
8179000
12760208
2959583
10344333
45240084
621666
78708
79462167
49593834
68490167
88667
79458
78416
78625
86375
77125
78834
78458
81875
77375
86792
77916
88417
86708
79333
77125
90917
77000
78042
77209
86000
82542
79584
78250
87083
77125
85125
80875
77833
76500
77958
77334
94750
77500
91209
78042
89792
78125
86625
77875
54833
45083
52834
56000
53292
44959
57042
45084
45417
53083
44959
79704542
44625
39709
124383834
88875
80542
79708
80417
80625
87125
79125
86583
80417
79875
89584
94042
78875
80459
76413291
47663667
11995791
53294666
85709
272875
77786959
45334625
81291
125530292
8634875
23821458
16949959
6933209
5865666
79750
85625
77959
79375
77875
78000
77500
79208
79667
79625
83167
77042
78042
77125
77625
76542
77084
77541
77708
77250
77291
83334
76042
45125
44666
49833
48542
46459
46416
44792
44916
45375
47959
45500
44917
45875
44667
45250
44459
45916
46083
45125
45750
47917
45625
45041
45625
44458
45250
44792
45291
44875
44875
45709
51291
45166
45917
44959
45667
46459
46333
47000
49791
49250
39417
43167
38375
39375
38458
38875
38666
38916
38208
39167
38500
38709
52083
39291
38333
38958
38417
39000
24910667
5917375
98116000
183185042
1800000
144019625
134936958
144215917
143845166
121937708
86166
79167
1588083
89875
79042
79208
78417
83042
84500
78916
77709
86000
78541
85792
82958
92125
78500
79666
78250
79250
77750
82250
77833
83625
83333
78542
77459
85083
77334
90791
78000
93333
79083
66292
44958
49125
45834
48916
45250
52709
44917
46083
44666
52917
45083
53208
47333
59666
44708
44625
50500
44750
53125
44666
57666
44792
45125
57000
45916
57416
44917
44708
46167
44667
57167
44375
45250
53750
54667
46250
46166
46542
87833
40500
38667
49917
38958
38417
40208
38541
40292
38584
50958
40875
38459
38833
38333
39375
38584
51792
38792
38500
40584
38750
42416
39208
51167
38750
38708
39708
44042
43250
38667
50750
38250
40750
39875
38834
47042
38208
38625
41834
38875
46333
40250
39750
40708
46416
38667
42250
39084
46625
38500
38333
55166
38333
46333
38583
38750
51333
38542
39292
46750
38417
38792
52417
67625
139704209
67184791
92118958
5468000
102910417
89497292
27698625
108486833
24724625
11884708
79876583
16135167
58834167
1874250
113418208
81055833
74783750
146023375
125049041
38259375
46508291
87500000
75692416
6056208
589458
14471791
50058875
83375
80000
77958
77666
77417
78208
77334
76542
77875
77041
92791
78708
85958
78750
78625
77458
78708
76666
85208
79000
78375
83333
89958
77584
93042
76917
82917
79083
84708
78875
90375
77708
83042
77500
90041
77083
90416
77292
88834
77083
90750
77667
78500
73917
53584
44708
53292
45459
46375
45542
46750
44750
46208
45000
50500
44958
46500
45417
52458
45167
46333
45084
52750
45041
45666
56375
52333
45625
57917
44667
44500
57000
46541
47583
46666
51292
59667
45791
45708
45208
53416
44875
51625
45750
40875
40333
129250
40000
38584
39000
39250
38875
38625
46500
38333
40000
43208
42209
38667
50708
38459
38625
50958
38291
46417
38750
38459
39292
40916
43041
38292
39041
38625
39166
39125
38416
39625
38459
39750
40708
46250
38500
42375
41084
38750
41333
38958
40542
38417
41000
48250
46584
37959
41500
38833
38584
41375
38625
40791
38958
41333
42958
41583
37875
41375
38584
41292
38916
40875
38333
49916
38250
40625
46708
38292
38583
40000
38375
50500
38458
39042
38750
40250
43042
39083
39416
38542
47000
39042
38709
60000
41125
52375
39500
40500
39375
39125
38333
38417
38458
43083
38750
38792
40792
41917
38875
86500
29601750
80584
77834
81625
76291
81500
83833
77833
77000
87791
76708
92834
77250
92000
77208
79000
77375
77292
78041
77583
77125
89750
81875
79375
53208
52833
45333
52917
44917
52750
63917
46708
45458
48625
44958
52792
44708
49916
45125
52792
45000
52958
45292
45750
47083
47375
44833
45500
45083
45292
45125
46250
44833
53000
44959
57125
44625
54708
44792
44958
45208
45833
46167
39959
39708
38250
51708
38958
51125
39000
38917
50334
38167
39000
38083
38958
40042
40459
46583
38583
38333
47166
38583
39042
51500
38666
38500
47083
48667
38708
38292
38625
38542
38959
40084
66583
3471875
849250
46375
3428167
59250
57209
57208
55791
57667
58000
57750
56666
64167
59625
60417
56417
56250
56667
63166
56250
64875
56500
64250
56167
68208
59291
56542
57792
55791
64917
56208
64792
56709
62625
56208
69875
59083
56916
70500
56500
56833
61208
57084
56917
56458
64583
56833
67208
56125
65042
85083
57333
57500
59333
49000
46500
52792
44334
46209
45750
44292
48750
44833
521375
45250
45959
45125
46292
45042
52750
51125
45791
45041
45708
47625
45291
44958
46292
45125
52958
45000
48083
46625
45292
109845334
69149417
173017417
86417
79417
386140500
100708
87708
512622750
89459
80500
78750
78083
78000
86125
79834
78541
78167
77625
88833
77083
78041
76875
77958
77667
76541
79000
78167
78917
76750
82709
85667
79708
77000
71667
46000
46500
45250
46417
45125
45292
47375
46417
45458
46708
44666
46333
44833
46000
44667
45583
45041
49292
44625
46125
44167
46542
45416
44958
45541
46417
44750
46125
48042
46125
43958
46291
44917
46666
45333
45625
44375
46584
44500
48500
44750
42792
38416
40208
38458
40208
39000
42208
38792
39000
40375
40750
38792
40250
39083
40125
38417
40083
38583
39541
39000
39458
40583
39709
38166
40542
38500
40041
38584
40291
38666
40042
38583
41541
38708
38958
38875
40083
38375
38584
40917
40417
43459
42959
41792
39917
39958
39458
38083
39541
38708
81083
38833
39416
38458
39875
38416
39541
38625
40167
38708
39209
40708
40792
38292
39916
38542
39792
38209
40083
39125
40042
38333
42083
38791
40125
38500
39625
39000
39584
38333
39250
38791
40000
38375
42041
39042
39541
38625
40041
39750
38667
39875
39750
38459
40167
40834
39500
38542
40042
38250
39833
44792
39917
38584
40125
38958
41917
38541
39917
38208
39709
38500
39792
39167
39875
39250
38042
42333
38291
39917
38417
40459
38041
40250
40125
38375
40250
38375
43500
39084
39833
38583
39708
38500
39625
38417
40375
38208
40417
46583
41959
38500
39666
38458
40667
38125
39958
38041
39334
38709
41625
38542
39792
38333
40000
38459
39875
38333
40084
38333
40167
38750
41917
39041
40333
38625
39750
38667
40291
56333
39916
38583
40125
38583
39959
38542
38125
38666
38333
38792
40458
38959
38625
38834
38375
38459
39375
38625
38625
38334
38708
40667
38625
38458
39542
39375
33834
33667
33625
33541
33625
33625
35375
33875
33500
33500
33500
33792
33667
33250
33291
33916
33750
35500
33333
33625
33417
33208
33167
33584
33667
33458
33625
33500
33666
35292
33792
33834
33667
33708
33458
33333
33709
33584
33625
33458
35417
33625
33375
33500
33375
128500
33875
33542
33542
33917
33625
33666
33541
33459
33625
33542
35375
33375
33208
32792
33500
33667
33500
33375
33625
33625
33625
35625
33375
33667
33625
33750
33542
33250
33417
33208
33375
33458
35167
33666
33375
33584
33875
33666
33375
33417
33709
34333
33500
35417
33250
33333
33541
33333
33666
40208
33958
33542
33125
33583
35750
33209
33458
33583
33208
33500
33500
33916
33625
33500
38875
31708
29917
29583
29584
29583
30125
29959
29917
30042
29375
30125
31375
29917
30208
29833
29750
29916
30084
29750
29666
30458
29792
30167
36084
30208
30292
30084
29583
29834
29542
29833
30084
30250
29958
33125
29959
30083
29625
29875
30250
29666
29875
29750
29709
30083
33417
30042
29958
29959
29625
29542
29916
35625
29917
30000
29708
29916
29750
29709
29750
30041
29792
30167
48459
27583
16292
15625
14750
15000
6478959
60141167
83708
79583
79292
79916
77750
79791
76666
78083
77042
77416
91708
79167
77916
77625
77500
77292
77500
78416
76917
78041
77958
82125
77333
78083
84250
78167
77542
78500
77959
77666
76875
78334
54583
45292
45083
4443791
82833
78875
77208
77416
85250
76833
77042
77375
77125
83000
82625
77083
77375
77584
78458
78417
81042
77541
77750
85500
78167
82458
82375
77875
78584
76542
77792
77667
77500
76875
77166
77042
83375
77666
76459
78125
77833
76666
77167
77500
77917
64125
45084
71834
45292
45042
45125
45166
45291
45583
44666
45208
45250
44917
47250
45333
44708
45875
45042
45250
45042
45709
44875
45209
44542
47625
45209
45041
45458
45208
45250
45667
49250
45083
45375
45250
44959
45292
49292
49167
44834
45250
47000
50833
38667
38792
38875
23256208
86709
77625
78125
77750
78125
77250
78167
77542
77708
77625
82209
77250
77834
77042
78125
77042
77084
76834
83125
78125
76583
82709
78000
77334
78125
31941042
6899041
12091292
60034708
49001500
152352917
144211750
3246084
2286208
79000
79500
79708
78625
77542
79375
85750
79667
77500
77167
82708
77959
82750
79167
78166
78750
78041
78416
77375
79041
84666
83542
78792
78875
77167
78125
77792
116083
84041
78667
77750
78583
77250
78875
110333
79542
79125
49667
46625
49250
44875
46833
40678708
81417
78084
78250
80459
79291
78583
78792
76500
78208
78750
86167
76417
76583
77791
77125
78167
77667
77750
85333
77833
79125
85459
78667
16306500
79500
77500
78292
76667
79416
78084
79083
77083
79875
76375
83208
77750
78791
77500
77334
78209
80000
84333
78750
77208
78458
81667
78833
77375
79542
68709
46250
31433291
549239292
85417
97125
78667
78125
78875
78250
79042
78708
78041
77708
80334
78125
84541
78583
79500
77709
79584
77958
78042
79083
78333
77375
77708
83375
77209
78500
77125
78375
77333
78083
79708
78417
83833
45458
47917
45291
47083
45417
46792
44750
46791
47166
45125
49250
47209
45458
47208
45833
46750
45208
46584
45500
46500
45708
49708
45250
47291
45208
46417
45000
46584
22831375
119191125
67982125
603522792
86209
79583
78500
5084958
126007084
70885875
13936458
103324208
71967042
57831875
574478292
100708
79708
78125
77875
77833
78292
105593000
86750
79083
79209
79125
78959
78291
77333
145792500
156716125
83833
79416
78542
79041
77667
78792
78584
79209
89208
78791
78292
78583
78834
78666
77958
77000
77167
77041
77167
92709
78750
77541
77875
78750
78292
77625
77583
77750
42244417
6874667
48360875
2168833
84042
1208416
1324333
7325833
865917
5672583
1826416
80450875
82209
536250
80917
1389250
89167
80041
78417
77875
77542
1061500
88250
78417
79875
78041
79625
78590459
81709
79375
83958
78292
79791
78000
78083
79625
85750
78542
84583
78333
78500
77708
79167
77875
81208
84542
78459
78000
78583
88083
79041
76750
79250
76833
78458
77541
118083
77916
77958
84125
78542
78083
77542
77416
78583
61958
46875
49834
47250
44917
46417
44834
46459
45167
47083
44833
46583
45375
68250
1007666
47000
45709
46458
44416
45667
11317875
79833
78667
78083
77625
80292
76917
79125
77208
79625
77916
83542
77834
78958
77583
78459
77667
77875
77625
79375
77333
85125
81750
79166
77625
78666
76667
78500
76875
78583
77292
79292
79542
49208
44791
46916
45292
45917
44208
46208
4977375
80833
77166
76916
78000
78583
77667
78666
90584
79958
79416
85250
77583
79584
9434042
84042
80000
78792
79541
80166
77958
78666
77916
78125
77916
84125
78833
78167
80167
78291
80625
77833
79625
78542
86750
78000
83875
77167
78917
71792
46542
45375
47375
45416
47000
45917
47250
47750
45583
45375
46792
45417
47208
45667
45875
77831500
320857208
7976959
83625
78833
78583
77000
79250
77417
80042
77708
78834
76458
84916
77416
78333
77375
77625
77959
78459
76875
83833
77834
78833
82667
80542
77791
78667
77208
15231458
79583
79042
77375
79375
77292
79000
77416
79291
78125
78500
81458
78708
76500
84792
78250
78125
78541
77709
79333
79625
84500
114250
77875
79375
2771584
87000
77417
79583
77375
78541
78000
84708
77041
79833
77334
83625
83291
78083
77291
83334
77292
78250
78833
77667
78208
76500
81625
77875
84083
46791
45958
73333
45875
46792
44542
46333
44833
47042
45166
46208
45417
46500
47417
46792
45125
46375
45042
51000
50958
47208
44750
46250
45209
48667
45209
46834
45042
46041
45458
46750
44958
46500
44625
49792
46833
46583
44750
46709
45458
46583
39666
39875
39083
39916
38458
41958
38083
40125
39208
40125
38459
39500
38375
40084
38500
40166
40958
40000
38375
42959
57042
40000
38500
40208
38458
40250
38875
40625
20570417
58545500
25469458
78916
77708
662375
4495542
78875
78084
77333
78792
76833
78084
77291
78000
76875
78292
83292
79250
77667
78416
77208
84125
77542
79666
76917
79084
76792
83459
72083
46667
45125
46000
44708
47000
45084
46292
44209
46500
48333
45625
44584
45959
44500
47417
44792
45750
44792
49834
48667
49542
45417
46375
44584
46459
45125
45917
44833
46459
44584
46667
47333
45291
44750
45333
44416
46458
45166
46542
45292
47042
44334
48750
39625
40042
38542
39417
38333
40125
38542
40500
38542
39875
40708
39666
38958
40292
38709
38458
38708
40208
38750
39958
38708
38500
40417
39833
38375
39542
38834
38334
38625
38875
38625
38459
38334
40583
38458
38500
38667
40084
43000
38250
39708
41250
38916
38375
40791
38583
39000
38667
38875
38583
38292
55041
39375
38667
38625
38334
38750
39250
38750
38542
38750
40333
40541
39833
38583
40625
38709
39042
39083
39667
38500
38417
38459
41834
38333
38042
38667
39917
38959
40167
38584
38667
38500
38292
38375
40625
38792
38000
38334
38417
39792
38458
38500
38708
38833
38625
40625
38416
38875
38541
38708
38375
43125
39208
39333
39292
38750
39875
42375
39458
38542
39542
38959
38666
38375
38500
38167
38458
40541
38416
38375
38917
43209
39625
42083
39166
43833
41208
40083
48750
38709
40833
39417
38166
39833
41250
38375
38583
38584
38958
40833
38375
38792
43334
41833
40834
40333
44750
44125
40750
39917
44375
39416
43667
38583
38583
39041
38500
38458
38833
38209
38792
39250
41000
38834
38292
39708
43958
38625
39000
49041
38459
38417
38375
38583
38584
38667
38625
38500
38709
38709
40959
38792
38667
65334
38958
38459
38959
38375
38417
38791
39667
38750
33708
34125
35833
33958
36750
35041
33541
33791
34000
33500
34875
34833
35042
37250
34917
34000
33541
34791
39833
34958
36542
33750
33708
33667
35583
34166
36750
34709
39417
37750
35792
39208
36375
38875
35167
37750
35750
38125
33667
34542
33917
33500
33167
33125
33458
35125
38584
33916
33542
33500
33459
33500
34000
33584
33834
33875
33875
37041
34000
34583
36250
38208
33334
45417
33375
33458
37208
38000
37500
62709
37917
35666
35959
34500
38375
38166
37209
35542
38458
33458
36375
33583
33667
33459
33708
33625
34167
33583
33625
33625
33584
35167
33292
33542
33500
33708
33625
33666
33458
33666
33542
34167
35375
33500
34084
31166
30083
30125
30417
29667
31083
34750
30125
31458
30084
29708
30042
33542
30125
30125
30291
31084
30000
29833
31667
29708
30041
29834
29625
29792
29833
30083
30125
29625
30083
31500
29625
30166
30166
29667
30125
30291
30167
29500
29625
29667
31375
29875
29542
31333
29708
29917
30083
29959
29958
30250
31209
29791
32791
30000
29750
29792
30292
36708
30125
30000
43708
22042
16666
15667
15250
13459
14333
15041
24250
14791
14292
14833
14750
12875
14792
12750
15083
14500
15083
13625
14916
14959
15208
15083
14792
15125
13625
15167
14833
15084
16209
12834
15209
15292
14916
14667
14916
12333
14958
14625
14916
16375
14750
15125
14792
15083
14750
14958
13458
15208
14584
14667
16292
14667
14916
15083
14834
14959
14708
12875
14833
39417
15083
14958
14958
14917
14417
15125
12666
15083
14625
14875
13583
14958
14708
14959
15041
13333
14959
15000
15042
14750
15042
12750
15875
15000
15292
15041
15125
15417
13667
14917
14750
14916
12584
16042
14500
15083
15042
13417
14792
15125
14875
14584
15041
12958
15875
14625
15042
15708
14875
17458
15125
14708
14833
15000
12875
19416
16500
14709
15250
14584
14875
12583
14959
14791
14917
12708
15750
14833
15000
14666
13459
17875
14917
14667
14500
14709
12500
15708
14625
14959
12583
14917
14292
14667
12500
14875
14709
15083
13208
15083
17417
15042
14958
14583
14958
12750
14791
14875
15125
15916
14542
15000
13375
14875
14375
14917
12583
15250
14791
14833
13250
15000
14708
17459
12250
17792
17958
14917
17375
15000
14542
15667
14666
14875
12791
14750
14917
14750
12625
14792
14500
14875
13125
14583
14750
14958
12417
27833
14958
14750
14916
14792
14875
12459
14916
14500
14750
12417
16041
14584
14750
12583
14750
14542
14917
12709
14875
14709
14833
12916
14833
14625
14917
12333
15000
14583
14667
12542
14833
14709
15709
12625
14875
14709
14834
12416
14708
14750
14916
12417
14625
15667
14834
12333
14708
14709
16750
15375
15166
14792
13250
15167
14750
14834
15042
13166
14833
15625
14792
14625
15375
12792
12542
12375
14875
14708
14625
12959
15750
14708
15125
14875
16333
14667
20458
14583
16167
14375
12750
12333
12750
18917
19875
17250
13417
13000
12542
15000
17500
14917
15167
14917
15125
13209
14958
14708
14792
12333
14791
16125
15167
14667
13375
14791
14959
15083
14583
15000
13083
15167
15834
14875
14917
13250
15250
68542
15417
15000
15000
14125
14833
15041
15625
14625
14792
12792
15917
14916
14959
14667
13000
15000
14709
14917
14500
14833
13000
16000
14792
14916
12334
14917
14750
15042
12458
14958
14833
15041
17042
630917
15000
14750
12625
1850209
15750
14917
15291
14542
14833
14917
15083
14750
14625
12416
16209
15375
14708
14792
13209
15000
15000
14708
14375
14750
12792
15750
14875
14917
14875
13375
15083
14833
15083
15000
14917
12750
16125
14708
14833
14708
13417
15292
712916
2851417
2118916
15208
15250
12959
14750
12625
14583
12750
14542
12375
14792
15583
14916
12709
14750
14583
12208
15125
14750
14916
14500
14833
13625
15000
316625
15667
14958
2400875
658125
16000
15041
15375
1143750
15333
14750
12625
14875
12625
14667
656250
15459
15084
13000
14750
13041
14750
12250
3504000
15667
15417
14916
14375
14667
12375
15000
14750
14875
17959
15791
14958
15292
14833
13333
14958
14833
14750
14250
14917
12958
15875
14708
15125
12250
14708
19792
15584
14875
12791
14875
14958
16000
14625
14833
12958
14834
12792
14583
14833
16667
12584
14875
14875
14750
12792
14833
14666
14917
12791
14958
15959
14625
12583
14917
15084
14792
12708
14833
21250
14583
15209
16125
537584
16875
15208
15292
14375
15541
13292
14750
14500
14917
12833
15917
20625
15000
15291
14459
15250
14875
14833
16209
15125
14959
14125
14875
14750
14792
12792
16625
14542
14958
15208
15209
13416
16375
14958
14958
12708
14750
14500
14875
12709
15458
14541
20125
13208
14667
14833
14917
14833
12875
14625
14666
14750
12959
14791
15750
15000
14625
14791
12834
14833
14667
14709
12583
14708
12750
15709
15000
14584
16667
14916
12834
14584
14375
15000
14958
13667
15708
14833
14875
15208
15333
15500
14500
14916
14334
14834
14625
14959
12292
14791
14417
14875
12666
14583
14583
15917
14666
13584
14958
14792
14875
12875
14875
14708
14792
12875
15958
14833
14917
14583
14792
13000
14959
14750
14750
12333
14792
15500
15334
12375
30250
15000
14791
14959
12708
15042
15000
14875
12750
14875
14708
15833
16708
14875
13042
15583
15125
14792
12708
14833
14667
14750
13917
14875
14500
14916
12459
14916
14625
16292
12375
14834
14750
14625
12709
14833
14583
14750
13042
15083
135458
15292
15500
15292
14459
14833
12958
14709
14375
14750
12625
15625
14375
15041
12875
15166
15125
15000
12625
14792
367958
14833
15708
15667
15250
15416
12750
849042
15125
15250
15291
931292
14916
15333
15000
14542
14792
12542
14875
14625
15042
837417
14709
1438250
15333
944000
15416
15250
741500
15042
14917
943709
15250
15166
12417
14875
1463792
15042
14917
14708
14709
12791
14917
2062500
33417
30541
33166
737208
31625
29959
30125
30084
33333
30041
29584
29666
30167
29792
32500
29709
30042
29583
29875
29750
29625
165167
30791
30041
30292
293625
2309208
30625
29541
30375
30000
30000
30167
32333
31584
1623750
32083
4042125
836166
34542
2382625
478458
944208
34042
33958
37417
33334
18222375
7706459
1306250
79333
76916
246458
82417
2208750
79583
77917
1131458
79458
874042
78000
77208
77041
537000
81791
79292
737000
81125
4246250
2363459
79708
760333
6812667
78833
757584
77709
716167
2084500
86042
77125
10837000
79000
7204167
1863333
79500
78209
78333
2843792
79250
77875
78458
77750
77125
4675500
78833
77500
78041
16523083
2959708
6248875
5982667
79625
2215334
78542
77250
76542
77583
77125
78042
27235375
1296708
6930666
692000
77375
1999917
80875
78875
77625
77875
77708
78000
81500
77500
86042
78208
83500
78375
77791
77500
78583
78666
78417
78709
83667
78333
78667
88750
77708
77750
116541
84875
77584
77708
77875
77750
73459
45166
8098375
91125
3177167
846541
12159958
845541
3262666
16929833
5057042
78292
17845792
1645500
80750
4270333
78583
78333
77208
77625
78166
1214666
7575292
2279291
79583
77167
77834
76917
84875
78083
77125
77250
77834
109250
79083
77000
437416
80084
684209
7531500
682042
3023292
3026417
78917
1740084
1319125
82417
500625
981666
78334
78000
77750
742208
78750
905708
78167
78042
77584
77750
836667
77375
79791
77459
592083
77709
78042
77375
1882625
1269500
1650417
82583
80459
1245584
1836417
11198583
79417
78250
78583
78125
77375
77458
77834
77334
78416
77208
90583
78458
78250
78041
77125
81750
78250
82833
77791
113583
76792
78000
78791
78291
78375
76750
44542
46542
44750
46458
54500
535958
591209
1480667
59459
57458
2872917
79834
77791
77334
77125
77083
77541
77333
77458
76875
77334
83667
77625
78250
77542
77000
77500
1260958
83542
1130792
91416
1775667
86500
78583
78209
77917
82666
77750
78542
78292
87708
78417
84333
77750
2220792
2535209
78708
82500
78250
78875
78417
78250
84916
79625
89917
78667
83125
77666
77625
77834
78250
78333
78041
83792
77292
78292
78292
82041
76667
77542
77000
77291
76666
77750
87000
77667
77209
77583
81250
48125
1244750
46334
45167
45667
51084
47666
45042
46500
49833
45375
45667
47667
45083
45000
1804292
58791
57334
68375
57291
57042
57083
56917
405250
2175750
1665083
1031958
3009292
2282916
687375
79167
78250
988500
4199667
834541
79041
3833917
79583
79292
77833
79083
79125
78708
78000
78500
76583
78917
83000
81417
35666
33291
29333
31625
29125
31541
33125
33708
31959
32250
28833
29750
28958
30750
28875
30541
33000
34583
29167
30292
31084
30166
28916
30250
33042
32708
42709
46209
45042
46542
44875
49458
45459
46042
45625
45917
44959
46500
45208
46083
48583
45000
48708
46792
45125
46291
52416
48125
45500
46375
44833
46500
44875
49584
67542
46292
44958
46416
45417
46250
45042
48041
45000
46958
45125
49167
44917
42917
38958
40375
43083
43875
38583
39875
57000
732791
5572334
63459
56666
58125
56791
63875
62625
60083
56750
58334
63959
62000
60500
57834
56250
57667
56667
57667
56375
57791
56583
58292
59667
57416
57250
57584
57208
59000
56750
65750
56416
56917
56125
62333
57416
57959
57084
63041
56958
57709
57083
58292
57292
57333
61625
62000
56958
57458
57000
56958
56666
58000
61833
62875
57167
53750
49500
46416
45375
46875
45667
46625
47083
45500
45500
45833
47834
46083
45500
46334
45375
44916
45250
47625
49792
44625
44625
52834
49166
46333
45250
44625
45459
45958
45125
45167
44750
47083
47417
45042
45000
45500
44750
44834
45083
46625
46000
39167
38916
42083
38958
40709
39041
39667
38625
38833
43709
46208
38417
40125
40542
38250
38541
38250
38459
38500
38833
43125
38166
38500
38375
38958
38500
39250
38584
39167
39208
38625
40667
39250
42625
39042
38667
38834
39917
41542
39083
42958
38791
38542
38750
38666
39000
38916
38916
44250
41583
39167
40834
38875
38916
38750
38458
38917
41750
65208
42667
38458
38375
38791
38500
38917
38792
38250
38666
38708
38708
41375
38667
38709
38792
38458
38958
49625
38792
38542
38459
38625
40834
38917
38375
38791
38708
38583
38917
38708
38916
38750
41708
38375
41000
41792
61458
41333
2306000
1052916
752958
2466917
39583
6970541
39125
1597042
45667
45375
44833
45209
45167
48542
4059833
58000
2956250
4782000
1885666
2319292
78458
77042
1667584
6165250
78833
1381625
603958
4269375
2720417
3972458
853500
809000
1636375
1522167
339708
81417
1684041
2774000
9266625
9019625
2079084
12744333
3086959
859917
1964209
1709084
6850375
3703208
2991458
9977250
18003625
859958
9128500
14027375
1276583
1975584
1842666
1821042
78375
771083
1151625
977333
5047333
78500
77750
77500
1046625
79291
77167
77167
8513000
78833
77500
78125
78167
78667
1172625
77250
77917
77750
1148750
1139959
80042
78708
5691708
3983458
694667
4305083
2994167
3983000
4741417
5034375
1814792
3425042
4007209
2962792
2710875
6037625
863875
5441000
77834
2885792
3341375
9904625
21270250
3456750
3005333
7982209
3995084
16047833
20994916
693250
78542
79375
79250
18091250
80083
77417
78334
78041
1646083
80333
78250
77917
79250
78250
78708
77625
79000
78083
79583
84208
84125
78292
78917
77708
80000
77875
85333
77542
77666
77916
83542
77958
1210250
79417
79500
76542
78459
77167
77458
76875
79083
77292
78625
83958
77625
78417
78500
76917
87375
3176875
80584
76833
77792
77666
78542
77042
78208
77250
79042
77916
83667
77334
79000
77667
77375
77334
77333
76125
77292
85583
3373500
77750
78916
77083
78583
77875
78542
77333
78041
77167
79083
82083
78833
77958
78458
77000
79208
79291
77583
78625
85000
78084
81416
76750
78917
76750
78000
77292
79042
77542
78541
76917
78750
62333
46875
45083
44791
45708
44875
45083
44583
44791
45959
47209
47500
47166
44500
46292
44917
46459
44500
45875
44792
44791
45292
47542
45083
45333
44958
45041
44625
45334
45708
44334
46333
45042
48917
45000
46125
45042
46208
45459
46458
52459
51750
41250
39250
41541
8038541
8743375
5967416
32223250
79292
77833
77459
77917
76875
77708
77125
77375
78291
77250
82417
77375
76500
77875
76792
78000
5229917
80791
78541
78583
77875
77625
77208
77708
78417
77292
78333
83041
77875
76959
78250
76916
79167
77041
78291
77416
77459
77167
84375
69917
46291
45292
46084
44750
46291
4701417
28626958
79459
78375
78333
76792
77166
77958
77416
77709
987250
85500
76708
78125
76584
78542
77875
78000
76834
2238084
78958
77167
77250
77666
77041
78709
77166
77833
81500
77583
82541
78458
78042
78333
77334
77208
76792
78667
78167
78666
77958
83041
76292
78250
77750
78542
77500
79667
1049083
81167
77083
77708
3174333
79333
77792
79292
76917
78125
77583
77583
77708
78166
77084
84875
77750
78458
77334
78792
77208
78208
24393458
79750
78125
77292
78042
79709
76708
78000
77333
77583
78542
82334
77458
76916
77583
75875
77416
79208
84917
79292
77375
83333
81666
79125
77458
79625
77250
79625
79167
78875
77000
79625
76833
82708
60375
46292
45083
46750
45125
45709
45000
46334
45041
46584
47584
74417
45583
46167
46292
45625
45541
46292
45542
46084
45041
49833
51708
46500
44667
45916
45500
46250
44708
46000
48625
46250
44875
48917
44917
46333
45250
46708
45084
47792
41041
40292
37959
39875
40667
43041
38500
39917
38542
39833
38875
40291
38417
39750
39208
42458
38459
39958
40500
38500
40041
40125
38708
39042
38250
40458
40875
40125
38500
39958
38667
40167
38583
39959
42708
42208
38250
39875
38417
40042
38417
39542
38875
39750
40375
39625
42083
38625
40125
38459
39875
38791
39917
39708
38500
39833
41500
40000
38875
38417
38917
38083
38375
38500
38334
38250
39125
40792
57792
39750
38792
40083
38250
40000
38917
40125
38500
39917
38709
41959
38292
40250
1189916
40500
43625
39792
39333
38541
42959
38500
38250
38542
38667
41375
38584
39750
42125
38416
38333
38791
38750
38958
39042
39333
40583
38875
38750
38583
43167
45750
38500
38709
2062667
44417
38292
39833
38667
40041
38542
39250
38459
40333
38792
41959
38584
39875
38417
38541
38583
40000
38541
40083
38625
38167
40833
40042
38583
39917
38167
38375
38500
38167
38792
39000
9341500
80167
77041
78541
77791
79291
77625
76375
76833
77542
77000
81000
77625
77667
1822458
853167
4642959
79166
76542
77250
77292
83875
76750
77166
76791
77708
76834
82792
76417
77708
77250
77375
76916
76542
85917
78000
76375
76792
81375
77667
78250
77667
77417
77542
76542
77083
77542
76667
77416
82042
76500
77500
77250
54542
45250
45125
44709
44917
48917
45667
47500
45208
45000
45166
44667
11582209
9703625
77958
77916
76167
79542
77291
76916
77625
77417
84209
77083
82417
77042
77167
77334
77875
77625
77875
82584
78167
111792
78084
76541
78292
70708
45833
44583
44958
45041
44958
45042
46833
44750
281168417
99250
138534000
47872042
3563958
5976584
134024208
84292
79250
77500
77209
77958
78375
77666
79375
76541
78666
87375
77875
47339250
168157833
84083
78458
77417
78083
7207042
2918500
12248042
22783750
86709
80875
82125
81417
81333
79625
82125
84000
80833
79500
88125
79916
79125
80250
81875
80292
80125
9370208
6480208
9029584
90326125
7439792
38308959
7735666
81166
79625
79375
78250
78834
87763417
24799666
89583
79291
79417
78375
77750
78875
77791
77375
77625
82041
83500
77375
78417
84500
78750
77625
78792
77667
78834
77750
78833
82375
83833
77541
77833
82584
77375
77917
77834
78792
77250
78000
83542
79542
48666
45417
44791
45000
44916
45542
44959
44959
45500
51500
45417
44833
45584
71458
49042
45583
533792
45416
44959
45292
45125
44917
45416
45000
45708
45834
45917
47875
46125
45708
902417
45334
50375
44709
45542
46166
45500
45416
45791
47000
47791
48083
45666
45125
45333
44875
44792
45250
45459
3741459
87042
78250
79208
77000
78666
78500
78958
77292
77500
78209
84333
83834
80084
113083
738875
638625
4382750
79458
2633541
79750
772917
14180084
9114917
27125625
32383708
79515500
12082458
35745084
31266542
2938833
78917
78250
78000
80375
78208
78584
77542
77958
77125
78666
83208
79542
77667
5892667
80167
79292
77708
79416
77042
79333
77500
77959
78417
78708
82083
78084
76958
78583
77416
79125
77333
79041
77542
85792
78042
82417
77292
78958
77750
74458
44541
46458
45000
46542
44958
46416
47791
47041
44541
46333
44875
46959
45375
46875
45333
46500
44750
48667
45000
46500
44917
47375
45417
45958
45083
46416
45750
650333
45833
46625
45500
46500
45125
45334
532583
46125
2920041
863167
36717000
9710583
1839500
3858666
79166
770625
3166375
2059500
13834042
5141500
40875
5511583
4649792
1910125
82917
1007708
1249875
83167
80583
78208
78500
78250
79208
84625
159833
718791
1158916
80791
80125
79125
78833
533834
81250
4249500
80250
78625
4493000
80750
27192500
5002709
691417
3297791
3757792
11979750
81125
24184083
22656875
6986333
14994667
22333333
24694458
73313583
53274041
3389083
42144416
20170500
22271625
26304875
80583
78125
78834
78125
77917
77041
79166
77583
78417
77042
84000
77458
79250
77333
79666
83875
79917
77708
79209
83333
78542
82000
85208
85792
76542
83250
77916
77458
117500
77500
78500
76916
85584
78000
83667
59708
45833
45416
46250
47667
46250
45709
46250
68625
46167
45334
50375
45041
46000
46542
45250
46167
45333
46250
51875
45333
45250
46500
46958
44792
46291
45500
46709
44500
46417
47750
46959
44625
46625
45041
45958
44458
45791
44917
46209
49416
48834
68375
38875
38917
4519167
51375
45959
44917
46750
44791
46125
45875
45917
44875
45833
47708
46375
44834
46292
45042
46542
44917
46125
45333
46166
44583
49083
45375
46708
44541
45708
45042
47417
46167
46791
44834
46042
10000541
1399250
78916
78750
78333
78875
4524750
16995042
31233959
80034375
13543541
75131750
121455167
4295667
9043125
150197334
148254958
17556125
1662083
3947459
46662709
160790541
7962958
144505209
56085458
78818375
44775625
82170750
136848709
353245917
43549333
345528416
83480125
93044209
458401000
89708333
130176834
12579417
1828958
3983041
8116416
178893708
36135208
25986500
203122750
84875
78234625
100701500
564363167
84959
79000
81333
78416
79042
97583
83875
89000
79167
77542
78084
78334
78166
86792
86291
77833
86333
76959
83917
77333
78042
76542
78625
77750
66209
45209
53500
45542
46625
47750
52625
45125
46292
45208
53208
45750
57125
45125
48458
46167
48667
46500
49917
86625
194734583
314166000
50875792
84333
79708
83625
79167
80375
78417
89708
31248250
45836666
83625
67134583
418109834
80779333
84417
41791375
5776042
1164875
79291
85958
76917
80375
83250
85375
77250
77750
81000
88041
84250
86834
99917
82541
78333
85208
77750
84166
77583
84917
77875
89625
78709
69332791
59349292
81833
78958
78292
83833
78042
79000
77667
76833
78250
78125
85417
78166
77375
78042
77041
77750
84042
77750
78250
77333
77583
81375
77708
77875
79209
77625
64750
46041
44916
54166
45250
46417
47458
51875
44958
45750
44750
46292
45041
46292
45125
46291
44833
49042
45083
46000
45625
46333
45584
45875
45417
45500
45208
45166
48750
45084
46375
44625
44833
44833
45875
52917
46292
45834
45167
48375
45125
45541
40667
48667
38250
38667
38709
38958
40000
38292
41500
38750
40125
38250
40208
38792
39291
38375
40083
38917
39416
41000
39209
38750
38875
38500
39834
38792
39750
38875
67584
39042
39417
38292
38834
44042
42750
42959
39542
38625
39167
41000
43625
38541
39542
38250
39166
38667
39042
38584
220625
38750
40875
38334
46834
38750
38458
39125
45000
39791
38500
41083
38209
46125
38458
40250
38375
39833
42208
39917
38250
39750
40542
39625
38417
39459
38584
39334
38584
39583
38708
39334
38292
44875
42958
59708
43041
20408875
8972042
863709
87256709
84345375
36454500
517628292
50633167
256542459
85875
78167
78375
76708
77167
77625
77916
76958
105567000
82958
78000
77208
76833
85625
77042
86334
77959
80542
77875
87916
77458
79167
76334
78000
77666
81459
77458
78959
85417
81166
82666
117463792
62818542
43855709
49368458
182142292
43259167
84449458
48963167
81625
45322125
95130792
85709
81166
79083
80250
3412375
81625
78625
79417
78209
79000
78208
92291
77500
83666
77791
85000
77667
78667
77500
90042
77458
88875
77166
77125
77291
77583
93125
87083
76875
84333
76916
77750
77584
79500
77083
84500
77458
84625
68375
56250
45208
56500
45166
44750
46375
44875
46750
44667
47500
44166
44708
44917
44792
44916
45250
44333
45750
58125
47500
50542
45500
45041
45375
45084
52583
44500
46125
44958
46125
45125
47917
44792
50209
45250
52500
52541
45000
57875
42208
39625
38875
41041
38166
39792
43042
43292
38625
46500
38625
38875
45500
38584
38625
51833
38334
38375
46583
38417
38500
51125
38584
38250
51791
38417
41125
39417
38084
39792
40250
38500
39459
38291
50666
51791
38542
50250
38417
38459
40166
39875
38459
50667
38417
38750
42292
38625
46042
38042
38958
39458
42833
41958
38833
39250
38167
42083
38708
51166
38541
39000
41125
38459
48375
38083
38459
50792
40500
38583
48208
38334
38250
39334
39083
39666
61416
39958
38333
40625
38625
38417
38625
39750
43125
42042
38833
42500
38667
39292
40542
41917
38792
39417
44750
42959
38625
38917
40792
40125
37750
39708
38917
46084
38584
38375
45292
41083
40500
40792
38250
38667
46375
38708
39709
38584
51125
38792
38375
50625
41042
40000
38541
38958
38042
51667
38125
38541
40000
43333
42042
40208
42167
38541
50125
38500
38375
39000
38708
49916
38083
38416
42000
38416
52625
42500
39250
38375
46042
38333
38083
39667
38500
42416
38500
50958
38208
38750
51000
38375
38167
51500
38500
95208
38500
37834
40417
38916
39542
38625
39459
38292
47458
38292
41000
39584
38875
38292
38042
50625
38333
38458
51334
36375
33500
42916
33208
33541
34875
33834
35250
33417
35084
33083
46041
33666
35125
35209
33542
33000
33416
33291
33375
33125
33125
33667
33500
35000
33459
33416
40375
33791
33833
33291
34291
33250
36708
33250
35375
33750
33125
33583
33792
33833
33791
33333
33375
33459
33792
35792
33708
33625
33417
33875
33625
33667
33417
33375
33917
38792
35958
33875
33333
33584
33708
33750
33667
33583
37375
34000
33417
33375
54584
8440500
1872792
41333542
93661875
92542
80167
78708
78667
80833
76709
77417
77458
80167
77167
86166
85250
78750
88708
77625
77542
90416
83208
78792
66708
57000
59917
65083
56917
69875
56125
56167
69541
57416
55916
57333
56917
71167
56708
70416
56792
55875
69333
56792
56625
109666
57583
56833
65958
56458
64458
56583
58333
62917
8699792
6294625
79916
77125
78500
77708
85667
77833
85375
77042
84708
76625
83500
76916
85375
77292
78625
83792
78666
77459
78167
77417
79750
82042
86125
83125
85833
116792
91833
77416
78208
77167
87917
77333
88958
77084
88500
78041
96708
77667
91041
77500
78625
77083
90791
65833
1928250
50000
47250
47208
47292
46334
46458
46541
302167
45834
1227458
74917
5942792
78916
78209
82334
80625
78208
77750
77375
76583
77834
77541
81750
83417
78083
79833
77209
85167
78208
78625
83209
84459
77292
88667
77750
77375
70708
57375
45375
45541
53500
44875
73417
44375
53209
45333
58166
44542
45042
52959
44959
57125
44375
47375
53166
44792
45833
45458
56917
45292
45375
56916
45292
45084
48917
45041
54708
45333
45167
46750
45167
46000
45042
57458
45625
51667
43916
38500
45250
39083
51750
38542
38625
52416
38709
38375
41833
38375
51167
38709
38584
40041
38500
50333
38750
38625
40042
45167
42833
38708
50583
38208
38584
50750
38041
38250
69250
38708
46625
38833
38416
50708
38291
38875
6091709
2329541
29046459
206279208
83085542
2583625
37679709
85167
80917
78875
83333
79125
86334
79250
87125
78750
86292
93334
91417
78792
79292
78583
85125
78375
80084
87667
79791
78833
85416
79167
108833208
71856750
38046208
81291
80291
78208
78916
77709
79958
77458
88917
77625
86750
84542
84834
85000
78750
77500
84958
83666
80000
77000
77791
77625
81583
76875
83958
78125
76833
77208
89708
76833
90834
77000
89917
83000
85375
76917
78250
77959
65417
45000
57000
46167
45208
56459
47917
52542
45250
53416
45917
44875
53417
44583
52667
44583
53000
47791
45583
44875
54041
45208
45125
57542
44292
45625
83750
45334
52541
44708
58055167
80000
78750
76709
77833
89084
77209
78042
77417
86292
78750
88583
77583
81625
77334
77916
85000
77500
78333
77458
86083
77875
89375
78250
87833
77792
79500
76791
77542
78458
92042
76541
76291
83416
76916
79583
76250
89125
76375
88834
80209
51375
45959
44834
48917
44459
79875
45459
46208
44750
50791
44667
46625
44833
45708
44917
53208
48208
46417
45042
52125
44666
57958
44875
44875
46042
45125
57542
46333
44834
52708
45083
57584
45375
44834
45500
45375
54709
44834
47875
45250
46458
48333
38541
38875
50584
38959
38625
40042
38875
53167
38417
38542
51500
38541
38875
51084
38500
38125
43584
38208
40667
40084
37833
46500
38375
38083
51834
38458
38833
50500
38875
50916
38458
43833
39500
38417
50041
38625
38125
50291
40292
38666
45416
64416
43625
45834
530291
1103625
46042
1913375
25214834
84166
78042
78750
79250
77833
77375
76125
98865417
44250
38625
39833
38583
39250
38375
40167
38375
38917
38666
48833
38500
39250
38542
40125
38375
46250
38625
39583
38291
39000
41375
39208
280367833
93875
65313875
446831834
2945583
83375
408157084
98167
80291
92833
80333
79542
79000
79167
79625
79333
78875
78459
91875
84917
85875
84333
91833
85125
3922666
23526791
3334208
81500
78958
82417
78958
79958
78083
80792
78792
79708
79167
100500
77667
85458
77166
79709
77750
91083
78042
83500
80625
10750584
14915584
18732666
87666
88083
79334
78875
78875
77875
79584
78083
77916
84500
86334
77666
81125
77209
77708
77542
90750
77000
77167
78041
82500
83667
85125
83833
90208
77500
86125
77334
84458
77625
85000
77500
81916
77667
66750
47125
51333
48583
50917
45250
52333
45958
44541
55291
46167
44666
45958
45042
53416
45375
47041
47458
46500
45167
49750
45375
46500
45041
78791
45584
50208
45416
49333
45792
52750
47917
3743959
58583
57459
56625
57417
56917
4856833
87000
77250
482250
77208
1433584
1541000
12734208
34436500
82208
2676542
13961209
11022667
4947792
2357416
861500
1446042
9251000
79875
78083
78292
77583
84791
76750
79583
76500
80208
76375
84084
77125
80458
77459
80084
77167
79917
76708
85000
85167
85458
81333
83792
76167
90084
77625
84917
77500
97250
39026584
6667125
2968708
4027250
63439750
207291042
83428667
60433708
81667
4672750
78875
78333
77292
81500
77375
78250
77250
82375
77500
78833
82250
77750
78583
77333
77542
77167
78208
77000
77708
86167
77333
81375
77292
77750
77500
77792
77917
77417
77917
89083
77083
78000
81959
87875
77166
89583
76625
89334
76583
89791
77084
77209
68416
48209
45375
51625
45166
48250
45000
46250
44333
57500
45334
45167
55708
44042
52125
45000
47083
45291
53417
4497000
93334
77625
77625
79583
77292
77084
77458
88875
77708
49357750
106073125
97521125
181557875
141660959
125612209
82458
78125
76292
78459
77042
78458
77292
77792
77000
85250
97292
78500
77083
77792
77333
77750
77750
89167
87000
567204083
71585875
337930125
40548833
81834
77625
77375
77833
78417
76667
78000
78375
81083
77125
100750
78542
79292
78792
79459
79834
90041
77042
91125
77125
79458
82125
84250
82500
84417
76625
83959
77125
91084
77208
88833
68875
48583
45250
54459
45625
44792
44958
45000
45208
44541
45083
44958
47584
44917
44667
45500
45250
44917
52834
44291
57875
45000
45375
49792
45292
47000
45750
46083
45167
51833
467391208
87208
79250
225987583
94749542
83833
78416
79083
76916
78458
76709
85375
77417
78875
76250
93042
76625
80667
77166
78583
77167
166280708
535472541
196159417
61730750
81834
79083
79500
76750
81708
76792
79667
77208
85333
85125
85750
78959
77084
91625
77208
78959
77000
78584
76875
90125
77542
84084
69708
57458
45000
189709
46584
50041
47000
45334
45417
45542
46084
45125
56375
44791
47541
53208
45167
46292
45209
56708
44916
45167
46042
44666
55833
47583
46542
45375
57292
43750
45125
52750
45208
46000
45250
46916
47459
44166
38750
39666
38375
40000
38750
40125
38333
40041
38583
47334
38625
45750
38208
38208
50542
38417
38083
46250
38375
38167
47584
38125
50458
38417
38709
44500
38083
51250
38208
38667
50709
38458
38291
46333
37708
38583
42167
38750
40000
618917
39949208
2905208
3875584
38449250
21673708
137485083
19784792
7700666
80500
755250
2130958
14859041
13525166
10068208
79375
82167
78625
77542
77458
90375
78583
79375
77292
78291
82541
79000
79083
84958
77959
78833
77291
83208
78125
77834
77542
85458
77167
84750
76916
78083
77125
78208
83666
78208
76667
83959
82125
90125
77667
79250
76041
79125
76334
89167
59209
71708
45458
53625
45625
50334
48125
58666
44625
44833
45541
44750
48000
45125
58208
45000
44792
57583
44750
48834
45333
45250
56750
44708
45292
46042
44583
53333
74000
46667
45292
167917
29830083
3560916
24232959
5428583
87583
79042
77458
79500
88958
85208
76584
77417
77833
83708
83000
87625
78500
77916
77667
77958
77208
84250
78084
78125
77459
82917
63917
45417
44875
44792
44917
45667
45208
54583
44917
45875
47375
45292
44791
46458
44666
51584
51542
45625
48541
47042
83000
47000
44875
52250
44292
46583
46084
44834
53209
45917
44750
48542
45125
56875
45084
44833
53083
45375
46250
44667
52250
38875
42292
38208
50875
38375
38541
39583
38333
40167
38959
39958
37750
42125
39750
38917
43250
38958
46625
4132750
45708
46000
44833
55833
46417
44709
48125
44834
45708
44792
48625
45166
59583
44792
44750
52959
45167
46958
45417
45791
45000
49041
44541
51958
44958
52042
44667
46917
44834
52875
44375
46167
47042
46375
45500
46500
45125
52792
44584
46583
46959
46333
45417
55791
44708
46291
45041
51916
45250
46625
44833
45000
44875
46250
47500
46250
45375
46125
45250
55916
44750
45625
43250
38458
50458
40125
38541
50292
38125
38834
50583
38375
38250
46125
38833
39125
41166
39792
38125
38208
38500
38625
38583
39708
38625
39709
38209
51417
40666
38125
39125
38167
49708
37750
38834
44750
38542
39834
38542
52083
38167
37833
47083
38208
37875
46125
37917
40166
38584
39792
41000
46375
38584
51125
38667
38208
40042
50333
46209
38167
42792
38125
39958
38333
52166
38375
42084
44042
43416
39625
38208
46125
38542
38333
50709
72875
38167
39500
38625
40084
38833
40500
38500
46666
38125
38083
48542
38250
38500
46375
38500
38667
39708
38375
40500
38500
39333
40291
48750
38500
38583
40416
38417
46542
37666
38292
39667
38584
42250
38375
46417
37958
38250
50292
38500
43166
43375
38500
39334
40625
46459
38292
46791
38458
38541
37875
38500
38666
38666
38917
40750
39083
38917
38500
38250
38667
38125
38834
39000
38500
38291
40666
38542
38416
38500
38209
39084
41667
38709
39167
40416
38708
38625
38291
41500
38708
42416
42291
38209
38667
38000
38583
66125
9192625
41125
5898209
46458
44792
48583
705458
48583
46208
47458
48791
7960333
35877958
8898667
2973625
11040042
50262667
79031125
122340042
108827792
122773584
84667
7991958
37818542
3025917
37827125
18222917
173295958
87292
79750
79083
79542
78625
79333
78209
25932958
169149708
48408875
150727458
351031542
85083
79333
78375
77666
77333
84625
76375
85583
77291
79667
90708
82959
76833
77208
77083
76959
77541
77791
77000
77000
86583
84541
78042
76792
90333
77292
76958
76750
90041
77292
90375
77208
95125
76833
91459
77959
17374584
68178166
86542
78208
82625
78208
78459
77209
83917
76542
78083
77416
82750
77750
78583
77250
79917
77584
77542
77625
79292
84792
78959
82041
90834
76750
85834
75542
85083
76625
89250
76875
81458
77459
90250
77542
86333
76917
93250
76792
89959
63958
53083
86870458
7142375
80916
78792
77500
88167
76875
76875
77000
77292
77875
78250
82333
77917
79844542
71948792
26690125
54495875
168921542
51066625
107003125
85042
88096667
7504750
48378541
80125
78709
77375
82958
76458
79167
76917
84459
76625
78708
82833
80292
77084
82125
76875
80084
77458
90625
76458
79500
89020792
34920750
316191500
84916
80500
77708
83959
77583
82417
76250
84542
77667
88916
89208
77583
77041
77541
76667
78917
76125
78750
77417
120667
78291
78208
76833
91917
77541
76541
79042
76208
89500
77167
103542
76250
90875
75958
78375
77041
78917
77000
79333
77542
88583
80375
78083
76750
85958
60875
53208
44500
51958
44750
52875
45209
48167
52583
46208
44833
53708
44458
44250
46708
51833
45792
44750
55875
44833
46208
44959
53375
44916
56083
44666
45167
50583
44708
50625
45167
53000
44917
46417
44750
52750
44417
45750
44833
46791
53375
39667
38291
46250
38375
39584
38250
50417
38375
38292
39833
40458
39666
38542
46375
38250
50750
38125
38292
50375
38084
38709
38417
48375
38291
38625
50416
38750
38583
50500
37708
38833
51083
38083
40583
40000
38500
51833
37875
38750
39750
38291
46750
38209
38292
42041
39708
42750
38333
40417
39500
38833
45542
42375
39000
38417
39709
38417
40125
39458
38250
43625
41791
45750
38167
47500
38500
44125
41500
39458
38500
39334
38625
46500
38833
41125
42542
41333
38667
46834
38334
38500
43041
39750
39209
38542
50292
41292
38583
50584
38500
38500
50708
39167
38208
51833
38709
38667
42125
38834
39125
38083
49333
38459
38542
46458
38459
38125
46208
40375
38250
51166
38250
38500
51334
38250
38375
46417
38583
38916
47625
38667
45917
38041
50708
38333
38750
50709
38209
38625
50750
40625
38333
50417
37917
38334
50334
38042
38542
49750
38291
38208
48417
65500
38333
39583
38666
39042
38375
50917
38500
38458
39583
38166
53333
38416
38375
40167
42667
48625
39458
39875
38333
39583
38125
42584
38208
50500
38250
38541
39042
38084
51125
38291
38334
40584
40417
45958
38750
38833
44625
37959
40000
43417
39917
38791
40542
37500
36000
33667
45292
33292
33500
41333
33250
40958
33291
33875
33417
33417
33667
33917
33500
33583
36541
33334
33542
33417
33292
33167
46000
33417
33250
44458
33500
35709
39667
33875
33375
33083
33542
48958
33541
33333
35875
35625
33666
35375
33208
35792
38708
33583
33083
33584
33667
33709
33583
33583
33583
33583
34042
35292
33917
32917
33875
33417
33375
33166
33167
33125
33417
33500
35125
33667
33667
33417
33459
33875
33583
33125
33916
33375
33542
35250
33625
33417
33541
33708
33459
33708
33583
33166
48167
33333
33833
33208
33166
33334
33542
33333
33542
34000
33875
35042
33500
33417
33333
33584
33375
33750
33250
33708
33542
33291
35750
33875
33375
30417
47500
29750
29917
29750
29958
30041
29375
30042
29791
29834
29708
31667
29458
29958
30042
30208
29458
30083
32209
30042
29875
29958
29875
30000
29959
29375
29750
30000
30000
31458
29708
29875
29833
29834
29791
29375
32541
29792
29666
29792
33833
29875
29959
29916
29542
29958
29583
29709
29916
29750
29667
31417
29541
29750
29667
29875
29375
30042
29708
29917
29875
86500
70250
36000
33375
32292
34750
31708
34084
31375
31250
31541
34000
35583
31083
31084
31250
31292
31500
31583
32416
31166
31000
31208
34041
31500
31500
31333
31459
31708
31792
32500
31583
32458
33875
34792
31708
31750
33667
32000
33792
43500
33042
31625
34333
31500
32000
33583
32000
32041
31041
31333
118834
32875
32084
33083
32666
31250
33875
31709
32125
31292
31417
34375
31834
31208
31375
31458
31542
31625
31375
31750
31458
31917
33833
31667
31417
31083
31541
32125
34000
31500
31958
31542
31209
33458
32083
31541
31583
31875
31708
31916
31625
31958
31750
31875
33542
30959
32083
31458
31417
31750
32458
31291
32000
41083
32458
34250
31542
31833
31667
31250
31541
36333
31875
31167
31958
31125
28833
26750
26709
26333
26875
27542
30791
26709
26667
27041
26416
26292
26584
26708
26875
26584
26208
28583
32209
28750
6812042
33916
31917
31459
31292
3615333
12771000
33458
34458
30500
29875
30084
30417
30416
32959
30333
32709
33500
33083
30042
32625
32625
29875
30333
34250
194417
4446500
854875
6146250
16072250
169275125
86645291
87083
485080958
63750
60875
65708
59667
62791
60166
58250
59875
70125
96625
58000
59209
58042
59750
57917
59250
57584
58875
57125
58500
62084
58125
56958
66042
57125
58083
57291
58000
57042
57125
57208
61000
57583
57083
58000
57500
57542
57583
57916
57333
57959
57417
60958
68125
57708
57041
58583
57209
59250
57208
58209
57792
62000
52375
48541
45958
48625
45708
48375
44833
47833
45709
62084
46959
54750
45500
48583
45125
48083
45541
47917
45084
48584
46417
50500
48250
48291
45333
48750
45208
48208
45208
47958
45125
47959
45667
51125
46000
48459
49125
52125
45584
48250
45542
41208
38875
41333
38875
43667
38459
41083
38917
41417
38500
41042
38958
40708
38792
41958
42125
41750
38917
41167
39250
41542
39000
42042
39000
41375
38833
43750
39208
41458
38292
41541
38791
41292
52000
41375
41542
41167
38833
42000
39208
41292
38958
41375
39041
44000
38750
41375
38584
41625
38708
41167
45000
41167
38792
41875
38875
41083
39042
41291
39375
40958
38667
43458
38500
41167
38708
41375
39292
40833
38875
41625
38875
41583
41125
41750
39041
41792
39042
41250
41208
38916
41500
46666
39125
41292
39458
41542
38542
41709
38625
52208
38708
38791
42291
38667
47625
38791
39083
41000
38458
39167
38208
47000
38667
40917
51667
56958
38958
51125
38667
40209
38500
38750
38958
51042
41083
39041
40041
39166
40292
46458
38667
38750
39292
38833
38833
41625
58625
38667
39542
39000
39334
38417
40250
39083
39334
38667
46583
45625
43792
41834
38917
39542
39125
45917
38333
40292
39000
43542
49500
40459
38708
39541
38542
39917
42250
40958
38709
38583
38958
40791
38708
38667
38791
38958
38625
38500
38417
38750
38166
38875
41000
38917
39083
39167
38375
38875
38625
38958
39167
39167
39584
41250
38750
38875
38666
39292
38167
39416
34416
33875
33958
33958
35417
33584
33708
33417
33834
33875
33458
33958
34125
33584
33542
35708
33959
33583
33750
33334
33667
36375
36416
39166
35292
36833
33583
33834
33542
33542
33666
33375
33708
36084
33708
36292
33875
34083
33375
36666
33917
33750
35667
34083
33875
36708
33833
34250
33750
34000
33459
33542
34042
34250
37000
33625
33500
33667
33500
33541
33666
33791
33500
34000
33959
35875
33417
34042
33750
33584
33792
33666
36791
33875
33625
33541
33291
33750
36000
36125
126000
34125
33708
33500
33625
33750
34041
33417
33708
34041
33500
35708
35083
33875
33459
34208
33917
34167
34042
33542
33334
34167
36917
33417
33500
33875
35708
36916
33375
33625
33625
33625
33875
33250
33333
33459
33459
29250
30791
29250
28709
29125
29333
29208
28750
29375
29000
29083
32833
36708
31792
28708
29000
28917
29458
29292
29291
28834
29125
28750
30417
29083
29167
28875
29000
28833
28958
29125
29000
28958
28708
30709
29041
28916
28917
29208
29042
28917
28833
29250
28625
29042
30625
29375
28917
29000
29083
28792
29041
30000
59750
35000
33000
37708
34875
32167
31250
31750
34083
31667
31875
31541
31708
31459
37792
31458
30792
31834
31417
31209
32292
31750
38042
31958
41708
32292
32458
31750
33791
31958
34041
31625
33792
33833
192166
33500
33750
32125
33417
31667
34208
31792
31458
31208
31833
33708
31542
31459
31250
31625
33417
51625
34958
28542
27542
2805459
34291
33042
32542
31292
33500
33375
32417
36041
34334
31667
34875
31875
31709
31542
32042
32291
31875
32250
31666
31417
3529333
1191625
35333
32708
31750
31875
39834
32417
33958
31208
31750
31541
34167
31583
40958
32083
32041
31958
31584
33000
31375
31833
31917
33917
32000
31542
31250
31375
31500
40292
32250
33042
31833
31708
36625
32542
32541
31459
34042
722209
33583
31834
31667
31084
32083
31500
39125
31750
31916
32292
33875
31750
31417
31833
33625
31958
31791
31333
31792
31209
31417
33417
31625
31708
31875
31458
30958
39416
32791
31625
31625
31667
33375
31666
31500
31375
31208
31375
31125
31542
32042
32125
31459
34125
32000
31541
31791
31666
31375
31875
31834
32334
31458
31833
33708
31875
31917
31625
31916
32083
31750
32084
32042
31333
31875
33875
32084
31750
31625
33042
28708
27042
23322625
36750
9886750
40917
2941667
42750
41208
40833
43250
42792
40666
43084
40208
10823042
50458
46959
45750
45292
45125
44708
51208
45291
45542
45208
51958
45208
47625
45125
53000
46333
48000
48792
48458
45334
47792
48667
47792
45375
47333
44833
47583
45208
47291
44875
48209
44750
50500
48916
48000
46209
43458
1733500
42000
41500
40459
48958
43541
40125
40125
39917
40042
40083
43250
39750
40083
40167
40250
39792
40500
39834
40000
40250
39416
42083
39875
39125
39625
39875
39542
40042
39500
39833
39625
42125
41625
42208
39667
41958
39250
41584
39292
42292
38916
42125
39625
42083
39333
41792
39625
42333
39333
41417
39791
40625
40375
41834
41375
41916
39208
41792
39375
41833
39541
41750
39458
41792
39166
44041
40083
42166
42458
41833
39083
41500
39375
42333
42667
39334
41916
42417
39334
74291
39167
42250
38709
41584
39125
41209
38625
41542
38708
41500
41541
41542
39250
42000
39250
41500
43708
44458
39042
39709
39083
42291
38833
52375
39167
38584
52250
39541
39167
40458
39000
44292
44875
47000
38333
50875
42708
39375
51375
38625
38959
50750
39084
41166
40583
38792
51208
38792
39500
50959
39375
39041
51167
38542
41125
41083
38709
46250
39541
51541
38542
38875
40750
39584
51083
41209
39209
43542
40291
39959
38792
52042
38625
39000
57250
38834
41792
38708
39500
39709
39208
38875
40166
38791
40042
38667
46375
39083
42333
39083
46625
38875
46875
38250
39875
39250
51084
38625
39083
42375
38791
52500
39042
38875
52334
38542
38916
40000
39125
39875
41500
40167
33833
42250
33583
33959
46083
48750
33834
36167
34125
36542
33667
36250
36916
36333
33667
36250
33959
36375
33792
36167
37875
36500
33541
55417
34333
41459
36500
37542
36250
36250
36041
37709
36542
39125
33917
39000
52958
37250
33542
36000
33833
38667
37375
34375
34625
37625
33792
39667
34458
37250
33708
36208
37084
34167
33625
33833
36334
33416
35917
33917
33875
33875
33625
33916
33667
33958
33708
33958
34208
35625
34209
33916
10554209
43250
39833
45083
41917
39292
38917
39500
43459
40500
46083
47042
41709
39750
40375
40500
42375
41708
39584
38750
39834
38584
42542
39709
39125
39667
44375
38708
38333
38500
39208
38500
42833
41458
39417
38500
38833
42458
38625
45417
38583
38375
42000
43375
43375
39083
38375
38791
39333
39750
39333
37792
38584
38959
38250
41375
40334
41458
39542
39417
34083
33167
33125
33292
33500
37292
41709
34875
36917
33292
33750
34500
36500
34000
35334
33625
34500
43166
38667
33667
33750
33542
33375
34166
35917
36917
33666
33541
34708
40417
36875
33625
33584
33792
34042
37542
37041
35583
34209
33625
37000
37292
36917
33250
33750
33583
33709
33917
33542
34042
33708
36750
33625
33458
34916
33458
45000
33583
42333
35125
33458
41166
33458
33333
41459
32958
33625
35334
33667
36667
34792
33667
40250
34334
33542
42125
33875
33500
41167
33500
35458
42375
33208
33208
35833
38125
35250
33833
33958
33250
41333
33209
33375
40917
33459
33375
35500
34000
41083
33458
33458
34083
34667
33875
34750
36833
34208
31834
10528500
34917
33875
37958
33375
34625
34209
33500
33333
34417
33500
37333
33542
41500
33916
33417
41125
33417
33625
35750
33583
41166
35709
33416
35084
33833
34958
33584
34083
33292
41916
34084
34042
36666
33500
35292
33250
40000
34125
41750
34041
33625
38541
36042
37042
33917
34833
33625
34334
34125
35083
33750
33792
34042
41958
35750
33500
46083
33625
34583
37792
33834
34500
33500
45666
33875
35208
33917
33792
45875
33542
33708
46250
33375
33500
45917
33833
35417
41875
33666
34000
33416
33417
46417
33542
34083
41375
33959
33583
35417
33416
33709
33083
33583
33583
33625
33583
33417
33958
33834
35958
33583
33375
33166
33792
33500
33875
33541
34000
34250
32041
31667
30083
29833
29917
30041
29833
29959
33584
29917
29834
30041
29917
29916
32833
49333
30041
30208
30333
29917
2922583
32125
30709
30542
30167
30666
30208
30292
30291
32458
30125
34125
30417
30250
30375
30375
29958
33833
30333
29833
30083
30000
32125
30042
30084
30000
29583
30042
29875
29959
29875
29750
50125
9334459
3019375
8016500
937542
5218709
39375
3325375
46292
45250
45209
46250
45084
46334
44917
45417
45875
44959
47416
48209
45333
45084
5815625
866458
79000
53320666
80500
77792
77750
86375
77875
79167
77667
85583
78125
84958
83417
78250
76709
87334
78750
81625
77667
85125
84334
85250
78833
90125
69084
55333
45250
45083
44292
44708
46833
45334
56833
45042
48167
47000
45417
53916
45459
53167
45625
55875
45083
49584
46417
50375
46083
45542
53958
44791
53708
44959
45416
45250
46209
45417
49583
45250
46375
50208
49000
45250
45584
45541
44792
38416
43459
42916
38500
40125
38417
38375
40084
42166
40458
38667
39917
39208
67959
39042
46083
38958
38500
39000
47916
38792
38708
42458
39666
41084
38583
38625
38500
38917
38667
38375
38792
38583
44916
38416
42042
38250
45208
40166
39000
39917
43083
43083
38834
48917
38708
40375
39959
38500
51167
38500
38500
40291
38625
46500
38458
38958
45500
39375
46583
38250
40042
39000
46792
38667
45709
38584
39750
41208
45000
38916
39875
38292
46417
38375
38667
50084
38917
42541
46417
39042
38542
39333
38875
52042
38416
39083
58625
39375
46542
38708
51500
39041
42791
41250
41000
43250
41292
42333
38916
50792
38500
38625
39917
43667
39500
42333
50791
38791
41041
50750
38458
38958
50792
38958
38209
46667
38875
51083
38459
41083
40042
38833
51709
38958
38708
38416
38708
42542
39084
52000
40250
38541
51166
38416
38917
38666
39084
39250
38833
38417
51834
40917
38791
47208
38833
46875
39042
38625
51000
38625
38750
50834
40459
39125
41834
43084
41500
38667
39250
38167
51250
38750
39041
48833
39167
38583
46709
49709
43625
39208
39292
40209
38667
39875
38458
42583
38209
46292
38500
43125
43375
59541
39833
39791
39875
33458
34041
34166
45833
33459
33625
34875
35708
35000
33709
35125
33417
41291
33916
33583
44250
33708
33833
41083
33625
33834
33666
34084
33500
33500
33791
89958
33917
34250
33375
33708
33334
33875
33500
33709
33625
33500
35750
33917
33666
33416
33583
33959
33708
33917
34084
33917
37083
36042
33958
33750
34250
34125
33750
33917
33500
33917
33458
33791
35333
34000
33667
33917
33750
33584
33667
33667
33708
33792
37417
36291
33833
33167
33458
34250
33958
33500
33584
33958
33541
33625
35667
34625
33208
33583
33709
33166
33708
34084
33583
33875
33625
35167
33542
34042
33333
34208
33709
33542
33583
33583
33583
33583
35667
33708
34000
35208
33584
34416
35000
42542
30083
29875
30083
29834
31750
30000
29875
29834
30334
29667
30041
30125
29917
29834
29750
31375
30208
30334
30167
30250
29916
30292
29750
30000
30125
29708
31917
30125
29958
30000
29916
29959
29875
34000
29916
29792
30083
29875
29833
34459
30125
30167
32333
31917
30375
30292
49291
904584
526500
30250
30166
30084
30375
30292
30167
29875
30125
33875
30083
31792
1220041
30750
30084
29583
30041
29834
29917
29833
29667
30125
24257125
40167
38792
40042
38708
38334
38125
6998250
11649958
80375
29487333
80000
79084
77125
91084
76958
79750
76625
88667
77208
84875
82958
79417
85958
79625
82959
79959
78459
85083
78125
85917
77375
82875
70458
52875
45250
52708
44417
53167
45042
44958
52666
45083
49250
45334
52958
44541
47125
48750
46166
44833
46042
44792
45542
47208
46916
45292
45542
45541
46542
45416
52791
44958
51500
47708
47750
45583
57042
45125
45792
56083
44875
46750
45708
43792
38500
48500
38375
38500
51458
38375
39125
52167
38375
39042
51958
38541
40833
49250
38583
38708
51958
38250
39250
40375
38291
50708
38708
40875
50791
38458
45375
41250
38916
46208
38709
39333
38625
51083
40834
38917
51500
38541
38250
40625
48791
38875
53375
38625
38708
47709
38542
48292
38334
38583
46959
71083
42125
2968000
10321334
20038125
79250
50887375
79458
6584875
79667
78292
76958
88083
1114791
85250
619708
81959
5320375
83666
77458
79000
77958
78208
77375
92125
77000
93209
76250
83250
77000
85417
77625
87750
76625
91708
77125
78083
78125
85167
81667
65583
44667
46542
45083
46583
50958
50083
44917
53167
45125
55083
45084
58125
44167
45167
55917
44666
44625
49458
44750
57458
47625
44833
52875
44583
46917
44875
53042
44416
59056208
96958
60709
64250
57625
57875
56875
62334
58625
61000
57625
78791
59208
139917
2405875
10110083
2913500
129419292
87292
1206083
80500
90418250
8785708
5969542
149290292
2722833
10733791
143772166
17539500
80583
78875
6438750
80500
78917
77166
78833
78708
78375
85542
78166
77917
77084
91791
77958
79500
77333
77334
77750
77333
77583
78792
77042
85625
81875
79667
76458
76792
76625
86334
78084
76833
77834
77625
78250
83625
351417
79041
84083
82042
77375
78458
78125
77083
78584
79375
77208
83417
77875
82209
76542
84667
77583
77458
78083
78833
78458
79416
82958
97083
78125
82833
78708
79250
79250
88500
127375
78458
77834
78667
77667
57958
45000
2590375
58250
56959
56667
57125
56666
58125
57000
57833
57125
10641333
79584
78625
77166
78417
77916
77875
76917
77500
78125
77791
83833
78375
77292
86375
78042
77666
77292
78292
77542
79208
78125
84666
77458
80667
83709
79292
77542
86209
82625
79333
84583
82792
83875
137042
77917
86166
93333
92583
87959
79708
76083
90125
76500
85375
77500
85209
77292
82792
77666
90083
76750
85833
76583
85917
78250
85458
76958
78208
81500
90709
77125
90375
77333
85917
50916
52375
44917
57959
45084
47500
57916
44458
45083
53375
44750
54209
45000
45208
56917
44917
47791
57666
45000
44834
52542
44875
57000
45333
44959
45583
44833
49125
45000
55333
45042
44167
52917
44750
53333
44709
45833
45375
48833
44084
46916
38208
38167
62292
41375
2902959
45334
607708
1502333
49375
47292
46458
46208
46584
46333
45875
46167
46000
46167
49417
50458
45791
45959
46208
45959
45542
46333
49750
46250
45833
50417
45750
45500
45875
2607875
64916
62375
63375
56916
56958
56375
62708
57292
61791
56584
60416
57125
65459
56084
57958
58458
64459
57042
69416
56500
57000
70166
56167
57708
57500
70750
56792
56709
63917
57042
63917
1101000
2052375
4981334
1835542
1659875
6776875
665625
7102125
866291
782083
4320458
86125
77250
7863833
9957208
79209
782000
80333
77209
631917
46445125
83403625
1301750
79292
78625
84667
83875
78250
80125
766333
79250
77875
79500
79000
84500
72693792
81709
105989792
35895500
91750
79875
86583
79500
80459
79666
77042
79292
77416
79000
91458
90542
78833
80125
79458
80209
78042
90583
78167
79792
78083
83958
78333
84125
77667
85958
78125
86041
78333
77666
77917
80167
82667
77458
77042
89875
78000
78375
70542
45916
45500
57416
44958
47625
54667
44917
45292
49666
45125
57459
45334
45625
53000
45084
49000
45458
46833
45083
46417
45000
56875
44750
45208
57458
45041
47417
45166
44792
57042
45125
45042
46167
44875
57209
45375
45333
49250
46167
47583
38875
39292
38875
55459
38667
40416
39458
38750
43291
38917
38625
40125
39125
51416
38375
38333
104305416
633250
10060708
80833
77458
77583
612667
78292
77833
76381542
510916
30326792
86103792
592000
81417
2104500
82792
16041083
80458
79167
77875
122827291
50003750
43704750
153323709
86041
80834
327208
84667
78708
79000
78916
33680708
40098917
36792709
80915875
93544459
38713875
90541
80417
54710625
84417
79750
674750
81292
78708
81417
78208
80500
77416
86291
78083
77917
89959
83208
78667
57337417
76150833
69774625
81500
78375
77125
77875
78208
77750
77541
83625
77250
79583
83250
79166
78042
193173666
73550042
21876708
89000
79250
55272333
84625
79209
78584
74836417
87000
78292
8616000
60175292
27547417
82000
79708
81083
77333
2697292
56873459
831916
12358458
80750
78167
3462250
81625
79459
78791
84334
77791
78959
77541
80042
77417
84167
82625
78917
77375
90875
77500
76958
76875
77917
76959
77792
77958
82375
77333
76375
77166
77500
76292
83542
77500
79667
61875
47583
51542
45583
45291
44958
45417
44917
44917
45250
50125
48208
44625
49292
44875
46334
44917
57208
45250
44708
56959
45291
44750
56667
47834
44791
57500
45375
44792
57500
45416
44958
57708
44625
44708
49625
44958
46709
44834
53083
45583
40875
51750
38333
38667
51333
40666
38958
46750
38292
39125
50500
39041
38292
50333
38375
38500
48583
38417
38750
46666
38667
38542
46250
38333
38417
50542
38750
40917
44834
38459
50917
38250
40334
39542
38917
40167
38291
39959
40417
42625
41833
39417
38333
51500
38083
47917
40458
43625
42917
38709
50459
38584
38584
46542
38916
38458
42792
38375
40375
38458
50958
38667
38541
51208
38833
38958
39875
41083
51583
38292
40000
40417
38750
51750
38250
38625
42667
39125
39292
41000
39959
39375
42708
38917
40250
42333
43583
38334
50375
38667
40500
39958
38333
52458
38292
50208
38250
38666
40375
38542
40375
38709
50500
38500
41000
52334
38625
38334
46084
38834
38375
51625
38625
38666
46166
40917
38625
46125
38583
38792
40125
38625
39333
40208
38500
50333
41458
46375
38333
38833
47042
38834
38375
50417
38583
38833
40666
44625
39667
38958
39500
38375
45916
38459
43000
43292
38292
51917
40959
64375
46250
38584
40042
38500
46209
38500
46875
38916
39083
39667
40708
50916
38667
49125
42250
38833
39917
46458
38500
38500
50750
40458
38625
49958
38500
38375
52292
39291
37000
34208
33541
47250
35667
33667
46208
34000
33458
46459
33792
33875
46542
33500
33708
36709
33834
45291
33333
33541
41250
33792
33625
41542
33917
33791
43416
32833
33833
41292
33583
33500
41292
33292
33042
44959
33375
35542
33250
33416
44458
33458
33250
35500
33500
33917
33417
37334
35958
63834
34042
33917
33709
33333
33541
33833
33833
33959
33792
33459
35708
33625
33584
33792
33584
33375
33583
34083
33791
33500
33584
35625
33833
33750
33500
33792
33666
33459
33667
33583
33958
33791
35333
33416
33625
33417
33625
39583
33625
33583
33917
33875
33583
35500
33667
33209
33375
37584
33791
33625
33917
33709
33750
34041
35541
34083
33916
34000
35667
31375
32792
29792
29666
29959
30375
29917
30000
29958
30000
29666
29959
31458
29833
29834
29958
29792
32292
30125
29917
29584
30083
29958
30041
29792
29916
30084
32167
3113125
5390083
35375
34459
34083
34041
33625
33625
33792
33583
33709
33417
36583
33500
33541
34125
33916
38333
87167
35417
1647417
196958
34250
34083
34167
33750
34125
33625
1131333
34333
33833
33625
33875
3041250
43708
39500
39208
38750
39167
39209
42584
39750
41833
38958
41125
38875
38791
39208
38875
38667
38500
39167
38958
38917
38792
41583
38791
38750
38708
39333
40750
41292
38084
38584
38833
38708
41458
38625
39291
39250
38708
38792
38209
38542
38375
38958
38625
40500
38917
38583
38417
38333
39000
38750
38125
38583
38625
37917
40791
38750
38834
38625
38458
38750
38750
38666
38875
38291
38833
40291
39167
39625
42791
36292
33958
33875
33583
33459
33250
33459
35917
33625
33625
33292
33583
33833
33667
55584
33791
33875
33459
34042
33667
34250
33417
34042
33875
33417
1061584
34250
33583
33875
33417
34875
33584
33375
33541
33541
33125
1397625
11326042
39125
38584
38625
38834
38792
38666
38875
38958
38834
10583708
2126916
57625
61750
56500
57417
56291
56792
57750
57833
56875
57083
60208
56000
56167
56375
56708
56958
58458
56792
56042
57416
56334
60542
56416
56750
6505583
78583
77042
77375
77125
77000
77375
76834
76875
83375
153042
86000
80666
80250
79709
78750
79875
86458
79916
91581166
2621334
25302875
79041
19085166
78333
78958
77458
78958
77792
79375
76792
77667
85042
77292
85459
83500
107324333
94959
81417
79959
87958
79958
84375
78833
79834
80042
79292
90042
79666
84833
79000
79333
85166
79083
78625
79625
78500
77666
84625
78666
79208
78791
77959
78125
79000
78166
77792
78834
73458
50542
45667
45750
46000
109208
64917
47083
49083
45500
45458
45459
45292
45958
45709
45542
48875
45166
44792
46000
45167
45708
45667
45708
45042
45667
44750
48166
2057834
46833
45250
47959
49583
44667
45584
51709
47416
45625
48792
52208
48667
45125
45166
45333
44958
45291
44792
44875
44917
45042
48250
44666
50625
45792
68792
58667
57416
56000
56750
56750
116500
56917
56333
58333
57083
58917
56459
56959
57084
58042
62209
61292
56375
65167
51500
46208
45208
52625
45666
46042
44625
46292
47875
50833
44500
46042
44542
46500
45292
51042
44625
46333
49541
48375
45125
55750
45125
54459
45292
44541
46375
44542
46334
46084
48417
44542
52667
45083
57375
44709
45458
57667
45000
44542
45167
47417
42500
38750
51125
38084
38834
50708
38416
38333
50500
38708
41125
1289791
39292
39375
39042
39875
13938666
81666
78916
78542
77667
90123292
80334
77708
80792
77542
77709
76667
85166
77750
78375
77333
81875
77041
80500
77833
85750
76750
84709
77458
79958
83375
78875
84458
65292
7000375
84292
76834
80875
76709
89750
77292
89000
76416
85417
77542
83000
77500
89750
76292
90667
77833
85000
77417
85583
76750
90416
81500
93250
76625
88959
77000
90500
76458
91208
78250
90250
76667
83333
77292
70583
45000
57208
44834
44625
52875
44458
57917
44417
47166
57833
44625
45000
57292
44875
44750
52500
45084
58416
44333
47667
47375
45417
57792
44792
44583
58000
45083
44791
52750
44709
53125
44667
54000
44709
44500
46250
44584
47208
82458
39458
38083
39458
38292
46333
38416
38833
45750
46250
38834
48417
38417
38125
51625
38333
38667
46250
38542
50958
38625
38083
48625
38542
38917
40458
38500
40125
38958
39708
38291
49583
38834
40458
39333
38334
46542
38541
38417
43167
41542
46167
38375
37959
48542
38208
39125
40042
38666
51167
38791
38875
51500
37833
38375
53042
38291
38333
51666
38542
38750
51083
38708
38667
50625
38791
40792
46042
38667
50875
38458
39125
50250
38459
38875
38875
46750
40500
38459
38917
38583
46875
38500
38750
51917
42500
39125
40417
40459
48334
39000
39334
40125
44042
38625
38334
39042
38792
38916
40917
40042
42875
38542
39959
38542
50250
38583
38833
46250
38375
40333
46750
37958
39750
38375
50500
38292
61250
40209
39500
46625
38458
38833
51834
38500
38542
38542
38583
42250
38625
46291
38500
38666
46500
38584
38083
51333
38167
38584
45500
39334
39334
38792
38958
39084
38667
38416
38834
38500
38875
38958
45708
41416
44000
38667
46875
38583
46292
37875
38292
73792
38459
46500
39125
47333
38333
38875
38958
38916
51416
38250
14664750
46791
44708
51417
45084
46042
45250
57875
44791
45334
46792
47542
49834
45083
50875
45292
60229292
80792
10527583
20969041
78667
77375
78250
77667
77916
76958
84750
77792
84292
77417
95709
76875
77167
87292
77209
91625
77458
78000
78875
77292
79917
82625
70500
44917
46125
44792
54583
44542
44625
49041
50250
48125
47292
50625
45458
50042
44792
52750
45458
52375
45000
57417
44458
46708
46667
45250
46375
45666
52875
44916
46500
44916
56708
44542
48000
52958
43959
53083
44791
46333
45083
57750
42542
38959
38750
59708
46542
38334
38667
46708
38083
38375
50250
38209
38708
51250
40333
39000
49583
38292
38334
38542
38333
46833
38542
38250
46666
39917
38500
51458
38125
38291
46292
38459
38667
38667
38375
50125
40375
39041
50459
38500
38000
50583
38417
38292
47542
38625
38750
40500
49833
38292
38209
46167
38541
38625
39000
38833
38791
39292
40875
38666
38250
38458
38666
38417
38416
38292
38834
38417
38708
41000
38958
38666
38750
38417
38083
38750
38917
38375
39583
40834
41375
38583
38917
38625
38709
38667
39042
38750
38500
38625
38625
41791
41875
38875
39500
40583
40125
45292
39417
42875
40125
40166
44458
38167
40375
42209
43334
39833
40333
40167
40875
40167
40917
41666
40166
40084
40584
39875
40375
45292
48709
38833
38875
38625
39000
39542
40458
40334
40667
40708
40542
42542
39833
40042
40542
40250
40666
39834
40542
39917
40042
39875
44334
39042
40584
44333
47334
80958
39791
40084
40958
40000
40000
42000
39709
38375
100250
42875
45708
56083
51333
41000
81792
41709
40375
40833
40042
39416
40042
45792
39417
39292
39583
39417
39291
39542
43458
39500
39375
39459
44208
40375
54792
49625
49292
110708
134875
39333
35125
34792
34958
49209
37791
39791
38959
45167
36500
34042
33917
33708
33792
98583
34083
33917
33708
34417
34125
34208
33916
33875
37500
34167
42458
38875
34334
34083
38333
35542
37542
39833
33792
34834
35666
38459
36416
34916
35708
35584
37167
34750
33875
35209
34916
34208
35834
35166
33875
35209
34167
41917
33583
33583
35208
34000
41542
39666
35250
33708
33834
34000
35042
33583
34584
33917
38833
36834
36667
33875
34667
39750
34459
34375
38625
34417
35750
34042
33875
41541
33500
37791
35792
33917
68209
34042
33916
33750
34208
34416
38667
33792
34000
39583
34666
35625
30292
30542
30042
29959
29958
33083
30417
33625
30250
30042
41916
29917
30250
30333
29666
31084
31417
30625
30041
29959
30458
30042
30416
30084
31583
29625
30333
31500
31250
30541
30125
33750
30084
30125
37625
30375
30042
30833
31333
29917
30083
30250
30250
41500
30125
30042
37709
29583
30208
39750
29833
58292
31000
30000
30167
29833
30833
30167
73000
38166
33167
32083
36000
31458
31625
31750
42625
33666
31334
31541
31750
31291
40792
33750
32666
31625
34709
31792
688833
33042
32542
32417
32500
31917
33834
31625
32000
31250
31375
33292
31500
31500
34292
31334
31708
29016791
44667
38917
39167
38708
39334
39166
41542
38417
41250
38958
8542458
652375
45667
47750
4712458
48500
7429875
87000
82000
84500
81667
84875
81667
83500
81583
82500
81708
88500
81417
82750
80375
93708
80833
81542
80625
16358792
843459
79791
77792
79542
78167
80625
78541
84917
78042
80459
78250
83917
77208
86083
77416
82583
76917
78750
76125
78750
5682416
85750
78208
79667
78417
83333
80291
77875
77416
79459
78958
83583
77750
90541
77875
84334
76958
78917
84959
85500
78416
84333
82000
77875
57166
46792
45333
52209
1661834
676292
10337167
853083
4132875
3592625
78834
79375
77166
78583
78000
84333
77416
77750
77875
78125
82000
77750
78042
79000
84667
79166
78041
85208
78333
78917
78041
82667
77833
64375
44750
46208
44708
45167
44875
46167
45000
46292
47083
45333
45875
52292
45292
47084
45125
45667
45000
45917
45250
48208
44584
47500
45750
45500
45291
45625
44958
45791
45041
45416
48000
45958
45792
47625
45167
46375
45250
53333
66250
4642708
48584
13974042
24059167
80125
79292
77000
77708
89735750
9657000
5887375
79458
77625
78542
76958
78541
77042
84792
78042
80125
77875
88209
77500
78500
77083
78791
78167
77625
83541
81042
2713666
72258167
72048542
83416
77291
78500
79542
78167
83750
78792
77584
78000
79583
85084
133166
76750
78625
77167
77667
77125
91209
83792
79292
69792
46666
47459
45417
45208
45417
74608500
36521084
46542
39541
39250
39416
39042
38250
38750
38458
38917
39375
45958
45167
13988625
684917
73555041
52914333
127168125
5785792
118058167
57067833
89025333
15065458
99032625
84458
89167
20706625
81125
79208
78084
85042
77792
78875
77708
85292
76625
79042
85500
77625
59986375
42999542
80250
79375
76542
83333
77041
78541
78042
79750
79375
78292
83125
79125
77500
77667
77250
21032417
80250
78500
77917
79791
78125
77833
77167
85292
78209
78833
84084
90125
76250
89167
77458
79750
78083
91333
83000
15482667
81791
79916
78792
77208
79583
77375
79167
77792
78375
77125
467083
2184000
859500
79083
85417
76709
77750
78834
609167
82542
80125
78084
78500
84875
77292
78375
78667
78709
78292
83917
83917
77541
89042
77500
76916
85375
76417
235000
78709
82958
77208
2182875
80416
78250
77875
85208
77209
78791
77084
84583
1183542
78666
84959
77542
86083
77958
1475334
79375
84333
77542
79375
84334
90750
78125
78584
77208
78541
84375
84791
118542
79833
77583
77709
77708
84958
6578709
79834
78125
77000
76958
85541
78125
81875
78375
14520208
79583
78000
77833
80417
76500
79250
77958
85250
76167
78709
81916
84959
77916
89875
77833
79167
77542
88750
78500
85584
78458
90458
60417
53333
45334
46708
44750
46750
45625
59708
45333
52834
45250
55834
45333
58083
45333
44917
57500
44958
48250
46167
45084
53000
45208
56625
44917
45459
52417
45209
52667
47750
52625
45042
46542
45125
53459
45125
56875
44125
46000
47333
42750
46584
38375
41042
39667
38625
50875
38708
42708
39333
38750
48250
39208
46209
38625
38792
46958
38459
38625
46875
38292
38417
41750
40500
40083
59959
39833
38750
39792
38084
50459
38709
38375
51750
38625
38875
42125
38375
40583
38708
48542
38917
38583
39458
38250
40750
39083
42791
38667
40250
38708
40292
38333
50083
38209
38459
43958
42791
41083
646792
40958
39541
39958
39250
39250
40500
39041
49667
40125
40375
42750
40958
38834
40500
39292
40750
39125
39708
39084
52000
39250
41250
43833
38708
40208
39000
48875
39084
38583
40500
38708
46792
41750
39250
40584
38875
39250
38542
40459
38542
47167
38834
44083
41500
39083
38834
38459
38708
42875
42416
39292
38625
39084
39000
62166
38792
38500
38750
2473917
40000
38666
39083
38667
38917
38625
38791
39000
38541
38625
41459
1210750
4394667
46084
45334
45041
44709
45417
44709
45500
45500
44958
45250
48167
6442250
79334
77916
19847959
80834
76959
78500
104900375
47250
72803750
124991875
82333
78042
78167
400959
77834
85221375
171094792
204310167
510107167
17471291
84833
78250
79417
77291
79250
77916
76834
77292
78959
77875
115791
78500
79125
77750
85791
78667
78334
77416
79042
85583
87208
81625
80000
89834
77208
89750
77583
79083
70459
46250
44625
44750
48125
45250
45166
50500
47625
44625
53167
44666
50625
55500
46542
47708
48708
45208
45791
44791
45542
45292
52584
44750
50625
44750
52916
44500
47542
1294209
48292
44625
47458
45208
45417
44708
46959
44959
46125
49583
48833
44791
57583
44583
44917
46583
45125
53417
45375
47250
45084
48209
44542
52708
45042
46208
49250
56708
44708
44833
46458
49667
49042
44709
56500
44709
45166
52625
45083
52791
44125
52166
44833
48834
44917
52500
45125
58042
44291
45125
57042
44875
44875
45625
47375
46375
44792
56375
44500
44875
58083
44625
44583
57625
45417
48417
41250
38167
50541
38375
38458
50250
38000
38542
50291
38209
40917
44208
13006333
81083
77542
35977042
81917
78167
79083
77833
9784167
79083
78500
77250
84458
77167
75807125
79791
77417
77625
81208
77000
78250
78083
77958
76959
84667
82959
83333
77292
89083
76458
89000
76875
95513250
114522708
46261958
113974500
386240125
121897875
159492375
230224875
191536458
320534833
307008417
84417
79792
78292
82167
77125
84709
78083
78125
83528916
137991708
98888000
37796625
460844375
95750
408978708
189588000
83583
172059042
86334
79125
78042
77750
79041
77125
84750
78416
78208
77417
94375
78083
78125
77625
83916
76083
84417
77417
82375
142201458
83083
78584
79333
77834
78708
77792
78834
77750
79291
77125
87250
76500
78542
78083
77459
77375
77459
79208
77542
312014334
88542
80667
79333
78542
84000
94375
83750
78083
87084
79125
79417
77667
79250
86167
81291
78334
78542
85959
79166
90250
85417
78166
95625
77750
85000
79083
79208
78250
11247584
37542
34292
34834
34375
35208
34083
34750
33584
34916
34042
39042
33833
35125
35542
33959
35292
33667
34625
33709
41583
33958
35875
35167
34708
33334
36792
39125
35333
40125
39833
34041
38041
39791
34000
33916
35333
35833
35500
43125
38334
35959
39000
35042
38708
50960583
343455125
85792
26061750
83625
81583
79417
77583
78708
83459
77416
81750
78583
77375
85084
78333
78000
78750
85167
78542
78000
84791
88333
78791
77291
85667
45250
57834
45042
44875
57583
44875
45167
53042
45584
56958
47791
45458
47125
44792
49292
44625
46541
44750
46500
44625
45667
53125
52416
50667
49208
45166
45875
45000
50625
52583
46625
53792
49917
91125
46458
45250
50375
46625
46459
41459
46625
38666
38792
39959
40542
46667
38250
38792
46084
38375
38792
46167
37792
38417
44791
40750
40417
38666
45292
38792
71584
42459
39875
38708
56750
38917
1188625
2959333
6879042
37040667
80333
2279708
81166
79917
77583
78917
77625
78292
78250
78833
77500
77083
83042
78417
77708
77500
77750
77542
77958
29189666
528959
40000
38583
39667
38625
39958
38792
40375
39666
39292
38417
45459
42709
39125
193370084
735625
80209
78000
85167
79250
79917
77083
77792
77917
79084
77459
84541
84792
78125
77792
78500
77375
81750
83625
79167
78042
89709
82750
89708
77208
70500
45209
47041
45333
51542
44875
57500
44875
48084
58125
44416
44875
58250
44959
304142500
49334
35250
35000
39083
34667
106252000
16648167
111354041
85791
22809166
33761875
35060709
106005375
813125
743250
92553542
86167
194436083
86084
80166
78750
79125
76917
84041
77666
84208
76625
78375
89917
77833
77792
90459
78041
78541
77584
85167
86208
78667
78042
89750
161566208
84792
78833
79041
192818500
482000
201160792
1850750
82584
78792
80125
359529375
97875
85958
3125542
301653083
49621042
462400250
192378542
109832500
208468542
82084
79500
81334
78209
914625
4429000
89708
79459
89792
77750
83417
78500
84417
76834
79416
77875
84334
82834
79583
78166
78041
77000
86375
77958
84583
78291
89833
82416
73166
45416
46375
45750
47125
51167
48458
75250
47167
45541
46500
45583
45541
44958
46125
45125
51083
47708
50250
49750
46916
44958
56917
45667
72958
46416
45833
53625
44833
46458
44958
46125
44834
52792
48959
49500
45584
52917
53000
43958
38541
50250
49708
38417
38666
39042
42000
42375
41000
41166
173947042
85791
59653000
371988042
22202334
81750
491239333
86667
78666
78166
78792
77208
81250
77000
78000
89542
78292
86375
85833
78250
80209
76875
85500
76375
80709
78250
85417
78292
83584
96917
95250
142920125
85333
81084
80500
78333
80625
79083
87334
78792
81750
78208
109875
78958
91917
78708
86500
78209
80666
78625
105292
84333
78833
79250
77833
81000
30145833
83542
80083
78917
77959
81125
79542
78000
95008750
86125
79333
79916
79666
78542
84500
79167
40413625
81834
80167
78375
91291
85916
80875
78541
81125
77708
88875
94000
84958
77875
84750
78666
89292
77959
77750
77875
79042
77166
89334
77667
85250
77708
83875
78042
79542
77667
86875
77083
84833
82041
78917
84667
80375
77375
84792
78292
91959
77583
80042
77459
105917
77500
65583
45583
53500
44625
46542
45667
44917
45459
45292
47792
45542
45125
44834
45125
53250
45333
57667
44584
45334
52167
48500
47208
45333
46458
45250
46500
45167
45834
45458
45542
44959
53167
46333
53250
45208
47292
45833
53375
45084
52042
45459
42083
41042
40084
38750
46750
38667
38000
46333
38500
51708
38958
38583
41959
39041
51833
38500
38542
50166
38625
38875
46708
38000
38750
42416
38666
50333
38416
38417
50750
38375
66792
40125
38709
40041
38833
50250
39000
38500
39958
38833
51042
41208
38792
50875
54083
38708
43250
38833
39083
38625
40125
38625
51250
38792
38333
56458
38417
51542
38708
38667
46666
65500
39209
39333
38958
42833
42584
40375
38916
38791
38750
44334
41625
39583
38958
38792
40125
40167
38583
39041
38458
46458
41208
46667
38250
47125
52666
38875
47458
39042
38750
38500
39958
44125
39416
38500
46708
41042
38792
40750
38583
46708
38208
38750
50375
38292
38625
39667
41292
51083
38583
38500
40041
38583
46291
38417
39042
45167
38375
41542
38542
40250
38750
40292
45958
39666
39208
46500
38333
38916
41625
38666
41375
38625
46541
39042
40542
38833
41208
39833
38791
42583
38625
51084
38625
38542
51459
38250
38833
51291
115875
38958
46875
38333
38375
40542
38292
39875
38292
46875
39417
41125
40375
38750
48417
38417
38500
43750
40250
38792
44875
38250
46541
38208
39125
40042
44875
39792
39792
39000
38833
38916
38166
39667
38042
33875
34042
36125
33167
33500
33833
33500
33083
33459
40625
35791
33750
33750
35333
33708
33542
33959
33500
34209
33416
33875
33459
33750
34208
35834
33750
33875
33917
33417
33375
33459
33958
33458
33417
33875
35542
33917
33542
33792
33833
33583
33459
34000
33125
33958
34250
39083
36458
35416
33791
33750
33583
33417
45583
37208
39833
33500
41500
33583
33916
41333
33375
33625
40959
33417
35333
33375
33750
33875
33958
33458
35417
34375
33583
66833
33875
12095666
39083
38541
38291
38167
38917
38500
38125
38333
38667
38625
1465708
17804208
11033084
78250
5221958
77250
78166
78083
78417
76833
77667
85500
78084
76458
77792
111375
4781417
36542
34875
23514958
43541
38708
39625
38500
39458
38583
3599750
45084
6550250
50125
1255000
5912792
80334
43588667
84792
78458
77500
78250
77666
76459
79292
78458
76875
77500
82417
84500
76750
80041
84000
81208
76375
78458
76583
77459
76708
80625
77250
77417
77209
76584
76875
78291
75792
46125
44958
51958
47958
52833
45042
52625
44292
46083
45458
55208
45292
44375
44500
47209
57333
44500
44708
56750
44709
44667
45459
45209
56791
44500
47042
55333
44334
52375
44459
44416
58000
44584
44583
57958
44375
47625
50833
40250
2105084
41208
40709
39375
39708
38584
38875
39333
39334
44500
45208
48208
45125
45542
45750
45208
46583
51458
49166
44959
45417
45041
49167
45416
46916
44875
56541
47708
44833
47167
48042
69625
47042
49708
87625
1303125
39667
39916
38583
40500
38666
39917
38459
47833
38458
38792
43084
39208
39000
38875
39958
1043375
17348041
78208
77875
77541
77250
76959
77292
76583
77000
76208
76792
83958
77166
77958
77500
77916
76958
84833
77791
78709
76000
89042
8038584
81166
78250
78292
77958
77083
77167
78709
77292
78084
77459
83166
86333
78875
77125
78209
77125
85458
76750
77292
76292
84709
82958
89833
77959
83125
91417
90042
77375
76709
77708
5856916
78917
82375
77375
76917
77166
77541
76375
76292
79000
77250
82875
78333
77042
77208
76875
82667
79250
77542
78083
76125
77375
17278917
80375
78667
78583
12416125
401826167
88375
82625
81958
81709
80750
87125
79875
81708
79375
81000
94959
80542
80125
80417
79833
87666
78875
4020083
860542
57756459
82167
79875
78583
79125
84583
78708
78250
91166
78334
79000
88250
79250
80791
79917
78458
79000
78250
79208
80459
77667
90709
85167
65792
45000
52833
48500
44959
52917
44917
53416
45750
46000
47458
46667
45125
57958
44750
45291
58209
45208
45167
58167
44875
48125
48041
45417
52666
45500
57084
44750
44875
46083
44792
48042
52250
45875
45333
52875
45250
45666
55709
45417
43584
38500
50375
48250
38458
46500
38792
39084
43000
38500
47958
38667
38875
43084
41250
40083
38583
50958
38625
38667
51167
38666
38917
48209
38291
40459
43166
38458
50583
38375
38750
46042
38500
38708
40291
38417
44250
38458
39625
38500
46167
38875
39417
38917
38708
51417
38667
42375
39625
39083
39333
39041
51458
38375
50834
67250
38666
40083
38583
46375
38458
38250
39250
39250
46417
38292
40708
48291
38583
38917
50334
39125
38833
49250
39291
38583
40167
40417
50709
38459
38750
50167
38458
38458
50333
38208
38458
46416
40875
38833
40708
39917
41958
38750
40375
38459
39500
39000
39875
40500
39833
38625
40667
41875
39166
38625
41083
43458
40541
38958
48709
38250
38250
46875
38666
38542
40167
38500
46334
38541
38709
48958
38750
38875
50916
38334
49333
39583
38875
39583
40333
43000
41500
46792
38208
39083
46708
38625
39833
43583
45791
40208
38417
42375
38834
50792
38125
38541
44834
42500
39292
38167
42875
38375
41375
38542
50791
38750
38792
50541
38542
38208
51625
38459
51916
40958
39292
38500
51708
38167
38542
45916
63625
38375
47166
38917
38375
52167
38167
38291
46667
38667
40209
38875
39417
37334
35125
33833
41333
33542
33625
35875
34125
45292
33625
33583
46542
33167
33709
41208
33541
33417
48250
33958
33708
41375
33125
33292
45291
33375
33666
46417
33125
35000
45792
33625
33625
46417
33334
34250
34625
33542
45709
33542
47666
33417
33542
45750
33292
45000
33625
33666
45875
33667
34292
37584
33750
36417
34167
33500
33917
33667
33917
33250
33917
33584
38708
36500
35208
33834
33667
33375
33041
33958
39083
37875
37375
33791
33625
33875
33833
33208
33791
33708
33625
34042
35584
34000
34084
33875
33666
33417
33833
33791
33667
33417
33625
35500
33750
33500
33750
33292
33959
33208
33541
33458
33834
33459
35500
33542
33875
33541
35292
29958
30208
29917
29959
30000
30000
29584
30125
29875
30167
68625
29792
15429875
41334
39500
38792
39166
38833
38791
38583
38625
38833
39500
43208
41208
41917
38583
38458
43166
39000
38500
39042
38584
38542
39167
42167
39209
41375
13818416
39417
62741625
80333
6142167
748083
82167
81792
78625
78375
944708
510197125
86459
79167
78708
88875
77750
84041
77083
79250
77833
78125
89417
86167
78166
77959
77208
76708
76916
89833
86875
79875
77750
83875
27285375
82084
77291
77750
77500
79042
77625
84250
78458
85875
77583
91625
76458
78334
78333
84083
77959
78708
77458
90375
85166
78958
81750
81625
77625
78125
77000
89708
77583
84833
77417
89916
78000
94500
58000
53083
45125
46333
44500
56459
45458
44917
47416
46834
48542
45084
56750
45208
45625
53250
44791
54000
44792
44875
57333
47750
45084
55250
45667
45125
57333
44625
44750
56750
44583
45333
48292
45209
57250
45041
45125
57875
44250
49125
41042
38417
51042
40250
38459
50375
38209
38584
46417
37833
38541
51208
38417
38000
46250
38084
51000
38375
50167
40250
39667
39333
38417
40208
38500
42125
38291
50000
38583
38583
50792
38125
38833
46667
38292
38833
41833
45167
39917
38791
46208
38875
38875
57667
39084
46792
38792
38958
46792
38417
39417
51291
38459
38500
49125
17251208
81917
77750
77916
77375
249555625
169554750
76099791
56023750
12834042
12717708
22196542
85042
79000
78416
79459
77542
15222416
109042792
45184459
4807208
97293708
45736000
12937709
129618833
257944750
59291
47208
47458
49834
46750
45667
45292
44916
51541
49167
55250
45000
45125
45083
44958
45542
49292
46709
47208
47834
46792
51916
45084
44667
46333
44916
46458
44792
45209
44459
46042
45667
47541
59584
46208
46250
45333
44875
45542
47334
42625
38959
39334
41917
39709
39458
38708
45208
40125
41875
39958
38291
39709
42583
42500
43334
41417
40833
38958
38167
39125
40750
40792
39708
41209
43667
38500
48917
41208
38625
38625
39042
40208
38209
39834
38083
43500
38417
46416
38625
39958
37875
38209
38625
39958
38291
39792
38166
43167
38750
39291
38291
39000
38209
47917
38916
38542
39833
44542
44500
38500
38541
38250
39416
38791
39792
38667
38791
38250
38958
43417
39125
38917
40166
38750
39750
38042
86250
39042
40125
38458
38750
42584
40250
42875
38875
38750
39167
41166
51083
40208
39583
38500
42500
42208
39208
42916
40833
39000
41291
39583
39709
38375
38833
38166
38208
38166
38709
38209
38500
38833
41125
38250
40000
39959
44041
40875
39958
38458
38750
39084
38416
77042
38917
38875
39042
45750
39583
38666
39042
38584
38500
39000
41666
38791
38625
38834
38667
38375
40708
40416
42542
45416
38750
41000
39208
38542
38750
46042
38334
37917
38667
38542
40250
42667
44959
38958
45417
39708
38625
38458
57166
47083
48833
38500
39125
41583
39125
37959
43875
38625
41584
38167
46083
38458
38625
46833
40083
38750
39875
38583
39500
38833
39708
38083
39500
38709
39709
49125
39584
52167
33375
34708
34834
33584
34125
33416
33375
34917
37792
35250
35000
34458
36417
33666
33958
34625
33417
33375
34042
34333
39459
38333
34625
33625
33708
35625
33292
33708
37542
52791
38917
41500
34000
34041
34083
34125
33542
34042
34042
34042
34916
37875
38500
35583
37958
34959
36875
35208
35084
48833
34375
33750
33666
34875
33625
33667
33709
33792
33125
33750
35584
33875
33541
33875
33667
33792
33709
33625
33750
33625
33584
41250
33500
33167
33125
34542
33916
33583
40666
34542
33250
34667
33709
45333
33916
33750
35375
33708
33958
35458
42208
33958
33375
33292
33458
33875
33333
33875
33833
33709
35750
41292
33750
33875
34667
33333
39708
35416
30209
30042
29916
32084
29709
30250
29917
29916
29791
30000
39042
30125
29667
30625
31709
30083
30208
36916
30000
30000
34834
30250
30167
30083
30084
29958
34875
31958
31917
35833
31000
33125
31459
51875
34042
31333
35375
32292
33792
30125
38292
30000
29958
30750
29750
30500
30459
30208
30208
29833
30167
143875
35458
31375
30167
30584
85958
39875
33500
45792
37250
32583
35792
32791
32250
31750
31750
31958
31584
31667
38958
31458
32000
31792
31833
32333
54167
36125
33167
70334
32750
31958
31042
32000
31334
3949500
34541
40917
32833
31375
31875
31208
31541
31708
31875
31500
36708
31375
31417
32042
31166
31708
31334
31458
31333
31583
31583
34666
31459
32042
31500
31500
31792
31292
36167
8966541
5633958
2123667
33000
30875
30667
34459
30333
30500
32000
30208
30458
33958
33042
30000
30334
30042
29916
38917
35125
34125
30208
30083
30042
32791
30541
30083
31666
11483625
32917
31958
31375
30792
30416
29708
31500
42167
30167
31458
34625
30417
30792
30458
35625
33459
31583
33375
30000
30791
32916
33416
31667
32166
33000
32625
33667
34459
30459
48459
36250
32000
34875
31458
31167
37500
37541
32792
33000
34084
32584
35709
32542
36459
30875
30750
30750
31541
34083
32083
34250
30792
31625
30750
34958
31209
30792
30583
30458
30500
30667
30500
30375
30875
30625
34666
30458
31083
30333
31458
30375
30500
30500
31334
51959
33042
37542
41250
32583
32375
31833
31875
31625
39042
67958
542208
32750
31375
32208
31834
31167
39375
31542
31750
31458
31167
34583
32000
31834
31666
31209
33792
31375
32083
33834
31500
31375
33917
31667
31792
31667
31250
31250
31084
31458
31666
32333
31083
33500
31750
31958
31042
32375
31500
31542
31334
31750
46958
32333
34542
32333
32125
31834
31792
31750
31166
32208
32125
32125
32417
34292
31542
31458
31292
31667
31417
31375
31792
32167
31917
31916
34083
31834
31583
31917
2815375
32959
30583
3048834
34916
30917
33167
30375
32417
29958
32416
29917
32584
29875
35000
29833
36458
30875
32333
29709
32458
30125
32750
29709
32625
31583
32250
30000
32625
30041
32375
29917
30500
29916
32792
29750
32125
29750
32375
29750
32583
30000
35042
33875
32000
29708
32125
32250
32709
33791
35958
29958
8309167
1702292
37084
7224958
795667
38750
780958
970125
5340250
47500
6961125
4035125
40750
40250
3164834
41416
40209
39042
39708
39083
38584
38459
39792
38292
39625
4274667
11255875
45750
40334
39750
38583
39041
38917
39167
38833
17632083
28875
922417
545917
35250
27084
3231417
871000
21000
20833
3919500
22458
19792
18958
19000
21125
17500
8357916
17721917
91417
98125
31125
31416
141917
33375
29000
42542
29000
151125
31333
15083
14875
14584
14125
14083
14042
14167
13625
13458
13584
16000
13583
13500
12674125
15959
13959
13500
13375
13417
13250
13375
13375
13875
13417
14958
13375
13250
13166
13042
13500
13167
13208
13083
13250
13125
14208
13333
13209
13166
13333
13250
13250
13292
13333
13417
13458
17458
3614875
14750
13459
13500
13458
13583
13792
13375
13292
13208
13375
14333
13208
13459
13166
13333
13042
13125
13375
13375
13417
13917
14583
13125
13250
13500
13209
13083
13292
13375
13417
13417
13542
14667
13292
13292
13333
13209
13333
13333
13208
13375
13208
13125
13916
13250
13333
13334
13250
13500
13541
13459
13042
13125
13208
14292
13208
13209
13125
13250
27583
13416
13084
13292
13333
13750
13167
13208
13292
13166
13042
14125
13208
13584
13125
13208
13125
13208
13292
13500
13583
13459
14125
13250
13375
13291
13292
13459
13250
13458
13167
13416
13417
14167
13208
13292
13125
13167
13333
13375
13375
13458
13250
13167
13958
13625
13166
13875
13375
13292
13167
13291
13250
13166
13334
14166
13167
13125
13208
13459
13250
13125
13250
13292
13375
13334
14208
13333
13292
13333
13875
13375
13292
13458
13208
13417
13250
14166
13375
13291
13209
13500
13333
13250
13000
13875
13583
13583
3055458
14584
13750
13875
13667
13292
13958
13250
13625
13459
13333
14292
13208
13500
13417
13250
13250
13583
13209
13208
13750
13583
14000
13584
12416
13584
13500
13375
13167
13167
13375
13625
13292
14042
13125
13166
13416
13584
13292
13375
13125
13417
13333
13250
14042
13333
13125
13292
13167
13333
13375
13584
13042
13083
13125
14125
13417
13166
13083
13375
13125
13125
13250
13084
13291
13041
14000
13334
13291
13125
13042
13083
13667
13333
13125
13291
13250
14167
23917
13708
13166
13417
13292
12088708
1657792
14417
14292
1239167
17042
686125
15375
9318959
7588000
8642375
3019291
25650750
21958
46185000
7164667
176461416
47987000
116787250
420811167
40958
107052875
6022291
104088625
28814709
206012041
17469791
118501125
29068791
50652666
131339833
173974833
72414625
86792
80667
79875
77375
78500
77417
77542
77541
79917
76250
85792
77125
77333
77125
76834
77334
78709
77291
79584
76583
85209
82500
71917
44875
51792
44875
58167
45542
2978542
36288416
32971792
83250
183389791
18505541
677208
82167
79583
79375
93208
79500
73780542
135998834
220219500
133344959
29592750
261145416
487281750
111879333
69722625
143353250
492010875
98500
409686416
110583958
25791
22334
21292
84044125
172866125
145162084
163010500
4647583
1957375
43750
34625
32500
32250
32167
31916
32459
31666
31416
31458
35167
32125
31209
31791
31458
31250
30834
31708
31125
31291
31584
34125
31416
32209
31416
31834
47442583
1643042
291652708
511291916
9036333
112278708
596260833
21506333
61080000
326842792
614298750
176129583
136991625
303436708
407622875
125635833
283733000
5990958
35150458
110095666
57520250
304935209
52167
48375
47292
48084
50542
50958
46667
46959
46084
46208
56167
53541
48083
46042
45167
48416
45209
47375
49958
46750
45208
49958
45166
45125
45208
46084
44875
45583
45041
47291
45917
46792
50333
47333
45875
45166
44958
53583
48000
48667
44708
45833
77583
70792
48625
47833
53666
49833
45958
45500
47250
48417
45792
45208
50917
49375
47750
46958
45792
65750
46375
48208
44959
45625
45042
49125
45833
49167
47083
46334
49417
45709
50792
47583
49042
54083
45958
45666
60750
44875
39833
42792
38167
39208
39083
38250
39667
42792
43042
38542
39750
38750
50291
41750
175250
39958
40417
41042
43916
38625
38834
39125
39667
43625
42958
42458
45167
38125
38750
38875
38667
38958
38791
38625
38583
38709
40750
38750
39083
39041
39041
39291
40083
38875
40458
38792
40667
41000
48166
38542
38834
39500
39167
38500
39292
38875
49166
39208
41334
39875
38291
39708
39000
40000
39042
46416
38833
53709
42542
41875
44375
38750
39959
41750
40458
40000
45167
27414500
39740917
85303833
24943792
532385417
118460500
74905583
623936667
107125
89666
195933916
1606583
743375
13404375
85500
80167
78875
79709
77459
79291
76750
79042
76792
78667
87500
83375
78417
76708
77584
78916
77125
1228666
85083
80542
90667
80583
79917
78625
78167
78208
77916
77541
87875
6064791
81750
77667
77292
77916
81833
77375
77875
78166
79667
81833
87083
77375
87167
78333
82958
90750
87833
78292
78667
79250
79250
88208
79458
83834
79250
78291
80500
79250
77042
79167
53000
45083
48833
51750
162291
74209
50584
46667
45959
45625
45209
44833
45041
59667
45625
46083
45000
44959
45250
44750
44959
45250
45875
45541
49250
45583
44916
45708
45583
45625
45167
45500
44667
45208
107792
47125
639834
6054417
18062667
34364333
673375
80417
78875
78333
78292
78250
76709
80125
77000
84834
78083
83542
79208
78959
77167
84125
78084
80375
78625
78333
78083
78583
88167
80000
77375
86625
1877292
83000
79125
78375
79792
82875
232417
95125
81167
80791
80958
88792
78667
77709
76916
78542
77625
85542
77666
77875
77834
78291
86333
78792
86375
76375
78083
78167
89208
77709
79500
98000
84125
84708
78208
78167
76500
45458
52750
47667
44958
52833
45625
45584
47250
46500
44917
45084
46792
44917
45041
44792
58583
45583
45292
48584
45875
54834
45000
44958
58041
45167
45834
48167
45292
46541
54458
46042
44958
46250
44584
46083
44417
54417
46834
48250
51333
41833
40375
38708
37917
38542
48042
38291
38500
47209
38042
38416
43791
38750
39417
38375
46166
38417
40125
38709
44209
38417
41417
42583
41125
38750
94166
29202375
82500
78083
78792
79375
77500
78625
80333
78250
84250
910667
883041
79958
78958
77333
80542
22013792
84584
79583
77708
77750
78833
76583
80042
84750
78958
77417
86167
78833
77875
78208
78125
85083
77209
85792
77667
77875
77416
1743250
79833
87667
79583
77167
78708
77125
82583
78541
78959
79041
82458
77208
91083
77917
78167
78083
78958
78000
77750
77083
78000
83916
78458
77375
77334
78791
78708
77750
85916
77292
87250
77250
84000
78167
90959
77333
88500
77917
79292
78583
78917
78042
77125
83458
78375
78417
76708
45375
45834
44625
45459
45250
47333
44916
50833
45042
45250
50125
49667
47875
44708
44666
45167
44916
50959
49208
46666
45292
113666
45792
46791
45416
46750
45084
46042
44875
54542
45291
46125
47667
45000
45666
56292
44792
45542
46250
41208
39208
38334
39416
40250
40292
38292
40250
38958
40000
38625
39917
38375
40000
39041
40542
38667
40042
38375
38834
46667
42792
38334
39541
38833
51625
40417
38584
49041
38375
38875
40250
38791
40125
38916
38542
38167
44500
38834
40334
38084
51084
38500
38708
40583
38958
42875
40083
41917
38375
39584
13619500
448181916
86875
80125
80541
78250
79458
77916
84750
77667
79166
77792
87208
77292
78750
76750
78292
77541
90417
84250
78541
77292
78916
84458
79208
76958
84959
166993417
82875
79292
78417
77333
78625
78417
77334
77542
214117875
39934708
80292
77459
79459
78042
79030541
83625
77250
77500
78209
77542
77333
76625
89708
78000
81375
92250
76542
76792
312613333
49416292
83417
78958
78708
78958
78167
77541
77500
77625
77583
77709
107500
77583
148831500
86000
80042
78875
78417
77291
78375
78250
80125
80625
78250
87125
78500
77958
78208
78375
78375
87875
80500
77542
88125
77875
88417
76750
85541
93542
79000
89333
84250
201888208
41500
34417
34291
33750
63750
77792
85916
79500
77625
79042
87333
83208
77667
77500
77041
77292
77375
77583
77125
78584
84083
85208
78167
77250
159084
78083
77875
77959
77667
78000
76833
77750
79167
76375
77917
82416
82000
78584
78334
77375
77917
78083
77583
78000
56875
44958
48292
45125
46541
50625
57167
47417
46125
45459
44750
45083
47958
49000
45958
45792
54583
45208
45166
52291
46417
45542
15229375
31208
25083
23917
23667
23458
23209
23250
23084
23084
23375
26708
27342416
86875
80792
79916
90166
88417
33250
31167
34750
36875
41500
40792
14748166
93959
78542
78875
77959
79292
77583
78459
77417
77834
77416
84083
78625
77583
76625
81667
77708
77875
92292
94583
79458
89708
82875
15502750
81916
78375
78167
78375
77459
78375
78667
88917
77708
79291
100667
79083
87875
77458
79166
81584
49500
32917
29792
29625
30667
38333
146924750
89020250
92083
80875
87375
80041
80125
78417
79208
78667
79000
78750
300174417
26654750
83709
79375
79250
77417
78792
78334
84375
124575291
23795792
79875
79834
78875
78541
77250
53687042
40917667
115454000
83625
79000
78958
77666
77666
78666
77042
84708
77125
78125
86333
79541
78000
85542
76834
78167
77208
78458
84916
78416
77292
93709
80666
78708
77416
92958
77916
77792
91125
78250
91375
77166
95750
77625
77583
77208
85084
78875
78291
78500
85917
77750
85375
83875
78209
77667
85500
77042
90208
77708
90708
77334
85625
77875
95250
76750
90333
77541
89458
77750
91708
77042
90167
77125
79000
67542
52750
53083
44917
56667
44792
57167
44458
45292
45625
44542
58959
45333
54959
44750
58250
44625
44792
52667
45250
45959
45250
60375
45917
52917
45750
57625
44750
44750
57459
44792
44875
54292
60666
53417
45125
45084
57209
46084
42833
50125
38583
38417
49792
425384917
87833
80083
78042
81792
77666
79541
77542
90250
78375
88125
95917
78875
78708
90417
77625
85667
77750
78333
85875
78542
78250
96542
77292
91250
77041
91125
77375
91042
71366917
336459
103609583
84459
79250
77875
78667
76750
91750
77334
156430833
83334
78416
78292
77625
77417
82667
77500
84083
78167
84959
85417
77292
76792
85416
78042
78791
77166
78250
83667
10016750
79208
80416
77750
79209
76750
78792
77417
89625
77541
78333
82125
84791
79042
78917
77042
91875
77291
89292
77250
87333
77875
83542
77500
479728500
22627458
83958
78959
79042
77167
78542
78209
83875
78625
79250
77917
93292
79000
1751500
82375
78333
78791
77041
81542
76834
78667
29199750
81667
78500
85083
77666
84542
78875
84958
77750
90875
77958
98375
78417
83958
78583
91333
77792
85500
77375
84708
77834
90459
83042
80958
49708
53125
45416
45958
45625
46458
45542
52625
44958
47833
45542
46625
45333
53250
44833
53208
45208
57542
45125
45041
49209
45125
45917
44875
55334
45042
44792
54375
44791
57708
44750
47416
48791
45000
46291
45458
50333
45541
46583
46250
38917
38792
42333
38875
43958
41792
46709
37917
38708
39459
38542
46167
38625
40750
39958
38792
51958
39083
38542
51667
38583
38209
38375
38500
48125
38833
42458
38375
51250
38416
38458
50542
38583
38583
54834
38625
46667
38667
38500
50334
38167
38583
71792
38917
40083
41208
39917
38667
40459
38709
38958
45958
38292
1019125
45042
2192792
2571542
39458
42011250
103380041
139153166
6773167
80792
77666
78750
77667
86250
77750
90750
77375
79166
77542
86667
77666
90666
76541
85375
77125
84666
77083
77459
170630333
85542
79084
77417
77084
77708
77375
77500
84542
77083
76500
104084
76916
85292
77084
44213750
82625
77416
77167
84958
77375
78833
77875
98500
77167
89833
84958
77750
77750
84333
77833
85625
83584
77000
85375
58792
45833
47792
53125
44583
45208
44625
44625
44875
44625
44791
44750
58542
58166
44833
46000
45250
46792
44917
57084
69125
45167
45708
45166
51631917
81209
79166
77209
77125
78958
77375
78584
136261958
1087250
78875
77083
77875
76333
82875
77000
84500
77708
77917
78625
86125
80792
79542
76708
188852291
245056667
2613666
81375
80417
76917
77292
167103333
527875
133609125
328348583
49667
40541
40500
38958
38792
39542
38583
39291
39042
38667
47417
38917
38667
39166
38334
38500
39917
40167
38584
38833
38875
43833
39375
39792
50000
44459
38667
38917
43834
44541
39667
39875
168583
40042
38791
39459
39083
38542
38875
38666
39042
39375
39000
41958
39541
39292
39333
39125
39750
41500
41792
39709
39042
38792
41834
38875
38542
38625
39291
40458
38750
38750
38875
39916
40250
42209
38709
38875
38459
38708
38917
39334
39042
39833
40375
40042
47000
35541
34167
34500
34250
34167
34916
34792
59666
40125
35208
45042
34833
34250
33667
34292
33959
34209
34125
34