403132069349458
403132084164875
403132897571375
403132897638166
403133735879250
403133735991125
403133736010291
403133736026833
403133736041958
403133736056958
403133736097125
403133736129666
403133736172208
403133736205833
403133736246958
403133736293625
403133736351000
403133736386250
403133736434708
403133736472708
403134096571916
403135306027708
403135673876375
403135673976375
403135676312625
403135742468875
403135746995750
403136856922458
403136857035083
403137619887833
403137724402916
403137724517958
403137724540416
403137724555708
403137724576875
403137724592375
403137724619791
403137791351875
403137791470625
403137791496625
403137791513916
403137791532208
403137791548916
403137791579166
403137791625833
403137791650583
403137791698958
403137791739666
403137791775125
403137792100250
403137792159916
403137792206250
403137792247750
403137792268625
403137792367166
403137792403625
403137792459875
403137792486125
403137792526916
403137792625958
403137792650000
403137792669208
403137792694541
403137792714041
403137792738666
403137792756583
403137792781416
403137792804083
403137792828750
403137792852666
403137792880666
403137792899625
403137792925333
403137792944333
403137792970250
403137792987541
403137793017208
403137793037291
403137793063375
403137793082583
403137793107916
403137793132916
403137793149958
403137793176625
403137793194583
403137793220291
403137793238416
403137793264333
403137793284333
403137793309666
403137793328958
403137793355333
403137793381250
403137793399916
403137793425875
403137793442833
403137793469208
403137793486208
403137793512833
403137793531041
403137793556833
403137793573500
403137793600375
403137793627583
403137793650750
403137793667416
403137793693125
403137793709666
403137793737541
403137793755416
403137793783541
403137793800250
403137793826500
403137793844250
403137793873708
403137793891791
403137793918833
403137793942250
403137793958708
403137793985208
403137794003375
403137794030208
403137794046875
403137794072916
403137794091125
403137794120375
403137794143875
403137794161958
403137794188833
403137794206958
403137794232916
403137794251000
403137794277458
403137794293916
403137888224958
403137888338000
403137888355041
403137888366875
403137888378291
403137888390458
403137888400916
403137888411000
403137888424041
403137888472041
403137888496541
403137888527083
403137888550500
403137888581333
403137891546500
403137891615125
403137891636083
403137891652875
403137891692708
403137891726916
403137891768875
403137891800666
403137891854875
403137891887041
403137891930833
403137891961208
403137892003583
403137892053916
403137892087916
403137892129208
403137892160833
403137892207750
403137892246500
403137892267333
403137892311958
403137892342875
403137892386166
403137892419708
403137892469541
403137892503000
403137892547666
403137892586166
403137892612583
403137892660791
403137892687125
403137892730791
403137892781583
403137892803791
403137892853166
403137892890125
403137892931666
403137892954875
403137892999250
403137893030583
403137893076541
403137893107750
403137893148750
403137893167708
403137893193458
403137893212166
403137893239666
403137893256791
403137893282291
403137893299333
403137893325791
403137893343791
403137893373583
403137893397083
403137893415166
403137893440166
403137893464541
403137893489041
403137893512416
403137893529166
403137893563000
403137893581333
403137893608250
403137893626166
403137893658416
403137893681625
403137893699708
403137893724750
403137893743500
403137893776041
403137893805333
403137893825916
403137893851000
403137893876166
403137893899791
403137893916416
403137893943000
403137893970916
403137893989208
403137894014875
403137894038083
403137894054625
403137894080125
403137894098375
403137894125583
403137894144958
403137894168750
403137894197166
403137894221208
403137894244291
403137894260875
403137894286416
403137894304708
403137894330500
403137894348291
403137894374208
403137894401125
403137894424333
403137894442375
403137894468958
403137894486958
403137894514375
403137894532333
403137894568291
403137894581750
403137894612666
403137894628083
403137894660791
403137894678041
403137894725041
403137894731541
403137894737625
403137894764833
403137894786958
403137894919291
403137894936708
403137894961833
403137894984583
403137895008416
403137895024000
403137895050666
403137895071000
403137895092708
403137895111666
403137895130666
403137895150833
403137895170375
403137895189208
403137895208916
403137895227916
403137895246958
403137895265875
403137895285500
403137895304875
403137895323791
403137895342708
403137895363958
403137895383000
403137895401791
403137895420541
403137895440083
403137895455416
403137895475916
403137895494791
403137895513458
403137895532291
403137895550875
403137895573041
403137895591583
403137895611625
403137895630500
403137895650125
403137895668875
403137895690791
403137895714708
403137895760291
403137895774916
403137895797041
403137895815750
403137895835125
403137895863833
403137895871625
403137895890208
403137895909333
403137895928041
403137895947916
403137895968291
403137895987416
403137896006791
403137896025208
403137896044791
403138060787583
403138060877125
403138060888083
403138060895125
403138060901208
403138060907583
403138060915708
403138060921166
403138060927291
403138060953541
403138060971625
403138061001041
403138061018416
403138061041000
403138061061250
403138061076958
403138061099000
403138061118125
403138061133208
403138061155708
403138061175291
403138061194708
403138061216125
403138061231916
403138061253833
403138061269583
403138061291958
403138061307375
403138061329666
403138061349250
403138061363208
403138061385791
403138061405416
403138061426083
403138061445833
403138061460791
403138061482916
403138061502666
403138061521916
403138061540916
403138061560250
403138061579625
403138061594291
403138061616458
403138061638750
403138061657625
403138061676375
403138061695541
403138061714875
403138061734166
403138061753083
403138061772291
403138061791208
403138061810208
403138061840500
403138061859541
403138061878625
403138061897916
403138061917333
403138061931666
403138061954250
403138062261083
403138062287791
403138062311583
403138067219916
403138086453000
403140113546750
403140465763000
403140465846791
403140535789208
403141277192250
403142302524625
403143080709625
403143080762375
403143082078291
403143178028708
403143232837750
403143232882833
403143238102333
403143238117250
403143238122958
403143238142333
403143238150916
403143238169583
403143238177291
403143238196750
403143238204250
403143238223958
403143238231125
403143238253000
403143238263833
403143238281250
403143238291875
403143238309208
403143238319250
403143238337166
403143238347083
403143238365000
403143238374875
403143238392750
403143238409333
403143238419375
403143238437041
403143238446833
403143238465208
403143238475041
403143238493375
403143238503000
403143238521291
403143238532333
403143238549958
403143238573250
403143238587125
403143238603916
403143238609916
403143238629583
403143238640833
403143238658708
403143238668291
403143238689041
403143238695083
403143238713250
403143238729541
403143238739041
403143238756833
403143238766500
403143238784875
403143238796083
403143238813916
403143238825000
403143238842750
403143238853833
403143238871958
403143238888375
403143238897750
403143238915625
403143238925208
403143238943750
403143238953333
403143238971625
403143238982416
403143239001625
403143239009833
403143239029500
403143239040333
403143239058541
403143239069500
403143239089875
403143239096000
403143239114375
403143239133958
403143239139958
403143239161041
403143239172333
403143239189416
403143239205625
403143239215000
403143239233375
403143243022000
403143243032416
403143243047875
403143243054083
403143243072625
403143243083458
403143243101666
403143243113125
403143243132958
403143243166041
403143243174916
403143243179458
403143243183750
403143243193125
403143243210083
403143243218166
403143243232875
403143243243125
403143243259500
403143243265875
403143243283125
403143243289083
403143243306875
403143243314208
403143243534833
403143243587041
403143243601791
403143243610333
403143243634541
403143243646125
403143243670375
403143243676291
403143243680291
403143243697625
403143243703625
403143243725875
403143243763541
403143243776041
403143243779000
403143246930833
403143246942750
403143246949833
403143246967083
403143246976333
403143246991208
403143247000833
403143247016875
403143247026333
403143247042333
403143247051708
403143247069166
403143247083041
403143247091583
403143247107875
403143247121708
403143247130750
403143247146333
403143256716333
403143256749333
403143256755083
403143256759166
403143256763083
403143256783500
403143256792041
403143256809916
403143256821416
403143256838791
403143256850166
403143256869375
403143256884875
403143256895083
403143256913125
403143256928833
403143256939791
403143256957416
403143256972458
403143256983000
403143257000625
403143257015416
403143257030333
403143257045250
403143257060166
403143257074875
403143257089750
403143257099875
403143257117458
403143257132208
403143257147000
403143257161708
403143257176875
403143257192916
403143257200041
403143257215791
403143257230333
403143257249208
403143257284500
403143257294750
403143257314291
403143271967541
403143271992000
403143271996250
403143272007583
403143272024750
403143272033625
403143272053041
403143272063125
403143272084541
403143272090458
403143272108625
403143272126208
403143272141750
403143272152416
403143272169791
403143272191916
403143272203166
403143272220916
403143272232000
403143272250625
403143272260416
403143272280041
403143272297541
403143272307291
403143272325291
403143272340083
403143272355000
403143272369666
403143272384458
403143272399291
403143272409958
403143272427541
403143272442291
403143272457416
403143272467958
403143272485708
403143272500541
403143272515166
403143272529958
403143272544833
403143272559375
403143272569583
403143272588875
403143272598916
403143272618208
403143272634708
403143275349291
403143275359583
403143275363166
403143275379375
403143275389208
403143275406833
403143275422250
403143275434000
403143275451833
403143275462541
403143275478666
403143280756000
403143280772041
403143280778750
403143280798208
403143280810708
403143280829166
403143280840750
403143280857500
403143280872375
403143280883041
403143280900416
403143280918125
403143280928666
403143280948125
403143280957916
403143280975083
403143280990625
403143281000583
403143281018333
403143281033041
403143281047833
403143281062708
403143281078583
403143281089000
403143281106791
403143281121458
403143281136458
403143281151000
403143281165875
403143281181125
403143281191500
403143281209291
403143281218958
403143281238000
403143281252958
403143281267583
403143281282291
403143281297041
403143281311666
403143281326291
403143281341000
403143281352125
403143281369708
403143281384416
403143281399791
403143281414333
403143281428875
403143281443291
403143281458125
403143281472833
403143281487458
403143281498250
403143281515916
403143281527625
403143281544916
403143281562000
403143281572583
403143281590791
403143281606583
403143281616958
403143281634875
403143281649833
403143281664375
403143281679000
403143281693666
403143281708500
403143281723958
403143281739208
403143281749375
403143281766291
403143281781416
403143281796583
403143281806916
403143281824208
403143281839375
403143281853958
403143281868750
403143281883750
403143281898333
403143281913166
403143281927916
403143281942708
403143281957250
403143281971958
403143281986875
403143282001500
403143282016208
403143282026250
403143282043625
403143282059083
403143282073833
403143282088625
403143282103125
403143282117625
403143282132166
403143282145166
403143330849958
403143405261250
403143405355958
403143626613833
403143626709166
403143626724291
403143626731083
403143626735708
403143626740083
403143626751708
403143626758583
403143626764291
403143626770125
403143626789583
403143626820458
403143626841250
403143626854250
403143626875291
403143626896583
403143626912416
403143626933708
403143626954291
403143626973916
403143626987375
403143627008833
403143627036458
403143627059541
403143627069916
403143627078000
403143627101916
403143627123875
403143627132000
403143627155500
403143627166041
403143627187458
403143627206000
403143627224250
403143627246208
403143627262041
403143627281583
403143627295208
403143627328750
403143627333833
403143627344125
403143627364208
403143627382166
403143627399166
403143627417833
403143627434958
403143627451833
403143627468875
403143627486208
403143627503291
403143627520625
403143627537625
403143627554541
403143627571583
403143627589250
403143627609333
403143627626541
403143627643500
403143944568208
403144948019000
403145284037458
403145284134750
403145284152750
403145284166166
403145284180250
403145284223875
403145284265291
403145284307083
403145284345875
403145284384750
403145284424750
403145284471958
403145284511583
403145284551916
403145284592208
403145284632083
403145284670875
403145284717583
403145284756625
403145284795916
403145284835583
403145284890291
403145284924833
403145284969833
403145285009625
403145285049000
403145285089916
403145285131666
403145285164541
403145285207583
403145285239958
403145285287250
403145285329791
403145285372666
403145285414458
403145285453666
403145285485500
403145285528791
403145285573750
403145285608000
403145285642458
403145285687291
403145285721625
403145285768166
403145285811083
403145285851083
403145285891041
403145285932000
403145285971041
403145286003708
403145286047875
403145286086666
403145286125750
403145286164583
403145286204041
403145286247583
403145286282541
403145286329958
403145286356375
403145286405125
403145286444416
403145286484125
403145286520583
403145286560166
403145286594541
403145286638500
403145286682875
403145286721791
403145286762166
403145286800333
403145286840041
403145286879500
403145286919541
403145286959750
403145287002208
403145287042041
403145287086041
403145287124875
403145287168541
403145287208750
403145287248625
403145287294416
403145287334000
403145287377083
403145287417750
403145287443791
403145287466125
403145287490458
403145287513250
403145287547166
403145287644416
403145287668416
403145287691333
403145287714666
403145287737416
403145287760958
403145287783208
403145287806291
403145287829875
403145287852958
403145287875833
403145287902625
403145287925208
403145287949250
403145287971666
403145287994833
403145288012750
403145288037833
403145288061791
403145288084166
403145288107291
403145331386291
403145816470833
403145816539750
403145816546583
403145816551375
403145816555625
403145816560041
403145816564708
403145816567958
403145816580375
403145816598166
403145816605791
403145816623958
403145816641041
403145816651625
403145816668750
403145816679333
403145816696416
403145816712875
403145816722291
403145816739958
403145816756458
403145816766166
403145816783333
403145816793958
403145816814041
403145816819041
403145816837166
403145816852000
403145816861916
403145816878958
403145816889083
403145816907375
403145819354708
403145819364833
403145819384208
403145819394208
403145819411166
403145819426166
403145819436291
403145819453208
403145819468083
403145819478000
403145819495041
403145819510416
403145819520916
403145819537750
403145819548041
403145819565250
403145819575500
403145819592500
403145819607000
403145819617375
403145819635583
403145819646125
403145819665750
403145819675791
403145819692833
403147190479666
403147216597250
403147373798625
403147900002791
403147904124333
403148021764083
403150141906208
403150142015291
403150891768750
403150969316750
403151329731500
403151845081583
403152215203375
403153594669375
403153594767666
403153594784416
403155046534541
403155048891208
403155050316208
403155267925458
403155378337333
403155378426666
403155378438500
403155378445833
403155378453500
403155378461458
403155378469041
403155378475708
403155378503875
403155378523583
403155378548333
403155378581458
403155378605458
403155378624916
403155378649083
403155378666583
403155384304375
403155384369416
403155384381291
403155384390458
403155384403458
403155384438958
403155384465625
403155384495000
403155384526666
403155384549416
403155384581708
403155384653833
403155384688041
403155384720125
403155384745375
403155384777625
403155384812541
403155384837875
403155384850291
403155384881541
403155384913625
403155384946750
403155385011208
403155385041291
403155385075333
403155385095541
403155385123416
403155393074083
403155393131625
403155393184875
403155393195958
403155393205125
403155393212541
403155393218875
403155393225541
403155393231875
403155393262416
403155393280750
403155393313208
403155393331208
403155439827916
403155822034541
403156001894208
403156001985791
403156701637333
403156955947750
403157115948708
403157421129291
403158561157208
403159979035916
403160402674583
403160402779833
403160402794000
403160402803916
403160402816291
403160402825833
403160402833250
403160402859208
403160402883750
403160402915625
403160402945875
403160402983250
403160403011208
403160574746416
403161169642958
403161682263291
403162024081000
403162028821416
403162028852875
403162028894166
403162028927916
403162028971291
403162029010708
403162029043291
403162029086541
403162029124750
403162029162416
403162029202791
403162029246041
403162029283500
403162029321208
403162029358000
403162029395583
403162029432500
403162029470208
403162029508166
403162029546625
403162029584041
403162029620916
403162029662083
403162029699625
403162029736583
403162029776666
403162029814000
403162029852666
403162029889541
403162029926625
403162029964708
403162030001625
403162030038708
403162030079583
403162030116666
403162030154041
403162030191583
403162030228541
403162030265583
403162030303125
403162030339916
403162030377750
403162030415208
403162030453125
403162030493875
403162030531916
403162030569250
403162030605875
403162030642625
403162030687500
403162030725583
403162030762958
403162030799625
403162030846750
403162030883708
403162030935708
403162030972208
403162031022291
403162031061541
403162031098166
403162031135166
403162031171875
403162031208666
403162031237000
403162031282625
403162031312041
403162031336791
403162031362916
403162031379458
403162031402208
403162223266708
403162601144541
403162601244583
403162601261500
403162601273708
403162601286291
403163195130875
403163195229000
403163195246958
403163195259958
403163195273750
403163195310250
403163195350208
403163195388875
403163195427375
403163490990000
403163491086416
403163491102208
403163491115333
403163491142250
403163491186666
403163491226583
403163491266541
403163491305916
403163491346833
403163491386458
403163491437458
403163491477958
403163491517333
403163491557166
403163491597000
403163491637708
403163491677916
403163491717458
403163491758125
403163491798000
403163491837958
403163491883041
403163491922583
403163491961583
403163492006875
403163492046791
403163521619708
403164655511416
403165377638416
403165648166916
403166034632958
403166109030250
403167095720583
403167102441833
403167120005958
403167410513291
403169016978833
403169397740083
403169466495458
403171988305125
403172357876125
403173088159375
403173088272583
403173088294375
403173088310208
403173088327291
403174304591291
403174304697583
403174304718375
403174304734750
403174304749833
403174304779166
403174304823333
403174304857958
403174304904208
403174304944083
403174304984458
403174305036208
403174476596166
403174651711291
403174651811416
403174651824166
403174651832333
403174651841375
403174651849291
403174651859166
403174651866791
403174651872666
403174651879500
403174651887041
403174651918791
403174651931458
403174676591250
403175357371875
403176402759708
403176656053708
403176702422083
403178811215208
403179211070166
403179277302000
403179277396416
403179277414083
403179277431333
403179277447541
403179277490208
403179277523791
403179277570083
403179277599958
403180353560833
403181535072416
403181535191333
403181535212291
403181535227166
403181535242750
403181535256541
403181785321625
403181818169416
403181891036416
403182299315250
403184328675000
403185351302250
403185357534375
403186249075958
403186324349333
403186345849625
403186347648333
403186347688708
403186347719750
403186393785250
403186393859166
403186423787291
403186423849958
403186423868541
403186423883916
403186423934833
403186423967500
403186424009416
403186424043541
403186424086166
403186424118375
403186424161791
403186424207333
403186424247250
403186424293041
403186424326500
403186424370083
403186424400958
403186424443375
403186424482375
403186424514333
403186427537083
403186427563500
403186427607083
403186427644708
403186427683791
403186427721333
403186427759833
403186427796291
403186427834208
403186427871125
403186427904708
403186427953500
403186427993875
403186428030916
403186429748833
403186431096916
403186431139333
403186431156666
403186431201166
403186431234000
403186431275083
403186431313000
403186431351833
403186708735375
403188540997916
403188877168833
403188877260125
403188877271416
403188877278041
403188878707291
403189024784875
403190483278916
403191498473625
403191558938875
403191955178541
403192523736166
403192716566708
403192716666708
403192716682458
403192716695041
403194076175208
403194639279708
403194639353833
403195454031500
403196029773291
403196029836750
403196029844541
403196029849833
403196029854833
403196029860375
403196029864875
403196029882833
403196029894958
403196029914000
403196029927500
403196029952500
403196029965500
403196029985083
403196030015750
403196030033375
403196030046458
403196030066250
403196030083291
403196030100458
403196030112750
403196030133000
403196030146166
403196030165416
403196030180708
403196030201708
403196030218375
403196030237125
403196030254291
403196030271125
403196030283708
403196030304166
403196030320791
403196030338250
403196030355083
403196030371875
403196030389666
403196030406375
403196030423541
403196030440500
403196030457250
403196030474125
403196030491125
403196030507916
403196030524833
403196030537625
403196030557125
403196030576666
403196030593583
403196030610166
403196030627041
403196030643791
403196030660625
403196030677833
403196030690208
403196030710750
403196030727333
403196030744625
403196030762750
403196030780500
403196030810583
403196030823791
403196030841500
403196030853208
403196030876041
403196030892625
403196030909458
403196030926291
403196030943166
403196030955708
403196030975458
403196671164833
403196671273875
403196674369333
403196674429708
403196674447958
403196674476000
403196674520833
403196674551833
403196674595125
403196674627583
403196674671625
403196674702125
403196674750541
403196674787958
403196674845125
403196674871291
403196674917291
403196674951125
403196674989375
403196675018000
403196675054166
403196675096500
403196675135375
403196675167250
403196675214208
403196675245916
403196675288708
403196675326708
403196675363625
403196675401166
403196675438750
403196675477583
403196675515875
403196675552666
403196675589416
403196675632083
403196675671708
403196675709083
403196675755833
403196675796458
403196675822250
403196675865916
403196675903583
403196675942541
403196675986625
403196676024625
403196676065250
403196676104875
403196676142000
403196676181625
403196676218375
403196676258583
403196676296083
403196676335333
403196676372250
403196676411458
403196676448250
403196676489875
403196676523083
403196676568333
403196676605291
403196676642333
403196676680791
403196676713416
403196676756791
403196676789125
403196676830458
403196676875250
403196676907708
403196676935333
403196676960791
403196676986791
403196677006333
403196677033375
403196677055125
403196677077708
403196677099500
403196677121666
403196677143750
403196677167500
403196677189875
403196677211958
403196677233958
403196677256416
403196677278500
403196677300750
403196677322375
403196677341750
403196677366375
403196677389000
403196677412250
403196677434750
403196677456666
403196677479583
403196677501708
403196677523375
403196677545166
403196677568083
403196677585625
403196677612333
403196677634625
403196677658291
403196677680291
403196677702958
403196677724750
403196677757208
403196677779958
403196677801708
403196677823333
403196677846166
403196677870625
403196677897250
403196677924500
403196677948333
403196677970000
403196677992416
403196678073625
403196678096416
403196678122416
403196858231208
403199397837625
403199397955041
403199397974041
403199397985791
403199397999916
403199398036958
403199398077041
403201166784583
403201553714916
403201553838833
403201553860125
403201553875916
403201553891916
403201553905291
403201553935750
403201553982041
403201554015083
403201554061833
403201554092416
403201554148916
403201554189625
403201554230166
403201554270333
403201554309666
403201554364166
403201847111666
403203687755750
403203784655375
403204611310916
403205121175916
403205274770125
403206287873041
403206287972250
403206287990416
403206288004583
403206288017083
403206288066250
403206288106250
403206288145625
403206288186125
403206288227333
403206288266750
403206288315833
403206288356041
403206288394708
403206288434500
403206288473958
403206288513666
403206288552791
403206681449250
403207547521625
403207952352083
403209661090375
403209661184333
403209661201208
403209661215291
403209661249291
403209661282583
403210068553250
403210564047833
403211103543041
403211327504083
403212899907000
403212907408333
403213666324666
403214165063916
403215275087166
403215514473375
403215652427625
403216059814916
403217850796291
403217989817458
403218036750333
403218108697458
403218321160208
403218526232875
403218572781541
403219672477083
403220174628458
403220174728375
403220174746041
403220174758416
403220174770583
403220174809666
403220174841875
403220174884333
403220174922958
403220174955166
403220174998083
403220175045583
403220175083583
403220175121208
403220175159750
403220175197625
403220175235625
403220175273250
403220175312416
403220175350333
403220175389500
403220175420250
403220175466958
403220175505041
403220175541708
403220175580083
403220175617666
403220175655208
403220175692416
403220175729333
403220175767458
403220175804416
403220175842750
403220175884333
403220175922916
403220175959500
403220175998833
403220176036666
403220176074291
403220176111166
403220176150416
403220176187833
403220176226333
403220176267708
403220176320708
403220176353125
403220176370708
403220176397791
403220176420500
403220176437333
403220176463541
403220176486041
403220176508625
403220176530833
403220182765833
403220182813458
403220182852458
403220182890416
403220182928208
403220182966333
403220183004166
403220183042291
403220183079333
403220183117041
403220183155666
403220183198791
403220183236250
403220183274458
403220183312875
403220183349708
403220183387583
403220183424666
403220183463166
403220183500500
403220183538458
403220183576541
403220183617375
403220183655750
403220183692833
403220183731000
403220183768166
403220183806791
403220183844000
403220183883291
403220183920875
403220183959083
403220183996333
403220184040750
403220213309916
403220213346333
403220213376291
403220213420083
403220213452791
403220213496916
403220213535500
403220213573333
403220213611500
403220213650250
403220213687833
403220213731708
403220213768666
403220213806916
403220213844375
403220213882500
403220213919875
403220213958291
403220214007416
403220214040833
403220214085041
403220214124416
403220214155750
403220214203500
403220214235000
403220214273291
403220214316750
403220214354166
403220214392625
403220214430166
403220214468666
403220214689666
403220403236916
403220852709666
403220927113625
403220973115375
403221261175500
403221981314916
403223345625833
403223350446791
403223385191416
403223451918125
403223833323333
403223833429000
403223833445625
403223833458541
403223833471916
403223833499458
403223833541375
403223833572708
403223833613916
403223833652166
403223833685500
403223833737666
403223833776500
403223833808500
403223833851458
403223833889708
403223833922000
403223833965791
403223834003208
403223834042291
403223834080416
403223834120166
403223834156875
403223834205333
403223834239166
403223834278541
403223834309750
403223834345166
403223834388833
403223834417625
403223834460833
403223834504750
403223834550666
403223834595166
403223834625416
403223834667541
403223834705958
403223834743375
403223834781166
403223834818625
403223834855916
403223834893750
403223834931291
403223834969083
403223835009500
403223835047416
403223835084791
403223835122500
403223835160041
403223835197708
403223835235291
403223835272291
403223835310375
403223835347750
403223835385416
403223835427166
403223835465416
403223835502583
403223835566625
403223835583541
403223835617250
403223835651791
403223835693375
403223835725541
403223835769166
403223835805083
403223835853916
403223835888083
403223835930291
403223835965166
403223836003291
403223836063166
403223836101000
403223836134458
403223836189291
403223836226416
403223836245541
403223836277291
403223836295291
403223836325250
403223836343791
403223836369791
403223836389125
403223836416916
403223836441250
403223836454625
403223836481708
403223836508208
403223836535875
403223913119000
403223913213750
403223991281541
403224927290541
403224931175291
403225192543125
403225377133291
403225478139500
403225580451250
403225630001583
403225698822833
403225779052708
403225912438833
403225915728083
403226053041583
403226077209541
403226085630291
403226249253500
403226249309666
403226249325666
403226249365750
403226249405833
403226249446125
403226249486916
403226600974458
403226727134333
403226859260833
403226859331791
403226859347041
403226859360833
403226859404708
403226859437416
403226859480500
403226859512583
403226859554750
403228103414500
403228291237958
403228291319875
403228291335166
403228291350333
403228291391291
403228291433041
403228772688875
403229300337708
403229719258541
403230728103250
403230728194166
403230728210500
403230728223916
403230805471541
403232138509083
403232186735875
403232186808625
403232186829458
403232443311708
403232566526166
403232566640083
403232868684666
403232876152708
403233178471625
403233192288666
403233359740166
403233393652583
403233393717083
403233393735166
403233393752375
403233393793916
403234493556458
403235382141041
403235598938500
403235823527791
403236054448750
403236862576458
403237826009416
403237826127625
403238302045125
403239322427708
403239461220583
403240034571625
403240589254458
403240713792583
403240988147375
403241001286708
403241189269041
403241565031750
403242062934625
403242063053458
403242063075416
403242063090375
403242063106458
403242063121125
403242063149583
403242063191166
403242063224333
403242063267458
403242063303666
403242063347458
403242063383500
403242063425583
403242063450125
403242063712166
403242064790291
403242064827250
403242064854333
403242064901166
403242064935041
403242064971708
403242065016958
403242065043833
403242065089375
403242065142208
403242065178583
403242065227083
403242070406500
403242070430791
403242070478333
403242070511208
403242070555250
403242070588166
403242070632125
403242070665000
403242070705916
403242070737208
403242070780500
403242070821583
403242070861041
403242070891958
403242070935708
403242070967500
403242071005708
403242071047958
403242071078041
403242071120666
403242071153791
403242071197291
403242071238625
403242071271208
403242071315291
403242071347166
403242071390625
403242071420458
403242071464208
403242071495166
403242071539416
403242071571833
403242071616166
403242071657125
403242071696625
403242071728625
403242071773166
403242071812416
403242071845291
403242071887958
403242071920416
403242071962875
403242072001833
403242072033291
403242072082416
403242072109708
403242072163416
403242072237333
403242072269958
403242072311916
403242072354041
403242072383500
403242072425791
403242072465958
403242072498125
403242072542291
403242072582625
403242074662041
403242080526083
403242080559750
403242080600291
403242080641166
403242080670916
403242080714666
403242080754416
403242080787541
403242080826083
403242080871083
403242080901833
403242080948500
403242080981375
403242081025125
403242081058000
403242081103291
403242081145208
403242081187333
403242081220166
403242081264083
403242081295916
403242081339708
403242081380625
403242081420291
403242081452500
403242081495833
403242081534875
403242081580833
403242081605333
403242081652458
403242081682500
403242081725458
403242081758333
403242081805083
403242081844125
403242081874416
403242081917208
403242081949541
403242081993208
403242082023041
403242082066750
403242082106041
403242082151333
403242082191500
403242082231000
403242082264166
403242082308333
403242082382541
403242082415125
403242082458166
403242082497458
403242082527916
403242082571833
403242082603375
403242082647000
403242082686250
403242082726041
403242082757916
403242082805250
403242082836250
403242082866583
403242082883791
403242082910750
403242110415000
403242110444333
403242110486833
403242110518083
403242110559875
403242110595041
403242110632291
403242110669416
403242110707125
403242110743958
403242110781375
403242110822083
403242110859916
403242110896833
403242110934291
403242110971666
403242111008583
403242111045708
403242111082416
403242111119416
403242111156333
403242111193166
403242111234166
403242111271208
403242111309041
403242111346125
403242111382750
403242111420083
403242111456708
403242111494125
403242111532125
403242111569375
403242111606791
403242111648833
403242111686166
403242111723583
403242111760583
403242111797625
403242111834416
403242111872291
403242111909500
403242111946875
403242111991458
403242112029208
403242112053583
403242112101125
403242112137750
403242112175000
403242112211625
403242112248708
403242112286166
403242112323000
403242112360291
403242112408083
403242112446166
403242112476458
403242112519208
403242112556958
403242112589625
403242112612250
403242112634333
403242112656583
403242112678500
403242112700208
403242112723916
403242112745666
403242112767791
403242112789375
403242112810958
403242112832791
403242112855000
403242112876791
403242112898750
403242112920750
403242112942625
403242112966208
403242149725708
403242152995333
403242154630708
403242161626583
403242161656791
403242161703125
403242161734125
403242161776958
403242161814291
403242161852208
403242161889416
403242161926958
403242161963458
403242162001333
403242162038041
403242162083166
403242162135000
403242162176708
403242162214708
403242162251916
403242162289416
403242162326833
403242279055875
403242279142166
403242279159666
403242279173000
403242279206375
403242279231083
403242279274958
403242279314791
403242279346625
403242279389625
403242279427708
403242279474125
403242279511958
403242279550291
403242489839458
403242490918916
403242519804833
403242519860041
403242519875750
403242519910500
403242519940000
403242519980833
403242544194958
403242561389041
403242561414416
403242561461125
403242561493208
403242561537500
403242561569208
403242561613208
403242561650750
403242561688583
403242561725958
403242561763750
403242561806166
403242561843750
403242561881375
403242561920500
403242561957541
403242561995291
403242562032958
403242562070291
403242562107833
403242562146458
403242562179333
403242562225791
403242562271375
403242562309875
403242562346666
403242562390708
403242562417791
403242562458625
403242562495125
403242562533125
403242562570333
403242562609000
403242562646000
403242562688916
403242562733125
403242562776125
403242573407583
403242573440333
403242573482708
403242573521750
403242573558791
403242573596958
403242573634291
403242573672208
403242573709333
403242573748083
403242573785125
403242573827166
403242573864125
403242573902000
403242573939291
403242573976458
403242574013333
403242574050791
403242574088291
403242574129625
403242574153208
403242574196916
403242574238458
403242574275750
403242574313708
403242574350333
403242574387708
403242574425000
403242574463541
403242574500750
403242574539583
403242574576625
403242574614666
403242574655583
403242574693375
403242574730416
403242574769041
403242574806041
403242574844250
403242574880916
403242574919250
403242574956166
403242574995416
403242575033083
403242575075541
403242575112541
403242575158791
403242575193125
403242575234666
403242575272083
403242575310583
403242575347458
403242575385083
403242575423833
403242575461958
403242575504333
403242575542916
403242575586250
403242575625125
403242575662833
403242575701625
403242575738708
403242575778166
403242575815541
403242575853291
403242575890458
403242575933291
403242575970250
403242576008041
403242576045833
403242576079333
403242576158833
403242619570291
403243115014333
403243209389416
403243209451833
403243254350458
403243933693416
403244156465541
403244156561958
403244156577125
403244329019541
403244329099125
403245408639125
403245576005041
403245671977375
403245672059541
403245672079791
403245672093000
403245672135291
403245672176166
403245672215125
403245672255458
403245672295500
403245672335916
403246452664958
403246529911791
403247093300416
403247093393000
403247093410833
403247093424708
403247093437833
403247093491750
403247093504541
403247093548041
403247093587166
403247093625625
403247093663041
403247093710333
403247093748458
403247093788458
403247093820166
403247093863125
403247093900291
403247093948000
403247093980875
403247094021583
403247094049375
403247094090708
403247094133291
403247094170666
403247094209083
403247094246500
403247094283916
403247094320833
403247094358625
403247094398000
403247094438083
403247094475375
403247094512958
403247094554458
403247094592333
403247094630000
403247094668291
403247094705375
403247094743416
403247094780333
403247094818791
403247094856541
403247094894458
403247094931916
403247094976208
403247095014166
403247095052541
403247095090083
403247095127541
403247095164583
403247095202000
403247095239916
403247095277000
403247095314250
403247100649458
403247100698208
403247100720291
403247100768000
403247100800333
403247100842583
403247100874791
403247100918125
403247100955916
403247100993500
403247101031750
403247101075666
403247101113875
403247101151916
403247882647333
403248210207791
403248279917041
403248280633500
403248280647083
403248280662333
403248280683125
403248280691666
403248280736416
403248280743583
403248280748750
403248280752958
403248280775625
403248280787958
403248280810833
403248280822916
403248280842083
403248280859000
403248280870916
403248280890416
403248468949625
403248469050625
403248469062625
403248469069000
403248469073833
403248469078958
403248469083083
403248469088791
403248469093041
403248469097125
403248469114166
403248469130458
403248469151375
403248469220500
403248469234000
403248469252375
403248469263416
403248469283416
403248469300500
403248469317458
403248469336500
403248469356750
403248469369958
403248469393208
403248469412541
403248469429125
403248472128750
403248472142875
403248472162250
403248472175833
403248472195125
403248472208166
403248472227583
403248472240833
403248472262250
403248472271583
403248472296250
403248472310333
403248472330166
403248472341833
403248472360541
403248472373708
403248472393208
403248472410083
403248472432291
403248472448875
403248493246250
403248493321500
403248493329666
403248493336041
403248493341833
403248493346750
403248496112083
403248496129291
403248496141541
403248496161500
403248496177333
403248496196333
403248496213583
403248496226041
403248496246708
403248496263875
403248496280916
403248496299750
403248505918000
403248505960541
403248505968833
403248505975041
403248505981208
403248536468083
403248582421208
403248582503291
403248582510958
403248582516958
403248582522000
403248582526375
403248582532375
403248647455916
403248647522666
403248647537333
403248647561541
403248647604541
403248647637041
403248647680500
403248647719500
403248647760416
403248647793833
403248647831875
403248647877958
403248647929416
403248647967083
403248648005166
403248648042333
403248648079458
403248648116500
403248648169375
403248648198125
403248648240083
403248648394666
403248648429458
403248774098708
403248774180041
403248774195125
403248774207833
403248774246125
403248774274416
403248774316583
403248774347791
403248774390541
403248774429833
403248774468375
403248774515166
403248774554083
403248774593791
403248774625083
403248774669041
403248774697166
403248774741416
403248774779000
403248774811041
403248774854458
403248774891666
403248774933375
403248774971583
403248775008625
403248775046458
403248775083541
403248775122000
403248775159250
403248775197833
403248775235125
403248775273333
403248775311541
403248775353291
403248775390500
403248775427750
403248775467416
403248775505750
403248775542500
403248775587875
403248775615041
403248775655375
403248775694708
403248775732416
403248775773625
403248775811208
403248775848083
403248775885208
403248775923208
403248775960333
403248775997708
403248776041208
403248776078625
403248776117250
403248776153666
403248776202125
403248776239166
403248776264291
403248776310875
403248776347666
403248776386125
403248776425958
403248776467083
403248776504458
403248776542958
403248776570208
403248776620708
403248776658000
403248776694458
403249275408041
403249291499250
403250534578833
403250580334000
403250705539000
403250705649583
403250724181208
403251286391416
403251305862708
403252110526458
403252225296958
403252303623583
403252303678041
403252303683166
403252303686458
403252303689500
403252303692375
403252303695708
403252303697875
403252303705458
403252303720666
403252303727250
403252303744041
403252303749416
403252303765916
403252303773958
403252303788583
403252303796083
403252303810958
403252303823041
403252303830208
403252303845333
403252303852666
403252303868500
403252303876708
403252303891416
403252303898833
403252303913791
403252303921958
403252303936416
403252303944791
403252303959291
403252303967541
403252303982208
403252303995291
403252304003083
403252304017750
403252304026291
403252304040916
403252304049291
403252304063958
403252304072416
403252304086958
403252304095291
403252304110041
403252304123041
403252304129833
403252304144916
403252304153375
403252304168000
403252304176333
403252304190875
403252304199083
403252304213958
403252304222125
403252304236583
403252304249375
403252304257208
403252304271791
403252304280125
403252304294750
403252304303166
403252304317750
403252304326041
403252304340791
403252304348833
403252304363458
403252304376458
403252304390000
403252304402833
403252304409625
403252304424666
403252304433083
403252304447625
403252304455916
403252304470375
403252304478750
403252304495541
403252304503750
403252304518125
403252304526250
403252304540750
403252304549083
403252304563541
403252304590166
403252304598250
403252304612791
403252304621041
403252304637458
403252304645125
403252304660500
403252304667958
403252304682333
403252304690708
403252304705375
403252304713583
403252304728000
403252304736500
403252304751250
403252304764125
403252304771958
403252304786666
403252304794125
403252304809583
403252304817750
403252304831500
403252304840916
403252304855000
403252304862750
403252304876791
403252304890291
403252304897875
403252304912208
403252304920625
403252306764833
403252306779333
403252306798708
403252306894250
403252306900333
403252306915250
403252306920708
403252306936958
403252306942166
403252306959625
403252306967916
403252306986333
403252306993708
403252307008750
403252307017500
403252307032333
403252307040583
403252307061375
403252307069958
403252307084791
403252307093083
403252307107750
403252307116166
403252307130916
403252307138916
403252307153708
403252307162250
403252307176916
403252307190041
403252307196875
403252307211666
403252307220125
403252307234833
403252307243291
403252307258125
403252307266500
403252307281041
403252307289333
403252307304041
403252307317041
403252307324083
403252307338791
403252307347208
403252307361875
403252307369875
403252307384833
403252307393250
403252307407916
403252307416166
403252307430541
403252307443500
403252307451500
403252307466250
403252307474458
403252307489083
403252307497541
403252307512166
403252307520583
403252307535208
403252307543458
403252307557916
403252307570958
403252307579000
403252307594833
403252307599000
403252307615958
403252307623625
403252307639625
403252307647791
403252307661750
403252307674250
403252307687125
403252307696291
403252307710708
403252307725333
403252307733333
403252307747916
403252307756250
403252307771166
403252307779333
403252307794333
403252307807083
403252307813791
403252307828791
403252307837916
403252307849875
403252307861833
403252307872541
403252307884833
403252307899000
403252307907500
403252307922000
403252307934708
403252307943708
403252307957541
403252307965166
403252307980791
403252307989166
403252308003791
403252308016541
403252308023416
403252308038291
403252308046625
403252308061541
403252308069708
403252308084291
403252308096916
403252308109750
403252308117500
403252308132333
403252308140708
403252308155666
403252309873333
403252309882583
403252309897666
403252309905791
403252309920083
403252309928333
403252309942791
403252309951291
403252309967791
403252309981541
403252309986916
403252310002041
403252310009416
403252310024583
403252310028500
403252310044333
403252310052500
403252310067666
403252310075583
403252310111291
403252310160541
403252310168625
403252310172916
403252310178208
403252310196416
403252310201041
403252310204916
403252310222750
403252310234833
403252310241333
403252310252041
403252310268625
403252310275250
403252310305791
403252310340125
403252310372166
403252310390208
403252310395291
403252310454750
403252310489041
403252310496166
403252310499458
403252310513750
403252310518958
403252310537375
403252310545333
403252310559875
403252310567375
403252310582208
403252310590916
403252310605583
403252310614125
403252310628416
403252310641500
403252310648458
403252310664333
403252316219833
403252316227708
403252316242000
403252316250541
403252316265000
403252316273416
403252316287916
403252316296250
403252316310791
403252316323041
403252316331041
403252316346916
403252316359083
403252316371416
403252316379125
403252316393625
403252316405958
403252316413958
403252316428541
403252316439458
403252322084666
403252322094500
403252322109250
403252322117958
403252322131791
403252322139833
403252322153875
403252322162416
403252322177166
403252322186500
403252322200083
403252322213416
403252322224625
403252322232416
403252322247541
403252322255291
403252322269916
403252322278625
403252322293208
403252322301708
403252322316333
403252322324375
403252322341833
403252322348375
403252322362916
403252322375291
403252322383250
403252322397750
403252322406166
403252322420125
403252322441750
403252322448708
403252322462666
403252322472000
403252322485916
403252322493500
403252322508083
403252322516750
403252322531625
403252322539833
403252322554750
403252322562791
403252322577708
403252322586125
403252322601833
403252322610250
403252322624958
403252322633333
403252322648166
403252322656583
403252322671208
403252322679666
403252322695208
403252322702708
403252322717250
403252322730250
403252322738125
403252322752875
403252322763875
403252322775666
403252322783958
403252322798583
403252322811208
403252322817916
403252322832875
403252322841291
403252322857000
403252322869500
403252322876333
403252322891083
403252322899500
403252322913833
403252322926291
403252322934250
403252322948958
403252322957083
403252322971375
403252322984625
403252322992625
403252323007208
403252323015458
403252323030166
403252323038416
403252323052208
403252324548833
403252334956125
403252350139000
403252381456500
403252548519666
403252553927250
403252555027708
403252555034083
403252562738583
403252675265041
403252902238708
403252995037458
403254698344250
403254969709833
403254969776708
403255014672708
403255093262791
403255313991458
403255819395708
403256073433208
403256396185875
403256845870416
403256858889708
403256858936416
403256858946791
403256858973333
403256858995791
403256859027333
403256859056625
403256859079708
403256859111958
403256859140291
403256859167625
403256859200750
403256859228791
403256859256291
403256859284166
403256859311541
403256859339000
403256859366625
403256859394416
403256859422333
403256859449666
403256859472375
403256859514000
403256859535208
403256859568250
403256859596125
403256859623708
403256859651375
403256859678875
403256859706291
403256859733708
403256859761166
403256859789708
403256859819166
403256859846791
403256859874416
403256859902166
403256859929875
403256859957750
403256859984833
403256860020583
403256860032750
403256860061750
403256860089541
403256860120041
403256860139166
403256860172416
403256860199708
403256860227250
403256860248750
403256860280583
403256860300291
403256860332583
403256860353166
403256860384166
403256860413958
403256860441833
403256860469000
403256860498291
403256860525250
403256860552458
403256860579500
403256860606750
403256860634083
403256860661416
403256860683958
403256860727666
403256860753333
403256860782000
403256947327666
403257241869708
403257780181791
403258178722833
403258990681833
403259145512208
403260239259708
403260567262291
403260568768041
403260568833625
403260568841666
403260568847250
403260568853000
403260568860333
403260568869375
403262903990208
403263140500708
403263140622833
403263140645791
403263140663666
403263140678666
403263659449083
403263659567083
403265228863875
403265228945083
403265228953125
403265228959666
403265748121250
403265748247041
403267453671791
403267453769541
403267453787250
403267453800833
403267453843708
403267453886000
403267453920750
403267453965916
403267454014083
403267454052500
403267631463458
403267676597833
403267676671458
403267676684375
403267676695250
403267676705875
403267676737958
403267676762333
403267676796041
403267676825875
403267676855916
403267676884958
403267676922333
403267676952458
403267676980666
403267677009541
403267677038666
403267677067250
403267677096541
403267677125708
403267677155708
403267677184500
403267677214250
403267677247000
403267677276916
403267677305791
403267677335916
403267677365166
403267677393666
403267677422250
403267677448541
403267677481208
403267677511458
403267677540125
403267677572916
403267677610166
403267677632500
403267677671041
403267677700333
403267677727750
403267677757208
403267677786000
403267677814291
403267677844500
403267677873791
403267677906291
403267677935166
403267677965166
403267677993000
403267678022791
403267678051375
403267678080416
403267678108916
403267678138458
403267678167000
403267678196250
403267678227625
403267678261958
403267678290958
403267678328708
403267678356125
403267678430500
403267678453791
403267678476291
403267678500125
403267678522958
403267678543583
403267678569250
403267678593041
403267678616041
403267678639291
403267678661875
403267678687333
403267678710041
403267678732958
403267678755541
403267678777916
403267678800458
403267678823166
403267678846041
403267678868833
403267678892916
403267678915541
403267678941750
403267678964625
403267678987750
403267679013333
403267679038833
403267679065375
403267679088041
403267679110583
403267679134291
403267679163000
403267679187125
403267679209833
403267679232750
403267679255833
403267679279541
403267679302125
403267679325708
403267679348541
403267679371708
403267679394333
403267679420166
403267684676541
403267684709958
403267684728041
403267684760125
403267684789000
403267684817333
403267684846000
403267684874583
403267684902916
403267684931458
403267684961500
403267684994625
403267685024416
403267685053000
403267685082291
403267685116958
403267685146208
403267685174291
403267685204083
403267685232333
403267685261458
403267685289708
403267685318958
403267685347833
403267685377666
403267685405958
403267687107791
403267687148000
403267687187708
403267687226208
403267687266416
403267687305125
403267687346333
403267687384625
403267687423375
403267687462458
403267687502541
403267687545208
403267687584666
403267687622958
403267687662833
403267687702125
403267687736750
403267687781416
403267687822333
403267687860916
403267687906416
403267687946333
403267687989416
403267688027583
403267688067333
403267688106375
403267688154958
403267854551625
403267854647541
403267854664875
403267854679583
403267854692500
403267854738833
403267854779125
403267854820333
403267854859250
403267854898541
403267854937458
403267854990458
403267855030791
403267855072416
403267855110041
403267855149791
403267855188750
403267855228416
403267855272750
403267855312833
403267855351625
403267855392250
403267855438833
403267855477750
403267855516791
403267855565208
403267855630125
403267855662250
403267855690750
403267855736250
403267855765041
403267855810083
403267855844208
403267855888500
403267855927791
403267855967291
403267856006291
403267856053541
403267856092208
403267856131958
403267856171333
403267856210833
403267856249375
403267856288500
403267856335625
403267856370875
403267856406625
403267856451500
403267856496833
403267856543083
403267856595125
403267856634208
403267856673791
403267856713958
403267856752666
403267856791041
403267856830875
403267856869625
403267856909500
403267856948250
403267856988791
403267857032000
403267857073000
403267857114250
403267857160666
403267857190083
403267857213250
403267857236125
403267857263500
403267857286791
403267857310583
403267857332958
403268949427083
403269764386083
403269764478916
403269764494833
403269764507458
403269764532291
403269764577666
403269764618041
403269764658083
403269764697583
403269764738250
403269764777291
403269764828583
403270043304458
403270043408541
403270043425333
403270043437791
403270043489250
403270043501125
403270043512958
403270043560958
403270043595458
403271410261666
403271978648916
403272477292916
403272967904000
403274211009666
403274211132916
403274211156958
403274211172125
403274211188208
403274211206541
403274211223583
403274211270166
403274211310416
403274211336458
403274211386583
403274211435166
403274211469250
403274211514208
403274211549000
403274211594500
403274211635416
403274211675458
403274211715583
403274211755458
403274211794666
403274211834875
403274211878375
403274211918166
403274211960250
403274211999750
403274212039708
403274212079708
403274212119500
403274212158958
403274212198666
403274212238125
403274212278333
403274212321458
403274212361250
403274212400958
403274212440000
403274212480500
403274212519750
403274212559583
403274212598916
403274212638708
403274212678500
403274212717333
403274212763125
403274212802791
403274212842750
403274212882125
403274212921208
403274212956666
403274213002583
403274213040666
403274213064666
403274213083583
403274227836583
403274227951875
403274227969916
403274227984583
403274228000000
403274228030375
403274228075250
403274228109208
403274228153333
403274228192875
403274228232416
403274228282208
403274228323041
403274228374458
403274228414208
403274228455541
403274228494916
403274228528458
403274228572708
403274228612291
403274228651791
403274228690833
403274228730708
403274228769833
403274228807416
403274228854250
403274228894000
403274228927000
403274228971833
403274229011416
403274229050708
403274248269708
403274248398125
403274248421375
403274248436416
403274248453208
403274248468208
403274248486416
403274248518708
403274248538875
403274248546666
403274248561625
403274248586250
403274248598500
403274248619083
403274248644083
403274248667041
403274248677625
403274248698666
403274248711833
403274248730375
403274248745208
403274248764250
403274248785208
403274248798000
403274248817125
403274248827916
403274248851250
403274248866541
403274248884833
403274248900000
403274248915291
403274248933833
403274248947958
403274248970125
403274248987208
403274248996541
403274249013750
403274249023541
403274249045375
403274249063458
403274249074458
403274249109000
403274249119583
403274249141458
403274249155083
403274249183916
403274249223500
403274249266166
403274249306458
403274249346750
403274249381125
403274249426166
403274249471291
403274249512916
403274249561416
403274249600791
403274249640833
403274249680458
403274249720000
403274249759791
403274249800500
403274249840083
403274249879916
403274249934250
403274249974583
403274250150791
403274250186500
403274250232333
403274250266291
403274250311125
403274250351208
403274250390166
403274250430416
403274250469833
403274250509791
403274250548916
403274250600166
403274250638625
403274250678000
403274250701833
403274250721166
403274250747541
403274250771000
403274250789708
403274250816958
403274250840500
403274250864041
403274250888208
403274250912166
403274250935625
403274250960875
403274250985000
403274251008583
403274251032500
403274251050083
403274251076125
403274251099916
403274251119208
403274251147750
403274251171708
403274251195208
403274251218708
403274251242083
403274251265208
403274251283875
403274251310583
403274251329708
403274251357833
403274251376083
403274251404375
403274251427500
403274251450583
403274251474083
403274251494708
403274251518458
403274251541916
403274251565833
403274251585291
403274251611708
403274251635208
403274251659750
403274251683208
403274251706541
403274251729416
403274251751333
403274251774750
403274251798166
403274251821375
403274251844916
403274251868500
403274251886458
403274251915250
403274251934625
403274251961458
403274251984333
403274252007583
403274252043791
403274252065125
403274252092166
403274252115833
403274252135416
403274252162291
403274252187833
403274252211416
403274252240625
403274252261666
403274252298041
403274252321250
403274252347291
403274252371458
403274252389375
403274252416541
403274252443958
403274252454666
403274252487666
403274252511083
403274252534500
403274252558291
403274252581791
403274252606333
403274252633208
403274252658875
403274252686250
403274252692125
403274252717041
403274252738833
403274252758625
403274252778250
403274252797708
403274252817375
403274252836875
403274252856083
403274252875916
403274320578791
403274653831208
403274930125208
403274930218708
403274930236083
403274930249708
403274930286625
403274930333625
403274930362750
403274930405458
403274930446500
403274930486333
403274930538208
403274930590416
403275133929291
403275662194375
403277487275875
403277489451458
403277489473625
403277489483875
403277489492250
403277489500375
403277489508500
403277489516333
403277489524541
403278044929541
403278641834583
403278842826458
403280331320750
403280501669125
403281160212291
403281331109500
403281449266916
403282200477375
403282395207125
403282395251833
403282395258875
403282395264250
403282395269708
403282395274916
403282395279666
403282395284208
403282395288750
403282395293166
403282395297666
403282395302125
403282395306500
403282395311000
403283048526666
403283781432125
403283839612041
403283839718041
403284509194791
403284849595333
403284849704250
403285377285208
403286181209291
403286695146208
403286853476250
403286856452875
403287250162625
403287871104583
403288228591625
403288259887000
403288259959750
403288640158625
403289354741333
403289354846583
403289354859458
403289807056458
403290107412125
403291272125583
403291646676291
403292142497166
403292146835333
403294244228375
403294244280083
403294244288458
403294244294708
403294244300208
403294244305333
403294244310583
403294244315541
403294244320458
403294244325000
403294244329583
403294244334125
403294244338583
403294244343125
403294244347625
403294244352083
403294244356625
403294244361250
403294244365708
403294244370416
403294245009208
403294245033166
403294245038750
403294245043916
403294245048625
403294245053291
403294245058125
403294245062875
403294245067375
403294245072083
403294245076666
403294245081125
403294245087291
403294245092375
403294245097041
403294245101583
403294245106041
403294253966583
403294254018375
403294254026583
403294254032916
403294254038333
403294254044375
403294254049583
403294254061166
403294254075125
403294254093125
403294254101583
403294254124458
403294254133916
403294254153166
403294254161375
403294254180291
403294254189250
403294254208375
403294254221916
403294254239500
403294254252166
403294254269416
403294254287250
403294254295000
403294254314125
403294254326458
403294254343250
403294254355416
403294254372500
403294254384375
403294254401333
403294254413250
403294254430500
403294254444083
403294254461833
403294254474166
403294254491500
403294254503375
403294254520000
403294254532250
403294254549333
403294254561083
403294254578208
403294254589958
403294254609833
403294254627916
403294254645041
403294254659750
403294254685541
403294254691916
403294254697250
403294255230791
403294479346458
403294479478916
403294479501166
403294479518375
403294479532666
403294479547166
403294479562166
403294559514375
403294667805958
403294803591500
403294803654875
403294870166708
403294870233250
403297077739500
403297133013291
403297146161208
403297327931375
403298115607083
403298115710791
403298115723916
403298659274333
403298744594250
403298744696416
403298744709583
403298744717166
403298744724458
403298744730041
403298744736208
403298744741583
403298744747916
403298744753666
403298744760000
403298744766333
403298744791250
403298744812541
403298744821208
403298744837250
403298744863333
403298744883708
403298744895416
403298744916458
403298744929666
403298744948208
403298744963875
403298744984041
403298745003458
403298745022916
403298745035500
403298745055041
403298745067666
403298745087416
403298745100916
403298745120375
403298745145500
403298745165708
403298745176625
403298745197375
403298745216791
403298745226500
403298745234958
403298745256541
403298745267250
403298745289958
403298750916958
403298751013291
403298751025166
403298751032208
403298751039541
403298751046541
403298751052666
403298751058416
403298751064583
403298751070375
403298751075000
403298751080333
403298751085833
403298751106458
403298980142500
403298991289625
403298991405833
403298991420666
403298991462666
403298991469583
403298991475375
403298991483166
403298991487583
403298991492666
403298991496916
403298991500708
403298991504625
403298991508541
403298991512958
403298991516916
403298991528833
403298991549083
403298991570291
403298991586291
403298991593791
403298991614916
403298991624875
403298991648375
403298991662583
403298991681791
403298991699875
403298991713541
403298991732708
403298991744958
403298991765166
403298991787708
403298991806958
403298991820166
403298991844500
403298991858041
403298991877083
403298991893958
403298991910791
403298991927458
403298991939958
403298991959833
403298991976666
403298991994375
403298992007625
403298992028583
403298992046583
403298992063208
403298992079833
403298992096458
403298992113083
403298992130083
403298992147333
403298992163875
403298992180375
403298992197208
403298992219666
403298992236166
403299226044208
403299226154958
403299226172583
403299226185583
403299226197750
403299226210208
403299226257958
403299226289166
403299226332083
403299226364333
403299226408791
403299226457500
403299226495000
403299226532333
403299245842625
403299245952750
403299245968375
403299245980875
403299245994208
403299246006541
403299246055208
403299246085708
403299246128541
403299246167083
403299246205166
403299246250708
403299246288208
403299246327375
403299246364125
403299246410708
403299246447583
403299246487000
403299246523833
403299246561791
403299246599333
403299246636375
403299246672666
403299246726416
403299246772541
403299246810416
403299246858208
403299246891791
403299246928833
403299246983000
403299247003166
403299247049500
403299247089625
403299247129250
403299247167916
403299247206125
403299247244333
403299257880958
403299257988333
403299764191916
403300494730041
403300494827375
403300643823541
403300782289041
403300782417916
403300782455250
403300782465208
403300783493083
403301157108291
403301157181583
403302095267750
403302181318791
403303276385708
403303804147291
403303804259333
403304527466541
403305832458875
403306012236208
403306477623166
403306477665041
403306477671833
403306477677250
403306477683458
403306477695958
403306920874416
403306920919458
403307055116041
403308016608750
403308016663666
403308016671333
403308016677833
403308016683375
403308016689166
403308016694750
403308016705833
403308016719166
403308016734041
403308016748625
403308016769625
403308016785458
403308016800041
403308016814458
403308016828875
403308016843375
403308016857583
403308016872125
403308016886458
403308016901166
403308016925166
403309420379250
403309420497625
403309420521208
403309420535250
403309420552375
403309420567125
403309420609083
403309420648625
403309420691000
403309420731333
403309420771333
403309420822833
403309420863166
403309420906000
403309420938916
403309420982916
403309421022166
403309421067666
403309421108000
403309421147916
403309421187833
403309827471833
403311831383333
403311853547500
403312009588833
403312009682250
403312009701541
403312009719416
403312009734541
403312009779166
403312009815291
403312009861333
403312009895208
403312009941500
403312009981750
403312010026875
403312010070875
403312010113291
403312010145625
403312010185250
403312010227000
403312010258958
403312010303250
403312010337708
403312010382875
403312010416083
403312010464625
403312010505291
403312010537625
403312010584041
403312010624041
403312010664291
403312010705500
403312010737833
403312010782333
403312010823000
403312010863625
403312010908291
403312010942333
403312010986583
403312011027583
403312011060708
403312011103541
403312011153791
403312721209250
403312721305875
403312721354250
403312721379916
403312721395625
403312721436583
403312721474166
403312721506000
403312721551500
403312721584791
403312721629125
403312721680666
403312721724791
403312721766166
403312721784958
403312721833333
403312721867458
403312721911125
403312721945875
403312721990666
403312722024916
403312722070541
403312722116958
403312722150583
403312741873041
403312741961625
403312741973208
403312741981166
403312741989083
403312741997791
403312742005875
403312742022166
403312742047833
403312742067500
403312742090375
403312742126000
403312742149375
403312742170375
403312742214666
403312742253833
403312742293958
403312742332916
403312742373458
403312742412125
403312742452041
403312742491166
403312742536125
403312742577125
403312742616833
403312742655791
403312742696000
403312742734458
403312742774750
403312742813916
403312742860041
403312742898666
403312742938125
403312742981541
403312743027000
403312743066375
403312743105125
403312743145208
403312743184416
403312743223875
403312743263458
403312743297250
403312743345083
403312743378166
403312743425708
403312743465583
403312743510166
403312743537416
403312743582000
403312743617583
403312743662666
403312743727416
403312743750833
403312743773750
403312743797750
403312743820750
403312743843333
403312743866500
403312743890791
403312743914541
403312743936791
403312743959875
403312743987958
403312744010291
403312744033875
403312744056541
403312744080208
403312744102791
403312744126541
403312906004125
403312906074000
403312906088791
403312906112708
403312906158791
403312906198875
403312906237708
403312906277375
403312906316958
403312906356083
403312906396375
403312906445333
403312906485333
403312906524291
403312906569291
403312906608125
403312906647708
403312906686291
403312906726250
403312906766041
403312906806791
403312906845583
403312906897958
403312906936958
403312906978958
403312907018708
403312907059458
403312907098458
403312907150083
403312907190625
403312907231333
403312907270875
403312907309666
403312907364500
403312907404750
403312907450916
403312907483208
403312907529500
403312907611791
403312907642583
403312907667250
403312907690541
403312907729916
403312907750875
403312907760041
403312907784666
403312907808500
403312907825916
403312907850958
403312907873583
403312907896708
403312907919541
403312907942666
403312907962458
403312907982125
403312908004583
403312908024500
403312908044625
403312908066333
403312908087666
403312908107375
403312908126791
403312908146791
403312908165958
403312908185958
403312908205708
403312908230875
403312908250416
403312908270666
403312908290125
403312908310250
403312908330041
403312908349416
403312908368916
403312908389500
403312908409000
403312908429458
403312908474125
403312908494291
403312908514083
403312908535291
403312908561833
403312908581541
403312908601791
403312908621458
403312908643041
403312908661125
403312908686958
403312908710000
403312908732458
403312908755166
403312908773958
403312908803416
403312908825875
403312908848375
403312908870583
403312908893500
403312908916000
403312908940458
403312908963208
403312908987083
403312909019791
403312909044000
403312909066083
403312909093541
403312909116125
403312909152708
403312909176083
403312909195916
403312909223791
403312909246916
403312909269875
403312909293125
403312909315375
403312909337958
403312909357750
403312909384583
403312909408375
403312909433625
403312909511250
403312909534958
403312909557458
403312909582208
403312909604541
403312909628208
403312909648375
403312909669208
403312909688875
403312909710250
403312909729416
403312909756166
403312909775833
403312909796791
403312909816083
403312909837375
403312909856708
403312909875541
403312909898666
403312909925500
403312909941875
403312909965875
403312909987166
403312910006583
403312910025958
403312910047166
403312910066125
403312910086541
403312910105958
403312910126250
403312910145125
403312910172416
403312910192083
403312910214125
403312910236250
403312910264083
403312910283541
403312910303666
403312910323000
403312910346500
403312910369250
403312910389708
403312910408000
403312910429791
403312910451083
403312910470833
403312910489833
403312910504916
403312910526791
403312910546333
403312910566166
403312910585041
403312910604416
403312910624041
403312910643666
403312910665041
403312910685083
403312910704541
403312910724791
403312910746791
403312910774375
403312910794125
403312910814666
403312910830041
403312910851708
403312910872625
403312910894333
403312910914833
403312910931791
403312910954666
403312910973750
403312910988875
403312911011791
403312911031333
403312911048375
403312911071375
403312911091750
403312911115958
403312911131583
403312911155708
403312911183166
403312911205708
403312979887333
403313623980000
403313624077750
403314273801250
403315673828916
403316388528500
403316388571083
403316388575083
403316705572791
403316738171458
403316738270500
403316738288291
403316738301916
403316738327250
403316738372083
403316738412041
403316738453125
403316738492000
403316738534333
403316738563750
403316738620916
403316738653833
403316738695791
403316738736083
403316738776625
403316738815750
403316738855666
403316738894541
403316738929958
403316738976833
403316739017666
403316739051250
403316739099291
403316854847583
403317152823125
403317153402083
403317153412875
403317153425458
403318026313833
403318155983458
403318360819916
403318448542833
403318453563708
403319140355666
403319140425541
403319140440916
403319140470291
403319140513250
403319140545083
403319140588875
403319140629375
403319140670875
403319140709375
403319140748500
403319140797500
403319140836791
403319140876166
403319140916000
403319140955458
403319140997750
403319141036375
403319141083333
403319141122583
403319141163916
403319141202916
403319141247666
403319141289333
403319141329375
403319141370208
403319141409041
403319141455750
403319141496416
403319141535375
403319141575708
403319141614500
403319141661750
403319141705083
403319141745291
403319141780416
403319141825416
403319141872541
403319141911375
403319141949333
403319141989416
403319142028583
403319142062250
403319142106791
403319142151625
403319142190708
403319142229500
403319142268208
403319142314000
403319142352708
403319142392791
403319142432458
403319142471666
403319142513750
403319142555208
403319142584208
403319142607583
403319142631041
403319142650208
403319142677375
403319142700166
403319142722500
403319142746291
403319142768958
403319142792333
403319142814750
403319142842541
403319142865416
403319142889041
403319142911458
403319142936625
403319142955416
403319142982708
403319143004750
403319143028375
403319143047958
403319143075416
403319143100250
403319143126166
403319143151625
403319143174041
403319143196875
403319143219916
403319143242291
403319143265250
403319143287666
403319143310541
403319143333083
403319143356500
403319143382416
403319143405708
403319143428416
403319143451791
403319143474375
403319143497791
403319143520041
403319143540000
403319143566833
403319143591583
403319143614416
403319143641250
403319143682333
403319143703041
403319143726833
403319143747166
403319143773291
403319143797041
403319143819916
403319143842416
403319143865333
403319143888791
403319143915541
403319143944583
403319143977666
403319144000250
403319531456375
403319531497833
403319531505041
403319531511083
403319531531666
403319531552083
403319531571875
403319531591458
403319930938083
403319931778041
403320051528958
403320051623000
403320051634916
403320051642916
403320051650625
403320051659791
403320051666791
403320051674083
403320051701000
403320051720458
403320051749166
403320051771375
403320051799166
403320051819666
403320051838416
403320051862750
403320051879875
403320051905291
403320051920208
403320051947208
403320051969791
403320051994041
403320052021333
403320053739041
403320053778416
403320053822791
403320053860583
403320053898500
403320053937500
403320053975750
403320054014625
403320054053416
403320054082000
403320054123416
403320054166666
403320054204458
403320054242000
403320054279583
403320054316791
403320054361416
403320054399416
403320054436708
403320054474291
403320054519458
403320054556708
403320115165708
403320115263250
403320115279958
403320115291333
403320115303708
403320115337083
403320115376958
403320115420291
403320115458708
403320115496750
403320115534833
403320115581416
403320115619708
403320115656875
403320115694666
403320115731458
403320115769333
403320115793458
403320115841125
403320115879666
403320115917000
403320115955125
403320115996875
403320116034583
403320159196458
403320159237416
403320159243083
403320159247708
403320159251916
403320159255541
403320159259208
403320159286625
403320159428083
403320159437833
403320160082375
403320160120208
403320160127125
403320160144625
403320160157208
403320160162625
403320160166375
403320160169458
403320160172250
403320160175041
403320160177666
403320160180375
403320160198708
403320160236291
403320160261166
403320160267833
403320160273208
403320160278666
403320160283625
403320160288250
403320160292791
403320160297125
403320160301000
403320160316208
403320160325250
403320160329541
403320160333375
403320160337541
403320160341625
403320160347708
403320160352208
403320160356583
403320160360666
403320160364666
403320160368416
403320160371625
403320160374791
403320160378041
403320160381166
403320160384333
403320160387541
403320160392375
403320160396291
403320160399625
403320160403250
403320160407166
403320160411000
403320160422458
403320160427250
403320160430833
403320160443208
403320160455125
403320160459708
403320160482750
403320160490500
403320160494875
403320160498708
403320160502000
403320160506958
403320160510375
403320160513000
403320160515541
403320160518000
403320160520458
403320160523958
403320160541791
403320160550666
403320160571541
403320160578541
403320160597208
403320160607791
403320160624625
403320160633875
403320160651000
403320160660166
403320160677291
403320160687500
403320160704625
403320160720125
403320160738500
403320160756250
403320160779333
403320160786333
403320160806375
403320160812666
403320160832875
403320160840291
403320160859708
403320160869666
403320160892333
403320160902041
403320160919416
403320160928708
403321552082791
403321623677500
403321832253791
403321837407416
403321838182375
403321838224750
403321838262125
403321838295708
403321838342000
403321838375875
403321838421416
403321838462750
403321838496375
403321838535416
403321838584291
403321838626541
403321838668375
403321838708833
403321838748333
403321838788041
403321838827791
403321838869000
403321838908625
403321838942083
403321838986666
403321839027041
403321839073708
403321839117708
403321839147666
403321839209916
403321839247916
403321839267541
403321839312750
403322635069791
403322635180541
403322635201541
403323990325708
403324374532000
403325399682208
403325810666375
403325810785833
403325810806708
403325810821375
403325810840375
403325810855208
403325810893416
403325810926791
403325810970666
403325811011541
403325811061208
403325811110583
403325811151208
403325811191166
403325811231375
403325811271166
403325811311041
403325811350958
403325811390500
403325811430333
403325811469666
403325811509208
403325811553708
403325811593625
403325811633333
403325811672708
403325811711666
403325811751250
403325811791666
403325811830541
403325811871458
403325811912333
403325811949875
403325811991083
403325812014625
403325812064458
403325812097083
403325812141500
403325812174958
403325812218208
403325812258750
403325812292250
403325812337500
403325812378708
403325812426166
403325812451583
403325812497333
403325812535833
403325812570000
403325812612875
403325812646208
403325812693916
403325812726375
403325812771416
403325812810250
403325812852333
403325812893125
403325812933458
403325812975208
403325813011125
403325813052208
403325813086083
403325813136416
403325813159666
403325813202833
403325813240708
403325813292208
403325813324083
403325813370583
403325813429791
403325813470041
403325813504625
403325813555375
403325813580166
403325813626291
403325813749583
403325813798041
403325813840583
403325813865875
403325814069500
403325814102083
403325814150083
403325814183875
403325814232666
403325814263500
403325814303250
403325814327208
403325814351000
403325814370541
403325814397791
403325814425208
403325814448958
403325814472375
403325814495958
403325814519625
403325814542333
403325814566791
403325814590291
403325814621291
403325814640833
403325814669041
403325814694500
403325814726750
403325814747041
403325814773625
403325814797291
403325814816125
403325814840875
403325814864416
403325814887833
403325814911208
403325814930250
403325814958791
403325814979875
403325815007000
403325815031208
403325815054708
403325815078458
403325815096583
403325815131125
403325815156125
403325815184041
403325815202833
403325815232416
403325815251833
403325815279291
403325815302916
403325815327041
403325815350500
403325815371375
403325815397166
403325815421166
403325815444333
403325815474666
403325815500875
403325815524541
403325919913958
403325928441375
403325928502875
403325928521041
403325928548666
403325928594125
403325928635125
403325928668458
403325928714416
403325928746375
403325928791291
403325928831791
403325928877958
403325928917666
403325928951916
403325928996666
403325929037750
403325929072291
403325929117916
403325929157916
403325929197958
403325929236833
403325929277208
403325929320333
403325929360083
403325929402125
403325929435958
403325929471791
403325929502291
403325929524833
403325929549458
403325929567833
403325929594625
403325929615000
403325929643750
403325929663000
403325929689375
403325929709958
403325929735000
403325929753041
403325929780041
403325929799541
403325929825958
403325929845333
403325929872500
403325929898375
403325929922416
403325929941500
403325929968041
403325929991916
403325930015541
403325930039250
403325930063041
403325930086875
403325930105208
403325930131500
403325930157291
403325930181083
403325930198250
403325930225333
403325930249000
403325930272791
403325930291333
403325930318166
403325930340208
403325930368208
403325930389666
403325930416833
403325930436458
403325930463000
403325930489291
403325930508125
403325930536416
403325930556791
403325930585916
403325930605458
403325930633166
403325930658791
403325930687291
403325930710875
403325930730125
403325930757166
403325930781208
403325930800500
403325930827125
403325930850875
403325930874541
403325930907333
403325930931041
403325930954916
403325930983250
403325931006666
403325931030291
403325931053958
403325931077708
403325931101458
403325931125083
403325931144416
403325931166875
403325931194666
403325931218375
403325931244041
403325931262625
403325931290625
403325931314291
403325931338708
403325931357208
403325931384666
403325931412083
403325931430916
403325931453916
403325931474541
403325931498375
403325931518791
403325931539750
403325931567416
403325931587791
403325931608083
403325931624000
403325931724916
403325931746458
403325931767208
403325931782750
403325931805458
403325931825791
403325931846250
403325931862958
403325931886000
403325931906500
403325931930166
403325931950625
403325931970916
403325931991083
403325932011375
403325932031583
403325932052458
403325932072750
403325932093041
403325932112041
403325932133291
403326068128916
403326068250541
403326068264708
403326068271416
403326068277375
403326068283041
403326068288250
403326068293250
403326068297958
403326068303875
403326068308583
403326068313083
403326068317541
403326068322500
403326068339625
403326068357458
403326068364958
403326068387166
403326068402083
403326068410583
403326068428791
403326068438583
403326068460458
403326068475458
403326068494166
403326068506291
403326068524916
403326068537333
403326068555125
403326068565208
403326068583916
403326068600333
403326068612750
403326068634000
403326068650208
403326068667166
403326068688791
403326068695041
403326068731208
403326068778625
403326068813333
403326068857000
403326068889375
403326068934708
403326068978666
403326069020666
403326069060375
403326069100041
403326069140000
403326069179958
403326069220583
403326069259750
403326069293416
403326069346958
403326069386000
403326069429125
403326069470583
403326069521083
403326069543041
403326069588083
403326069602958
403326069624625
403326069641750
403326069662916
403326069681333
403326069693833
403326069720000
403326069733958
403326069754666
403326069772833
403326069788458
403326069806041
403326069824125
403326069837750
403326069857958
403326069876041
403326401172500
403326793436166
403326793581750
403326793609333
403326793621416
403326793632166
403326793641833
403326793651625
403326793674125
403326793699541
403326793733250
403326793757416
403326793797791
403326793820958
403326793842041
403326793868750
403326793884208
403326793908916
403326793938791
403326793974083
403326794004458
403326794024916
403326794051208
403326794082916
403326794105416
403326794133666
403326794155166
403326794176666
403326794201833
403326794216708
403326794249833
403326794270625
403326794298833
403326794314541
403326794348958
403326794370375
403326794396416
403326794414750
403326794445875
403326794481708
403326794490916
403326794508875
403326794524250
403326794555000
403326794573208
403326794603958
403326794629375
403326794644000
403326794673875
403326794698291
403326794725875
403326794746083
403326794773375
403326794794291
403326794825083
403326794840791
403326794877583
403326794901958
403326794945833
403326794963375
403326794994125
403326795019250
403326795042750
403326795159541
403326795187291
403326795217000
403326795238708
403326795262791
403326795282083
403326795308625
403326795326791
403326795381875
403326795394958
403326795411791
403326795481208
403326795508083
403326795553125
403326795700541
403326795719166
403326795740791
403326795753541
403326795778250
403326795827750
403326795842000
403326795971791
403326795993875
403326796001708
403326796009708
403326796017291
403326796025166
403326796048625
403326796064750
403326796088416
403326796105375
403326796128583
403326796151250
403326796165041
403326796186583
403326796206791
403326798250250
403326798288791
403326798297250
403326798304750
403326798325791
403326798342166
403326798365541
403326798386958
403326798402166
403326798425333
403326798446291
403326798468958
403326798489958
403326798506666
403326798528791
403326798545666
403326798568500
403326798583958
403326798607125
403326798627875
403326798653000
403326798674125
403326798709166
403326798732791
403326798766250
403326798795416
403326798824250
403326798853458
403326798882666
403326798911458
403326798936458
403326798968416
403326798998458
403326799030041
403326799060458
403326799089416
403326799118458
403326799147250
403326799176083
403326799205750
403326799234500
403326799263125
403326799292250
403326799321291
403326799352916
403326799382166
403326799407000
403326799439250
403326799477083
403326799506250
403326799535833
403326799564958
403326799594833
403326800705083
403326800730083
403326800763208
403326800793375
403326800822333
403326800859333
403326800889041
403326800918083
403326800947083
403326800976875
403326800997250
403326801035041
403326801064041
403326801092833
403326801129416
403326801158291
403326801196458
403326801225291
403326801255625
403326801281833
403326801314958
403326801344416
403326801376250
403326801405958
403326801435791
403326801465208
403326801495291
403326801529583
403326801558791
403326801587708
403326801616625
403326801647916
403326801670791
403326801708291
403326801732916
403326801766541
403326801795250
403326801820333
403326801853416
403326801883500
403326801912416
403326801941375
403326801961875
403326801996750
403326802029791
403326802059291
403326802088541
403326802117458
403326802149916
403326802178791
403326802224000
403326802263625
403326802309916
403326802357000
403326802380750
403326802434166
403326802473791
403326802513833
403326802553750
403326802602750
403326802642875
403326802682125
403326802721375
403326802761666
403326802800541
403326802840208
403326802880333
403326802920333
403326802959375
403326802995625
403326803042875
403326803091083
403326803130750
403326803178541
403326803207125
403326803253666
403326803293416
403326803332125
403326803380958
403326803420666
403326803458041
403326803483625
403326803507916
403326803526291
403326803554625
403326803577958
403326803600958
403326803624500
403326803647708
403326803687916
403326803703750
403326803732375
403326803760875
403326803779708
403326803803500
403326803833375
403326803858791
403326803871375
403326803896583
403326803913291
403326803942375
403326803961875
403326803988041
403326804015625
403326804038750
403326804063000
403326804080750
403326804112416
403326804136166
403326804159500
403326804183125
403326804206666
403326804227333
403326804253250
403326804270875
403326804293916
403326804322333
403326820464208
403326862868416
403327284330250
403327395819375
403327395925833
403327395946500
403327395961125
403327395975541
403327395989583
403327396036750
403327396071375
403327396103208
403327396145083
403327396177250
403327396228666
403327396261375
403327396303583
403327396342166
403327396383875
403327396416833
403327396459750
403327396498500
403327396537375
403327396576375
403327396608583
403327396657416
403327396696375
403327396728000
403327396771083
403327396809708
403327396842000
403327396885208
403327396924625
403327396955375
403327397001041
403327397039750
403327397085875
403327397118458
403327397161958
403327397200208
403327397244083
403327397282666
403327397350000
403327397387208
403327397427833
403327397452291
403327397505250
403327397544041
403327397585875
403327397624625
403327397663125
403327397701875
403327397740583
403327397784875
403327397823708
403327397862125
403327397903916
403327397942208
403327397990291
403327398022458
403327398065125
403327398118958
403327398158000
403327398196708
403327398235500
403327398267416
403327398311291
403327398342250
403327398391833
403327398417416
403327398463125
403327398496208
403327398543625
403327398582041
403327398620541
403327398690208
403327398726916
403327398746666
403327398794916
403327398822541
403327398868583
403327398908166
403327398941500
403327398989541
403327399029041
403327399060500
403327399102833
403327399142666
403327399181375
403327399220500
403327399259000
403327399304291
403327399342916
403327399383958
403327399423958
403327399463250
403327399493625
403327399519458
403327399536916
403327399563333
403327399586791
403327399603833
403327399629958
403327399653083
403327399670833
403327399700208
403327399723541
403328956271041
403331277465291
403331340387083
403331340486458
403332218744333
403332278054541
403332278124250
403332278142791
403332278170875
403332803383958
403332803470458
403332832971041
403333323494666
403333324896666
403333981251541
403334181956000
403334182058041
403335216580583
403336298775333
403336308919291
403336309022041
403336309036000
403336309044583
403336309051083
403336309058791
403337958676833
403338591734166
403339365380375
403339636832625
403340096816916
403341049412666
403341288883041
403341288968583
403341288980291
403341288988708
403341288994416
403341288999541
403341289005291
403341289010291
403341289031916
403341289046208
403341289066000
403341289089875
403341289124125
403341289156000
403341289188041
403341289205291
403341289223166
403341816162583
403341909215625
403341909307041
403342588414750
403342689202458
403343155261541
403343183934291
403343184020500
403343184039791
403343184054791
403343184081916
403343184124250
403343184158541
403343184202416
403343184234666
403343184281083
403343184309750
403343184366208
403343184406916
403343184446750
403343184486791
403343184517375
403343184564875
403343184605125
403343184644208
403343184693166
403343184732541
403343184772041
403343184816666
403343184856041
403343184896208
403343184941416
403343184981708
403343185016916
403343185059083
403343185101375
403343185133583
403343185177833
403343185220416
403343185263791
403343185303750
403343185343250
403343185383583
403343185423833
403343185463125
403343185503083
403343185553333
403343185592333
403343185626583
403343185671625
403343185715333
403343185754875
403343185789125
403343185834666
403343185880750
403343185920166
403343185960041
403343185999500
403343186035666
403343186078208
403343186124500
403343186178583
403343186218833
403343186258583
403343186304583
403343186343791
403343186391833
403343186430958
403343186486541
403343186526875
403343186566416
403343186611958
403343186650625
403343186701583
403343186727500
403343230544833
403343230640666
403343230661166
403343230677708
403343230726458
403343230765625
403343230786375
403343230834208
403343230867416
403343230911583
403343230961916
403343230997708
403343231047166
403343231083125
403343231127583
403343231169208
403343231208791
403343231249625
403343231288625
403343231336041
403343231375375
403343231422875
403343231462458
403343231509583
403343231910250
403343231947666
403343231992416
403343232039333
403343232084208
403343232128625
403343232153333
403343232206958
403343232241708
403343232285833
403343232325500
403343232369708
403343232409791
403343232451333
403343232491250
403343232528791
403343232570791
403343232611041
403343232650875
403343232690541
403343232729958
403343232769875
403343232813083
403343232846916
403343232892166
403343232936000
403343232986250
403343233007625
403343233055666
403343233095750
403343233134875
403343233174750
403343233215291
403343233258166
403343233298083
403343233337708
403343233384375
403343233423875
403343233470916
403343233497583
403343233546625
403343233587458
403343233626458
403343233674125
403343233718083
403343233757708
403343233797041
403343233837333
403343233876291
403343233922333
403343233958583
403343234004791
403343234051208
403343234084500
403343234121458
403343234152000
403343234175500
403343234199291
403343234222875
403343234246125
403343234269375
403343234287666
403343234314041
403343234337958
403343234361125
403343234384583
403343234409000
403343234432291
403343234453166
403343234478458
403343234509666
403343234527916
403343234553916
403343234577375
403343234600625
403343234635250
403343234658541
403343234691500
403343234714833
403343234733208
403343234759708
403343234783666
403343234806916
403343234830916
403343234854250
403343234887250
403343234910625
403343234929375
403343234955125
403343234988791
403343235012250
403343235035541
403343235059041
403343235082458
403343235107958
403343235126125
403343235151666
403343235182208
403343235219250
403343235244541
403343235268125
403343235291333
403343235314750
403343235332791
403343235386875
403343235412166
403343235436083
403343235459791
403343582285041
403343582407666
403343582428333
403343582444583
403343583740375
403344013344125
403344013459375
403344013475041
403344013486583
403344013497458
403344013508833
403344013520500
403344013545041
403344013573500
403344013604708
403344013629375
403344013671083
403344013701041
403344013731000
403344013760458
403344013784833
403344206099916
403344206211583
403344206226625
403344206235958
403344206243708
403344206251291
403344206259375
403344206267750
403344206275708
403344206294208
403344206321791
403344206352958
403344206378291
403344206396208
403344206422833
403344206447333
403344206466625
403344206493041
403344206518458
403344206545666
403344206568833
403344206580250
403344206614000
403344206633875
403344206662541
403344206682333
403344206716125
403344206729875
403344206760625
403344206778625
403344206806208
403344206833333
403344206853750
403344206885208
403344206905250
403344206933500
403344206953958
403344206981708
403344207002208
403344207030083
403344207050458
403344207078500
403344207098875
403344207122125
403344207147625
403344207175708
403344207194583
403344207220708
403344207240000
403344207266208
403344207284291
403344207312250
403344207336666
403344207381041
403344207415250
403344207463625
403344207505041
403344207552333
403344207620208
403344207767333
403344207798541
403344207823666
403344207857166
403344207885583
403344207919375
403344207942791
403344207974916
403344207999708
403344208033750
403344208057708
403344208096958
403344208120458
403344208153958
403344208178958
403344208214666
403344208240833
403344208272125
403344208296625
403344208330375
403344208361166
403344208391458
403344208425125
403344208455416
403344208485500
403344208511875
403344208543041
403344208594125
403344208614958
403344208628875
403344208658833
403344208686791
403344208701333
403344209591625
403344211928291
403344211953875
403344211996166
403344212022166
403344212055833
403344212074250
403344212111708
403344214966583
403344214995333
403344215042750
403344215077416
403344215122750
403344215157833
403344215202625
403344215237416
403344215281666
403344215314833
403344215360375
403344217086000
403344220315416
403344220342833
403344220392166
403344220418916
403344220466583
403344220511875
403344220537333
403344220586875
403344220627166
403344220671291
403344220713416
403344220758375
403344220798500
403344220840166
403344220874166
403344220919666
403344220953458
403344220999416
403344221039625
403344221072875
403344221119333
403344221158625
403344221202250
403344221242208
403344221281833
403344221321666
403344221361666
403344221401916
403344221441875
403344221481000
403344221520875
403344221560666
403344221600166
403344221644125
403344221684375
403344221724041
403344221763541
403344221804000
403344221843208
403344221882958
403344221922000
403344221961125
403344222000375
403344222040166
403344222085041
403344222125458
403344222158416
403344222201125
403344222217958
403344222254625
403344222284000
403344222317291
403344222333791
403344222371208
403344222396083
403344222436000
403344222467583
403344222493083
403344222527708
403344222559500
403344222592000
403344222618041
403344222651291
403344222681000
403344222755208
403344222785041
403344222807125
403344222842958
403344222875583
403344222908083
403344222941041
403344222973458
403344223005583
403344223038166
403344223070500
403344223105291
403344223136833
403344223169250
403344223201041
403344223231041
403344223245916
403344223280000
403344223311208
403344223339833
403344223361500
403344223397500
403344223429541
403344223464041
403344223496500
403344223529041
403344223554208
403344223589500
403344223619583
403344223643083
403344223678083
403344223709791
403344223742291
403344223774625
403344223809375
403344223841750
403344223873791
403344223905625
403344223938041
403344223970625
403344223995666
403344224029000
403344224058541
403344224082958
403344224115000
403344224142958
403344224170166
403344224197041
403344224224083
403344224244666
403344224272625
403344224298875
403344224319916
403344224347583
403344224374041
403344224394583
403344224425458
403344224453333
403344224469666
403344224498250
403344224521958
403344224545458
403344224569458
403344224592750
403344224616375
403344224643750
403344225418208
403344717571083
403345046958708
403345047068708
403345047084375
403345047093250
403345047101125
403345047108375
403345047115583
403345047123750
403345047130708
403345047136958
403345047144166
403345047178208
403345047206875
403345047218208
403345047235250
403345692735125
403345693067666
403345911409916
403346719351416
403347272837625
403347949685583
403347949775416
403347949794541
403347949810333
403347949824791
403347949869083
403347949903541
403347949949000
403347949989291
403347950023875
403347950068208
403347950115375
403347950156166
403347950201375
403348019840750
403348019972375
403348019991541
403348020007875
403348020022416
403348020035750
403348020073833
403348020108541
403348020152083
403348020185750
403348020229708
403348020277083
403348020317041
403348020358291
403348020390666
403348020434833
403348020470291
403348020513875
403348020555833
403348020595125
403348020635625
403348020677458
403348020717583
403348020757291
403348020797333
403348020836458
403348020875583
403348020914916
403348020960875
403348021000083
403348021040083
403348021079333
403348021120083
403348021162583
403348021202625
403348021242000
403348021275250
403348021324750
403348021393291
403348021412541
403348021454250
403348021497958
403348021536583
403348021557250
403348021614291
403348021647416
403348021680583
403348021698750
403348021725708
403348021750000
403348021768166
403348021795250
403348021814166
403348021841000
403348021865166
403348021889958
403348021909291
403348021936250
403348021959916
403348021983458
403348022007166
403348022030666
403348022054125
403348022077666
403348022096500
403348022123708
403348022147625
403348022171041
403348022194375
403348022218041
403348022237125
403348022268458
403348022284583
403348022314625
403348022342000
403348022365000
403348022379000
403348022413041
403348022443625
403348022457541
403348022488416
403348022513166
403348022531041
403348022557791
403348022576958
403348022604250
403348022628416
403348022647166
403348022673958
403348022699083
403348022722833
403348022746500
403348022765375
403348022791666
403348022815291
403348022838041
403348022860541
403348022884083
403348022907833
403348022931291
403348022956000
403348022980041
403348022998583
403348023035583
403348023060833
403348023084625
403348023102916
403348023136625
403348023148958
403348023176875
403348023199041
403348023230916
403348023254875
403348023278375
403348403737333
403348403863666
403349082058916
403349082192083
403349082215375
403349082231375
403349082246166
403349082259666
403349082273791
403349082323625
403349082358208
403349082402166
403349082436250
403349082491500
403349082519541
403349082568000
403349082609041
403349082648833
403349082688541
403349082729208
403349082769333
403349082809625
403349082849541
403349082889916
403349082933916
403349082976375
403349083009625
403349083054833
403349083095166
403349083134541
403349083174541
403349083214000
403349083253000
403349083292583
403349083336666
403349083382833
403349083421708
403349083461000
403349726065041
403350660199625
403350738591458
403350738719000
403351439943166
403351990429208
403352503885583
403352855009250
403353233128666
403353339228125
403353711452291
403354320682250
403355542285625
403355683681916
403356589124875
403357086482250
403357086606041
403358181487458
403358830501750
403360106838791
403360106970041
403360246514083
403360267802833
403360825032416
403361426240041
403361936309166
403362246991208
403362247091291
403362247102916
403362247109500
403362247115625
403363491479875
403363491595750
403363992968083
403364051636750
403365639011416
403366366134875
403367104565916
403367217214166
403367650801333
403368066266916
403368189576416
403368189698750
403368189720208
403368189736625
403368189754208
403368189769416
403368189787041
403368189837583
403368189871625
403368189916708
403368189957625
403370595315291
403370595439250
403370595466875
403370595482083
403370595500833
403370595516250
403370595531208
403370595581666
403370595628583
403370595669625
403370595690666
403370595746791
403370595781916
403370595797791
403370595817333
403370595831000
403370595850791
403370595864958
403370595885000
403370595898625
403370595919166
403370595937708
403370595958916
403371092665916
403371094600083
403371094658166
403371094668916
403371094679875
403371094688875
403371094698333
403371094706208
403371094720083
403371094741333
403371094756416
403371094777958
403371094800875
403371094813125
403371094837500
403371094853375
403371094874625
403371094890166
403371094911500
403371094928708
403371094949916
403371094965083
403371094986000
403371095007083
403371095022666
403371095044333
403371095064750
403371095079083
403371095101708
403371095116375
403371095139500
403371095154750
403371095177875
403371095192208
403371095216375
403371095230791
403371095252750
403371095267208
403371095289458
403371095305041
403371095328291
403371095343958
403371095366083
403371095386750
403371095400916
403371095425083
403371095443958
403371095466916
403371095478541
403371095501583
403371095520875
403371095540041
403371095561666
403371095577833
403371095599041
403371095616208
403371095640083
403371095657416
403371095677458
403371095695000
403371095713583
403371095740541
403371095760500
403371095771541
403371095792750
403371095807541
403371095831041
403371095854083
403371095870875
403371095892833
403371095907375
403371095929791
403371095944208
403371095967916
403371095982500
403371096005250
403371096019791
403371096042458
403371096063125
403371096078666
403371096102666
403371096118625
403371096142875
403371096157666
403371096180208
403371096196166
403371096218166
403371096234250
403371096255750
403371096276791
403371096292291
403371096314375
403371096328708
403371096350708
403371096365291
403371096388125
403371096402458
403371096424583
403371096438791
403371096460958
403371096481458
403371096500166
403371096513583
403371096540750
403371096552375
403371096576750
403371096591500
403371096614625
403371096629083
403371096652291
403371096668041
403371096692625
403371096711708
403371096735541
403371096752250
403371096773416
403371096788000
403371096809916
403371112649041
403371112747541
403371112767791
403371112785291
403371112801708
403371112830000
403371112867416
403371112914500
403371112945208
403371114384833
403371114422083
403371114465416
403371114500708
403371114542125
403371114576875
403371114619250
403371114649958
403371114693291
403371114721708
403371114764375
403371114808708
403371114839875
403371114883041
403371114912250
403371114955708
403371114988375
403371115032916
403371115063416
403371115107208
403371115137541
403371115181791
403371115224166
403371115263541
403371215592416
403371215693291
403371215707333
403371215714625
403371215721041
403371215727333
403371215733166
403371215740250
403371215746791
403371215752750
403371215758916
403371215765416
403371215786000
403371215800416
403371215822375
403371215836125
403371215857208
403371215871250
403371215889750
403371215902416
403371215921541
403371215933958
403371215957291
403371215970500
403371215989291
403371216001666
403371216021291
403371216033541
403371216052708
403371216065083
403371216086958
403371216100250
403371216119291
403371216137875
403371216151208
403371216169916
403371216182458
403371216201833
403371216214708
403371216234041
403371216247500
403371216267125
403371216280458
403371216300250
403371216319375
403371216337333
403371216349583
403371216369166
403371216381750
403371216401000
403371216414500
403371216433750
403371216447583
403371216467083
403371216481000
403371216503875
403371216522083
403371216534541
403371216553833
403371216566500
403371230509333
403371230593083
403371230604083
403371230611375
403371230618708
403371230625625
403371230633125
403371230639375
403371230646083
403371230668541
403371230694708
403371230715833
403371230734833
403371230765458
403371230782291
403371230802958
403371230818416
403371230839791
403371230854791
403371230877083
403371230892833
403371230914250
403371230929000
403371230950666
403371230972250
403371230986666
403371231009125
403371231023625
403371231045625
403371231060083
403371231082916
403371231097458
403371231119750
403371231134000
403371231156416
403371231176875
403371231192416
403371231214416
403371231229000
403371231251166
403371231265750
403371231287833
403371231303416
403371231330833
403371231347916
403371231370333
403371231384916
403371231407041
403371231423000
403371231444958
403371231459666
403371231482500
403371231498458
403371231525166
403371241093666
403371241151208
403371241160208
403371241166625
403371241174000
403371241181458
403371241196416
403371241219250
403371241235000
403371241256625
403371241271041
403371241300208
403371241316041
403371241334000
403371241351125
403371241374708
403371241390916
403371241412291
403371241427166
403371241448583
403371241460250
403371241489125
403371241506458
403371241532125
403371241553166
403371241563583
403371241604541
403371241629166
403371241638541
403371241657083
403371241668083
403371241691041
403371241707458
403371241732000
403371241752583
403371241767000
403371241789541
403371241804083
403371241826416
403371241840875
403371241863500
403371241879083
403371241901750
403371241917583
403371241941458
403371241956958
403371241979916
403371241994166
403371242018541
403371242032791
403371242056000
403371242070166
403371242092583
403371242108291
403371242131583
403371242160375
403371242180875
403371242195375
403371242217916
403371271179125
403371271291083
403371271312750
403371271328416
403371271342875
403371271358041
403371271402250
403371271426875
403371271474291
403371271506458
403371271549375
403371271597500
403371271630708
403371271671041
403371271703125
403371271746166
403371278773708
403371875178458
403371876420500
403371876592875
403371876638416
403371876697333
403371876739333
403371876759375
403371876778833
403371876794375
403371876807833
403371876831541
403371876928166
403371876969583
403371877004125
403371877046333
403371877102291
403371877114833
403371877125666
403371877187208
403371877214458
403371877241833
403371877254458
403371877288083
403371877308250
403371877332500
403371877354000
403371877365458
403371877391250
403371877411208
403371877436125
403371877455166
403371877480083
403371877498083
403371877527416
403371877546000
403371877573166
403371877592041
403371877618416
403371877638250
403371877664500
403371877686208
403371877713041
403371877733125
403371877760000
403371877786750
403371877801333
403372265791041
403372361613458
403372361734958
403372361755750
403373101905166
403373381237375
403373431665083
403373431713958
403373431720166
403373431723958
403373431727291
403373431730041
403373431732500
403373431735375
403373431737875
403374228034458
403374228149000
403374228165208
403374228174250
403374228182041
403374228190291
403374228197500
403374228205208
403374269902916
403374269959333
403374269969500
403374269976500
403374269983666
403374269990791
403374270019458
403374697804750
403374697917583
403374697939625
403374697956208
403374697972541
403374697987250
403374698008041
403374701320541
403375526921125
403375961270041
403375978664458
403376010495416
403376842421833
403376855418458
403377366121000
403377532702166
403377674180625
403377860154916
403377930240291
403377930336083
403379411817583
403379878564458
403379878687625
403379878708291
403379878723791
403379878740958
403380365290833
403380365410375
403380365430541
403380365446750
403380365463541
403380365479083
403380365510250
403380365556125
403380365593791
403380365637416
403380365671375
403380365725958
403380365758208
403380365804000
403380365844541
403380365884791
403380365924458
403380365969833
403380366009958
403380366055916
403380879593875
403380879702875
403381304346708
403381304463666
403381304483708
403381304499250
403381304518791
403381304533750
403381304562833
403381304604916
403381304653750
403381304685208
403381304726958
403381304757541
403381304814750
403381304851583
403381304894375
403381304927916
403381304972708
403381305014833
403381305045458
403381305105375
403381305137000
403381305180708
403381305224916
403381305244500
403381305290166
403381305321583
403381305364625
403381305396916
403381305439458
403381305485541
403381305532666
403381305565791
403381305606666
403381305638750
403381305681666
403381305713708
403381305756291
403381305787583
403381305829291
403381305861166
403381305903791
403381305945083
403381305984583
403381306017958
403381306058666
403381306090916
403381306120500
403381306138833
403381306163958
403381306180958
403381306206208
403381306222833
403381306250875
403381306267958
403381306293166
403381306309750
403381306335333
403381306351958
403381306377500
403381306395416
403381306421166
403381306438000
403381306464083
403381306487791
403381306505666
403381306528875
403381306550166
403381306578083
403381306592458
403381306620791
403381306640750
403381306666625
403381306686333
403381306712750
403381306735833
403381306762500
403381306781666
403381306807125
403381306824041
403381306849291
403381306867333
403381306892625
403381306909708
403381306935291
403381306958708
403381306982250
403381307000625
403381307026250
403381307044166
403381307069333
403381307087666
403381307182541
403381307201583
403381307229000
403381307246375
403381307270833
403381307287875
403381307313708
403381307331875
403381307357291
403381307376000
403381307401708
403381307426083
403381307444416
403381307470416
403381307488708
403381307514166
403381307530916
403381307576458
403381307603916
403381307624000
403381307650666
403381307671125
403381307702375
403381307720750
403381307747750
403381307766625
403381307793041
403381307812583
403381307839166
403381307857583
403381307884208
403381307904041
403381307930375
403381307960416
403381307983625
403381307995208
403381308020625
403381308033916
403381308059375
403381308077250
403381308087833
403381308111208
403381308124416
403381308148791
403381308166541
403381308188375
403381308203708
403381308225416
403381308240875
403382816768333
403385170080791
403385252540083
403385563545958
403385581574625
403385583884958
403385583931916
403386891361166
403387315083333
403387315203041
403387315223000
403387315239166
403387315254916
403387315271458
403387531496250
403387746134458
403387786058000
403387786141583
403387786159541
403387786176291
403387786214750
403387786259083
403387786294208
403387786339333
403387786373416
403387786420625
403387786458750
403387786497333
403387786542416
403387786576916
403387786623333
403387786664041
403387786704166
403387786744250
403387786784416
403387786824708
403387786865416
403387786892458
403387786944458
403387786985291
403387787024875
403387787064875
403387787104750
403387787154916
403387787188791
403387787239791
403387787279416
403387787325958
403387787365333
403387787419375
403387871807750
403387871931625
403387871952083
403387871967958
403387871987291
403387872001125
403387872031166
403387872077333
403387872112291
403387872156750
403387872190458
403387872242458
403387872283291
403387872324041
403387872372250
403387872406041
403387872452125
403387872492791
403387872533333
403387872573416
403387872614291
403387872653375
403387872697125
403387872738791
403387872778041
403387872812166
403387872857791
403387872897166
403387872937000
403387872971541
403387873016583
403387873056208
403387873102000
403387873146333
403387873186375
403387873226041
403387873272291
403387873311291
403387873358958
403387873409208
403387873443208
403387873487708
403387873528291
403387873567833
403387873618333
403387873657541
403387873697791
403387873737166
403387873776333
403387873815750
403387873862041
403387873901833
403387873941125
403387873980333
403387874013750
403387874062000
403387874101708
403387874141208
403387874188041
403387874227333
403387874267833
403387874306833
403387874358375
403387874397583
403387874444708
403387874484125
403387874523541
403387874568458
403387874608833
403387874647875
403387874699041
403387874737791
403387874788083
403387874819666
403387874858458
403387874882000
403387874905500
403387874939791
403387874964375
403387874988250
403387875011791
403387875035291
403387875064041
403387875089666
403387875113750
403387875137333
403387875155708
403387875181750
403387875205541
403387875236625
403388576277916
403389064534541
403389502445041
403389672522541
403389672646166
403389672667083
403389672684750
403389672702500
403389672720416
403389672737458
403389672767458
403389672808750
403389672841208
403389672882916
403389672930208
403389672961791
403389673004791
403389673044833
403389673083958
403389673106125
403389673150250
403389673180333
403389673224458
403389673255958
403389673299041
403389673340666
403389673372666
403389673415458
403389673446750
403389673489666
403389673528541
403389673559083
403389673601708
403389673628958
403389673672208
403389673699041
403389673749625
403389673788625
403389673822000
403389673864916
403389673903750
403389673934750
403389673978125
403389674008083
403389674048458
403389674074583
403389674121083
403389674159750
403389674203000
403389674232083
403389674275000
403389674313916
403389674352458
403389674384416
403389674427000
403389674466416
403389674498416
403389674543875
403389674584833
403389674623250
403389674650708
403389674694500
403389674738500
403389674777375
403389674817333
403389674849708
403389674899791
403389674932458
403389674974333
403389806813166
403389807703208
403389807761000
403390201244333
403390369686500
403392390706333
403392465137625
403392465259916
403392528012333
403392666506375
403392715603583
403392715691791
403392715711083
403392715727291
403392715743625
403392715782958
403392715815208
403392715856375
403392715889958
403392715932791
403392715965166
403392716013958
403392716053958
403392716085333
403392716129291
403395106672250
403395106796166
403395106818375
403395201122791
403395459180541
403395459292833
403395459313333
403395459329000
403395459345291
403395459361083
403395459409458
403395459442625
403395459487708
403395459528291
403395459569541
403395459619708
403395472061041
403395472117250
403395472138916
403395472177041
403395472203375
403395472248041
403395472283166
403395472327750
403395472369291
403395472401708
403395472447125
403395472491708
403395472532416
403395472572166
403395472606791
403395472651000
403395472691458
403395472731541
403395472772083
403395472805500
403395472851291
403395472892250
403395472935416
403395472975166
403395473014708
403395473053791
403395473089875
403395473134125
403395473175125
403395473215125
403395473255125
403395473300375
403395473337041
403395473375833
403395473409375
403395473456958
403395473481250
403395473530291
403395473563000
403395473607083
403395473647416
403395473681166
403395473728125
403395473768375
403395473816458
403395473858375
403395473891208
403395473923291
403395473948458
403395473972250
403395473996000
403395474020000
403395474051791
403395474075625
403395474099875
403395474127041
403395474148208
403395474174916
403395474198375
403395474219375
403395474245708
403395474269666
403395474288166
403395474313125
403395474337041
403395474360666
403395474386500
403395474410166
403395474433791
403395474452958
403395474472875
403395474497583
403395474521208
403395474546416
403395474568541
403395474592000
403395474615791
403395474652541
403395474679625
403395474703166
403395474726708
403395474750250
403395474780666
403395474804000
403395474832708
403395474858250
403395474881708
403395474904958
403395885414125
403396243293041
403396716733833
403396758979583
403396854489416
403397554393916
403397554515916
403397605197583
403398190488291
403398969841583
403399124188166
403399252947958
403399253050166
403399546622000
403399911090291
403399965636125
403399965757833
403399965778625
403399965793625
403399965809083
403399965826291
403399965872083
403399965915541
403399965957875
403399965995541
403399966033958
403399966077458
403399966118416
403399966157541
403399966197750
403399966224833
403399966273375
403399966307666
403399966352583
403399966392500
403399966432625
403399966472916
403399966516375
403399966556833
403399966596625
403399966636083
403399966676666
403399966715625
403399966756083
403399966788416
403399966833291
403399966873541
403399966912166
403399966959708
403399966982791
403399967032041
403399967072875
403399967112416
403399967152375
403399967193666
403399967228791
403399967271875
403399967311958
403399967351708
403399967398208
403399967430958
403399967462791
403399967481791
403399967511458
403399967534125
403399967563500
403399967574958
403399967604416
403399967623000
403399967650583
403399967679291
403399967703333
403399967721791
403399967748208
403399967772041
403399967796000
403399967814791
403399967841625
403399967866041
403399967886333
403399967915958
403399967941875
403399967971666
403399967990708
403399968018500
403399968042208
403399968066666
403399968085541
403399968112500
403399968136291
403399968159833
403399968184333
403399968211166
403399968229708
403399968256083
403399968275125
403399968300833
403399968324625
403399968345250
403399968370625
403399968394291
403399968417958
403399968437166
403399968461416
403399968495458
403399968518916
403399968542541
403399968566166
403399968589583
403399968613083
403399968636666
403399968660500
403399968684041
403399968707250
403399968726125
403400266645875
403400266773083
403400266796166
403400266811750
403400266826583
403400266839333
403400266853208
403400266894708
403400266929291
403400266970291
403400267001666
403400267056041
403400267088500
403400267132000
403400267164166
403400267210500
403400267251041
403400267283958
403400267323750
403400267343416
403400267390625
403400267429708
403400267482958
403400267515375
403400267561833
403400267600833
403400267621083
403400267708416
403400267745791
403400267777750
403400267821375
403400267852791
403400349360083
403400600776125
403402456456250
403402744575458
403404883986541
403406812645125
403407314057750
403407314182333
403407314204250
403407314220083
403407314236625
403407314251875
403407314279208
403407314323541
403407314356500
403407314402000
403407314436875
403407314490583
403407314535125
403407314569541
403407314614791
403407314655166
403407314695583
403407314735791
403407314775833
403407387877375
403409142742000
403409142826125
403409483860375
403409813809666
403409813917416
403410426219458
403411996898541
403412160393625
403413396266708
403413396601666
403414622530541
403414622649666
403414622670541
403414622686625
403414622707875
403414622723625
403414622753916
403414622796583
403414622830250
403414622874500
403414622915708
403414622965708
403414623008000
403414623042250
403414623087750
403414623120291
403414623165750
403415007107250
403415754542458
403415935227541
403416468820458
403416783759875
403416976590583
403418208624458
403419409966500
403419870011541
403421898406041
403421901589625
403422938875625
403423231867333
403424371731000
403424828224333
403424943268166
403425203348750
403426309280583
403426309420791
403426309442041
403426309456458
403426309480333
403426848129000
403426848242000
403426848260875
403426848275500
403426848291541
403426848307416
403426848354541
403426848389166
403426848433375
403426848474166
403427466254125
403429098039708
403429591626208
403431623413500
403431633834125
403431792759666
403431841687625
403432596908541
403432597030125
403434058114708
403434254106041
403434513484291
403434534676791
403435207050791
403435827386166
403436045923500
403436539734208
403436888998666
403436892119500
403436892189833
403436892204666
403436892215541
403436892225333
403438747106041
403438748551833
403438845876250
403438845986958
403438845999416
403438846007958
403439146614208
403439695982750
403440021947125
403440079753250
403440079803125
403440429657666
403440739220125
403441194891500
403441566408875
403442338697250
403442344371958
403442383820375
403442819756208
403443296538791
403444082579708
403444310374041
403444310502333
403444592845041
403445063520250
403445063628250
403445551152708
403446164078458
403446164193208
403446165952875
403446166014000
403446166028291
403446166040250
403446166051250
403446166084625
403446166108916
403446166141416
403446166171166
403446166194416
403446166228250
403446166262791
403446166292625
403446166322208
403446166351458
403446166381708
403446166411208
403446166441708
403446166473416
403446166518833
403446166546208
403446166578083
403446166610916
403446166643208
403446166664625
403446166702500
403446166728750
403446166760583
403446166788875
403446166815750
403446166848333
403446166878875
403446166903333
403446166942083
403446166972458
403446167004083
403446167026916
403446167059625
403446167089250
403446167118958
403446167148416
403446167177833
403446167201208
403446167238333
403446167272250
403446167303958
403446167333541
403446167357333
403446167389875
403446167419125
403446167451583
403446167475291
403446167501875
403446167539750
403446167613583
403446167683250
403446167708416
403446167773625
403446167802958
403446167819458
403446168007875
403446168033833
403446168059666
403446168085416
403446168120416
403446168144875
403446168178833
403446168205083
403446168240041
403446168265291
403446168300583
403446168336000
403446168368833
403446168393166
403446168428416
403446168460750
403446168486208
403446168520916
403446168543208
403446168575875
403446168600916
403446168633083
403446168666333
403446168690000
403446168723291
403446168750958
403446168775958
403446168809666
403446168835958
403446168868958
403446168902500
403446168924625
403446168958541
403446168992750
403446169024791
403446169058583
403446169084041
403446169118041
403446169147125
403446169170083
403446169203833
403446169233375
403446169262416
403446169291916
403446169322708
403446169352083
403446169375708
403446169408958
403446169439333
403446169468791
403446169496333
403446169529833
403446169553833
403446169577375
403446169596500
403446169626791
403446169650541
403446169669375
403446169695583
403446169714500
403446169740958
403446169764791
403446169788333
403446169812083
403446169835750
403446169852708
403446169881583
403446169906708
403446169929833
403446169948375
403446169974791
403446169998375
403446170022125
403446170040416
403446170067000
403446170090500
403446170114708
403446170139583
403446170159041
403446170185750
403446170209000
403446170232791
403446170256958
403446170280625
403446170312041
403446170335833
403446170356000
403446170381833
403446170405541
403446170430125
403446170454000
403446170477583
403446170501083
403446170523416
403446170550166
403446170575666
403446170592250
403446170622458
403446170646250
403446170665416
403446170694250
403446170718250
403446170742666
403446170766375
403446170789875
403446170813375
403446170837166
403446170860583
403446170884208
403446170907875
403446170931875
403446170956875
403446170981125
403446171004541
403446171028291
403446171051666
403446171081166
403446171105208
403446273434333
403446273537500
403446273552791
403446576509666
403446576638458
403446576662333
403446576678250
403446576694416
403446576708875
403446576723458
403446576776250
403446576813833
403446576846500
403446576889375
403446576937333
403446576979750
403446577014375
403446577058666
403446577101958
403446577132541
403446577176500
403446577216833
403446577257208
403446577297541
403446577337708
403446577381666
403446577422458
403446577462375
403446577502666
403446577542958
403446577582958
403446577623875
403446577663416
403446577702916
403446577743000
403446577782875
403446577827416
403446577893791
403446577937125
403446577974625
403446578008416
403446578048166
403446578093583
403446578135166
403446578160000
403446578204708
403446578253708
403446578274333
403446578324000
403446578359791
403446578403291
403446578435208
403446578480916
403446578515416
403446578561250
403446578591000
403446578639416
403446578679416
403446578723958
403446578764833
403446578807375
403446578847458
403446578898750
403446578943791
403446578980625
403446579019958
403446579059291
403446579098500
403446579140666
403446579189958
403446579214458
403447015027250
403447015159083
403447015182375
403447015197750
403447015213791
403447015227416
403447015241708
403447015295000
403447015334375
403447015367208
403447015409708
403447015460208
403447015501458
403447015543041
403447015577208
403447015621791
403447015667583
403447015690958
403447015735916
403447015781166
403447015826000
403447015879666
403447015929166
403447015962750
403447016007666
403447016041791
403447016087583
403447016128083
403447016160458
403447016207541
403447016253458
403447016298708
403447016332875
403447016386250
403447016427083
403447016468250
403447016510041
403447016541833
403447026617833
403447029681250
403447029718666
403447029731750
403447029765708
403447029790750
403447029825583
403447029856833
403447029879208
403447029913375
403447029946041
403447029972041
403447030012500
403447030042833
403447030066583
403447030101833
403447030126041
403447030164625
403447071751291
403447071836916
403447071850125
403447071858708
403447071865208
403447071872541
403447071879250
403447071886333
403447071910833
403447071979708
403447072001958
403447072037083
403447072054250
403447072073208
403447072092416
403447072117583
403447075227750
403447075268166
403447075277833
403447078854250
403447078892458
403447078924541
403447078970125
403447079004208
403447079049083
403447079089666
403447079130125
403447079188000
403447079208666
403447079252666
403447079293458
403447079339375
403447079379541
403447079400833
403447079446625
403447079483083
403447079531666
403447079554958
403447079579958
403447079595916
403447079619250
403447079643083
403447079660541
403447079681250
403447079703416
403447079718833
403447079741541
403447079758375
403447079781833
403447079798500
403447079821166
403447079839291
403447079863333
403447079875958
403447079901083
403447079917208
403447079940375
403447079955916
403447079979083
403447079994541
403447080017625
403447080034166
403447080058250
403447080084083
403447080100666
403447080124125
403447080140583
403447080164166
403447080181208
403447080204791
403447080220000
403447080242958
403447087225166
403447087292541
403447087303541
403447087310750
403447087318541
403447087334416
403447087358666
403447087375875
403447087398000
403447087414541
403447087446791
403447087464083
403447087487708
403447087503208
403447087527791
403447087540166
403447089042708
403447089079791
403447089089083
403447089097041
403447089117666
403447089132166
403447089156583
403447089173125
403447089196125
403447089212833
403447089236041
403447089260208
403447089281000
403447089295791
403447089318708
403447089340208
403447089355208
403447089381083
403447089398000
403447089422416
403447089440708
403447089463500
403447089487125
403447089503625
403447089526750
403447089547916
403447089564041
403447090431291
403447090445291
403447090476958
403447090498791
403447091326041
403447091343416
403447091366791
403447091379166
403447091405083
403447091422083
403447091446583
403447091467083
403447091483416
403447091506541
403447091523083
403447091546583
403447091569625
403447091603416
403447091616458
403447091634375
403447094841375
403447094881541
403447094911375
403447094956416
403447094991333
403447095035875
403447095076208
403447095116500
403447095156708
403447095197750
403447095229916
403447095296333
403447095313666
403447095334500
403447095347250
403447095372625
403447095396375
403447095413750
403447101831375
403447101935250
403447101948666
403447101957000
403447101965000
403447101971750
403447101978750
403447101986166
403447101994000
403447102010166
403447102028750
403447102062958
403447102083916
403447102123916
403447102141291
403447102157708
403447102183375
403447102198208
403447190207541
403447190326250
403447190347875
403447190363708
403447190379208
403447190393416
403447190434708
403447190471250
403447190515916
403447190550625
403447190596875
403447190648750
403447190689083
403447190729333
403447190769083
403447190809625
403447190850708
403447192596250
403447192638333
403447192646833
403447192669791
403447192678916
403447192706250
403447192733208
403447192757458
403447192769750
403447192798916
403447192821333
403447192843750
403447192870208
403447192889791
403447192915625
403447192935666
403447192964625
403447192978583
403447209535958
403447209652166
403447209672375
403447209688041
403447209704916
403447209721291
403447209763625
403447209799125
403447209841958
403447209875541
403447209920041
403447209977166
403447210018000
403447210058500
403447210098666
403447210159041
403447210199541
403447258948583
403447259062000
403447259079541
403447259090375
403447259100666
403447259108208
403447259116458
403447259123916
403447259131916
403447259158000
403447259181791
403447259210541
403447259238083
403447259259958
403447259271750
403447259300500
403447259320875
403447259342708
403447259370333
403447259389916
403447259419833
403447259444208
403447259475041
403447259498916
403447259522750
403447259541708
403447259569458
403447259588750
403447259616958
403447259655916
403447259679750
403447259703583
403447259727375
403447259751083
403447259782083
403447259806291
403447259829916
403447259863083
403447259887125
403447259909166
403447259937458
403447259960750
403447260005291
403447260044583
403447260080291
403447260128625
403447260168041
403447260208416
403447260247833
403447260290583
403447260331041
403447260371500
403447260410875
403447260450333
403447260489500
403447260529333
403447260578375
403447260607875
403447260647166
403447260692083
403447260732791
403447260773166
403447260812208
403447260851958
403447260891500
403447260932083
403447260971666
403447261016875
403447261056833
403447261097166
403447261136750
403447261189166
403447261229333
403447261257333
403447261300083
403447261340041
403447261459500
403447261501750
403447261532541
403447261576666
403447261618000
403447261657833
403447261697708
403447261737333
403447261777916
403447261817250
403447261858208
403447261908375
403447261948666
403447261988833
403447262029416
403447262069333
403447262111083
403447262150333
403447262203166
403447262235666
403447262284208
403447262317583
403447262369041
403447262395333
403447262421791
403447262445166
403447262468791
403447262496541
403447291811791
403447316468416
403447317706000
403447317765166
403447317775125
403447317786208
403447317795125
403447317819041
403447317838916
403447317865541
403447317885458
403447317912000
403447317936125
403447317965458
403447317989250
403447318008208
403447318036416
403447318060291
403447318079833
403447318106791
403447318130583
403447318154541
403447318178416
403447318204458
403447318228625
403447318252291
403447318269125
403447318296583
403447318322625
403447318346000
403447318360000
403447318387791
403447318411541
403447318435250
403447318460291
403447318499458
403447318539208
403447318588666
403447318628250
403447318668083
403447318711458
403447318750500
403447318790833
403447318832250
403447318871416
403447318911666
403447318955500
403447318996166
403447319036125
403447319075791
403447319118166
403447319158583
403447319198541
403447319237916
403447319279750
403447319319291
403447319358625
403447319409666
403447319452625
403447319492291
403447319530500
403447319562750
403447319607208
403447319647583
403447319690416
403447319719791
403447319763666
403447319803083
403447319849750
403447319889333
403447319928791
403447319968458
403447384744625
403447461241875
403448314093708
403448381012500
403448381134666
403448381154375
403448381170541
403448381185041
403448381199583
403448381240208
403448381274500
403448381320375
403448381360541
403448381401500
403448381454000
403448381489625
403448381534416
403448381563208
403448381614541
403448381648166
403448381688666
403448381727791
403448381766750
403448381804791
403448381844416
403448381903291
403448381942958
403448381982708
403448382021458
403448382061666
403448382101541
403448382141166
403448382180041
403448382215375
403448382259708
403448382300291
403448382350458
403448382390166
403448382429541
403448382469750
403448382509416
403448382549666
403448382591291
403448382629875
403448382669500
403448382709000
403448382748125
403448382798041
403448382832708
403448382878541
403448382917291
403448382957833
403448382996708
403448383037916
403448383076166
403448383127916
403448383166208
403448383199458
403448383247958
403448383286666
403448383325541
403448383364750
403448383403458
403448383442958
403448383481875
403448383520666
403448383559291
403448383598416
403448383636750
403448383680291
403448383727250
403448383762000
403448383807000
403448383847208
403448383886791
403448383927750
403448383966375
403448384019041
403448384058583
403448384099166
403448384141291
403448384187666
403448384221250
403448384265791
403448384304791
403448384350041
403448384389541
403448384436000
403448384475041
403448384521583
403448384556583
403448384607458
403448384650083
403448384681333
403448384703750
403448384727000
403448384750125
403448384773500
403448384803666
403448384822583
403448384850750
403448384870250
403448384897875
403448384924125
403448384948125
403448384970541
403448385001000
403448385023791
403448385047458
403448385070291
403448385093625
403448385115958
403448385140041
403448385164625
403448385204541
403448385227625
403448385251458
403448385274125
403448385298083
403448385320958
403448385344500
403448385398208
403448385421583
403448385443708
403448385467083
403448385490083
403448385519291
403448385542541
403448385566916
403448385592791
403448385616208
403448385639125
403448385664583
403448613513291
403448613588375
403448613599500
403448613606833
403449031342166
403449031444500
403449031460083
403449031471458
403449031482791
403449031530083
403449031569958
403449031610458
403449031650250
403449392020625
403449392131000
403450566916625
403451490595583
403451490702625
403451490718500
403451490729791
403451490740500
403451490787041
403451490828750
403451490867000
403451490907000
403451490946583
403451490985958
403451491040166
403451491081000
403451491115708
403451491162333
403451491201791
403451491241666
403451491280750
403451491322416
403451491362541
403451491403416
403451491443458
403451491485750
403451491524750
403451491563375
403451491603916
403451491645625
403451491685208
403451491723708
403451491762708
403451491811958
403451491843250
403451491887000
403451491931333
403451491970916
403451492010250
403451492053166
403451492092333
403451492131625
403451492170916
403451492217500
403451492243166
403451492292291
403451492333708
403451492382958
403451492426250
403451492461291
403451492505000
403451492548291
403451492587208
403451492625416
403451492664958
403451492704125
403451492742208
403451492781541
403451492826125
403451492865916
403451492904666
403451492938000
403451492983125
403451493025916
403451493064583
403451493104000
403451493144000
403451493182666
403451493229375
403451493277500
403451493317958
403451493357250
403451493396625
403451493435041
403451493481833
403451493521041
403451493567625
403451493606125
403451493652166
403451493693416
403451493745000
403451493773458
403451493796916
403451493819791
403451493843375
403451493866166
403451493889625
403451493912291
403451493935083
403451493958083
403451493980875
403451494008083
403451494032791
403451494057583
403451494079833
403451494104625
403451494131125
403451494159416
403451494183416
403451494207625
403451494227916
403451494253833
403451494276875
403451494302625
403451494325541
403451494348750
403451494371625
403451494395583
403451494418708
403451494439041
403451494464750
403451494488500
403451494511708
403451494535250
403451494571791
403451494594708
403451494618000
403452069602208
403452071103333
403453575768125
403453966407583
403453966515833
403453966533125
403453966544250
403454560581583
403454560688916
403454560707541
403454560720416
403454720816333
403454882449791
403454882558791
403454882579500
403454882594041
403454882644083
403454882703416
403454882739083
403454882787750
403454882819208
403454882865208
403454882904333
403454882954125
403454882994041
403454883033166
403454883071958
403454883111708
403454883150958
403454883190208
403454883229416
403454883268541
403454883307125
403454883346541
403454883393916
403454883433166
403454883472875
403454883512041
403454883551791
403454883591250
403454883632250
403454883671875
403454883744541
403454883776916
403454883818958
403454883857791
403454883897291
403454883936666
403454883975625
403454884016958
403454884054416
403454884092875
403454884132333
403454884181500
403454884223583
403454884257125
403454884291958
403454884333416
403454884375791
403454884415166
403454884456208
403454884495833
403454884534500
403454884572833
403454884620041
403454884659666
403454884694208
403454884742083
403454884781250
403454884836375
403454884884666
403454884923833
403454884963875
403454885002583
403454885042500
403454885088916
403454885128166
403454885168791
403454885211000
403454885244000
403454885288583
403454885327416
403454885368833
403454885402500
403454885455833
403454885494583
403454885597750
403454885637625
403454885678041
403454885716875
403454885756166
403454885794708
403454885834916
403454885874500
403454885914250
403454885952958
403454885999333
403454886044291
403454886082958
403454886117208
403454886140708
403454886164166
403454886193041
403454886216625
403454886242166
403454886265375
403454886287875
403454886312000
403454886345583
403454886369000
403454886392833
403454886416041
403454886439208
403454886461875
403454886485083
403454886508500
403454886531666
403454886554750
403454886585291
403454886610958
403454886636250
403454886659083
403454886684041
403454886706541
403454886731666
403454886754625
403454886778625
403454886801500
403454886825291
403454886848083
403454886880416
403454886903708
403454886927166
403454886954833
403454886981291
403454887003708
403454887027083
403454887049791
403454887080500
403454887097083
403454887124500
403454887150666
403454887173541
403454887196583
403454887219000
403454887245875
403454887268125
403454887293458
403454887315958
403454887340500
403454887363500
403454887390250
403454887418583
403454887442250
403454887463666
403454887488416
403454887511958
403454887530125
403454887575250
403454887596333
403454887606625
403454887632583
403454887675291
403454887705458
403454887734083
403454887753500
403454887780833
403454887804750
403454887829791
403454887852625
403454887883541
403454887897333
403454887926750
403454887956416
403454887972291
403454887996541
403454888019291
403454888043000
403454888066500
403454888087708
403454888110958
403454888134000
403454888157250
403454888179291
403454888199458
403454888219541
403454888243541
403454888268291
403454888284208
403454888311166
403454888330291
403454888351625
403454888370208
403454888394208
403454888413875
403454888433458
403454888453083
403454888476625
403454888496041
403454888515291
403454888535208
403454888555333
403454888574708
403454888597833
403454888634958
403454888655500
403454888675416
403454888698250
403454888714000
403454888737375
403454888757000
403454888776416
403454888796375
403454888816541
403454888836458
403454888858000
403454888877791
403454888897458
403454888917291
403454888936791
403454888956416
403454888975750
403454888997583
403454889018416
403454889040375
403454889062458
403454889087583
403454889108458
403454889127666
403454889143375
403454889168041
403454889189916
403454889211875
403454889233833
403454889257375
403454889277291
403454889300000
403454889326666
403454889346708
403454889366208
403454889386000
403454889405458
403454889429583
403454889443625
403454889470625
403454889490916
403454889507583
403454889529458
403454889554833
403454889582250
403454889604875
403454889627625
403454889732250
403454889748666
403454889771708
403454889791500
403454889811166
403454889830833
403454889853583
403454889876583
403454889899583
403454889922750
403454889946291
403454889972125
403454889987250
403454890011958
403454890033583
403454890053291
403454890072916
403454890092666
403454890115416
403454890138416
403454890161250
403454890183291
403454890206250
403454890226166
403454890245708
403454890265125
403454890284666
403454890299333
403454890328708
403454890339916
403454890365291
403454890386583
403454890410875
403454890438083
403454890453833
403454890477875
403454890498166
403454890517958
403454890537875
403454890560708
403454890583333
403454890604583
403454890625833
403454890645583
403454890671000
403454890690500
403454890710750
403454890733625
403454890761666
403454890783833
403454890800083
403454890828208
403454890839250
403454890862750
403454890884625
403454890903583
403454890928708
403454890950250
403454890973083
403454890996250
403454891011375
403454891034625
403454891054291
403454891074041
403454891096916
403454891117041
403454891136541
403454891156041
403454891175750
403454891195416
403454891215000
403454891234750
403454891257000
403455052146708
403455054682916
403455054732375
403455054748125
403455054797958
403455054833041
403455054875791
403455054916916
403455054956708
403455054990708
403455055035458
403455055076250
403455055122333
403455055162958
403455055202166
403455055242666
403455055282458
403455055322958
403455055362333
403455055401291
403455055440416
403455055487583
403455055527000
403455055570916
403455055610541
403455055651500
403455055690375
403455055731458
403455055770291
403455055816500
403455055850625
403455055893791
403455055933041
403455055972708
403455056017083
403455056056541
403455056096250
403455056142416
403455056181583
403455056221708
403455056266291
403455056307375
403455056345416
403455056385625
403455056424750
403455056470500
403455056509750
403455056549500
403455056589416
403455056628416
403455056666916
403455056706583
403455056745833
403455056784666
403455056823500
403455056862916
403455056917833
403455056958333
403455056997583
403455057042750
403455057081666
403455057135833
403455057176958
403455057216791
403455057275833
403455057315875
403455057355208
403455057395791
403455057435208
403455057481208
403455057514666
403455057559875
403455057600208
403455057638916
403455057680000
403455057722833
403455057776541
403455057815750
403455057865750
403455057904250
403455057938625
403455057981916
403455058022000
403455058061625
403455058108208
403455058147666
403455058202666
403455058237875
403455058285333
403455058323250
403455058362250
403455058396833
403455058420750
403455058443416
403455058467333
403455058490250
403455058514791
403455058541625
403455058565000
403455058587791
403455058618125
403455058640375
403455058664208
403455058699750
403455058723208
403455058746625
403455058772583
403455058798333
403455058822083
403455058845041
403455058861750
403455058889666
403455058912708
403455058936458
403455058961166
403455058984083
403455059003833
403455059034041
403455059057208
403455059080875
403455059103500
403455059127708
403455059150041
403455059173708
403455059196000
403455059221500
403455059238083
403455059265000
403455139459375
403455139536166
403455139549291
403455139586375
403455139612166
403455139654833
403455139694750
403455139734416
403455139774041
403455139815333
403455139854083
403455139904666
403455139945500
403455139984708
403455140023625
403455140062875
403455140103333
403455140141750
403455140182541
403455140221625
403455140270625
403455140307166
403455140351833
403455140391333
403455140438000
403455140476708
403455140515916
403455140554500
403455140601708
403455140640458
403455140680083
403455140719375
403455140758041
403455140815750
403455140854833
403455168355750
403455168434500
403455168449375
403455168461458
403455168510291
403455168536625
403455168585541
403455168620625
403455168665916
403455168706875
403455168748291
403455168795375
403455168842458
403455168870958
403455168919500
403455168959625
403455168999000
403455169038291
403455169078541
403455169118875
403455169157458
403455169196791
403455169241625
403455169284708
403455169325166
403455169359541
403455169408541
403455169448791
403455169489333
403455169531333
403455169569666
403455169608958
403455169648875
403455169697250
403455169737041
403455169776000
403455169816125
403455169854958
403455169895000
403455169934541
403455169975708
403455170016250
403455170055291
403455170095041
403455686881083
403455686984958
403455687000708
403455687012875
403456388565500
403456388672458
403456388689416
403456388702541
403456685740375
403456685844875
403456685860750
403456690325416
403456691611458
403456693602750
403456693631083
403457040860833
403457064835833
403457067589708
403457067679416
403457067709208
403457067716291
403457067721791
403457067736958
403457067751291
403457067769666
403457067784250
403457067803708
403457067822083
403457067846916
403457067861125
403457067879333
403457067894083
403457067914125
403457067929666
403457067945750
403457067980166
403457067994041
403457068011500
403457068029958
403457068049958
403457068066250
403457068081750
403457068097000
403457068112083
403457068127583
403457068142916
403457068159791
403457068175416
403457068190708
403457068202875
403457068223208
403457068239458
403457068254500
403457068270583
403457068286708
403457068302791
403457068314958
403457068333166
403457068349166
403457068364500
403457068379875
403457068396583
403457068415083
403457068435291
403457068468708
403457068512583
403457068553916
403457068587666
403457068633458
403457068673166
403457068712000
403457068758500
403457068809208
403457068850041
403457068883708
403457068929833
403457068968791
403457069009166
403457069047916
403457069088666
403457069144000
403457069173958
403457069216708
403457069260250
403457069301458
403457069340583
403457069387458
403457069420666
403457069474041
403457069513125
403457069556583
403457069593416
403457069629291
403457069665958
403457069713708
403457069754750
403457069794083
403457069833750
403457069872250
403457069919291
403457069958291
403457069996333
403457070035416
403457070074125
403457070113625
403457070152458
403457070195083
403457070233458
403457070267208
403457070312291
403457070350750
403457070399000
403457070443000
403457070466625
403457070485500
403457070512125
403457070534458
403457070574708
403457070593875
403457070617791
403457070640166
403457070664041
403457070683125
403457070709958
403457070732833
403457070756500
403457070779375
403457070809791
403457070837250
403457070861541
403457070884708
403457070917833
403457070940458
403457070964625
403457070987250
403457071103125
403457071128000
403457071151083
403457071174250
403457071196833
403457071219041
403457071242791
403457071266333
403457071285375
403457071312208
403457071336458
403457071361333
403457071387083
403457071407291
403457071435041
403458044850750
403458061380125
403459630573125
403459630671666
403459817504000
403459817620458
403460525049875
403460535846916
403460701298750
403460701392416
403460701408250
403460701421000
403460701444958
403460701489250
403460701530000
403460701568916
403460701609166
403460701647541
403460701687750
403460701733958
403460701770000
403460701818375
403460701849833
403460701890958
403460701929958
403460701969833
403460702009416
403460702048625
403460702087708
403460702133458
403460702174416
403460702217750
403460702248291
403460702291541
403460702327208
403460702370375
403460702409083
403460702448791
403460702489208
403460702523833
403460702569166
403460704373625
403460704410541
403460704448791
403460704488875
403460704528166
403460704568000
403460704607125
403460704646250
403460704685291
403460704724750
403460704764291
403460704809708
403460704849541
403460704888750
403460704928250
403460704964666
403460704996916
403460705042958
403460705080250
403460705117666
403460705163333
403460705202541
403460705249416
403460705288041
403460705328208
403460705368000
403460705407416
403460705446583
403460705486041
403460705527208
403460705566708
403460705606708
403460705645333
403461683124291
403461683230500
403461683247000
403461683260500
403461683273875
403461683313583
403461683356041
403461683388666
403461683430833
403461683465625
403461683519583
403461683563416
403461683606250
403461683645750
403461683685500
403461683725708
403461683760583
403461683805333
403461683845541
403461683885166
403461683924375
403461683964208
403461684008625
403461684042666
403461684083625
403461684122541
403461684161416
403461684201666
403461684240541
403461684280666
403461684319541
403461684360583
403461684399208
403461684444500
403461684484041
403461684523916
403461684563333
403461684604458
403461684655833
403461684689291
403461684726250
403461684764083
403461684804708
403461684843375
403461684891500
403461684930750
403461684971708
403461685010833
403461685050250
403461685089625
403461685129625
403461685168541
403461685209041
403461685248750
403461685305875
403461685346958
403461685372875
403461685399958
403461685423833
403461685446666
403461685470541
403461685493458
403461685516708
403461685543583
403461685566958
403461685589833
403461685613958
403461685637166
403461685663250
403461685686125
403461685710458
403461685733541
403461685757375
403461685780458
403461685804416
403461685827666
403461685851583
403461685874208
403461685897875
403461795574500
403461795666375
403461795678166
403461795685958
403461795692000
403461795698541
403461795704416
403461795727166
403461795747208
403461795773250
403461795797416
403461795826791
403461795850375
403461795873208
403461795896708
403461795919541
403461795942583
403461795965916
403461796003916
403461796032083
403461986602666
403461986680875
403461986696291
403461986708708
403461986754875
403461986795500
403461986834916
403461986874666
403461986914541
403461986954708
403461987005541
403461987052208
403461987091833
403461987131750
403461987170541
403461987210041
403461987249666
403461987288833
403461987328291
403461987362125
403461987407708
403461987447750
403461987479750
403461987529125
403461987563625
403461987626625
403461987654583
403461987675000
403461987724208
403461987763625
403461987803083
403461987842625
403461987881375
403461987924833
403461987964041
403461988002916
403461988042583
403461988082666
403461988128416
403461988168500
403461988206875
403461988251250
403461988289625
403461988328666
403461988377708
403461988446625
403461988479041
403461988526875
403461988558791
403461988603750
403461988642416
403461988682041
403461988739000
403461988779291
403461988818833
403461988857458
403461988896375
403461988936541
403461988975750
403461989014583
403461989053875
403461989094291
403461989133583
403461989177125
403461989216458
403461989256291
403461989294416
403461989333750
403461989380166
403461989411166
403461989450041
403461989473333
403461989496000
403461989517208
403461989545291
403461989568875
403461989591750
403461989615083
403461989638500
403461989661458
403461989684875
403462169156541
403462169265458
403462169282333
403462169294250
403462169306625
403462169342500
403462169375041
403462169423750
403462169463458
403462169508291
403462169549041
403462169596833
403462169637625
403462169677583
403462169716625
403462169756916
403462169796291
403462169836291
403462169875333
403462169915791
403462169954875
403462169994833
403462170042916
403462170082875
403462170121375
403462170161750
403462170200583
403462170240958
403462170279541
403462170319458
403462170358541
403462170398583
403462170437625
403462170483333
403462170523375
403462170562958
403462170601916
403462170643125
403462170681833
403462170721333
403462170760333
403462170801083
403462170840625
403462170881875
403462170929875
403462170969833
403462171009000
403462171049791
403462171104416
403462171144750
403462171184375
403462171223208
403462171260208
403462171293125
403462171312708
403462171337500
403462171360250
403462171382875
403462171406708
403462171431875
403462171456541
403462171479250
403462171509791
403462171533916
403462171559875
403463016891958
403463016997666
403463017015208
403463017028208
403463017041833
403463017082625
403463017114791
403463017160250
403463017192208
403463017236166
403463017269916
403463017325125
403463017357458
403463017402333
403463017441916
403463017481250
403463017521541
403463017562041
403463017608666
403463017649791
403463017689291
403463017728541
403463017775625
403463017817500
403463017855125
403463017896583
403463017935541
403463017974416
403463018014583
403463018130375
403463018171375
403463018210458
403463018251083
403463018290333
403463018337791
403463018375166
403463018416833
403463018455458
403463018494833
403463018534083
403463018581291
403463018620916
403463018661875
403463018701125
403463018741166
403463018781916
403463018820500
403463018866083
403463018904416
403463202642875
403463202710458
403463202726750
403463202760666
403463202792333
403463202832958
403463202875125
403463202914958
403463202953875
403463202993666
403463203033750
403463203080083
403463203150250
403463203203500
403463203239166
403463203285041
403463203327875
403463203368541
403463203402500
403463203451000
403463203474083
403463203500500
403463203527708
403463203556833
403463203594666
403463203622208
403463530467041
403463530573208
403463530590000
403463530602583
403463530615708
403463530657750
403463530699916
403463530733333
403463530779125
403463530813166
403463530859791
403463530912625
403463530959875
403463530991625
403463531032625
403463531060791
403463531105500
403463531144916
403463531183500
403463531224000
403463531262125
403463531301583
403463531346541
403463531381875
403463531425375
403463531466375
403463531505041
403463531545666
403463531584625
403463531629875
403463531668500
403463531708583
403463531765541
403463531810208
403463531850666
403463531889541
403463531929291
403463531967541
403463532014666
403463532062500
403463532091500
403463532136666
403463532175125
403463532214083
403463532257666
403463532296833
403463532339083
403463532378125
403463532417083
403463532456166
403463532495458
403463532534083
403463532576708
403463532612541
403463532652166
403463532696625
403463532736958
403463532775958
403463532816250
403463532850541
403463532897000
403463532935541
403463532975916
403463533016208
403463533055875
403463533094291
403463533138708
403463533180416
403463533212708
403463533257875
403463533297666
403463533336916
403463533376625
403463533416208
403463533455625
403463533494541
403463533534375
403463533579208
403463533617750
403463533656916
403463533696125
403463533735083
403463533777000
403463533816208
403463533857833
403463533876875
403463533892125
403463533907208
403463533924625
403463533941000
403463533959458
403463533970166
403463533990125
403463534005791
403463534021083
403463534037416
403463534052625
403463534067791
403463534082958
403463534099041
403463534116833
403463534133166
403463534148291
403463534165500
403463534180666
403463534197250
403463534213375
403463534242416
403463534262000
403463534278333
403463534290666
403463534322666
403463534337750
403463534353125
403463534370500
403463534386458
403463534398541
403463534416750
403463694664708
403463694770666
403463694786791
403463694800291
403463694821458
403463694868416
403463694908833
403463694947250
403463694987708
403463695033375
403463695073916
403463695121833
403463695163666
403463695202625
403463695242250
403463695280583
403463695319583
403463695358833
403463695398500
403463695437583
403463695484416
403463695522416
403463695579125
403463695617791
403463695665125
403463695704750
403463695744833
403463695782666
403463695830458
403463695869000
403463695909041
403463695947625
403463695987708
403463696026375
403463696077333
403463696117125
403463696164875
403463696205375
403463696244833
403463696283041
403463696323833
403463696356916
403463696411291
403463696460583
403463696498125
403463696528750
403463696551583
403463696575250
403463696594583
403463696621875
403463696644833
403463696667583
403463696690500
403463696714291
403463696745708
403463696762208
403463696788291
403463696804166
403463696822541
403463696839458
403463696856333
403463696874041
403463696891291
403463857972208
403463858085333
403463858102125
403463858113708
403463858126541
403463858165958
403463858201250
403463858245541
403463858285458
403463858328666
403463858367708
403463858417500
403463858457166
403463858498083
403463858532250
403463858578583
403463858619625
403463858665458
403463858707625
403463858760750
403463858792916
403463858833625
403463858873250
403463858924250
403463858965083
403463859020750
403463859060125
403463859100625
403463859140208
403463859179541
403463859219250
403463859258416
403463859297000
403463859342833
403463859382666
403463859421833
403463859461541
403463859517500
403463859582875
403463859617000
403463859657000
403463859690500
403463859736416
403463859771750
403463859816583
403463859849875
403463859894375
403463859932833
403463859972875
403463860015708
403463860054750
403463860093708
403463860133583
403464188969708
403464189042916
403464189061833
403464189075208
403464189115875
403464189159666
403464189199416
403464189236708
403464189265916
403464189323958
403464189357583
403464189412375
403464189452375
403464189493875
403464189542000
403464189574041
403464189618041
403464189658041
403464189696791
403464189737000
403464189775875
403464189815125
403464189859208
403464189898125
403464189937708
403464189976083
403464190015583
403464190054958
403464190095166
403464190134625
403464190172708
403464190211791
403464190257250
403464190300791
403464190341000
403464190379875
403464190419916
403464190459541
403464190499250
403464190538291
403464190584125
403464190622416
403464190665083
403464190703875
403464190746541
403464190781583
403464190805500
403464190829041
403464190851458
403464190875791
403464190898416
403464190923000
403464190945666
403464190969166
403464190992166
403464191018541
403464191041208
403464191072416
403464191095916
403464191118291
403464191141125
403464191165125
403464191184291
403464191212083
403464191234750
403464191257833
403464191288333
403464191313125
403464191335500
403464191358750
403464191381750
403464191400708
403464191428208
403464191451666
403464191484458
403464191551416
403464191575375
403464191598875
403464191621125
403464191644083
403464191667166
403464191690791
403464191713958
403464191747583
403464191775125
403464191793625
403464191818875
403464191842041
403464191867000
403464191889791
403464191912750
403464191935875
403464191959541
403464191976541
403464192003541
403464192027625
403464192050666
403464192076666
403464192099250
403464192122458
403464192145291
403464192171833
403464192197541
403464192224125
403464192249250
403464192275333
403464192300375
403464192326750
403464192352500
403464192376708
403464350192791
403464350301083
403464350320500
403464350332500
403464350351291
403464350404583
403464350437625
403464361381833
403464361425375
403464361452000
403464361498166
403464361537458
403464361577125
403464361616250
403464361656791
403464361696041
403464361735833
403464361764625
403464361819208
403464361866458
403464361898583
403464361916083
403464361928875
403464361949166
403464361967208
403464361980833
403464362004208
403464362020791
403464362038041
403464362057416
403464362074875
403464362095125
403464395250500
403464516874916
403464659133875
403464829844333
403464847004458
403465023903291
403465807236333
403465807354083
403465808031208
403465808098083
403466063746250
403466063883916
403466063947000
403466064009375
403466064061500
403466064154000
403466064214083
403466064228083
403466064255333
403466064298916
403466064384916
403466064409333
403466064433833
403466064457166
403466064482500
403466064506541
403466064533083
403466064554000
403466064575875
403466064600041
403466064629833
403466064640625
403466064675250
403466064701250
403466064726791
403466064747166
403466064770250
403466064793625
403466064813791
403466064835166
403466064858750
403466064880875
403466064909666
403466064936916
403466064961916
403466064985208
403466065005125
403466065031958
403466065052541
403466065080250
403466065105666
403466065131791
403466065158041
403466065184291
403466065215041
403466065235166
403466065262541
403466065285666
403466065308375
403466065331333
403466065354375
403466065377083
403466065399750
403466065422041
403466065445250
403466065471250
403466065494500
403466065517625
403466065540333
403466065563625
403466065586541
403466065609583
403466065632583
403466065654916
403466065678250
403466065701125
403466065727833
403466065748041
403466065776541
403466065801541
403466065825041
403466065847500
403466065870875
403466065894083
403466065916875
403466065939875
403466065962750
403466065989500
403466066012416
403466066035375
403466066066458
403466066106250
403466257668708
403466257771375
403466257787791
403466257799625
403466257812541
403466257848416
403466257878083
403466257920458
403466257958750
403466257996125
403466258034041
403466258082541
403466258120416
403466258157375
403466258195166
403466258232166
403466258277958
403466258315291
403466410932791
403467152875791
403467606850625
403467606931250
403467606941416
403467607784750
403467607819750
403467607828625
403467609707916
403467609726333
403467609739541
403468049823958
403468077104750
403468803765333
403468803845625
403468803867541
403468803876708
403468803885166
403468803891666
403468803909875
403468803938416
403470163972958
403470893592083
403471242133958
403471242238375
403471302945458
403471970822750
403473088431333
403473095127666
403473095160166
403473095164541
403473095168250
403473095171583
403473095176250
403473095179208
403473095192708
403473095199125
403473095211666
403473095217166
403473095232208
403473095237291
403473095251125
403473095256000
403473095270125
403473095274916
403473095289708
403473095294333
403473095308666
403473095313291
403473095327708
403473095335416
403473095348333
403473095352916
403473095367750
403473095372333
403473095387958
403473095392583
403473095405416
403473095409833
403473095424041
403473095428500
403473095444541
403473095448833
403473095463000
403473095467541
403473095482083
403473095486458
403473095501041
403473095505500
403473095519916
403473095524500
403473095539083
403473095547416
403473095560291
403473095564708
403473095580333
403473258494916
403473258599291
403473258610916
403473258618541
403473258629958
403473258637458
403473258643291
403473258648625
403473258653791
403473258659875
403473258666000
403473258670666
403473258675208
403473258680791
403473258686750
403473258703958
403473258714875
403473258732166
403473258745625
403473258762666
403473258774125
403473258791583
403473258810000
403473258821166
403473258835583
403473258850291
403473258869833
403473258911000
403473258963375
403473258986125
403473259013041
403473259026375
403473259049166
403473259078875
403473259095791
403473259119708
403473259134583
403473259157375
403473259171125
403473259193791
403473259207708
403473259230916
403473259246375
403473259269375
403473259291458
403473259305166
403473259328583
403473259344333
403473259367333
403473259382958
403473259405333
403473259420416
403473259443416
403473259457625
403473259480166
403473259501541
403473259516500
403473259538958
403473259554833
403473259577541
403473259595583
403473259616875
403473259630208
403473259653166
403473259674000
403473259688708
403473259715333
403473259730625
403473259753333
403473694264875
403474161902625
403474705920166
403474706037500
403474706061833
403474706078125
403474706095291
403474706110958
403475592087333
403476134125458
403476175124208
403476853827916
403478470682333
403478470795791
403478470817500
403478470836333
403478649128083
403478708673833
403479345475958
403480447874208
