126375
35000
29250
19583
21458
36958
45000
58416
53750
94666
90834
78750
29791
60459
38125
65500
34875
32375
43166
25167
22500
19125
66625
108708
104167
95125
33334
38625
45334
38375
31875
96292
119958
104084
85709
61041
73042
94583
66292
44625
46542
96000
59667
85458
30750
31958
28292
94167
60166
45125
47000
54750
63250
52083
85333
47167
50000
31417
44625
45333
45334
53958
90500
58666
50750
34417
47084
43166
51959
84917
125792
156334
46959
68292
31458
31958
80583
71167
62042
50667
37875
55500
52750
33625
21750
26916
73500
87209
62291
45042
40041
43916
37583
43500
39042
45833
37666
43958
44292
44416
44500
37792
43833
44084
43750
43917
38583
45542
45917
57625
52000
45459
73500
73250
54458
34125
47292
33917
46083
46333
46000
46709
46542
46542
45333
46000
45917
46208
54875
50042
50125
70458
52167
31792
44875
44875
45208
46875
46000
45625
46333
46417
45334
46375
45583
45542
45542
46708
45459
45958
45709
45208
45167
45875
66167
61792
38000
48792
38625
44625
49917
45375
45083
44791
43917
44500
43500
52250
49583
40125
43500
44416
47292
42083
47500
47167
45625
45958
53583
56375
40209
45750
45792
52208
35166
51666
51875
36167
47708
58334
54583
35750
44500
38959
45875
49542
51959
52917
48625
56542
52292
57000
47500
39458
46542
47708
88875
89459
119958
105417
87250
69958
50000
30625
64084
62292
68667
93625
58042
55250
89292
47791
40042
45250
45750
45417
47542
46334
46042
39167
68541
60333
43000
46125
39083
44875
34709
43875
48125
46209
68291
58792
89875
72416
70917
55917
58750
131792
63542
88084
79083
74875
123208
115375
102416
81542
63958
49708
25084
41500
37000
26417
34042
29416
32833
28167
32292
28584
32375
37666
35250
34167
33875
33542
33958
34583
74333
88958
70667
49333
42542
47875
43917
45958
46084
46000
46000
46541
46208
45959
47125
49667
48792
52292
39334
46667
34625
47333
48375
30958
28250
27625
27958
28333
28292
23375
26375
31375
25833
81292
52916
82833
65500
49625
60083
49458
38208
27583
31917
35792
61709
83958
127292
115958
97000
79709
58875
38583
66958
69084
69542
47542
75541
67959
57750
34791
35666
35667
24834
20041
60625
44125
49709
44042
36750
23875
15042
21417
15292
20500
18041
20625
18584
20542
15959
20125
21167
16000
20500
16875
77875
121125
112500
102208
91667
74333
79792
112125
80834
114458
104833
88667
60791
43791
59167
53084
72583
99834
89916
71833
73291
55458
62583
47334
27500
46000
83000
76916
73041
65167
23333
26833
52708
38125
32709
23375
20833
23541
19792
23584
23917
20000
23417
20792
23334
23458
24000
26666
18500
24625
24459
24500
24541
24375
24292
24000
23209
23584
23791
24083
24208
28583
17833
23125
23166
22542
45333
33333
20875
32333
32042
21500
28834
21166
26750
25584
27458
27292
27917
32292
28458
27667
28541
23875
27542
29625
44542
35334
22709
30667
27917
28333
25084
27542
27792
30625
23708
28875
22875
27583
28750
24125
27000
28125
28375
28083
28334
24666
28917
24125
27959
24625
31958
71791
59959
46792
33500
20083
27666
28209
27667
28000
37542
36750
21083
29125
24250
27333
29000
24041
27500
28708
24333
27167
27458
28709
23834
25375
23875
30917
27875
27083
28458
28375
27334
28833
73291
87417
66709
44667
48750
42625
44750
64583
68916
58500
91542
61958
72583
80625
81125
66000
117042
109292
98125
78500
97209
56042
64792
94750
56375
82125
69125
71041
51542
44000
48166
42125
47083
41541
46167
39791
47041
47333
46708
46917
45666
47250
44250
42667
23458
27333
28291
23667
28042
27667
83708
71958
72542
63792
40750
47541
37375
26584
28708
25000
27833
94750
126750
111541
89959
68125
45292
46875
47958
41583
43375
34666
36458
34167
34125
34583
33792
33542
34083
29583
33584
34250
34583
35375
34167
53958
43458
27458
34250
34250
33666
31208
30833
36792
39333
24708
35375
36708
43125
46292
46584
45583
45500
45708
46834
45375
46459
55875
80333
61917
36916
46250
41333
47166
46041
47375
47042
45625
46000
46167
45750
45500
45959
54666
37458
46792
46292
45917
45458
44458
46500
45667
48208
45958
46708
46625
45584
94750
117416
99792
77792
54875
35417
46709
42208
47834
46875
46792
48292
45750
45791
46541
46083
46125
45459
45542
40125
45959
41083
49000
44875
45458
45250
45708
59417
38500
44667
45250
45500
45083
45625
45791
45542
73958
52459
52375
42500
46333
48250
45166
47833
51542
33916
26916
27291
26917
27542
26917
27208
26917
26834
27333
30042
27292
20792
27125
28167
27125
27042
27542
31583
75792
51375
72000
63583
47292
50375
33916
47125
48750
43541
49000
45334
46084
48541
47500
46541
52958
41916
46375
45166
48459
35458
47375
42917
41125
46708
46792
45709
45625
45208
45458
69500
45166
45958
47292
46083
46125
45667
46250
46083
45167
45250
46333
46292
45667
46000
46000
46375
45625
45458
46291
45208
43708
48083
46208
45500
46584
45584
45750
47166
45500
46417
43750
50709
39333
46541
49375
48709
40625
47334
47875
56958
52416
52125
49916
42875
47542
47583
45959
47666
46375
46834
47042
49292
48417
45584
48375
47416
48000
47167
46584
47542
54041
58792
82459
81750
73167
48000
64208
70000
52916
87167
52417
86250
70625
61750
93291
59083
83500
67208
35708
29625
41000
43750
39000
69458
24125
41167
47375
44042
19292
11583
14833
19250
13167
18208
14667
18167
11583
18167
71042
52333
66709
58542
114292
97458
56667
59667
54792
36292
45917
90708
62792
50500
60959
35584
39792
38083
64000
31666
39708
29833
23417
43125
91666
104500
86125
64708
63750
48667
74000
63625
55500
87333
89791
80833
61459
94625
118792
59125
67334
33584
29584
30000
67333
90333
56750
53958
48167
37000
48500
41875
64416
48958
37125
26417
16208
24875
91916
102792
54750
35208
63667
51334
74709
64167
64625
86708
51167
58833
50917
42791
48041
54667
47125
46292
101833
57292
56500
88167
54917
34625
44167
48333
61916
66375
74209
93958
102708
54750
42250
41250
53625
41708
47125
46959
46750
55459
33667
45958
47708
51792
80792
74792
67250
51042
40000
49417
48958
42583
96375
73042
51625
40750
46250
46792
45792
46292
70791
61917
39917
24250
26000
27625
26500
116334
111416
49875
52667
57250
62542
96375
82042
49625
42250
47375
45625
46750
47125
45875
46083
46125
47291
66875
75375
50417
40125
44375
44500
55166
42541
94458
94042
86917
81750
93583
60333
59500
54875
40875
56708
70625
49542
52291
92334
54250
59583
91167
107125
86833
62792
55291
58583
40583
36666
32166
24250
30125
30708
66750
84167
58416
53417
41917
74416
85250
63666
54625
34750
46375
46417
85083
50667
43584
56583
54709
42250
45500
46000
45292
46583
46000
51792
42583
42292
47334
46542
90625
59750
55958
79208
53292
76791
74916
52167
42583
55667
38417
52708
52291
54458
83500
89875
60500
63500
54166
51958
87417
77792
84542
69375
73709
66459
65792
50917
43125
46625
39958
43875
37000
44375
38834
44667
45834
44416
39167
43416
45333
45916
39000
43583
45375
45542
45417
45750
44292
45458
45917
45125
38667
44375
45083
45250
44917
45250
45375
45000
45500
36583
43333
45167
38750
43666
45542
45250
45250
45458
50708
48167
34291
44583
39417
44375
38542
43375
45167
45166
38791
43875
45167
45042
38542
43709
44875
47959
39583
43208
45125
44791
44250
44875
45291
38792
43916
44750
45291
45250
39125
44208
45125
43625
45125
45250
45500
44667
58667
37917
44042
45625
39334
43958
44250
44750
45208
45084
46542
38167
43667
45166
46166
45458
44917
45041
38500
44250
44958
45042
44709
80750
85250
65875
45834
40208
45583
40416
44417
45500
38125
43959
44459
38500
44417
39042
45167
86250
98708
79584
60459
41750
47417
39458
45542
40459
43500
39208
46542
46000
46291
46250
39500
44209
45750
86834
66834
93250
126625
112458
92584
72166
50375
55417
49375
32375
46458
36625
48416
42541
50000
33208
41750
41500
47416
39459
44625
37375
44166
45083
39833
44250
39917
44750
38667
41083
46625
31833
45500
45458
44875
37250
45667
49875
40708
44834
37750
45083
45875
72000
42542
46542
43250
43042
37708
19000
26416
22750
26541
22333
82250
92291
119375
101875
82875
64792
44375
44041
46458
46459
32375
44042
44167
41125
44458
35625
41833
41333
41667
40916
41208
41708
46625
43958
93375
54375
92625
55250
56500
54333
49416
48833
48792
48584
90125
57834
66958
55750
41750
76125
40791
32125
100542
113916
95042
69500
45041
47209
98500
129291
61667
45542
83458
89542
71000
80959
72084
52042
32792
44000
38416
43208
60125
61334
52458
40125
50292
32000
43417
46750
48833
45792
47083
37875
43208
45292
44625
44625
44334
44750
39125
57167
71125
76084
98500
43209
69459
67208
43417
50916
50917
71958
61959
53667
47000
92708
60208
47625
40833
47375
41250
45167
45542
45125
44250
48625
41875
47042
40334
46667
63209
45000
59708
96625
62041
41334
44458
45083
43917
43500
43708
43375
43333
59791
61292
46417
44750
46416
46417
44333
44333
44583
44083
43833
44416
48417
39083
44667
43458
43333
44208
44209
44209
46083
33083
45750
44959
44250
43750
43041
43208
43125
43708
50625
38625
50625
38583
44083
43041
44084
44041
43833
44125
43250
43916
46000
45500
43792
46208
44833
43959
39416
26083
25708
25292
25750
25750
26208
26000
26208
27166
26167
26250
26084
26042
25709
26167
25959
26167
25750
26292
26459
26292
26042
27042
26250
22667
25375
25875
26209
26083
35917
25875
25959
25875
25750
27583
26875
26000
25833
25791
27000
26584
26875
26791
26416
26041
25833
25917
22583
26291
26167
25791
26792
26459
26292
22459
26333
26291
39625
26334
25709
26417
26541
26750
26292
26667
26333
25958
26708
26291
27750
26542
26083
26041
26500
26667
26042
26209
26042
25833
26292
27041
27083
27125
22500
67334
61292
44834
46042
39083
52833
89333
89750
91791
53292
35292
43875
94667
50417
51000
56250
51250
82166
51166
76333
81250
45166
51583
52125
59666
81375
76833
51125
44250
52666
53750
78333
63084
96333
61959
39667
56583
50417
46875
72417
88209
61125
52084
60209
35000
96291
62875
55792
54292
41583
84209
51167
62084
38250
90959
75959
54333
32458
44834
45167
47041
32209
52583
62917
40666
48625
99042
58333
98292
60583
70584
64458
60000
90459
60959
89708
108208
88125
66333
35292
54792
99500
41291
25334
101750
66291
58708
85292
63208
44625
97583
53500
41458
92625
88333
52250
58916
55083
91916
77334
87542
82334
59458
34791
50833
52250
42708
85000
95792
99458
79709
55750
59083
98208
89417
100416
116583
94834
70500
47667
50834
36542
47333
62334
61666
64000
78959
97750
78083
55709
107917
87583
57833
89416
93417
95334
51042
51042
97792
53292
41792
88166
63834
45000
40416
45000
45666
35292
44167
42042
45209
40041
45292
39333
44250
44209
44375
43625
43875
44208
43875
44666
43459
44125
44333
43875
45500
45791
41666
51334
40667
190834
43709
62541
33542
94292
73625
65125
43208
48167
47042
38042
48542
48292
54709
32833
48542
82583
54083
48417
45083
48417
42250
47292
47292
47084
89958
72542
84250
61334
92708
87541
90083
69792
69167
57167
38583
46250
48208
47209
47834
47250
66541
43292
64833
41583
56875
65875
93000
70417
53417
95334
51375
91209
56042
66083
52750
54708
88000
53916
88708
73333
51708
50083
34375
48500
70750
41958
50459
48083
47583
93500
92125
70416
49666
54333
99917
58500
91083
64792
68084
59833
31666
44959
54042
59292
77166
54125
47833
61792
91458
50000
70458
58417
35667
45250
44417
44333
44166
45291
48083
44916
49958
81833
66458
50833
47625
66833
65750
90958
48750
91792
54166
48041
71292
61125
39834
91792
58791
40041
76667
66875
43333
46125
46709
79708
94083
49958
39209
54167
47167
50208
34417
63958
85042
60084
44875
50792
35083
47958
41459
70250
63000
94208
60208
39166
53292
46125
45959
84000
68833
46958
46000
46750
46500
46125
45459
46209
68708
34709
45916
46750
46000
45792
46125
46042
46208
45292
46208
46042
46375
45834
48416
44833
43459
43250
48542
46333
46542
45708
58667
52042
46084
82208
70750
53292
96792
95209
75666
55833
35625
45500
44583
44292
48459
44500
38625
44667
44541
44292
43375
43708
43792
44291
43125
43708
43709
43584
46000
57292
36083
61041
78291
71834
52042
53375
95125
55167
52625
81708
59500
37959
45625
45459
45125
45708
57458
50458
31875
46750
47666
87250
42292
47125
58166
97167
104250
64209
44166
50375
37208
55625
92458
100458
88917
56042
32917
44458
45250
45875
44542
44167
44333
43584
43541
46750
45833
45500
94166
83375
51000
35458
77250
88916
60833
97458
85875
63458
57000
50792
39750
44291
50916
38375
45833
51083
48500
59916
91875
57542
100250
100541
81083
50500
42334
47042
45875
62333
34709
46209
41500
45625
53709
82667
61334
48333
50333
68084
41334
50542
79625
72541
67084
46833
78958
53875
52209
47500
51375
39291
47709
63417
59833
47416
56708
50291
47625
41166
46875
46417
46125
39208
46541
46500
58584
44208
46375
47125
46375
45791
51166
55250
89500
96042
74250
52625
31208
46958
46083
45875
46416
46334
65834
40291
46709
57208
88291
89042
67584
44875
56333
55709
100333
105292
84750
62916
49042
52125
53917
95250
96250
67333
76625
47833
97333
103208
82500
55500
33709
49958
48000
46041
46583
90333
54125
31708
53375
42084
67375
56000
34375
52667
46583
51000
51459
53417
93416
54417
34041
44833
44708
50667
46375
48292
54875
88750
74625
74333
91917
82666
50375
39875
47250
46750
94417
101000
79583
49125
49125
55375
32750
44208
45041
45042
44833
44333
43583
42917
43334
44166
44833
43834
44500
54750
91166
54875
56292
55834
50458
40375
44833
39458
44041
43791
39083
43750
43916
50291
93125
58708
37667
45125
45500
45166
44584
38917
44083
43500
44167
67000
56208
80917
46250
80666
52791
41417
45875
46292
46542
46958
46459
46875
46042
51250
51166
40584
47000
46583
46333
46250
45834
45833
46708
46042
42458
46458
47458
46833
45833
47167
46709
45792
46208
46333
45958
46583
45584
45708
46417
45791
46417
45834
46209
46167
45375
46333
58250
35542
46417
47709
48833
43750
46875
46708
45958
47292
37667
48208
48042
45542
46500
46000
45917
45834
52208
46666
45500
45625
46584
59167
32583
45625
45833
45250
45958
45541
46083
45500
39709
46875
45583
47083
46292
46250
45416
46666
45875
45375
45792
46500
45709
53208
48792
45166
46209
46584
46083
46917
47959
51250
47125
46500
45875
46208
45875
46666
37708
46084
49167
46500
46167
46042
46166
39958
47708
54292
49208
46459
46000
47000
46292
47000
46125
47000
54042
46417
53959
50333
48833
46208
45667
46209
45666
46042
45958
41041
47208
47833
46167
46500
46334
45667
46209
50875
47667
47000
46208
48584
47708
46667
51708
50250
46334
46125
45875
46167
45708
46459
45542
46250
45375
46458
57458
48459
47125
50541
48291
47500
46333
45792
45583
48958
54875
44958
46750
47208
53000
47417
46250
45667
46708
46208
40708
49125
47750
45125
46292
44917
45666
45458
45708
46792
45250
46333
45917
45958
48000
45875
46250
44916
46125
45792
46584
50542
46375
46708
52459
57750
46625
45709
46250
46375
45958
44917
45917
45459
40334
46209
51791
46125
48125
46083
45125
45709
47166
45542
46500
40875
50333
47792
45959
52792
51750
46041
55292
55833
41791
46667
46916
46459
45458
46375
46917
45625
45375
46000
47208
45959
45625
51542
49291
46375
46209
46500
48125
46959
46250
45875
45750
45500
52750
42334
46417
45916
45833
46250
45875
45708
45333
46167
45375
45292
46417
45292
45792
45917
54042
48083
46000
45167
46667
45292
45459
40042
46708
46542
46792
46750
46958
46334
46000
45000
45959
53958
50875
46625
53666
51209
85458
61875
36125
55584
43000
46375
57625
47083
48416
45875
45458
46250
46291
45791
46375
46208
45583
45791
47167
55209
47959
46500
46375
45875
41000
70625
68250
19125
20917
24250
24250
20875
21000
20792
21333
21833
24042
21000
20625
23708
18166
27625
19917
23458
20584
22792
21708
21208
20958
22042
23875
21000
21417
21167
64625
58042
44584
45583
45917
45708
45292
45333
45375
58333
74667
45166
59167
40084
45834
46250
45834
46375
45917
46917
46125
46334
46375
50833
48334
37125
46625
46708
45542
45583
46333
47583
42083
48792
48417
55042
52959
41625
54584
34709
47334
45584
46125
46208
50708
46250
45083
47709
46875
45333
46709
52375
46958
45625
45917
45166
50791
43625
46541
45417
46917
45875
45291
68292
57875
39375
45375
46334
46167
46666
46459
46291
57750
45833
46417
45708
46166
45375
46042
46833
40542
46125
45500
49250
47791
40166
41167
45417
45875
46083
45625
42084
52375
47334
33500
46458
45333
46083
45792
46292
57833
45917
45542
45375
45083
46250
45750
45625
46542
46417
47916
45709
45833
46667
45167
49125
48584
28959
27500
27541
27292
27875
26916
27417
56417
47083
46125
45917
45916
45459
45916
76625
55166
55125
42500
87291
55625
70625
55083
41875
56000
53084
46875
34000
46417
46042
46458
45125
70584
53166
53416
77875
63459
35000
45875
46042
46250
46292
46500
45500
46042
45292
45542
58958
35542
48792
35458
46916
46708
45208
45500
45625
40792
47750
50083
65000
58666
95042
82500
49500
54375
58917
34041
46334
46125
45833
46084
45917
45375
46084
45875
45875
46583
46209
46000
45583
45500
46250
45500
45083
70625
54750
44125
47167
46333
45875
46625
46458
45917
45291
46042
46125
47125
46125
45625
45625
45875
45750
46500
60833
36584
47042
46292
45500
45917
47667
46458
48959
45000
45708
56041
52417
35167
46500
46458
46667
45958
46042
46041
46792
45833
42959
46916
45750
52292
46917
45833
45792
46250
45000
46333
45667
46000
46625
47250
46834
48042
47125
64000
90791
51125
42042
46750
45792
45708
45583
45791
45583
54459
33333
46333
46042
45667
46209
46042
50667
46375
48000
33375
46167
46000
46417
46125
50041
47459
53958
40709
48209
46750
47750
46250
46167
46917
44875
45542
51334
43917
48042
48125
46334
47208
52750
48500
46333
46167
46709
47666
44667
46125
45708
45375
53583
48917
46542
46417
46500
47250
46167
46000
46500
40584
45750
46833
45459
45875
46084
45208
46000
46417
58208
54500
47458
55500
44625
46084
45792
45834
45667
51000
40959
46292
41292
51542
35292
46959
46417
45750
45833
45334
45833
45708
44583
47958
45583
45625
45042
44875
45542
44792
45250
46583
46292
86625
58375
67625
40708
45583
46041
45833
46334
46750
45541
45250
45459
45583
53417
46708
47333
47083
46375
45542
45958
45833
45958
41250
48833
47375
45792
46542
46750
45375
45750
45625
46916
45958
45834
57875
46875
46458
46292
45459
45667
45458
45500
45375
46625
46166
52750
49875
49458
45792
45167
46875
45875
45708
43250
43292
43292
46000
45417
46458
46375
45833
46750
46250
45250
45208
45458
48833
45250
45708
45625
49042
47292
46791
46166
45958
53667
54917
41917
45333
46458
45834
46167
45750
45833
46417
45541
46167
46584
45000
45542
46417
45666
45834
45417
45542
45958
46000
45667
45791
45000
45916
49333
46292
45750
45959
60166
33917
46083
46750
46208
46167
45833
45666
46333
46042
44792
46209
49209
45958
45875
45583
45833
45417
46250
48292
45958
47000
45792
45833
45792
62250
47500
47958
46750
52833
46208
46125
45666
46416
45500
45833
46125
45541
46166
70875
52708
46750
45625
46625
49750
41709
46167
45792
45417
46709
46500
46000
46333
46583
45000
45750
46375
44709
46625
46000
46209
44750
48292
45250
46000
45792
45209
46667
46250
46208
42792
48917
46959
45959
46292
46709
46917
44958
44875
93292
54292
41166
46875
46000
45667
46166
45292
45583
45250
46167
48750
45792
46042
45834
45667
45583
46208
46333
45792
40208
49416
42209
46875
59250
41917
46417
45333
46417
44750
45833
46333
46542
46125
46166
46667
46083
45208
46458
45416
46084
45750
45417
45292
44833
45584
45916
45208
45958
46167
45416
46041
46625
45167
45917
45875
45167
47333
46125
45875
70166
50833
53125
48083
44459
58625
52291
39750
45959
53042
45875
45791
45750
45917
46125
45166
46083
47125
46125
45875
45833
45666
45750
46334
46542
52000
46208
46000
41750
51709
53167
39583
47958
46291
46375
46083
46167
46084
45667
45958
49375
47166
45292
45833
45500
45084
46500
45250
45459
46750
45084
45291
45500
44875
46334
51042
48042
45875
46333
46500
45458
45333
45333
45208
56834
45416
45750
65333
40166
47083
41542
92166
64750
53541
33958
50500
38208
45667
46291
45584
46000
46583
45917
45875
46125
46042
46083
46417
45792
52875
46917
46042
40458
46083
56875
88958
62291
45583
32417
40250
59834
45750
41792
40709
40125
40667
40125
94875
86666
54666
41750
53000
82125
77833
47334
74458
65417
49167
70916
108250
97959
54667
65458
34709
48542
44250
46667
47833
46667
45333
45958
41333
45292
47000
46125
46875
42208
49500
91459
80333
58250
49666
53750
49875
53084
39417
53000
69958
59541
88291
80250
58166
34417
46334
46375
46417
44792
46834
46667
44834
46000
85042
61458
34416
47042
47000
84209
63750
59417
36625
27250
22708
81792
59500
37875
45916
59458
53750
64625
52417
54792
91875
51084
57959
55292
82500
71542
59750
34875
46792
47708
54292
97291
90000
64167
43125
47541
89042
86625
64584
35042
49250
52667
47000
87000
78500
70042
47292
47834
40708
48416
36833
46042
46666
47708
46500
45792
46625
71791
42250
45916
46292
46375
46292
46625
46625
45250
45666
45584
45750
47083
46042
45916
46416
45542
46166
45292
45917
46000
45625
46000
46167
52542
49958
45875
46209
45916
46542
45708
45709
46042
40459
48708
43875
46709
45750
46417
45792
54833
42500
45625
45250
47958
48833
39709
23708
27583
27458
27834
27750
25084
27375
27458
27792
27208
27333
26750
27042
26958
27791
27250
27584
28167
27459
28542
28667
61375
42583
45417
45917
46709
45792
45875
45625
46292
72375
52583
56209
48167
46541
46209
47166
46584
46292
46167
46417
54417
40959
46625
46083
45875
45500
45250
48792
45958
46209
45917
46459
45333
46708
55375
59250
42917
46208
45458
46500
44959
46125
46541
45333
46542
46167
46000
45250
45292
45542
46416
45750
45083
45375
45959
45458
44916
46041
45000
45417
46083
46041
45500
61791
68041
43791
46333
46750
46458
46500
46208
45584
46417
48458
46375
46500
46916
47208
40083
45459
42875
46917
47083
46000
45000
45208
45834
45417
45750
45708
45584
45958
46375
47625
45958
45459
45833
46459
45958
46292
45958
52958
46459
51125
49875
47625
48375
46834
45792
46625
45875
45834
47458
45459
45959
46250
46125
46625
40375
47708
47250
49458
83250
52584
41125
46208
45834
44708
45417
46292
45708
45875
45708
45208
41875
46542
45417
46500
46500
45583
46792
46667
47208
45792
48958
46292
88792
49167
46875
46875
46333
46292
45917
45875
45500
45625
46333
47084
45625
45375
45500
44916
45750
46000
46291
45792
46708
45916
46250
45958
45375
45458
44917
45541
73417
41333
46792
46791
46625
47083
45083
46166
46417
46417
45959
49083
46167
46167
46375
45750
47041
45458
45750
46459
45292
46041
46334
46333
60125
33000
46375
63125
46542
45833
45791
46292
45584
45791
46083
45334
45292
45750
48042
46208
45917
45334
45292
45625
45500
46209
45583
45583
45875
46333
45750
45917
45459
44792
45291
46250
46167
60916
40083
54292
49250
46834
45834
46083
46417
46500
46041
46334
46625
46167
45083
45625
48000
46250
45625
46292
46000
46000
45625
46250
45583
46250
45834
46459
45625
45709
45958
45083
46000
69959
37666
47541
46166
46041
46292
46416
45708
45500
46000
45625
51875
45792
46417
45792
45291
45916
45250
45500
45750
46792
45875
46208
45875
55459
34667
50333
35500
40833
48542
45750
45417
46042
46125
46333
46292
45792
45792
46833
45959
54500
47917
45834
46333
58333
43250
45583
46375
46541
45834
45916
45625
45292
45875
45792
46625
45959
46083
46375
46042
45584
46708
46000
46458
45833
46000
46333
46208
46000
45917
45500
45625
56834
41917
45583
46000
46334
45500
46084
45917
46500
47291
46334
46291
45750
58250
35708
55625
45750
46334
46583
46667
46792
46042
45875
46208
45667
45625
46000
46083
45541
46292
46375
45542
45375
45750
46333
46208
45166
46292
46042
47333
46041
45792
46167
46167
44750
45708
46333
45542
46667
45708
45000
46667
45500
45333
53167
41750
46666
46500
45916
40375
45750
46292
46417
45667
47125
46166
48208
46083
45292
46292
46167
45000
45833
46250
45208
46625
48083
50417
55042
56416
70750
49209
64208
53000
53291
47583
53667
54834
88333
71584
50375
47792
61458
68916
46625
51000
52167
64708
74458
47000
53833
51792
98292
72292
47875
55875
51833
53208
90208
60709
46375
44416
46209
46333
45791
46083
45417
45750
46208
46292
45333
45875
45500
46542
46125
45750
45917
45583
47875
46167
46041
45750
45333
46458
45875
62792
52125
46042
45334
46250
46083
58959
48083
46000
46042
47500
50708
81917
64084
52917
90417
49208
73333
51792
52875
53792
86959
57042
55167
47625
46500
53917
51916
47292
96625
57709
44334
53292
52583
46333
48791
47458
41083
60750
49500
48333
46166
45666
46167
46166
46917
46125
46500
46417
45834
46584
46375
46916
46917
46541
46709
45541
47125
80125
66666
49250
46834
46584
60250
43041
50292
51666
51208
50458
48875
61583
54541
70709
81667
67625
48167
55208
54750
49333
56625
48750
47042
46500
46375
46333
46208
46750
46000
46584
49125
48167
48916
45792
47041
51583
47250
46250
46584
46584
43667
49417
50917
37750
46458
48375
46833
46042
51291
47834
53833
47250
46334
46875
46583
46166
45708
45750
44959
45625
53084
46667
45792
46584
45333
46167
48083
45666
46125
45916
45375
53500
46375
46500
45459
46125
45500
46417
46417
45333
45250
45542
45792
58959
34250
46000
50917
49375
46667
45583
46208
46250
45166
46958
62041
45916
46000
46875
46125
60500
51125
53166
45958
49667
46958
90500
63875
67583
47625
46416
46375
46458
45916
45958
46209
46208
46375
46750
46833
46083
45375
51875
44250
44291
50834
63042
53791
46500
54542
47000
93750
112291
49000
34000
53458
84417
64875
91875
52333
39041
44708
52750
47000
46042
46625
46583
45750
46208
54375
55875
46709
52584
63500
33792
84458
46833
62333
46709
46584
46708
87042
50208
53833
33708
43583
82042
51792
54667
34916
47833
48459
46458
45875
45875
54500
41000
51500
34667
47667
45917
46375
69875
51458
58750
51542
82416
54000
54459
55000
58709
35875
75625
57292
50792
85750
66959
54458
62125
53042
79167
49000
52667
74125
35500
79708
41416
51083
58791
52042
54541
48375
49791
40083
56500
49792
83667
60334
72375
55583
56291
93375
89000
65542
33708
45500
46166
46666
68000
49375
83125
1234833
95708
86875
82542
78375
53500
53792
41083
73583
78125
67416
59709
41125
46000
346792
327583
306625
284875
262750
217166
193083
170666
143292
118125
95709
73875
53084
31500
45708
45958
44958
44834
44542
43792
43625
44125
44208
44250
44250
44166
44542
44250
39375
43291
43542
43792
43792
43875
43583
44542
44583
44541
43833
44041
44208
38584
39875
44208
44458
43666
43417
43500
44167
43959
38583
55833
54375
30875
51792
45166
39667
44167
44209
45292
44666
44166
43708
44167
50084
36542
44834
39042
43458
45458
38750
44208
44375
45125
44125
44125
46084
39625
58417
47750
36209
43916
44875
44459
47250
44084
43625
44500
44208
44250
44292
50375
52417
37333
43875
45750
44959
45666
45333
44333
56167
40875
44875
32917
44167
40000
43708
44750
44833
44500
44958
44792
44292
38958
43708
44625
39625
44416
52208
41500
44292
45125
44375
44625
44333
44583
44083
44750
44750
44666
44250
44167
44334
44250
44583
44416
44041
44500
43833
43875
44458
45625
49416
39458
44166
50667
45625
39167
43500
37083
43375
44875
44416
44292
43542
44167
43708
44333
43625
44875
45417
43917
50292
84958
101166
82375
62458
41500
44917
39916
44625
39625
42125
33875
55833
46542
38583
45042
30375
45958
38208
44750
37042
43500
37125
43541
45084
44666
45083
39208
43792
39083
43709
44542
44000
43833
53125
51542
39458
44000
43875
44500
45208
43250
44917
44250
44333
43500
43416
38833
47292
37875
44458
44000
44000
43750
43958
43666
43792
43958
43875
43542
43750
43709
43500
44833
44458
43875
44375
43583
43875
43250
46042
39000
31375
26667
27083
22250
26292
26291
26042
26791
27000
27083
27333
27042
27208
26917
27333
27167
27000
25875
26625
27042
26917
27000
27125
27209
27000
26958
27167
27083
26000
26708
27541
22625
26958
27458
27208
22417
26041
26583
26833
28042
27042
26750
26959
27375
26916
26750
30375
25625
26542
26958
26958
27000
27083
27292
30583
26917
22291
25917
26750
27041
27125
26917
27042
26959
26917
26042
26250
26334
26584
26834
23084
26000
24708
30875
27750
22375
25791
27292
69541
59666
40667
45083
39959
44791
39667
44292
44291
44875
39125
44791
44875
64125
58000
58458
36375
44292
39250
44625
37709
42708
45167
44583
44458
50291
45333
44084
45375
45125
38125
43500
36833
43917
45000
38625
42375
38958
48875
38750
44583
45584
44750
39541
42541
45250
45542
44250
45333
43833
43417
43625
44458
43750
43542
43166
43708
44083
43666
49000
38375
43708
38584
42959
43833
43458
43292
44000
45000
45708
46625
45625
45042
80791
83459
63250
43875
45417
39000
48250
57375
54375
68000
50292
82833
79167
77875
72458
52959
32709
44084
45959
39125
44209
45834
39333
44125
44417
56709
49083
37583
45583
42792
44500
38792
43458
37167
43625
44625
37625
43958
47291
51750
30666
43792
44625
44833
44125
44292
44667
44167
44000
42542
44333
44166
43708
45958
89458
69750
90833
59000
104000
62250
38208
44708
38500
44750
54042
42333
49584
31875
43708
37417
46125
47750
44167
39875
43083
37583
43666
44750
43959
38834
43583
37917
44291
40250
44041
39417
60750
37041
45459
38625
43667
43875
37167
43875
45708
39292
44584
44625
45500
45541
37417
53125
52459
70208
88875
79958
77916
64125
44375
46959
40334
47542
39541
43708
45583
37708
44791
45584
45209
45334
45750
47709
36958
44125
38958
51791
39667
45125
64500
75375
98042
132459
116000
96792
77791
57917
37958
44875
39417
52625
52167
44583
34750
45375
41500
44791
44750
44500
44167
38500
48584
84417
62583
50125
84750
115167
98584
79500
60375
40625
42375
33750
44625
64416
36000
44958
41750
48458
41834
44375
46375
39292
44333
50125
47708
31292
45792
39375
43500
38542
44167
44167
45375
46042
39417
42167
46917
44000
44875
44625
44667
44875
44708
46833
37417
43916
44125
45750
45417
44708
44625
47708
48167
39041
45083
44792
44041
44958
44750
45375
45417
43791
69084
92375
86084
75792
63625
53042
44375
34208
23084
27791
24166
26541
27500
27125
21834
26666
27291
31541
22083
28334
30125
99792
56375
55708
80583
58875
66625
55500
52875
88666
50500
41958
83042
61292
53208
52042
46459
60000
70083
67250
96875
58583
35000
96875
59583
53500
89416
89167
57625
55750
93917
74625
53334
51666
93292
53167
51875
34125
90042
49083
76334
54958
33666
44375
43917
44334
44333
43625
44042
43375
43791
44250
43834
43916
44250
43500
47291
43583
44208
43750
44292
43958
49125
88416
55917
39750
44250
44125
48000
88584
59333
35625
44750
65333
53583
47083
87084
47292
88167
88542
67042
40542
47958
47167
99875
56250
50625
38250
44042
60875
56875
60000
95625
89917
62375
47041
51875
84916
79958
57083
52708
36791
45458
39667
50958
48333
45916
45583
46208
59250
43958
54458
42208
50875
42916
47500
46250
46292
46750
45834
46000
45791
55875
85042
93709
50208
50584
49125
74500
83167
54708
58291
41083
45125
46000
44083
43416
44083
43792
44542
53375
49084
74125
53292
94542
59500
53833
42375
46667
79875
79333
58000
34334
54417
49250
33542
90041
66625
41750
49834
46625
46709
87875
57958
37250
66666
41500
61209
51292
51459
47125
73000
60125
38167
54541
76084
63042
39209
46708
46083
46041
46750
46042
46083
46250
44625
53875
98000
81083
59375
33292
47125
77792
63542
54667
39083
44750
45250
58834
47916
90208
60708
53666
41542
46042
45666
58666
73125
57167
44666
46292
55792
39667
46125
51792
51084
94833
89875
68917
47334
47541
47167
88041
76750
52833
40250
58458
46458
54792
70458
83792
102667
83334
61375
38625
47958
35000
44458
44625
44625
53708
47250
46916
46042
46792
41125
49791
61625
40875
45917
45959
45333
53959
46000
69708
48250
45459
46500
45833
45792
47666
45292
45375
46417
46000
59541
48125
45875
57291
83500
52584
49500
56000
88417
45583
40458
44625
38625
45417
44833
45708
44625
44583
43708
50500
55000
51750
58958
62708
95417
100042
79500
57042
35084
45083
48791
46791
47666
55750
57459
34041
52041
48208
51459
76291
90542
40042
25625
29250
26750
29333
86750
100458
67958
55125
97125
86958
64084
42209
53959
39167
55541
55541
95542
57750
91500
69125
91542
50000
32209
54500
39042
45416
41209
51584
48583
47333
64708
55125
47625
61125
75625
68500
61125
53916
46292
38042
29333
22166
15667
19125
21042
15041
18542
17917
19167
22083
20875
19750
22000
19167
21125
25125
67958
56375
37833
23042
27708
27542
64125
34958
39042
54750
90750
89083
71834
52125
35458
53292
43334
94292
102875
68666
79375
54709
52500
89125
52166
40333
46167
42375
47250
93834
67375
86458
53958
42167
35292
23750
30875
23958
28958
29791
23584
28125
24500
27708
35625
31792
23959
27333
27750
64334
77125
98958
79833
55250
45583
45875
46458
52250
39750
60125
51667
76209
81709
55416
41875
44417
51833
54709
42167
87334
94583
75208
57250
36625
48834
43834
65334
86625
50792
40292
43958
38958
43542
38000
43875
52708
46208
45500
80458
59708
51750
46375
46959
47167
47250
46209
46084
46667
45750
46208
61125
50875
54625
47416
51041
53000
33958
46667
42083
52708
47041
44250
47000
40542
45542
45375
52625
47333
40708
45625
46125
45167
45625
45709
46125
45709
51000
41750
50584
50125
50250
71833
55167
39791
45458
84417
56584
48541
33708
35500
36167
35250
29541
34042
30000
34208
34167
34166
33834
91541
55500
92791
108000
90292
69958
60541
101500
50750
44000
40458
43750
41166
99750
115750
97000
76375
46834
38125
44459
39292
50166
46917
46167
45750
42875
47708
45708
46459
46417
46167
52625
34875
46292
46000
45708
45459
48791
47042
46208
45625
45958
45250
46708
55084
96583
77000
80375
80417
54458
50291
75583
57334
49542
41000
50833
53083
54834
38959
48875
40250
46375
47125
75541
54750
70334
76667
45459
56375
51875
49583
50208
67167
71958
57417
42458
57625
50833
52875
41167
46167
46875
47166
46917
45959
45167
45625
45333
46416
46125
45667
46333
45500
70083
66875
52833
39917
46250
54958
69000
52834
51958
41542
71833
68875
45750
46042
38791
43416
54709
37916
50917
39334
73833
64416
46375
39375
44708
39417
60000
45625
53000
64625
69958
38250
46000
46958
46583
46500
45875
46083
46167
45875
41792
46500
45792
45292
45542
45917
45375
46375
55750
47708
51125
60334
53083
51625
93250
54042
49167
45417
46209
46250
46875
44667
62000
95584
55791
50458
84000
63458
48166
67875
46459
46917
46291
45833
45958
45667
45250
40916
47334
45541
46375
46417
45917
46083
45792
45833
45875
48542
45000
46792
59167
34208
52208
41625
47333
39458
45958
45834
45667
45875
46750
47042
46208
45834
46042
45625
45375
63750
50667
52166
46541
46666
45833
46625
45916
45417
45625
45583
50542
45667
46000
46041
46375
50667
45708
50458
45750
45584
46417
45792
45334
45000
45833
46041
48167
48958
52458
47708
45542
45750
46375
46000
46083
46208
46666
45208
45250
45833
45333
45292
45417
46791
46000
45875
45875
45708
46958
45833
45917
45583
45166
51625
47375
36667
46125
44958
45625
52708
47708
52084
40667
75209
57334
66583
53959
65375
53208
55083
44708
58041
51792
46750
50583
44333
49750
52667
54541
81041
57083
62625
52125
47541
45875
55792
50291
69042
75625
48541
101583
62791
69333
95000
91875
59375
46167
57333
50334
98042
113000
92875
60708
56042
70625
53875
84042
54334
78834
87208
52333
76083
58250
48167
91375
88125
69416
42500
47083
47792
47708
41250
88125
70292
54958
40791
44334
47458
47167
79208
75333
55542
34417
80125
76459
56709
52333
50750
80166
60667
88666
99500
79708
58000
36833
46666
47750
46541
47250
46667
46291
46958
45750
45458
45375
45875
45750
46083
46125
46625
45666
46458
45792
45459
46250
45792
46334
46333
45959
46167
45250
46000
46042
48417
50375
43833
35416
45375
45667
46375
45458
45375
45875
45750
46250
46208
45792
52833
40500
45708
46333
45291
45500
45958
45833
46292
46500
46667
46334
47875
51750
46792
45333
46667
45667
45500
45958
46250
45958
46167
46042
44667
45667
46000
47459
46083
45625
45625
46584
45833
45500
46125
46875
47667
46875
46375
36375
27334
27125
27125
28042
24083
27792
28125
27333
27541
28000
27042
28292
27250
28459
27291
27416
27542
27750
27500
27541
27417
27292
30917
26750
32000
24125
27209
27500
27583
27208
27125
27666
27458
58250
48458
46208
47083
46500
45625
45750
48833
50417
51917
70750
72667
96958
54125
47584
40333
59375
57000
43667
42333
46584
39625
45916
61833
95750
59500
40125
53584
33584
53750
74250
54709
89041
53292
34209
52708
63541
72417
51833
56667
40625
46041
49292
39417
45333
45708
52959
36083
41583
46458
45083
46041
45916
46375
45584
46333
46333
46666
46167
45125
45958
46083
46167
45584
100041
102459
85542
66833
52792
61584
38958
47875
41959
46584
41583
46458
74292
55750
47209
54750
60167
68709
53084
40833
47250
46958
47542
40667
45500
46833
45792
46458
45750
45750
46583
45958
45834
45292
45833
45084
46584
45875
46292
46083
66708
58542
58334
41833
55167
55583
50583
34750
91958
107625
85750
59083
37417
49416
39125
46833
70667
51958
71250
80833
45333
35334
48250
61583
44708
53833
53083
64416
87625
47375
54625
40292
90375
72209
83583
50625
56708
40042
46583
41458
47041
47500
46875
46166
46292
48166
46916
46708
52542
88042
99167
111084
81791
60958
38709
48916
40208
45792
40791
46917
46583
46417
46250
44750
66209
51000
51542
51792
59833
46208
53334
41417
81333
99000
106750
81041
58292
83166
71083
50625
48875
37208
79875
71916
51959
54958
33208
47833
72459
55125
40291
45625
46042
52208
70708
47917
49208
33083
46458
47334
46834
46834
46667
45667
46875
46125
45875
46292
45792
45750
45750
46166
54417
48917
50875
46750
48541
49083
45917
44917
49542
47625
46500
52125
79125
87333
79875
56958
42541
46083
46583
47000
47125
39333
46583
47291
46666
45541
46166
45875
46250
45250
46458
46042
45541
46792
46584
45666
46375
45250
46542
45833
46000
45875
46542
45416
45750
45166
53500
58333
42042
46334
52167
41833
47750
46083
46375
45167
46542
46292
45750
41209
45000
46125
45250
46041
45084
46000
46625
45042
45084
46750
46250
46125
45708
54958
46208
51667
40958
48250
46459
45500
45583
47584
47083
45292
46625
60958
39792
45375
45875
51625
47625
45625
46042
48334
56125
49292
96458
121834
103500
75375
53458
51125
51875
40333
45958
46292
45958
45583
46334
46708
45250
45333
46041
45916
46875
46458
45458
47041
46083
46125
48250
53458
56959
43125
46959
42625
46250
41208
46166
47167
46625
36583
46459
47792
46458
46250
47000
45208
46500
46042
46417
45250
46000
45708
57375
35375
56916
46917
50375
47625
40959
44959
33208
46500
46750
46000
46000
46125
46333
46792
50167
46167
45959
46209
45708
45958
70791
45667
45625
45708
47250
47042
46209
44833
46791
46625
45375
48500
50958
52125
49417
60750
50834
50000
90834
84459
60584
36750
47209
47166
45125
46500
45125
46708
46292
46083
46000
46042
46125
45875
46250
45292
45916
48959
46209
46375
45583
45125
46542
46417
46125
44833
78333
69000
47083
56833
52083
46417
46500
50917
61042
57625
75792
59833
53000
63666
46834
52750
47917
52291
41709
46375
46333
45750
45958
46083
45083
46000
46041
45584
46500
52750
44542
46667
45083
45209
46333
51875
46917
51291
47791
46292
47375
46125
53125
39708
45292
46500
45875
47000
45291
46083
45875
47042
47042
45916
46083
63584
41042
50917
48209
45834
50125
51333
68291
56959
69375
54625
34375
48833
54875
33042
46334
46875
46250
44833
46167
46250
46584
46917
46542
47041
68208
60500
51083
72250
53667
50750
70917
47625
46459
46375
46458
46625
45667
46333
45083
46167
46208
46333
83166
58000
67667
57583
95167
54458
49042
50042
65209
58292
41792
50584
56167
44583
45042
55084
36125
49750
46584
38042
44166
43625
44417
44416
41625
44500
44417
43541
43916
43709
52625
39792
43625
44583
44459
44209
44167
44125
43916
49334
45459
41125
48333
44458
45000
44417
43791
43542
46333
45875
43833
44167
44000
43833
43791
43792
44167
44458
41958
46417
43625
45292
44417
44875
44584
43167
39917
49959
48125
43959
44166
39625
43125
42959
44750
44709
43417
43791
44708
44000
45625
45416
44208
38083
47583
44166
44958
44542
44208
45542
43834
43625
45167
44750
42292
44375
43583
44292
54959
33292
44458
44125
43875
43500
43792
44250
43667
43791
43834
43916
43917
43750
43375
43084
43917
44292
43750
43750
44292
44084
43292
43583
45458
47458
33167
26167
26084
26167
26250
26000
26166
27500
26291
26000
26166
25708
26042
25875
26042
26375
35291
37084
35125
32542
32417
32416
32334
23750
32375
32500
32542
33042
32334
32292
32375
32500
31916
33125
39833
33375
32042
31750
32500
40000
23333
35833
34459
47542
45209
43625
44334
43583
44291
55250
35792
44250
43917
43584
43292
43584
43375
43583
43916
43458
43458
43458
43417
43375
43666
43708
48708
44584
43792
43917
43667
44000
44584
43208
50666
51917
49375
44500
50250
46166
43583
43583
44166
43750
43875
44042
43375
43666
44750
44083
44417
43792
43542
43375
44000
44125
54167
31708
43000
44125
44084
44167
43541
43625
43708
43375
45083
44166
62875
39209
29583
34375
22541
26625
29542
26375
29792
29709
26542
30583
29417
26125
26208
25875
25875
26250
23209
32250
22459
33666
22333
26750
26375
26250
25792
26250
26208
26333
26167
26791
26750
26625
66542
46625
38958
46083
37250
44250
43417
43625
44292
44375
43958
45083
44125
44750
43875
43708
53125
48959
45709
52541
39708
43625
44333
44167
44000
44291
44167
43708
49042
36084
43833
44417
44959
44167
45042
43959
46250
44667
42917
43958
44292
45292
43958
44417
52209
45875
43666
45500
43458
44000
49958
44792
43583
43792
44750
49209
46125
93250
21417
98375
54291
55375
54750
56875
35791
43542
47417
70583
58708
69542
41500
38667
60709
91042
80291
55250
49708
42000
76750
55541
51583
75125
55834
88125
56625
50792
51625
55584
87416
72667
49542
47792
46625
77625
68208
91667
86333
61583
41541
47625
46625
97667
53291
41292
46542
47125
96250
50792
45250
46709
45500
46708
66500
77791
64667
43125
44791
44416
44417
44375
44458
44500
43541
44000
44167
43750
43709
55625
36500
45208
71416
56750
36667
51167
38541
55166
46334
82333
71500
42417
86292
68583
48583
46042
44917
44500
44708
46250
45500
46791
47375
56041
70166
54709
65208
51708
41708
51000
91291
64916
50250
55792
88583
53834
34042
44500
45750
52709
41750
81541
47250
33750
55583
52250
91083
3758917
1844792
1814833
63584
85209
961458
951167
931625
58459
36042
92958
107625
88750
65375
38709
47125
99291
65333
41375
47500
47042
97625
91458
56625
53000
37375
51500
63917
101875
57958
52958
39458
44709
49792
47875
81667
54459
71875
87292
79708
54667
25375
10833
12375
12166
8417
49291
35792
37083
58208
56084
52500
48625
66708
41167
27459
23500
19958
17125
13333
10584
7042
9334
7250
10416
7000
10084
46917
77791
70959
65000
49875
62042
106083
39208
63666
70917
30958
51875
50667
46250
48125
55041
49458
45125
25791
26209
17750
42375
36084
89833
99750
94792
88083
24791
30459
15333
32333
27667
14042
166084
88791
30959
43667
37250
18209
73583
91334
60167
52583
55791
69125
97250
91792
81042
71250
58792
45583
31792
27125
42750
44666
62834
69333
53250
75167
46250
63500
42333
48250
32500
23500
16834
21667
68083
89792
65875
57167
36292
44292
39834
44375
45208
66125
52416
63458
32250
22125
32291
34625
51625
35042
43541
74917
68292
61958
54500
21042
18375
27708
20667
90375
47250
85041
24041
20458
50459
50917
29125
24458
26708
25875
32208
31000
26875
68667
71416
52916
101000
57208
91292
64625
46375
43542
51166
40959
93625
34625
26791
77750
72417
72458
54500
34125
47667
41792
46083
46333
47042
40500
45041
45625
46333
46167
45334
45833
62542
93834
86041
72792
61209
39958
28333
22875
50583
34334
26334
81541
102625
101542
109666
56792
61667
55500
48750
90542
67208
30208
26959
43583
54250
18875
22708
59666
85459
76459
68166
61250
54292
45083
36208
27292
19084
50625
42584
25750
38375
35083
34917
35625
34375
33791
34000
42625
29250
37916
35084
30959
27125
16500
20458
20750
19333
19042
20625
20625
76541
27375
89333
70000
57125
35083
75458
50459
40292
54375
47916
55542
90208
88166
100917
92625
213209
205083
214208
204625
194417
185083
216250
214625
204500
193709
183084
172375
159458
148417
137416
126375
115667
105667
94583
83792
72625
23375
62292
91708
85583
26208
49041
30459
20250
18250
38875
41041
33667
20583
22709
15125
39125
32083
28125
34583
84000
77417
56916
36042
90167
78958
59000
38875
45000
39333
44000
43542
43833
44000
44334
45125
44208
43209
39250
42042
44167
43708
43583
44084
44458
44292
57083
41042
44000
43958
44208
43500
43917
43459
43792
43250
44125
71625
99084
66375
72459
56125
94209
104958
54292
51334
42333
88917
66917
57292
96917
109833
88542
64209
40958
72292
55084
94250
107417
87916
66042
61125
55834
41000
96834
57000
65959
91416
93583
53750
90792
57917
59250
94833
58875
77458
79000
87166
61542
78583
65750
70541
53750
82958
50000
41834
46417
47209
46792
77625
79750
53000
35750
46625
46375
45917
46125
46625
63208
95083
80958
56459
33208
82375
68542
60042
33709
87250
89125
69250
45959
37542
44750
45834
39375
43958
43958
43583
57292
40375
50333
50875
45958
48000
39292
49750
53375
46291
99167
54417
41250
43583
45750
50958
46583
55750
47458
46750
45125
54167
50083
46875
49125
46417
45542
46250
60791
99458
110750
89042
49875
58000
43417
83333
71541
98458
88417
65041
85542
68666
87708
108958
88916
56500
80084
75541
50250
62416
86459
53291
94041
90958
55291
46584
50791
98167
57792
36125
51583
83042
48875
85750
68583
39417
48708
48625
47417
46541
48958
37875
62708
101875
69375
47833
84875
87292
47500
83416
47000
54167
85958
59750
36958
46375
46583
45458
45333
46208
45667
46167
45958
45958
46458
45958
44958
46042
45666
45084
45625
46208
45000
52959
52667
74959
56625
55000
49083
62208
35625
46375
46375
46292
65292
53792
41541
46375
46083
45625
45625
45916
45916
45625
46792
47542
86083
67334
46042
45250
45209
46458
44542
46458
57500
34833
85875
64125
41833
46209
47291
46625
91500
92250
69709
45916
47958
66041
37083
48416
37584
43000
34792
45875
46875
46750
46916
46458
46167
45666
45833
46541
46209
45500
45792
56083
34917
50500
46834
57042
34209
46542
46417
46959
46333
46625
46208
47250
46208
45667
46417
45333
45666
45750
45916
45625
46042
46375
45708
45500
50875
46375
45500
46750
46083
46583
46292
46000
45250
45375
45583
45833
45542
45334
46083
48375
42334
47125
46833
47583
58834
34541
46375
46458
46167
45459
46042
46125
46166
46041
46041
46458
48000
46750
46542
54542
94500
89500
65625
69583
61458
62375
61292
43416
46459
41083
52208
38292
48667
38666
46875
49334
46958
48958
58167
39708
51250
37375
50083
49541
50375
50209
40875
47083
47708
46458
46000
52750
42000
45542
52750
42958
45458
46625
46667
45625
47917
50958
48208
46083
45333
45709
46416
46000
45708
46375
49375
46667
49208
36042
27667
27083
27292
27292
27167
26916
26958
27084
54958
58209
32375
19708
15959
19875
32041
17375
69167
96125
56750
58750
87833
96250
50834
40375
51000
57791
98292
90500
100000
87750
94083
58833
98291
95000
96583
102916
88000
93334
55625
58542
72458
95584
99500
54750
96875
100375
71583
87709
57583
56000
52500
43167
45709
67083
88041
81667
66792
59416
62000
72250
63583
99292
92459
40084
43583
99292
96875
100583
76542
82792
87875
100333
78542
55000
66250
99500
72416
78500
96250
53791
39375
97584
62583
64750
92000
89250
51625
86167
82417
56291
33000
48792
35250
44625
45208
44583
43542
43583
44375
44209
52417
41958
45667
46083
44500
47208
45250
42125
39917
42667
46458
43833
44250
44833
43625
43333
44166
43667
44500
43625
44667
38708
45042
44292
43666
43792
43875
43042
44292
44167
43833
43958
43917
43583
43459
45333
44167
43166
44333
43084
43583
43375
43500
43125
44292
43500
51250
88459
58250
38167
44667
45334
44791
38333
44500
39667
47792
38416
44792
43958
43666
44625
46750
46125
44709
44875
52834
48084
38875
44250
44458
43792
43834
44500
44834
44209
44208
45416
30708
44750
45125
44917
43625
45292
44333
44541
43833
44583
43791
43583
46458
44334
43917
45625
45500
47875
42041
44208
45042
43875
44125
44084
44000
43500
43625
43500
47250
43666
43875
43750
44166
43709
45417
43542
44167
57500
75209
69209
60209
51666
42792
34083
25542
16667
15208
16000
16500
15584
15083
14542
14875
15125
15583
19000
16042
15625
17625
12334
24083
14875
33958
38625
38292
39208
38667
37125
94125
56084
79667
85333
64959
42958
44750
44458
46584
83417
108375
96083
98666
77916
57000
35500
44833
39875
43875
49291
86459
52417
95458
73459
93542
80375
64917
49583
33500
34458
34333
33792
28833
36667
34458
36583
36834
36792
36958
39250
35584
47709
38625
44458
44167
56666
39250
44167
44667
46334
45709
44708
46875
99583
48959
91750
86958
52250
32709
54708
42125
45375
37584
43917
41708
40542
43959
45292
38666
44334
57167
91417
103875
89666
46084
59625
95625
108709
78709
51375
95208
98500
76958
48583
46167
45084
95375
107833
89708
68167
46791
46834
33500
44375
73125
57083
35083
47375
39750
45125
44209
45167
43667
44458
44250
44375
43541
44208
44083
45042
44375
37583
44125
43792
48667
42042
47042
39250
43917
43709
43042
43666
43750
42917
52667
47708
51958
60125
45167
45792
46667
45875
45375
44500
45667
38959
43792
44542
45417
44125
43458
43708
43708
43375
44334
44959
43542
43250
44375
44250
43542
45584
44167
43875
43625
44000
43209
39042
43500
43708
44500
43625
43916
43166
66167
64875
48542
94583
91250
100417
103583
83125
61500
39625
46417
36833
45208
39500
49375
44583
45292
45167
44791
44417
43708
43583
43667
43000
43750
43250
43833
44792
48167
48833
46834
44292
44667
44833
43417
44041
44125
43666
45666
44042
46125
39584
44916
39208
49125
37541
44042
41959
43584
43625
43916
44167
43542
40958
43792
44250
44041
44958
44250
44667
43916
43291
42958
42917
43666
43459
43458
43542
58250
35083
43459
44500
43458
44250
44709
43583
43750
47667
45666
45291
43667
43750
50958
47041
46458
84208
72958
69875
49667
39417
44042
46833
44833
44209
43667
44750
44625
44500
44125
43375
43625
43625
44125
43541
44416
43542
43500
44292
50792
47916
53709
42041
45500
45209
44041
43667
44709
44709
47959
31625
44916
45458
45125
43875
43708
36709
44042
44541
44583
45625
41083
44333
44250
43584
43875
53959
31916
43500
43584
43625
58958
38833
46875
43959
44084
44250
65042
46833
67083
53417
32250
44208
44167
32875
44625
43708
41125
47125
45125
60959
54709
98792
64292
47084
52333
86584
86833
102542
84083
66458
51667
41333
45708
37334
51375
41375
41417
54042
89375
49167
98125
100708
70083
43458
84833
94042
72375
67042
41209
85333
56500
51833
55042
44125
47250
92166
54125
78916
56583
98292
69375
44125
84291
89333
65792
61042
91334
84667
60834
94208
56666
41333
93208
86250
58291
48708
80125
97875
97250
79291
58917
38375
45333
39667
44375
43833
44042
43750
43917
46709
43584
44375
45709
44208
47708
95584
55291
80958
87542
119208
61292
85625
118625
86000
73209
59125
44416
29959
37833
33292
38208
36208
33500
28583
33833
34500
98250
57417
56750
51083
33542
84334
105250
86416
65750
47209
40292
44875
45709
44708
36875
43875
43583
39333
43667
98250
55708
61292
96958
104666
79583
93417
88792
47458
53917
79791
3656209
3672250
3666208
3657333
3649834
3641208
3631375
4072667
4136666
4130917
4141500
4142625
7055375
95167
77375
90125
122166
105958
58041
42042
39250
44084
51583
93292
90458
61667
65167
112459
106541
101917
92750
83792
76792
95334
86084
75208
63875
48625
36000
20333
23917
21292
22667
21042
24167
26458
23250
23666
23209
25166
25000
71708
73042
64875
50500
42125
45084
44375
44625
44833
44125
87500
51250
48791
40292
50375
39416
44250
49375
62458
97125
84125
63041
41083
44750
44166
44292
46292
44833
44292
43500
43292
44334
45125
38875
43792
43958
44167
43666
43667
43459
38417
43583
43500
43208
44875
44209
44000
44416
44000
44041
45833
65833
46416
74041
63959
43459
48500
37709
44167
45417
44084
43458
46500
45291
48250
56375
92125
81958
55209
101334
172708
153167
130666
104417
85458
62125
38209
45125
40708
44833
47167
44667
44416
43917
44250
44459
45292
43625
43542
43166
44541
44500
43459
43250
43917
43291
39291
49792
44208
43959
38209
43917
43042
43750
44458
43125
43417
43417
43750
42959
43125
43209
39167
47792
61000
85958
88042
87750
67083
44458
39791
44417
46667
43792
44291
44250
44166
44458
43792
44166
44958
43917
44750
46667
40792
48083
45084
43334
43875
43292
43542
43500
43166
43541
44333
43791
44292
43458
43125
44000
43667
58375
63167
62959
37375
46166
40458
44333
36750
44208
45709
38375
54334
40042
45375
43917
44208
44208
43625
43750
44042
52166
44208
44500
46292
44083
39000
43542
47458
43875
43917
43959
43333
42875
43042
43709
53125
66375
89541
75375
53625
41375
45208
45333
45000
44041
39167
43833
47292
44292
38542
45333
44000
44916
43500
44167
44125
43625
43625
43750
43958
44333
52083
42250
48916
44750
44125
43792
44208
43084
42958
46500
44291
43542
71041
42625
56375
41500
45000
38125
43875
44166
43791
37500
43166
44000
44875
40125
39250
44291
43167
44125
62750
45416
43708
43625
44292
43458
43375
44167
44583
44125
40041
41666
42959
43750
43833
43959
46542
45625
70792
100542
108166
88625
80459
60333
38292
45333
39250
44042
44000
43959
43500
43833
53250
34417
44625
43667
44166
43459
35958
46250
45000
44625
43708
43417
43834
43375
43750
44291
43625
43500
43834
44833
44417
44042
43708
44333
43708
43041
43625
44250
47709
53834
34709
45291
43791
43916
45042
43334
43625
43583
43958
43500
43666
44417
77000
58833
35958
44250
44209
44375
44834
44875
30875
59334
52708
44667
44875
44584
55750
42833
45333
44167
43584
43042
44666
57084
45959
45917
46041
44875
44458
43958
44500
43833
38792
42208
46583
48042
37916
41916
44083
43834
47542
96334
49000
50417
95250
102084
82167
61792
39333
45250
44667
44542
44041
44167
44000
44958
44041
43667
43459
43708
43625
43375
43833
43625
44166
44209
44833
43916
43875
49875
75375
46500
93916
82833
61583
40875
43875
44709
44666
43750
44625
44708
44334
44500
44125
44500
44125
45333
43833
43917
44416
39708
44667
43833
43792
44458
42750
43917
44167
43292
43500
43667
43625
43792
43583
45083
44125
43416
43333
44250
43500
53875
30541
43542
39834
44417
44500
43833
43750
43791
43791
44000
46042
44000
45209
43333
43167
44792
42958
43833
44625
44250
44333
43792
43666
45375
45875
42291
46459
43750
43000
46917
45125
43708
43375
43208
64042
58958
38875
45000
45833
45292
45417
44167
39000
44917
40917
43791
44458
49166
44292
44292
44416
44375
43500
44208
43959
44375
44208
44209
43625
43792
43875
52000
31250
45042
45041
43375
43917
73500
75041
70708
41166
45000
38583
44083
44000
43583
43833
43625
43334
44292
44625
44084
43875
43667
39292
43708
44792
43292
44292
44500
43750
44458
43584
43334
53833
53917
69625
48209
85667
73792
68209
47333
39458
44500
53625
44167
43375
44542
43875
44167
44791
44666
43708
44167
43167
43417
43042
44250
44000
44542
43542
43750
43500
49417
69667
60333
41125
46792
38750
48417
45708
47209
47042
39250
44250
43750
44459
43500
43916
44542
38958
41625
45750
44208
43417
42792
54042
34500
45333
45833
43750
43333
43709
46083
43500
43125
45416
45500
44666
43958
44834
42958
42875
54958
31583
45125
43208
43791
44958
43500
46208
51584
95792
76208
54000
31166
44542
44167
43917
44209
43875
43958
43708
43958
43584
44417
43875
31125
43334
43750
43209
43333
43542
43916
44000
43291
43250
43083
43458
43833
43500
43917
43583
43708
44250
47458
53500
66917
42625
54542
93416
72083
50791
40000
45042
45375
45375
44708
43791
43333
43625
44417
43333
43375
43958
43250
44333
43750
48542
40125
43042
43625
44375
30750
44167
43084
43459
43458
63542
39417
49041
93750
94833
72667
50209
39333
44583
44375
43750
39208
43167
43625
44791
44125
43791
43750
44500
44250
43792
43625
44333
43250
44042
44833
55959
37334
44792
43667
44333
43625
43584
44333
43291
43666
45875
44125
46583
43833
46792
49583
45167
47750
67291
52250
54375
85083
78292
59209
36917
44500
45750
83542
60542
88750
86583
65084
41375
45166
45084
45666
44666
44083
44083
44541
44208
43666
43167
43666
43459
43792
43625
43666
43792
44667
43959
44584
44167
43959
43667
43709
44125
46791
72958
54083
86792
83208
53500
41125
44041
44375
39625
51000
40625
45125
44666
43542
51583
47250
57333
73583
79750
91667
94875
75792
53625
30958
44333
44208
44167
44583
43625
44209
46542
92958
56541
36958
44334
45292
44417
45750
44250
44041
43750
43500
43833
44792
44375
43500
44625
44334
43875
43750
43791
43541
44041
43833
44500
44209
56250
60500
43459
95333
74041
51000
44000
47125
54916
31042
44750
44291
47792
43792
43917
44375
44375
43667
44084
44459
43625
44291
43584
44000
43375
44625
51625
37375
44375
43834
43916
43917
44541
44000
45167
43667
44708
42916
43625
43375
44083
51375
39458
44375
46250
44917
43583
44500
43541
58000
81959
75125
51375
49417
36750
91875
54917
91208
76333
65250
86125
86792
44750
55750
95750
58583
41167
44416
45541
46125
44208
47959
52959
91875
55125
58500
94958
79042
52500
92791
92125
87500
66833
44750
52334
88916
58625
88000
50750
41959
45792
40292
52458
94875
77500
54625
40875
82291
55458
49791
62583
49083
103792
105084
73250
51917
31334
44666
44625
43916
45125
44750
44000
44125
43583
43916
43458
43667
43750
43541
44250
44542
43500
44584
53708
75584
70500
90584
85042
64875
41792
45375
46375
55875
75417
91541
65584
95125
88958
60709
33041
47833
47250
61375
91209
93666
95709
75541
56000
34209
45417
45208
43542
43208
43791
43959
47667
95750
87791
66042
44375
44875
47208
103416
53084
54625
56833
62750
99750
92792
71000
49417
40042
44875
44458
43625
44042
44666
44084
44292
44375
44208
43833
44125
45834
55292
89833
145292
74917
48833
38417
51750
89459
53583
97000
57167
29375
27750
64750
42625
46875
107500
119083
58125
96750
94042
110417
91542
69333
46209
48958
38208
44875
44875
46000
45333
45292
44000
43875
43833
44625
45708
44209
43417
45917
44292
38667
91958
61208
86583
57333
87334
88583
108625
48166
81708
76459
68833
61167
30750
34417
29417
23917
13625
35583
50875
89417
95333
91083
106916
88833
59917
42917
88125
63667
45250
92667
65542
71375
64125
52750
51167
43875
33666
17875
25959
25791
16500
23833
16458
22833
23833
20500
18459
21292
30625
30250
23250
26875
22750
26791
22000
32250
30000
19625
48125
83083
94041
110125
105833
68167
105875
62083
95417
101750
120958
101208
78958
55583
38500
48334
48291
58959
91459
64208
59958
101125
37458
29166
17875
26750
26042
37375
66084
67167
91334
73291
48500
59750
100333
62209
44792
46959
41208
44583
45750
45042
40958
42125
44333
44125
42708
55000
35292
45584
43208
49625
41125
41125
44458
44917
45834
47833
67708
69042
92000
63417
47916
46708
47542
46583
94875
63417
55292
89000
60000
43708
46291
46625
46833
48625
43250
46500
46542
46167
45834
45833
45250
46083
97208
63542
44541
58584
47583
70250
74333
87958
79000
68584
56416
73959
64250
55292
47625
71167
64000
82708
56792
71000
96667
96959
60917
61375
35291
34125
55625
48833
30917
17167
12917
84125
100375
79583
97375
58125
43792
62333
96625
90375
78750
102083
87708
65708
45416
32209
49667
61834
42375
47125
96917
59750
39792
47375
79625
82250
63708
34167
46709
46208
45958
46042
45542
45584
45750
45750
46042
47250
95625
92209
69292
47583
47125
46334
47125
46208
45958
45750
46459
47583
45917
45667
44791
45625
45666
68041
44250
45583
41375
55000
46541
48208
46709
46417
47083
45750
46125
46375
46208
45917
46292
42666
46875
46417
46209
41333
47292
46625
46542
45792
46125
53500
46542
45500
46375
45875
45042
46292
46292
45000
46666
46458
45416
46375
45625
45750
45625
46625
45042
46208
45958
45417
45667
59167
41375
49417
48792
46167
45292
46416
45333
45916
45208
46334
46625
55083
37375
47042
47458
54875
46500
46583
46000
45458
45667
46584
46542
45917
46791
46708
46500
57125
46834
46666
45417
46125
45875
46375
46541
46125
52875
51625
47000
46125
45542
45625
46667
45417
45584
45875
45834
46417
47042
45291
46750
45625
45250
45584
46125
45625
45500
46500
60709
35709
45709
45708
46375
45417
45833
45958
48000
46417
46292
45542
50875
46792
49416
52292
34292
46042
46167
51125
47375
46166
46958
45375
45209
45959
45750
45791
46125
47125
49500
51292
46292
48750
48708
46042
45875
41875
52125
42417
46000
46000
47750
50375
46625
45458
44875
45542
45625
45959
46416
46292
46291
46167
45500
45625
46083
45542
46083
48042
56833
40042
29042
33375
30208
28584
29042
27667
29041
27500
27375
27292
27541
25042
29000
29166
23709
27500
26792
27583
27375
27125
26834
27375
27291
28208
26958
31750
30291
27292
27291
27500
26625
27167
27334
26833
27125
27250
26833
27167
26625
23834
23334
30333
26000
27417
27667
27125
27000
31209
18792
26708
28250
27166
27000
27125
27042
26917
27375
27041
29916
27916
30125
30709
27875
27417
30083
56917
33250
47667
41042
46708
46500
46500
45500
46541
45917
46667
47292
46708
46333
46791
46500
45958
55583
46791
54041
46625
45792
46417
45625
45375
45916
46084
45625
45375
46208
46542
45583
45709
54500
38042
49667
48792
46750
47500
40958
49000
44458
46083
48542
46625
44791
46500
45333
45125
47000
49750
47125
46041
46041
45000
46250
45667
45708
45459
46250
46625
45834
75292
41708
47084
45666
71875
67166
43292
47334
47750
47708
46917
47958
46875
53542
39375
46792
47000
46000
48208
42000
41541
22042
20625
21625
20125
20791
21084
18500
18834
20458
26125
19542
19167
18542
18417
18792
18667
27834
13292
21375
20125
19083
18750
18708
18375
18666
18584
18709
18541
18750
18583
18792
18833
18375
18708
18834
18416
18500
87625
91709
62375
97958
70750
61667
49417
47125
45833
47834
46084
88250
77250
54958
43250
63167
33708
46167
46708
46250
45500
46000
96834
49625
38083
47958
48584
93834
53167
40875
45916
46917
92833
64375
44333
45750
47125
49166
49583
61917
50708
46709
45459
46625
46125
45583
46042
46583
45500
45792
58583
111916
93917
58042
37041
47333
46833
46458
45583
45500
45875
45625
46541
46167
47209
45709
45708
46083
46416
46833
46000
97125
101334
81416
60500
44958
63709
64917
93458
86916
64042
40708
46583
46458
46292
46125
74041
95292
99333
74875
49875
77708
73750
56375
37208
85708
110458
90208
66125
37750
46875
46458
46666
46625
50417
46583
50625
39875
47208
47208
34917
45709
46833
46458
45833
45959
49084
43958
49708
48125
46958
46666
47959
60584
66333
58541
50625
78542
58333
50333
91125
94334
70041
36334
46500
46250
46250
46750
46542
46291
45667
46042
46750
46000
45791
45833
45834
46333
45958
45792
45334
45125
90459
102333
82417
52583
42375
88709
98167
51000
91458
95333
72458
88458
56042
39917
47167
41292
46959
46750
48292
76875
91375
55792
41833
46125
46750
47458
46250
48083
46291
46167
45917
45917
46125
45708
46291
44792
46125
47458
45583
46041
45334
45667
46375
50834
51000
36375
47584
52583
40542
46125
46000
46042
55000
47083
45459
46334
46334
40042
49666
47041
45334
48167
46083
45583
45500
45708
45500
46083
45417
45458
45666
45667
41334
46917
46042
46167
46083
45958
45708
48000
46375
45416
45708
46333
45250
45333
46416
46333
46250
46334
46208
62042
37834
46333
45875
60000
34458
46042
62208
56959
41625
46292
50750
55291
44541
47458
46709
46041
46625
46042
46875
45625
46042
46875
46541
46208
46667
46125
46584
45791
46166
46125
45542
46584
46084
46292
46083
46500
46000
85958
56209
53416
55750
100083
66750
64333
86792
99792
79833
50333
49250
71417
73792
65875
55375
62208
68584
61875
41958
90875
90375
64833
56167
34458
45958
94542
95958
71458
50875
31375
57000
40750
45541
46833
46333
47208
46209
45583
46042
45167
46459
47166
45958
46125
45542
46500
95458
108875
89791
67583
45917
47459
46791
46417
46625
98417
56791
40000
44750
51875
47792
47292
93041
53208
49666
96916
65041
41584
47375
94792
55542
52459
85292
95667
98292
77209
55250
33667
46250
46750
46000
45875
45875
45708
45917
47458
45792
45958
40625
46750
45708
46292
45917
45583
47084
44625
45834
96375
102667
84041
89792
91625
71458
51375
40958
46917
48042
41833
46458
46208
46542
46083
46792
45916
46333
45958
45167
44875
45791
45250
46250
45833
44416
47167
46542
46667
93416
47792
52667
53708
54250
95875
56250
37000
46459
47458
55792
40500
52167
46167
47958
47625
47000
45750
45542
45917
45042
45916
46667
45083
47458
46542
45834
45292
46583
45959
85875
83709
47625
48750
39209
97708
103125
81791
58166
82625
73791
50083
50625
90208
64500
55959
93625
80917
54750
93583
56625
94208
83625
60125
37708
46333
45959
44916
46792
45667
45583
46500
59750
48916
41958
46958
49791
43750
47083
45791
46750
41208
47083
46916
46292
45542
46250
45416
45834
46958
60709
49125
47250
47334
46500
45917
46708
45917
46041
45667
46500
54125
38125
45833
46834
45791
45667
46542
46250
46042
45833
56709
44833
46542
46292
46125
45791
45917
45334
46375
46375
46042
47750
47292
47042
46125
47166
51750
48125
56291
43167
45834
48417
46500
48834
51042
33208
27708
27667
27625
27583
27084
27709
29958
50625
48042
48709
46959
45750
46417
46041
56542
71667
73166
55000
52375
62208
89791
48375
53750
50667
57334
89792
61541
47916
67417
87542
89875
54208
67042
37667
47041
53166
82625
71583
59166
67666
56375
98500
87833
62583
89792
55875
42583
52709
78500
98667
58208
50833
91958
72708
50500
46833
90375
100416
93875
89167
88917
46458
53417
100250
115625
96041
53250
84625
54583
56041
93875
96708
70791
58166
88250
69833
42916
46542
46709
86958
56917
77667
90959
64625
51000
90208
114666
38250
52875
37292
51500
38833
46083
46500
46625
46833
47666
67208
95291
83125
59500
53917
73458
41125
64125
97458
81209
56541
58958
67875
52416
74292
55041
48750
52208
42250
46292
45958
46750
46208
46292
45583
46292
45833
46541
54875
92333
99959
76083
51083
42167
46334
47209
46834
45458
51791
46125
46708
46208
45958
45917
46167
46334
45792
45791
46500
45542
46625
52208
49833
46208
72541
51458
64375
73500
54875
47167
45833
64125
59416
54333
57792
86125
64375
90833
57583
31917
47250
47416
46291
46875
46917
71042
63209
41042
45917
45708
44458
46792
85875
71750
48417
54083
94375
53291
54542
40833
46167
87208
77625
54416
43292
99042
92416
73042
45875
45417
46125
58125
94333
77958
52375
76542
55958
41958
45958
45500
46667
46500
45625
45833
45959
45875
46250
46542
45625
46250
45417
46333
81709
71584
58166
51250
56208
74916
63542
54167
58625
51250
45541
44958
44000
44208
72292
96917
78209
75459
80666
61958
38625
46042
47000
55125
47791
69833
57709
53000
47417
86042
80667
53708
91875
94625
74208
52708
31791
44167
44750
49417
55042
56208
90625
141166
115208
99583
102959
80625
57833
33500
47458
46583
50250
59458
51334
40209
44667
43542
47875
60375
94708
100792
80667
58625
37667
44750
43791
44625
44333
56208
63000
35542
44916
45000
72875
45291
46000
45875
59125
85250
56416
36083
44416
44834
44125
77917
50750
39625
52458
98125
93542
57625
90458
47875
46791
52834
72500
51667
85167
52458
39834
46000
47125
85250
50083
58916
54041
55417
47333
40250
46333
45625
46083
46500
46125
46041
46375
45875
47708
45542
60917
42000
33250
24125
93208
73834
46458
62209
50375
68042
32375
33791
25250
15958
15792
17584
12917
15625
16292
15333
15625
15834
15541
15875
52583
40542
41000
108417
57375
38583
49334
56709
52375
44417
94500
49375
90292
101625
82792
68791
52125
72500
72041
53542
80542
62042
43667
46500
45875
45666
45625
46209
42291
48833
67833
49416
93708
57250
55542
93834
59333
49958
46292
45667
45625
46250
45708
46375
46542
85459
57625
51375
99000
88709
67167
42500
46625
52583
39708
44125
43917
44625
43667
44875
47292
50958
73292
88916
96416
73667
50084
50000
36042
46667
46791
45791
46417
45375
46583
45792
45792
47292
80250
60833
73083
48584
69667
75791
47000
46584
55209
26583
16458
19000
18500
26916
17792
95209
65375
40875
52250
47666
94459
73875
50542
46250
71167
56500
47125
51708
49583
89041
86875
61959
76792
60000
62333
47958
45667
31583
55583
51708
53459
61625
87042
51583
71666
52000
53208
73875
82041
96500
82709
74292
47292
92500
94333
50791
47250
45750
40583
44375
85708
59083
84583
78666
63667
51000
30667
50500
82583
49292
47458
41542
48083
36666
47083
46041
45708
46000
47041
88375
84875
55542
63292
58875
49500
83583
50417
39833
49375
85167
57084
31209
44291
43709
44125
43750
44500
44375
43583
44042
43541
44500
43416
43167
43750
43833
42917
43125
43750
43916
51875
64917
79500
57125
37208
45000
41542
54125
32416
40833
44958
52708
49500
87041
89417
74625
53291
56458
50583
46958
46417
89250
67333
43875
46917
46334
46125
46500
45875
46833
46167
45667
46208
46250
64250
51667
46792
58083
51458
46833
100792
100625
49125
57125
86375
63208
38250
46584
47334
96583
91125
69375
61708
43417
50958
38166
43959
44666
53833
39500
43750
44250
44375
44334
70209
48000
33666
86875
77208
54833
75250
56125
60791
87958
48084
51958
89875
76041
49750
88334
48958
57000
78750
68375
68792
49875
97291
50000
52584
71708
62584
73417
56917
65459
57042
89667
96209
53417
35083
43917
44542
45666
44666
44791
39250
46708
52375
49000
49291
55209
49708
92333
91875
67167
68208
91333
81083
57708
34500
47125
52500
38416
55125
41375
58708
45750
46250
46125
46167
45458
46000
46250
45667
46000
45750
47792
46250
45875
45333
50417
46625
46709
80500
27209
54750
53416
68958
48458
54833
44166
44708
83375
77167
63917
42458
44542
44833
90416
83459
94250
96167
77500
60000
43041
46500
38500
44708
39167
43375
39167
42083
65084
86792
92167
100000
83875
86333
97375
94041
68625
88500
99209
131375
112750
92167
71041
48083
48958
42041
45916
45750
46584
48292
89791
32833
37708
31583
25708
18500
16417
18000
14708
98083
71834
64667
44917
47000
46875
94042
90333
49083
44209
98208
110625
90917
55083
43167
45583
47208
76833
95708
111500
94166
72167
52459
33666
94125
99250
83833
78542
74000
99042
84625
97625
86959
76166
59708
89584
103666
105375
138083
119250
99125
77417
54041
93541
93584
96083
116167
98959
86292
53208
42542
96292
94292
88500
90917
58834
95041
97666
78167
57459
48708
73000
100083
96917
57209
40208
46417
47125
47542
46209
46334
54500
49917
47500
49250
47875
46416
45833
47042
45750
45750
46291
54375
62750
59375
58250
71083
62459
41125
46584
59042
54917
69291
55417
83334
85375
66125
46083
39125
45750
37833
53541
55375
44708
48208
40000
43958
44959
37791
44250
44042
42791
43792
41458
43916
44042
44583
43083
44541
44250
43833
43000
43792
44000
43958
44291
44250
45125
50291
37041
44375
44750
44041
43458
44209
43958
43917
44458
60291
40791
43917
50209
40125
44125
43000
43708
43708
44042
42833
45166
44417
44959
45292
43417
44292
44208
44167
45083
43959
43542
44042
47125
47834
37917
44084
43958
48917
45000
44125
44333
43791
44250
43708
43917
44417
44334
39125
44166
45458
44083
38250
43542
43833
43875
43666
43083
43583
38917
44208
43875
43583
43542
46000
38417
43708
44667
47166
50083
51667
33375
43833
32083
43750
39125
43625
44334
36792
44000
43666
43125
38666
41333
36833
44084
44125
44208
46458
39625
43750
44334
44000
43958
43916
43708
59125
40125
44042
44958
69542
78291
71584
57958
39625
44084
39875
44625
45917
44125
44625
43917
39375
44541
44583
65708
77042
60417
40959
44875
43834
34084
44416
38292
43958
45583
44167
44667
39083
43792
45666
39667
43375
43542
45208
44667
43625
44916
44292
44500
43958
43958
44209
44208
56417
39125
43750
43792
44500
43500
44084
43500
45083
42417
43250
44292
43958
57917
39750
44667
43500
43791
44416
44666
43167
43584
55625
74250
59375
34500
43875
44834
37250
43791
38125
43875
44750
44666
84875
93292
77291
60125
38791
39292
96958
76959
78500
81875
78459
56958
77750
79541
98708
66250
47084
88375
96917
77917
58458
38792
44958
39375
44792
45708
44625
44625
44250
44458
44167
36708
42708
38959
44000
35292
44792
39125
44166
44834
44041
44083
43375
43875
44542
44291
44459
44125
43667
43833
44542
44208
44125
44375
43584
40250
44875
54917
45292
43291
50459
37167
44292
43792
43042
44083
44625
44834
44333
44000
43875
43167
43834
44417
43625
39375
44375
44750
50250
39959
43500
57708
38125
44041
44542
83083
75542
69417
92500
91750
79459
92083
61125
109166
102250
98458
95292
82917
66125
62667
68375
95792
90000
64125
59042
54625
98958
73083
25875
101250
47459
51417
69125
82333
74792
94792
113625
58208
91541
92792
47583
34042
58667
43459
59042
122333
37375
67583
37375
41041
61667
76541
115791
83541
66292
47875
85333
78541
76084
81875
61708
45084
38417
44916
39583
44083
45958
45750
45792
44542
45709
46083
52125
38958
44291
44875
44584
49250
48583
64250
55834
87542
107416
102500
94833
33875
25042
88292
31958
86125
122000
110208
91959
96292
84625
125833
100125
99334
97959
50792
88542
63917
69958
64292
90750
58791
39542
88208
103166
96542
81250
100583
98416
97708
66041
100917
88750
66083
102375
94041
99041
58167
99458
95833
90917
64666
77792
96250
103917
83708
61959
39583
45166
81083
89417
88584
107917
85291
83417
89000
101667
80459
57292
33917
45041
46042
44917
42791
38334
45917
49084
40666
45250
39125
44625
45375
45000
45458
44875
44708
45250
44875
44458
44250
45000
44167
45292
35625
46458
45583
44750
44667
43875
44667
43917
44416
44167
44208
44042
43458
44041
43750
44917
47041
47709
41000
47125
38375
44667
45666
45000
44625
44000
44875
44750
49208
38750
44041
44959
44709
43834
44416
44958
44500
44958
44750
45791
45375
44458
47084
47000
44042
43625
44333
45125
44583
44792
45250
46250
43458
44083
46500
44917
45750
43959
44541
43750
47959
49917
34542
42292
43250
46333
48375
52959
32625
44125
48542
45167
43458
28250
31541
31666
31500
32417
23125
27959
30709
25541
29208
25250
28667
23167
26041
27291
28875
32958
29792
31042
31000
30833
31167
21125
28250
27167
27667
28667
28875
30500
29500
31209
22500
29417
30500
23750
28792
31917
26291
27750
23000
29084
27791
28625
24042
27000
28416
26708
28292
27583
27125
25250
29333
28584
27375
29083
28583
26083
29459
27541
28708
26208
27750
29583
27708
22666
28625
29959
24750
28667
29291
28083
28459
28625
27041
27709
30750
28667
22375
28333
24917
27541
21833
25292
26583
24250
23041
21875
24375
23791
24084
27958
27667
27042
23916
24417
27834
27250
17583
23250
18958
20167
23417
23333
19041
21084
24083
27542
28375
28041
28042
27625
19333
24084
26209
27125
27167
23583
24083
24250
24500
28167
27541
27667
27791
27542
27709
27458
24708
24542
24417
23333
24625
23250
23833
32042
25958
25750
25958
25125
24250
26125
26125
25667
19958
26459
20917
25334
28958
29083
23083
23625
23250
24250
24625
23000
24166
24666
27000
26959
24667
27750
27583
25416
24292
27209
27208
27417
25709
24125
27041
19875
27625
18959
23750
27166
21334
26500
19459
24125
26750
24167
23208
25083
27709
27792
27583
27791
24083
24083
28167
27917
24417
24167
24000
24292
23083
23792
21959
23750
26084
19500
27042
20958
20875
24667
26667
26375
27125
26833
26583
26875
19584
21542
25750
23708
24750
28000
29083
29250
25667
21041
24500
26833
19917
24042
27084
18958
25333
15833
26208
25291
21584
24500
24542
24375
24917
24500
27375
25166
22291
23417
25416
23667
19667
24333
24292
20000
23125
25000
27917
28083
27833
26750
27250
22666
23750
26709
18792
26375
25667
18375
24334
26542
27125
24709
27209
24750
27250
16583
24250
21459
23708
22666
24458
26833
27125
26583
24334
28583
27167
20458
23833
26583
27542
24375
22500
22833
22542
22667
23125
23208
22792
23375
23792
24167
23459
22584
27417
91458
114625
63584
107000
101750
107333
88292
66000
84500
57584
97375
83958
96625
104500
91667
105125
116834
96459
74792
93917
105208
88166
69708
90791
64875
78417
107292
79125
103125
87792
70250
51667
31708
47542
41542
51416
48917
33250
46750
39542
43667
43834
49167
630666
615041
594334
573708
552500
531042
506291
484958
462459
441750
420792
398542
463916
445334
424042
401625
379708
345417
324375
294916
273333
251667
229292
211792
190917
168209
144875
112916
87458
63208
41833
60125
41334
51083
42750
47583
49042
50250
68000
39500
43083
37917
45708
40083
44333
46292
37250
45209
50417
39333
46875
38209
44333
45250
44917
45667
46542
46792
44875
45833
46000
45833
45292
44000
46000
44375
44083
44500
44667
45375
45000
44458
45416
46750
39667
47459
48334
31375
39042
38708
39250
38583
38250
39625
39000
44750
43500
40000
40625
100958
56750
98750
69583
81000
98958
89291
82709
64583
45375
55125
50000
35416
45416
37834
44250
100750
101417
53792
89375
98666
125959
105875
85000
65333
44792
46667
40208
46791
47208
47333
58875
42125
48041
48333
49708
47459
46791
46333
49334
41375
46208
45458
46417
46750
45417
46291
46541
46041
47042
46583
47000
47834
45667
41750
51334
49708
35334
46625
46292
46084
47333
45292
39167
46750
40084
46292
46583
45291
49500
41041
46000
46083
56292
48500
47542
45208
45000
45542
45459
45500
46084
46417
45625
46375
46333
47709
50709
34958
29917
25541
27875
27708
28000
27667
27500
27875
27459
27291
33167
28500
27792
28417
35375
22625
27208
24875
26833
26958
26834
27084
27209
30750
27209
27000
27334
27542
27708
27209
27250
27333
27375
27500
27209
27209
27375
27458
27375
27250
27916
27875
23458
27333
26750
27667
26833
27708
26792
28041
28000
27458
27167
26959
27042
40375
25750
23583
27292
27083
27667
27708
27709
27750
27583
27541
27292
27334
28250
27625
27125
27083
26667
27125
27375
26917
27417
26375
27291
29625
23417
26792
23708
23375
23750
32542
21834
23375
23625
23291
23708
23750
23541
23875
23625
26917
24208
24125
24250
24375
21583
23250
23250
23708
23417
23667
23500
23458
23333
23375
23291
23833
23792
24959
22917
23667
23750
23750
23875
24084
23625
23625
23250
23792
23792
23458
23625
24125
31667
21000
25167
20292
23959
25834
20708
32833
21750
23250
23583
25583
20583
23666
23833
23583
24167
25083
20209
23417
23750
23750
23667
23417
23292
23250
24000
20375
25917
19792
23500
20708
20875
25917
18083
24083
21834
24166
25041
22375
23500
23417
24000
23792
23500
20000
23500
23917
23583
25375
21375
23334
27917
25791
24583
25709
24166
26875
20458
23667
25583
19500
23625
23708
23459
22750
23875
23834
23542
23750
23958
20500
23666
23750
24000
23209
35208
28792
20167
23375
23500
24000
23834
72042
86625
91625
98958
79417
51625
94375
95167
100458
64208
59292
73667
100375
53208
100083
104250
79333
79541
86000
77084
70667
89834
88459
99875
115542
95083
73875
52042
42708
47500
41875
46334
47708
46416
46500
47292
39375
45625
46084
46708
53583
59417
38333
48292
50125
52584
39333
95000
91417
70834
49000
40334
46500
41084
46625
40625
46708
46584
48917
85000
88916
53875
74917
48000
49417
43708
46042
46792
45458
47417
39708
45709
45958
46417
45750
46083
46167
46666
40458
45458
47250
39042
46625
41750
46500
40583
45917
45750
45417
45875
46416
45292
46708
45833
45750
46584
45875
64959
51292
51666
49042
49708
50625
48041
47000
45875
45875
46042
46709
46083
45917
86333
86750
66000
44625
47042
63166
33375
46291
47125
41000
45417
46208
46333
46166
45667
47250
46500
46334
45334
46333
45584
47083
46291
44667
46000
45167
45542
46125
46333
45500
45583
45583
45042
46125
45667
46125
45791
45292
46542
41209
61458
38000
46625
46833
45500
52625
47792
45958
46459
46375
45959
45958
46541
45375
47375
60250
38958
45542
45375
46125
46083
45833
46167
45958
45500
45625
45875
45458
46167
45500
45750
47708
45792
46125
45708
45167
46250
59208
38292
45000
45792
47459
45750
55042
42625
46458
46250
48542
45750
34125
46250
46375
46875
45375
46541
51917
47125
46542
45917
46625
46916
46708
46958
53875
48416
49625
63750
75500
82333
62375
46667
42167
45125
39542
44459
53917
36500
46833
42125
43917
49458
46292
39042
43625
38750
43667
50750
40417
43416
45083
38250
47750
50208
44917
43958
64917
45333
46166
71500
49333
40917
48000
46625
43458
40792
44000
38750
45583
39625
44459
46667
44375
147542
103584
192584
178958
128584
102792
80792
59791
145875
123292
99750
77959
55417
34250
111417
83375
61875
39333
46208
37875
43709
31667
49083
50209
39875
43917
34209
43791
38542
44250
45291
39625
39708
45708
44208
45834
45208
44875
44291
44500
39833
43792
45250
37250
44333
45208
44459
44209
44833
45125
55375
34834
43208
44208
43958
44791
48792
44291
43292
43959
45458
44959
44042
44209
44459
44125
43917
43625
43791
43750
45250
44166
44417
43667
43584
43375
43541
54625
45042
48292
37583
43708
44042
43875
47750
39917
43666
52375
45875
39166
43792
44916
44667
44042
44167
48709
43917
44333
43917
43833
43708
43583
43500
45875
39875
39167
26084
26709
22416
25708
26750
27166
28958
22416
30542
30125
26959
26209
26959
22167
38625
27084
37167
29709
34833
34791
35667
31541
54125
32917
45166
45666
44584
44458
44958
44000
44000
44833
44667
44667
44833
49292
38209
45041
30916
43833
47750
40417
44292
49250
38542
44125
35125
36458
44500
45958
45416
45167
44583
45083
44041
43917
44459
44416
49833
40250
44583
43791
44375
45750
48417
40042
43667
44917
42708
44292
45375
48958
45625
47375
46708
45000
44000
49250
32708
44625
62542
65625
41000
46334
64125
47291
39375
45458
45542
47083
38416
45375
44459
38708
27375
34750
32125
32541
22875
28208
26166
28750
25083
28708
18834
44459
34667
20000
30542
26958
16084
23916
36750
39958
30792
21458
18625
21041
22917
23334
14459
19708
14000
32791
35042
28250
27042
29834
21917
15375
18917
18875
19500
27541
15417
18750
26792
26292
17875
21083
16208
19084
20375
19167
19500
19000
18750
19042
89709
129750
118750
70875
92333
79958
35292
51042
47916
32500
47542
49542
47292
42458
46083
41042
44458
38458
45417
46792
39166
44750
40000
43958
39167
44416
44459
47917
38792
46834
39417
49333
58958
60667
36792
27917
37084
26125
33833
27708
36625
37125
25833
35542
31041
34667
31209
37000
24750
34459
36875
31459
29292
29833
36750
36791
26916
63416
42084
40625
30292
21208
18167
20500
18125
20750
17042
20167
21625
21458
21375
13875
20125
20000
17583
21000
13750
21958
14917
20917
17917
21292
17791
20084
16958
20750
13375
20125
17042
20458
21167
23541
17459
18583
16917
31584
22458
15584
20083
13625
20333
18500
20166
17250
21125
20250
20834
18792
21042
19125
20667
19792
21125
23291
19500
20917
19042
17208
17917
45625
22791
24958
24291
63791
54250
41917
30541
29125
19500
26375
22625
26834
23959
22417
27583
25917
28334
24792
28958
26250
28333
21875
97458
50958
42417
45167
37750
95625
101000
113250
95541
75041
54125
34834
44750
38667
44792
41083
45041
48334
38958
43875
45917
47708
80875
79375
59625
40167
47625
39708
43917
40125
44083
44292
39167
44375
44667
44000
44417
44875
44542
39667
44917
41833
44333
43750
44334
39250
50333
47291
31583
46042
47250
38583
44250
53458
32333
44250
44167
44834
44708
44875
43375
49416
46375
45459
46584
38542
45125
44209
44917
46000
43625
43875
49333
37709
44292
40208
43875
44833
46041
46958
40625
24958
26917
23208
26167
22958
26000
27584
27459
26000
27084
23500
25875
27834
55417
68833
77333
99375
129500
112917
94417
77000
55000
83208
69959
57584
80125
60875
91584
63584
100958
85000
92042
99292
95959
84334
66166
47959
43250
91750
94625
97708
98250
56792
35166
46917
42375
81083
62250
66375
59333
94750
83042
62416
99458
72459
63916
66292
91458
92292
73958
99959
75959
58875
64959
89583
98000
93333
91458
97542
108542
88750
68041
47500
42208
46708
47834
40750
46416
46625
46583
40708
47459
45750
46792
46208
46500
45500
46250
45750
46500
46959
47333
47000
45500
46042
46291
46334
46125
46542
45458
46750
46583
46833
45792
48167
46333
46458
45750
46000
46500
45833
46250
46667
46000
46458
46666
46458
46167
46666
45917
46500
45709
40958
46875
46834
46166
45708
45625
45958
45541
46708
40541
46625
46166
46000
46209
45750
45958
46042
45542
46666
46041
46292
46375
45375
46500
45875
45542
44416
45208
45333
45334
65083
43333
47417
49916
49417
49834
40500
27917
28250
28042
28041
27875
23583
27750
28167
28000
29500
22958
27292
27125
27250
27084
27250
27125
27125
27709
23750
27166
27584
27000
27083
27417
27083
26875
31166
27250
27125
24041
27208
27375
27417
27000
27375
26958
27625
27333
27417
27375
27417
27791
27625
27417
27416
27833
27125
27417
27000
27000
27167
26958
27417
23833
26958
27000
26791
27042
27250
38292
29875
24125
27500
27709
27916
28292
27833
27583
27250
27333
27250
27541
22041
34917
22417
27917
27459
29125
27458
18666
23416
23750
23500
23375
23750
19958
23416
23500
23500
23500
23500
23792
25625
17875
23458
23958
23833
23334
23792
26209
19542
23375
23375
23292
23916
23333
23500
23375
23542
23458
23667
23667
23750
24208
24208
23458
23375
23458
23375
23500
23500
23667
23917
24042
38583
28042
20084
23542
24458
24292
24083
24166
23916
23458
23833
24166
24250
24708
23542
23666
24084
24500
24291
20167
23500
24958
23375
23542
23625
23416
24125
28000
16458
23292
23709
23000
23541
24750
24208
20250
23500
23542
23500
23625
26291
20667
23459
23500
23834
24667
20208
23291
23417
24459
23750
23709
19667
24125
23666
24667
24125
23541
23584
23500
23458
23375
24500
24125
23833
23375
23750
23458
19791
23208
23583
23666
24208
24209
24375
24125
24167
23708
23584
23750
24292
24125
24250
24333
24041
24125
24292
24125
23459
23500
23375
23500
23834
24292
23959
23708
23833
25375
20583
23417
23666
23542
32542
29708
18000
23250
23542
23792
19834
23500
27750
16833
23166
34375
23542
23167
23834
23500
23333
23458
23708
23917
23500
23667
23416
23667
23500
23625
23708
24375
23708
23666
23542
19750
23875
23791
24084
24083
24083
24042
22792
23667
23833
23917
24583
24333
24083
24583
24208
24291
24208
23500
23792
23834
23625
23500
23291
23917
23625
23292
23875
23834
23042
23375
23333
23292
31333
23500
23459
23625
23375
23417
23583
24041
24375
24167
24250
24375
32292
21166
23416
23792
23750
19417
23917
23667
23209
23625
23833
23500
24208
23792
23333
19875
23167
23750
24750
24334
24084
23917
23625
38208
27209
20333
23333
23500
23541
23291
37291
26875
20916
23709
23625
23750
23375
23375
23375
23584
23542
23500
23625
23958
23458
23792
70375
87584
89375
70416
92875
98667
100625
73500
49417
71875
47458
30667
88292
55125
90084
85583
87208
101292
81209
76250
96292
93583
81042
65417
44292
82083
95375
95000
99833
86209
93125
91083
91417
64416
92792
81625
76042
55375
34125
47041
47708
41167
45792
45708
46541
46542
45833
45375
45875
45291
46333
45417
46000
45417
45791
44750
41292
47416
43334
59375
92792
99125
116041
96500
75959
87875
82292
83917
81417
88083
56167
48000
77750
60042
92583
64042
92875
90041
60667
73958
57208
72875
85625
63334
40083
44167
39500
43541
38958
43917
48833
44917
40791
46125
44291
43875
44291
44042
44459
44208
39125
45375
45708
43834
43958
79500
68416
44542
39334
79958
85250
92959
74584
54458
34917
45042
39083
44750
45458
45334
44000
46833
44167
44917
44417
44667
38584
44125
44500
80625
71250
50875
41792
44625
46209
40250
42417
45083
45084
49750
43750
39166
44667
40125
44041
39625
43459
37959
43833
45333
45000
42125
48166
39875
44167
44042
43292
45125
44250
42125
44417
43792
45583
45500
52417
32041
50792
45958
44750
48541
42958
44542
43916
45208
76750
55875
83167
57666
57333
40542
44458
54959
79875
95584
95000
105875
88667
68875
49458
40167
44875
38666
43250
44167
77625
70416
62792
65125
90459
98500
92709
99042
79708
59833
96333
72834
85916
94875
56917
93875
95042
64375
47875
85208
75625
63000
83542
62333
44667
38416
49208
38542
44209
38000
44458
38916
44875
45084
37375
43291
38500
43584
45709
39792
43208
45250
93834
104750
87000
66084
46167
37791
44333
45584
38750
44084
45750
44792
55625
37083
43791
45541
47000
44584
44875
37125
43458
45166
44084
44542
44292
44417
43667
43375
43500
44000
44000
44250
44208
44250
44083
44000
44375
49708
39917
43750
45209
43959
35334
44459
44375
44208
44625
45792
48750
37500
43667
44417
44041
43541
43958
44500
47000
44000
43292
44833
44375
44625
43292
43666
59167
91250
91667
72167
52542
31916
45083
39334
41250
44125
44542
37500
43959
44125
44750
44500
44167
44500
43667
44333
45167
36708
49458
35042
45542
45333
44333
44166
44125
43709
43875
44083
44750
43834
44292
41917
47375
31167
43708
43625
43542
56542
62625
40583
49750
31958
44542
48625
47959
36000
44208
45125
44000
44334
44042
45334
44208
39125
52167
35875
45000
44834
39208
43917
44250
40875
44625
43916
43834
44375
44583
44209
44208
43208
43792
54583
38958
45083
45875
80917
74459
55250
36083
45334
45625
54458
82833
87042
68709
48542
39541
44375
45875
38209
44625
44583
45500
44125
44834
44167
42041
47000
38208
44292
44625
47250
39750
43708
52375
35167
43708
37333
45542
44334
44167
44166
43792
43834
43834
70250
38792
45709
39167
44792
44917
45042
45375
37792
43500
44125
43791
45542
44166
43958
39791
40334
44542
38541
43875
44125
44209
46084
43375
42958
44500
43791
44709
44542
43500
43708
43458
43292
43291
43750
43667
59416
40208
44417
45667
45125
41500
44791
44750
44333
44042
44334
51833
35000
45334
37167
44500
44083
45500
39625
44416
44667
44458
44917
44792
44083
46500
34833
44209
45500
44583
40750
44042
44542
44167
44375
44375
44625
44208
44167
44292
44333
51292
50625
74209
61375
43000
54125
36541
46916
32708
44292
45167
39792
44917
44750
45625
44166
46000
44583
44375
51750
31833
43959
44500
45375
44583
45791
44500
44166
45833
46375
44125
44333
44583
43708
44667
44500
43084
44667
46084
45166
43250
44167
44292
44292
43291
43708
44167
44083
38583
43917
43458
44833
43791
45125
44750
45417
44584
44500
43792
43458
44166
44917
44500
43875
65083
45375
36666
44000
51167
59125
51958
61125
83125
89417
93500
93625
89417
117375
100083
81125
62084
42584
52250
53083
37541
44584
82167
134625
123959
109125
94666
79667
65042
91875
88209
98458
87125
96042
97709
62375
101708
64458
40875
76458
73959
89542
98292
97000
62792
83667
78042
83875
84125
88333
89750
71541
52375
66333
81834
93125
94417
93208
98958
91917
101000
92542
52166
75125
64459
73791
51709
35459
45292
32291
43542
38250
44125
45958
45958
44666
45208
39000
44292
44625
44042
71917
93625
59625
68500
55500
88125
114792
96041
75958
54334
33625
44416
39375
90417
66417
60250
57042
67500
55000
35333
61375
96000
119083
90292
108166
98167
101750
97083
101083
78583
84792
82709
60459
38334
82333
92958
68583
61875
80208
59917
94833
91209
105500
80375
95041
95292
82042
95125
85166
101084
60708
42250
44791
38709
46416
43542
52959
72041
72500
52542
35375
48500
37375
46792
48834
39833
45542
46459
45958
46292
46250
46916
52333
90042
78542
74792
68625
53542
54875
33500
46250
45709
60208
42542
52917
54083
66166
55375
89750
64667
22625
76166
22459
37500
25084
48458
70041
30416
48625
45334
45958
72917
66292
57042
47625
28875
62917
110417
107083
97250
89666
43333
94375
93125
39750
102417
62291
49833
104209
124792
108959
89916
70458
49750
42125
44875
51625
47792
35041
95333
142709
91208
127333
111333
92458
72833
53666
32959
45083
74334
57375
97250
63333
90084
111209
95125
76292
55833
35292
44917
39000
44625
39125
44041
45584
45542
89375
86666
67083
46750
47959
88167
94375
73458
53042
42625
45500
46417
46708
93334
64458
100500
118875
99542
93833
109333
90083
85625
111375
91792
70333
47958
47084
47708
41625
46167
46750
46917
46875
94500
78292
66666
65208
44042
47750
49459
97625
72625
63416
57292
51958
91667
102458
81750
61083
35875
65791
55416
49791
59875
40958
45750
46333
82750
74583
85959
68875
93042
126500
108750
89125
94958
94542
78541
84833
78750
70833
93833
102375
117750
98166
78125
59291
38417
63083
44750
47709
48292
41916
45167
46292
45791
45709
46791
45792
46208
46334
46625
45708
65625
40667
58250
77208
67542
59208
83667
91042
95375
103333
82625
61750
42500
47125
47167
47750
47292
74667
56084
54458
93292
55542
98833
78667
69500
99500
96916
99708
99209
83000
52667
84500
66291
84375
93583
96250
64041
74208
63875
59667
84458
97500
84167
94042
76417
59333
41583
46125
38083
44500
38375
43542
37458
44875
39250
43959
38916
44084
49500
45208
45000
66042
96125
96000
120000
98916
127667
93791
97583
105584
88250
69167
57291
91584
98541
113542
90167
96125
94750
114541
98292
80750
90500
83083
61959
39958
46791
46375
47375
47459
46083
47459
45750
45791
45167
45667
45791
46167
45375
46041
45792
45500
45750
45375
45500
45583
45375
46042
45416
45250
45708
45625
45750
47083
45250
67916
64417
40167
48333
48542
32000
46708
39542
46500
40208
45750
46625
46000
39916
48333
40125
45917
51500
61375
51167
51542
42542
46000
46792
47125
45500
46167
46292
46083
46250
46417
46875
46958
46625
45834
46125
46083
45750
46250
47666
44333
50042
47042
40833
46042
61792
32834
46125
47084
46041
46500
46250
46458
46834
46542
46166
46750
56458
34583
53333
32791
49416
34000
46041
52583
40959
39416
27167
27250
27750
23625
27417
27209
27416
27750
27458
27167
28042
27708
27000
27250
27709
27417
27167
27500
23583
27708
27375
27666
32000
31667
29250
28083
27458
27333
27459
27125
27375
22500
26792
27375
26875
27292
28000
27209
27583
27292
43334
31042
27500
27875
28000
27250
27792
27416
38250
25500
37375
25417
27083
27958
27291
27292
27292
27167
27458
27125
23500
59875
38916
76209
60583
40292
47292
46750
41375
47291
46541
46000
46250
47292
47375
45959
46292
46208
45458
46375
96708
99125
70042
53458
95333
111083
92209
71792
50375
41292
47541
46667
46167
45833
40834
48458
42833
45417
101250
59583
80500
93458
90459
94250
74042
45458
47250
47584
63084
94417
87459
92209
70250
101625
102958
100041
104167
95417
90708
82833
103791
126375
109625
62959
77208
69000
48833
41000
46291
47417
45875
46916
46000
46125
46208
46625
46375
46083
45250
45917
46042
45459
45583
40709
46000
60625
77584
63292
93833
88792
63250
55417
82458
67166
79834
94041
110584
101791
90750
103500
69792
49333
94458
127625
109625
89417
69166
47583
48791
41500
93500
102875
88541
82333
61666
41250
47542
75875
99500
94750
87583
94625
71042
84583
89083
67125
93875
92375
95666
105750
89584
52542
77958
89042
90125
60834
89042
88708
70292
49583
39917
46750
47291
100166
90834
94209
109459
93000
74500
55792
97250
99250
99625
98375
76917
99750
97208
92000
119916
90750
117917
83500
90791
84334
67292
64791
42792
46917
48000
46459
47041
46042
46667
46917
95500
104833
101500
123709
106917
84833
63250
40125
46292
47250
46667
46458
46458
46000
45584
34292
47209
45667
53333
46042
46084
46250
46833
45584
47459
46708
45792
45625
46166
45583
45792
46375
45292
45959
46209
46167
46166
47041
47458
46375
53541
52834
45625
49084
46292
46500
45709
46042
45916
41708
46625
46083
45708
45875
46208
45958
45584
46458
45417
46583
45750
56792
39709
46167
45833
47333
45708
45250
48584
47792
50167
40083
47208
49917
55500
40292
45500
46334
46292
45750
45417
47084
45542
45458
45375
45292
45916
56250
37416
41584
21791
31667
31209
29375
30584
23458
27541
28834
31334
27125
27208
27666
23834
27084
27416
68917
86500
85625
60791
35041
46834
47000
47375
46500
46167
51958
49708
47333
47834
50750
96542
91500
94458
96333
90792
91500
101375
96083
115083
98333
89333
87208
72417
50792
41334
46000
47000
41291
45833
45875
45375
45500
46167
45417
45834
76416
90708
87333
58208
81791
98125
98875
75250
98250
68042
68334
95208
76250
63958
95000
100083
95834
74417
72750
52292
97167
61083
121125
138875
119500
83667
60667
64458
45333
61167
38375
46875
47083
40500
55625
83583
79667
72000
54167
94458
89667
81208
60791
41541
47583
46833
47334
45833
45458
45667
83333
96459
73625
86916
95583
94458
98375
54666
90625
57666
87292
83375
91583
66958
59250
95458
100583
74083
78916
64625
43459
61333
71333
61958
43042
46041
38292
43583
46125
63459
59709
55750
59958
59875
96083
99875
91250
103000
72833
50333
40791
46250
41708
46500
46250
45583
45500
45542
47833
46417
47000
47125
44875
46416
34416
45834
46208
54708
55667
36625
56375
58042
52625
73042
52667
92500
106834
81125
97084
93584
49333
48292
42250
92917
70167
55625
99583
94875
94791
77083
72583
51791
43417
46625
39083
46417
47791
47625
47625
46750
45958
45958
46083
45084
46958
46125
48250
46791
45625
46083
45959
46625
45833
45542
45666
45166
46500
46709
45500
45750
46542
46917
62833
42584
39875
46334
41875
46500
50708
47375
43042
46875
47500
44416
46125
42667
46209
45500
46167
46375
41083
46042
45917
53541
48750
46500
45250
46542
46083
45625
45708
46292
46042
45292
54292
46167
44833
45917
45750
45875
46083
45625
45625
46583
45541
45792
45583
47125
46334
45750
52250
57166
53042
61416
46333
44875
43333
47292
41042
48916
46875
46291
45708
46791
46250
46417
46542
48208
49541
49875
53167
45750
46375
46500
46167
46417
46709
46125
45333
46333
47417
45625
46417
46792
46458
45666
46000
45875
46166
45042
46084
46959
45292
46375
46875
49500
41125
44958
49416
47500
42917
44000
47125
45875
32667
46209
46667
46041
52625
45917
47875
54791
42417
49375
41083
45958
45666
46167
46500
45917
46042
46125
45875
46209
46542
45917
49167
47583
45959
45667
45375
48042
43833
45833
45833
45375
55125
36833
46959
46459
45375
46083
45250
46375
45208
45750
45750
45750
45625
45833
46834
45000
46500
45833
45583
45667
45542
45334
45208
45375
45333
46542
46417
45041
51875
40334
45500
46542
46791
44958
45875
45125
45875
45334
45292
45042
49750
50916
47458
48667
46583
45917
83625
53459
32500
46750
46292
46959
45375
46792
69209
75708
56625
80625
90958
68459
96916
66291
76542
90583
69750
96250
113875
93834
95625
73750
82250
80584
57083
40292
46625
47875
39417
45833
46583
42084
45958
46334
45791
45792
45833
46458
45709
76500
80000
60166
39792
46125
46583
83125
84459
87000
86667
64000
61917
91042
118416
98667
56083
94334
97834
77291
60250
38167
44750
38250
95625
74167
61209
35834
45792
47334
88542
66167
81625
64500
53333
95500
66417
67708
60083
62667
96083
76541
57375
92459
72209
76291
75958
67709
45084
73459
58125
54667
43666
46542
53875
40292
46500
52500
51625
88959
70166
81541
51167
41750
46125
46875
46250
44833
46000
45500
46042
87917
66292
62250
92292
85541
97417
108708
77916
73291
63375
41875
47000
46250
46500
89958
67458
45375
90625
90666
69209
46750
47667
47292
46750
46916
45875
46209
66333
54167
51500
85041
84375
63542
85666
89375
73208
46625
99000
115333
96167
75917
55292
34834
46917
42125
47250
46250
46750
45459
45625
45625
46041
46000
46041
45084
45292
45208
45750
34208
45917
44792
46750
54875
43625
46292
46459
44875
46000
46333
45042
45625
45750
45750
50083
75167
65708
54958
34125
49875
87000
92291
62208
68208
87042
89000
87417
88209
100250
81125
61583
84166
103959
104417
84625
63583
41625
46375
46375
47083
52208
42750
46666
40167
46875
41500
47458
47416
45833
45042
45916
45500
45292
54792
44708
46791
46666
88584
94667
86958
82166
61875
66417
49791
39792
46875
46417
55917
33209
55458
41000
87292
85416
78541
61041
41792
46291
40042
91958
69125
99416
72334
62375
43750
48875
33875
43500
46708
41042
45625
47542
41708
49083
42084
46916
41125
46291
46167
46667
45541
41458
46625
72084
71250
88000
99000
66250
102583
117542
99250
78125
96292
67709
59250
38750
87875
31666
35208
22500
13958
19458
14208
20334
20667
18958
19625
15250
18292
15083
19292
17625
18875
19084
14292
17959
18708
15375
18291
18042
18209
19042
19125
15167
17875
18875
19125
19167
55291
36416
46000
46500
47333
46167
46667
46125
56000
50167
38958
48708
48375
40916
46708
47458
45625
46041
46667
45959
45875
45583
46834
40250
47084
45792
45791
51500
43000
45917
46666
45875
46084
46250
46000
45000
45625
45334
46584
46083
46209
45459
46208
45625
47209
47167
39000
26958
27167
27167
27333
27584
27333
27292
27459
28000
27375
27500
27333
27584
27166
27167
27166
27208
27333
27292
27625
27291
27208
27625
27375
27125
27375
27750
76042
66250
39750
46750
47125
46583
47416
46458
50750
67667
58584
48416
37166
25792
21875
27125
75125
52042
35166
45542
40417
46667
41667
46083
47042
98042
127125
94458
105667
86041
65958
44375
47291
47083
46333
45292
46125
47292
45875
48083
46417
46459
46583
38541
41291
47042
45750
45375
45667
46875
45625
45459
77375
67542
63583
42416
49250
40083
46209
47000
46416
47041
45667
45917
45834
45292
45584
46333
45583
41375
46208
45000
45833
45500
45000
45708
46375
45458
46500
45583
46625
45542
45875
45583
57334
47250
45500
45417
46416
45000
46084
44792
45417
45875
45375
53542
52125
34125
46917
45708
45792
45291
45416
45750
45125
45584
46250
45583
45542
51458
48041
46208
45333
45375
45125
45208
45291
45625
45416
45834
40208
46500
46167
46708
45333
46416
45792
45792
46625
48292
49291
32250
26750
23417
27167
27125
23833
27250
27125
27125
26792
26500
27334
27083
27209
27167
27584
28542
27250
24542
27417
27500
27375
27208
27084
27250
27291
26583
27292
23500
27458
27208
26958
58542
41500
47000
42083
46333
46125
45625
46083
46041
46500
48333
46500
45958
45667
46167
47042
46000
46125
46584
45792
46333
45709
46083
45208
45791
45625
45875
47375
46125
62167
40417
46583
46292
45375
55542
33959
46250
45208
47125
54625
33250
45750
51875
40792
46375
66959
43375
45792
47250
46709
46334
45875
66083
60917
73417
55292
49792
56167
34333
53542
41083
46334
46417
46792
40375
46917
45958
46042
46208
45916
45250
45250
45666
45708
45875
46292
45958
46417
46708
45959
40833
51084
64417
81375
66625
61708
39167
46167
56458
96583
83458
74667
61083
93875
75083
88583
95833
119916
104375
84042
94458
94917
95583
99708
97500
94750
106834
84250
90666
89625
93041
97666
81584
96250
69125
91750
93542
122375
104917
84916
64417
43208
99459
118459
91791
91584
119416
87291
61375
96875
62292
90958
85541
99000
107083
89667
70250
101208
90833
95833
109542
90084
69708
92583
84750
88750
111250
93333
69625
48500
42833
93083
95333
80417
90667
122666
103833
82916
51917
42208
46083
47000
41000
46042
73333
62750
45166
38458
44209
98917
101125
99625
100834
92375
71416
101333
93833
125000
105792
84208
64250
46459
47916
42000
46583
42041
46417
45792
46834
46208
46334
45583
46667
45750
46083
45750
46208
46333
45708
45916
45708
45084
44666
46541
45959
46000
45875
45583
45458
46083
46000
45500
46625
45584
45500
46292
97125
116667
96667
72292
38083
52083
52875
49416
43333
47334
41500
46958
39250
46667
52792
51084
41875
48709
47209
42125
55500
49042
42583
46375
40833
42417
41834
46875
46875
46417
46333
46209
46042
46292
46542
46625
50458
48292
45208
46542
46542
46750
46042
47875
46708
48916
47292
47708
49375
47542
41458
46000
46792
50709
47417
43000
48083
56208
44333
48416
42084
44291
44125
51667
36166
40125
22542
47000
29709
29291
20083
29000
24917
25792
25042
26125
26083
25584
25209
27625
26041
25959
26208
24625
25833
25500
25458
27125
25625
25792
31917
20125
24750
26000
25625
26041
25750
25333
25166
27083
25292
24750
24916
25959
29417
26417
26417
24625
28250
23208
31334
21166
88750
88000
53917
55000
83792
94625
96125
123375
105333
83250
63292
41500
46500
41208
46333
46333
46750
47083
45666
45416
46708
48292
41917
48000
43125
46125
47250
46208
46292
46625
45708
46458
45875
46083
45667
46500
47000
46708
46375
46750
46500
46083
46583
46750
46000
33625
48666
43292
46959
48333
49875
34708
27250
27541
27166
27542
27375
27250
27417
28000
27250
27125
26958
27084
27500
27334
27375
27334
27542
27375
27083
27125
28250
27541
27417
27250
27333
27417
27083
27125
27375
27292
27209
27291
27167
27083
26958
27000
27250
27042
27458
27250
27125
26958
27208
27125
27209
27000
26834
27208
27375
26833
27250
27500
27041
27250
27958
27083
27000
27250
26917
31625
18750
27333
28292
77541
80542
59209
35125
46917
83792
47625
61250
35333
56375
54250
53333
65500
79583
71750
62917
52583
42459
31458
20084
25166
23750
24042
24708
19625
29333
21083
32625
28625
17625
20167
24125
21250
24792
24916
26292
33292
29708
26333
21958
32125
20250
25958
20542
16708
24792
16584
40291
21459
23750
28542
17875
17084
19708
17583
17875
17584
17625
17459
19875
17041
17625
17500
17625
17291
17125
17417
17834
17166
17625
17334
19125
17750
17500
17541
18250
17458
17208
17708
17500
19542
18667
18125
17500
17500
18417
17791
17833
17500
18584
17667
17292
17416
17625
17333
17458
17416
17292
17500
17542
17208
21333
17416
18041
18500
17500
17292
17709
17375
20209
18708
17375
17584
17292
17291
17375
17542
17291
17083
17375
17125
17125
17209
17042
17375
16958
17459
17083
17500
17375
17250
17666
17416
18000
17542
35167
48459
41792
46000
97416
89083
103250
84667
63875
42542
46583
39625
44250
45834
36750
43542
44625
94125
93541
97208
92625
92959
60084
67459
99750
100500
64875
40792
66750
46041
32125
25000
27417
28125
27750
28542
27334
27125
27083
27000
27083
27708
26834
27000
27375
27083
27708
27542
23500
27459
27625
26875
27084
27375
27333
33500
54958
46959
46583
46833
45166
98459
121458
35208
66708
113542
108666
103042
94375
84750
77834
69250
60500
50125
38875
22625
20292
23292
18750
19666
19625
22083
23000
18167
23083
23875
24959
22541
23833
24250
19625
23000
19167
22875
23583
19375
65417
116375
80250
116417
104875
87042
53958
98834
94292
87292
78959
70334
62375
53292
44375
34292
24500
19875
24292
69000
47250
35834
71041
71750
96000
120375
104500
85791
102750
57792
65083
46959
49125
34292
46666
41208
46625
48125
47583
50333
48792
41833
48000
49834
52125
45875
46833
47792
47833
46959
46416
50333
42083
47416
46708
46584
62000
99791
92250
86917
78125
67000
55709
61000
89417
55333
92250
79708
52000
83750
79959
71792
62542
52667
42875
31292
19542
24333
18250
25167
20250
23958
23625
20375
23750
20375
23834
24375
24750
24500
24791
23750
24459
24334
24416
66833
94666
65083
71583
52875
37125
48625
50459
50125
46125
46708
43000
48958
38542
27791
24000
27875
23333
27500
28458
23375
27583
27958
28125
28292
28000
27750
27292
27208
27416
28750
23625
27125
28208
28292
27416
27667
27750
27334
27500
30583
29000
19708
27583
27792
27458
27500
27041
28334
27500
26917
28125
28000
27459
24125
27334
27458
27167
27333
27791
26917
27541
27542
27125
27625
27667
27250
27333
27667
27292
28208
28792
24542
27125
27333
27542
27417
29625
27209
27625
27334
27375
30875
27209
27209
30708
29917
27291
27833
27375
27166
27417
27042
27209
27541
27292
27333
27375
27125
27625
27209
27042
28250
25750
26875
27375
27959
27417
27375
27166
27042
27291
27209
27459
27333
27083
27250
27083
63834
55667
35084
48375
42250
45750
48333
46667
49750
47541
50750
36042
47041
40125
46792
49833
43959
43292
56125
65667
45667
49083
46084
45417
46959
43208
46959
46917
47292
47166
49041
53083
42041
48666
45000
46292
46666
47625
46917
89083
111708
91917
69666
46083
47917
47625
47375
41084
46667
41000
50167
46584
46167
45625
45167
46000
45042
46708
45709
45750
47833
46167
55042
33167
45750
45958
45875
46000
46375
45209
46959
45917
46125
48750
46416
46166
49166
48958
46333
44875
48583
47417
47500
48583
46166
46208
45916
45917
46292
45791
45834
58250
41917
46709
46250
45792
46166
46042
46667
45334
45250
45750
46625
50083
45625
45667
45875
45750
45791
46375
45792
45583
46209
46708
46417
45458
52333
48875
47875
46250
46083
46500
45917
46209
46250
40250
46666
45875
45459
45417
46333
45500
50042
37041
45542
46333
45750
46000
46042
46708
46208
46292
45792
45875
45708
45709
46000
45958
45625
46000
45458
46625
45500
45750
45167
40708
55791
48125
46958
46500
46083
45458
45916
46000
46417
45166
45667
45666
46208
46333
45916
45667
45000
46291
48750
47959
50833
46833
28541
31458
28042
27042
27541
27250
29041
28667
27750
27125
27000
27083
27167
27459
27375
27583
27500
27500
27416
27208
27041
27750
27042
27542
27333
27625
62750
41500
45458
47250
46916
45958
46292
46250
50542
53000
45833
48000
47208
46334
41667
50834
35042
47209
46500
45666
45709
46167
95708
113209
87834
68500
44584
46709
47750
55167
39792
45834
46167
46833
45917
41209
86917
110541
94125
73750
52042
30625
44708
39625
97417
61875
38667
46959
75625
93958
97292
66084
50542
31666
44541
37208
43750
45125
45709
45375
95416
91125
96875
76458
55667
36167
47834
47708
45916
46792
46583
46750
45625
45917
46000
46459
46167
47125
45416
45750
45417
45417
45125
45958
45583
48459
46917
45666
46042
46292
45625
45291
46375
45084
45417
46791
45625
46291
45250
46125
54375
45833
45375
45625
45875
45709
45125
46833
45459
46333
44667
45792
61083
74000
71709
66750
59750
79583
64791
45959
47458
47292
46667
46125
47542
46792
46416
46500
46000
45750
46000
45292
55333
56500
64500
52375
36333
57500
34916
45375
47041
46500
45917
46000
40625
44250
57625
44917
46625
46250
46250
46250
45791
46458
46166
45875
46041
45583
46083
45625
45792
46583
45542
45875
48083
61834
46875
47834
46292
52708
37541
46875
47625
46833
52209
50458
57250
35542
46458
53208
34667
47208
42000
45083
46667
38958
46750
46167
46375
53000
50083
51875
49542
50791
39875
43708
44958
51583
69542
93834
82292
109916
55667
80333
95542
120083
89292
48209
99583
124625
92875
119333
39375
75000
40875
66375
56041
62750
63375
67625
45959
28208
22459
27750
12666
41166
34541
29125
25875
26083
49167
87959
86625
98417
82167
65375
45625
38542
45042
37541
78500
100000
100041
120459
92417
77667
65584
75791
139417
79083
85833
52583
83041
132500
92208
58708
66208
48000
63458
31166
60459
74708
85250
82792
94792
51458
92417
84792
56833
80291
67083
33917
86500
58250
97083
125375
69250
54083
35750
49667
42541
46625
48000
46792
46959
40250
45459
46541
45083
45958
46167
45292
45917
69958
58917
57000
41208
54500
52000
57875
82542
99625
80791
60292
40375
46041
42042
46000
46209
46000
45917
46709
45208
45708
45875
45917
45875
45667
45833
45041
86833
64667
66959
177792
182792
55375
92375
220792
57334
89292
77500
57458
91875
111125
93584
71500
49250
39875
47042
46666
46750
46917
92000
83458
82708
77792
58584
36541
46875
48209
47708
41500
46417
47541
47041
46792
47125
45750
45792
47792
45958
45791
45750
45750
45333
62417
47708
63209
51083
50334
54292
58042
49750
76250
75084
55833
67250
68625
88208
116333
99500
80459
61417
40292
49875
43750
43333
46917
40209
48458
45875
45958
45792
45833
45667
45417
96459
116917
89792
115875
97709
78083
60417
38666
94708
99417
81291
60916
40375
47042
41625
45958
45750
46042
46625
47583
45834
45417
45292
45166
46083
46208
46041
45334
46042
46083
46334
46084
46083
45041
45875
45625
46416
46000
47208
45709
46209
45958
45583
76708
55916
33584
46167
50042
47500
45959
46167
47125
48458
48250
42250
36334
29917
23500
27416
32958
28625
20542
28208
28750
27667
27750
23458
27459
27500
27416
27583
23833
27750
27583
29417
27583
27375
27375
27459
23458
26875
27708
27000
24625
27167
27750
27333
27458
27750
27750
28041
27542
27208
27417
27458
27084
27167
29042
28750
23875
27666
27958
88459
67291
48584
42125
47292
41333
47709
51958
40500
49458
34625
48167
40667
41541
51750
46209
50584
40750
46875
54333
48917
45667
47958
48042
48166
48375
45125
48708
41541
51167
41791
46750
41000
47875
46875
47750
58417
50958
37375
62875
86084
78541
65000
51583
49208
65334
71084
48208
47375
44833
37833
24208
27791
28459
28750
27875
31500
26791
33709
24042
29584
27417
30459
23416
28709
24458
28917
22667
27209
29834
22958
28375
28667
28667
29292
29084
28583
28000
27708
27958
28333
28458
27666
27375
27666
27208
27875
28917
29959
27334
27750
28125
28166
27250
27500
27250
27750
28042
28500
28375
27500
27208
26917
27209
27292
28542
24750
31917
34250
20209
29542
31125
32291
32250
29458
46833
30250
29208
29250
27708
28708
24167
28084
24417
28000
23916
27000
28167
24750
37042
26167
24209
49250
102500
117083
107208
99958
92208
84417
73292
64458
55791
31292
56667
54709
39958
41084
42459
58542
89083
60750
89333
124042
63916
116792
46417
82750
34916
34709
58666
40584
41250
69875
108042
96458
128667
78125
51917
102958
98417
90875
81917
72875
64583
55875
46834
38334
30500
19084
20917
15041
20917
16500
20166
13500
20125
12459
19917
16459
20000
15875
27666
14333
19917
16375
19541
15250
19834
15083
19583
19708
16417
19792
16375
36375
27917
21125
13458
19041
12792
36250
58959
53083
45792
39209
32334
38000
58959
52292
44792
45958
78958
67125
57917
44667
80458
71375
44666
75667
45417
78625
68250
44709
62041
40208
50917
91834
42042
80083
61625
77708
96459
54917
77917
35584
65084
116458
86750
127583
97250
131833
116833
98750
81583
63542
46625
39166
44958
45875
94250
125375
109458
90792
72792
53500
32541
45792
38667
43583
44958
46167
43875
44792
43958
44042
43458
39084
43667
45375
44709
44583
44542
44209
44500
44291
43500
43792
44166
43916
44041
43750
43458
44542
43959
44541
43917
42958
43250
43292
43208
60417
45208
46500
44208
49250
36459
26291
27000
27459
27375
27500
22458
26125
27167
26125
27917
31792
20292
26000
27125
28083
21625
26125
27709
21791
26333
22709
25833
37083
25084
25917
26958
22625
26250
33833
20250
26125
24917
27667
27417
22417
26167
22875
26000
27000
28042
22500
25750
27709
22000
22458
27292
22583
25750
22334
26958
22625
25875
26250
29875
19208
26500
27167
22833
22750
25833
26833
24291
26250
26416
26291
26958
22500
25959
26833
27167
28959
22792
26292
22541
26083
27083
17833
25709
26666
27208
22333
26250
26250
28291
21292
26041
30375
20875
24292
19291
22583
23541
22833
27709
17167
22625
23500
19542
22709
23375
19541
22334
23417
19542
22875
23416
23875
18250
22500
23458
19291
22541
23208
19334
24125
22750
23916
18459
24375
21125
22666
20792
19292
79208
111791
83459
124792
82375
55291
68042
41500
99000
124417
96625
75916
71750
53792
87250
75167
32209
62709
93042
54375
87250
109709
96834
115958
87917
100500
80584
60500
38375
50000
63208
40875
56416
29709
74958
115708
111500
46750
25292
18000
18625
17334
20625
13625
20542
13125
34250
42750
27542
55042
106166
99542
89958
79958
69042
57958
47084
28959
16250
47041
40459
96208
117167
69916
106208
60875
110458
97959
131125
94583
96667
93417
94875
81833
103333
99792
61208
51958
99000
114250
63125
36083
75958
123458
83875
59750
96959
122042
103458
69875
58459
37375
46875
47416
96500
127292
113083
93875
71459
49458
41709
47833
41834
41709
50875
49625
42250
45542
46250
45875
39625
46500
52875
47875
49625
41375
46583
45792
46000
45666
46125
45542
45916
45875
45209
46208
46167
46542
47042
45458
46875
46583
45708
48584
45042
51208
42125
46375
47584
46292
46125
46042
47708
46542
45875
46167
40167
48750
47458
46250
47708
46000
46000
45750
45333
55917
46625
46083
47417
45834
55708
33875
45708
46208
46208
45584
45875
46458
46417
45917
45958
46167
45958
45959
45917
47458
46375
46042
48708
46750
47125
46500
45875
45750
51250
42417
30875
27958
28042
27417
27125
23458
27500
27209
27250
27125
26959
27167
27208
27333
27292
27542
27500
27458
27875
27708
27708
27167
27250
27041
23334
27333
29917
27583
27125
26959
27125
27500
27167
27000
27166
27125
27708
27208
32584
20250
27042
27833
35875
24000
27542
29083
22584
27500
28250
28333
28292
27292
34708
21792
27084
28333
29000
29958
22625
25542
28125
31292
30833
25125
28042
25125
27417
23625
27500
24042
27625
47625
51708
39166
50750
55458
50375
52834
52209
47583
51000
55208
51625
96250
59000
62292
44667
37875
70708
32959
32167
42917
28167
58958
106792
104167
97417
89500
81291
71958
63375
54208
45541
40500
46083
64959
92708
100917
134208
101875
131750
64750
89250
19166
30583
41708
35459
28250
22042
15542
13541
36292
48416
44167
37875
35875
50167
41375
75167
36791
44958
41500
44541
81792
95500
58750
97958
129625
97584
115125
110125
55417
90500
138125
97417
129792
117542
97542
76667
53125
44167
47875
41292
45417
46500
48416
46667
46125
46584
46333
46459
94917
130208
114542
92375
79459
101666
126791
95583
123333
82583
92292
94750
112292
76542
58667
76208
72417
43750
78833
68375
52917
33500
47500
48458
40292
46125
47625
48250
46042
36916
48042
44375
42375
47208
76375
57333
42333
46209
47333
46167
45375
46541
45916
45959
46875
45875
45917
45375
40625
53917
55042
53708
42125
46833
52708
36125
46375
53292
46833
45875
45792
46167
46500
47250
42250
50416
37583
46250
45625
45875
46083
47417
40958
46500
45000
44959
51792
49541
41375
46416
45917
45458
40375
45208
46583
45875
45334
46000
45292
45958
44916
46083
45417
45041
45333
46125
45583
45875
45791
62459
40667
44917
45250
46375
46292
50208
48167
48875
46625
45416
54208
33250
44916
42500
50708
48166
46417
46459
46292
44875
46542
46583
45166
45916
58167
47458
32959
47208
45791
46292
45833
45417
45750
41542
44708
48375
48417
41958
47417
40666
47792
61834
52333
56625
39417
46333
39875
46792
47042
45958
46125
47167
46666
40292
46291
46167
41166
46000
45916
40708
45541
45792
45958
45542
45666
45500
52584
47083
45958
48500
47000
51083
35792
24583
28166
29375
23125
27458
28334
23625
27667
27458
27292
27625
27333
27291
27417
23584
27292
27417
27708
92000
97209
77250
55916
53708
42750
45916
41541
46083
84875
51209
88583
107333
86166
64125
52125
39958
90750
69250
48083
90000
89250
68875
47000
47666
41958
46333
46417
46083
45709
42125
47167
50750
42916
46500
59000
56125
39792
46542
40875
47333
40166
46917
39875
46583
41417
45792
47042
51416
47500
45958
46208
46083
46833
45583
40958
56750
34666
46125
45667
48791
51875
50375
41042
49375
39542
46667
46250
40625
46459
45584
45917
46125
46667
55250
36500
46250
46500
47958
46583
46792
41083
45708
45791
46667
46792
45917
46333
44958
46292
52750
41917
50291
46709
49208
41125
46875
46583
46833
46083
46083
46500
45625
46833
49625
46291
45875
46583
46500
45709
45833
45583
46334
45667
45958
45583
45792
59042
37916
46250
47375
46000
52458
48166
47667
47166
46208
46792
45625
46875
40166
46125
46666
46750
46333
46042
45708
54333
33458
45959
47334
39458
57500
35917
45833
46250
47958
54667
41250
44875
76000
50958
40250
67250
51959
92375
101750
79833
57334
34583
46583
46417
46750
49292
35292
48000
47459
46583
45833
46334
45625
46833
45833
46375
46167
45625
47250
71583
56292
89458
102750
82125
60500
38375
81000
74208
82000
49167
61541
39000
47916
37250
46167
39625
46375
40083
46125
39042
46250
46250
46250
45833
45250
46167
45542
46542
45750
37375
46334
46291
67709
56917
35875
46916
38375
46625
39250
46417
46667
46917
40917
46458
45542
45583
45459
45791
45875
45125
45875
45416
45666
45625
56750
34000
45916
46500
45750
45708
45417
46583
46458
45458
45750
46250
45833
45375
45250
59167
34125
40958
51000
50250
44333
50750
34000
46625
47250
47417
46791
46834
47084
47167
47209
63500
55708
37791
48084
48125
39250
46458
46292
46000
47875
46375
57708
37083
48500
48125
45291
45833
46250
46125
45625
45666
55500
41542
45750
46375
47125
79792
73458
52000
41209
46083
59500
60708
59500
40542
49959
40167
68959
68000
63125
61417
53708
65708
52041
66917
50500
76958
64542
90625
119125
77250
80875
103417
74958
89583
82541
128833
69208
74875
70959
51417
55417
62792
58750
54625
38667
44708
37875
43417
36709
43375
39542
44667
44958
44458
43459
44916
44833
37084
43000
44500
44375
44042
43959
43458
43792
43667
43916
43791
44416
43833
43708
43208
44084
43791
44167
52625
33625
45375
40875
44334
51958
45041
45792
44167
44167
44042
44000
44875
43875
43959
44000
43958
44166
44292
44375
44708
44417
44250
55708
36042
43709
44584
44542
43875
44208
43708
44750
44458
45084
45292
38542
43625
45458
45042
44709
44125
43917
43833
43667
43917
44458
44500
44000
44250
41375
46667
44500
44250
43792
44084
43917
43792
43667
43917
46167
49166
33292
22250
25667
26917
27292
24375
26625
26750
27042
22750
25833
27042
22583
26208
25500
26250
27125
25708
27084
27541
22791
24041
26041
26958
28125
27750
29292
22958
26208
27375
22667
26167
26958
22542
25958
26000
26584
26542
26875
27375
27125
27334
22583
26209
26875
22333
25917
26958
27375
27292
27042
27209
27334
27166
42917
30542
17792
26125
30833
19542
26000
27042
27333
23208
26875
22625
25791
28125
51417
52417
41125
54458
47417
39041
44833
46458
50083
50375
36375
47916
60833
57541
49833
32250
50334
47625
31542
48625
53125
48292
51292
48583
97708
122708
86917
108750
64708
38584
65458
40667
48583
20250
63000
110250
66125
106750
124042
98250
138000
94958
128459
103750
103375
130459
96167
134875
98834
125209
97750
54083
91416
122167
33625
59375
75709
43375
35500
23334
49375
40000
69667
80958
44416
66167
113542
50375
86917
87209
70417
67583
99500
126791
51375
91250
98833
59042
90208
109917
104417
88584
71625
51750
43625
81875
50708
100541
96625
90000
47958
86625
81417
75041
67625
59667
52583
44166
21250
49541
84750
76375
66458
79083
55792
78167
84750
50750
89208
52208
79375
105000
121959
90458
63875
82625
90708
75792
74625
60959
95500
145375
102292
138250
84084
72125
42000
78875
92292
135750
65375
66750
106625
101625
95375
70459
117917
88708
130416
88042
120792
66250
107167
90917
54625
93500
119625
106083
87792
62250
46833
87916
119834
49917
103208
98792
91875
83625
46083
20042
43666
84417
45875
34500
27833
27417
17625
76667
95333
76000
83417
109083
89750
69334
47500
41791
47583
47916
60000
53417
45708
45917
45959
46583
46208
46000
45917
45917
45708
45583
45917
46334
46083
46375
46459
45500
45292
45791
50708
47833
46917
45958
46042
46167
45708
46083
45917
45709
45583
46250
54666
46083
45916
45750
46125
45958
55000
47541
50750
39958
46542
46583
45917
72417
50291
34541
47667
40250
47500
47959
44000
51917
35375
47459
48500
47125
49709
33792
57500
42000
47625
50667
47250
51958
44167
39125
23750
31625
25000
29208
27458
25542
30958
29834
27417
32125
27666
30042
25042
27875
22167
27667
28541
31291
33208
36417
25708
24125
30708
28041
32125
31458
26958
26583
31459
36542
24291
35292
29334
31625
30125
25834
29583
33916
96792
113750
94375
70916
48792
47792
41542
46000
41000
46250
45375
46542
45583
46250
45833
46125
46750
51000
37583
47208
45625
43375
42125
47292
40875
83084
79542
80583
62125
40291
47084
46375
46500
46042
45542
46708
46500
46333
46416
46209
45333
46792
46125
46042
46708
46125
46875
46250
46750
46125
46042
45000
69916
59917
49792
40625
27250
38084
31709
25250
46791
67667
120083
94250
122667
104750
85167
64708
43750
48750
44250
41125
46500
40125
47416
40667
45167
45167
46667
45917
46292
45875
45417
46500
46208
49125
98084
125375
60333
64334
61292
57417
38750
48625
48000
33750
51125
52542
48916
53792
35500
47000
47708
47292
47250
47666
42167
47125
46333
41417
46000
46250
50458
50917
39417
47000
41541
46250
41209
75250
108000
99625
88084
76542
64667
53000
40292
29791
32834
29083
29125
23375
27541
27750
27583
27500
27417
27417
27417
27708
28166
29333
27209
27750
27542
27500
27250
27792
27459
30084
23500
27125
27833
27834
32625
20084
27375
32208
31000
19375
27583
28041
27917
28375
27333
27250
28250
23083
76792
116334
108209
93209
77583
63375
47583
64166
74666
63875
49917
35042
49416
47459
67292
37333
91458
118542
85958
101083
72250
74750
119791
68958
38125
63542
55542
24250
53750
34292
60583
37791
30208
20958
23166
20458
24834
16666
25416
16917
25167
20042
28542
25625
27416
19834
26375
21625
21083
24875
16958
100833
126208
108167
88209
68167
47042
47542
42000
46500
49208
47458
46542
46875
46625
49875
47208
46500
45958
45583
45292
46000
58125
55166
57000
52625
61042
47042
71541
60416
55167
88834
111750
86333
105708
87500
88084
68125
56916
71917
113583
62750
35625
46208
38708
48334
37666
52291
81875
77208
68834
57042
47750
38750
29750
20667
23708
20625
21792
17833
20958
21875
22958
24875
20958
20333
20250
21833
24208
14542
24542
18500
19416
19875
27334
20750
21084
20791
56834
107833
102500
95792
91458
83292
74708
66042
57084
48333
38958
27667
18958
16375
18917
15625
18958
19375
15709
18875
19125
19417
18917
19166
19250
19667
19333
19708
19625
15667
18583
19542
15667
18834
19416
20625
15375
18833
19458
22583
13417
19834
16125
18250
19000
19541
15125
19000
15709
18541
19708
13167
19667
12584
18750
19333
19250
19666
19666
19041
19208
19708
19666
19708
15625
18625
19125
19625
19750
19708
18917
19209
19917
15958
18500
19375
15917
18625
19791
15125
18625
19083
19417
19583
19666
15833
18625
19334
19958
15875
19084
19042
36375
29333
21459
24333
17708
23209
25250
21334
31500
22375
63125
52708
33333
22000
27208
19333
24667
16375
24250
20833
24125
32792
21666
20791
39084
110583
33750
18292
24167
21958
26125
28791
60500
58500
106042
101875
93791
84209
76458
68792
60500
52041
43667
34625
20417
17583
19209
16125
18458
19667
15625
18500
16917
18958
16042
19417
35292
74042
63500
35125
18500
25292
16708
24250
19750
23542
20375
23875
19125
24625
25125
20542
23792
20166
23917
19333
23750
20917
24166
20500
23792
24666
20625
25208
26250
19291
23750
21750
61167
31584
35583
30208
29209
66959
29000
30083
64042
101541
48417
56834
43792
98875
54750
93084
60542
44917
66291
28042
18458
27209
46250
67000
97083
58583
86125
83000
86291
74750
42709
58125
70625
102500
95916
43458
56625
47375
37625
27125
16625
24917
19417
23709
20500
23959
24375
22250
23958
28583
27708
19375
23625
20625
23833
23750
20958
26917
28375
20833
23834
24375
24791
24875
20916
23500
23917
23875
20083
24042
24125
24625
24709
24708
20916
20917
21167
25166
22375
24083
31208
20333
23833
24000
24625
24542
24208
24166
24542
24292
24500
25042
25334
19458
23833
21750
23541
24125
25042
24791
25166
23791
24375
24250
24709
24917
24334
23958
23875
31750
23292
24333
23583
23542
24416
24708
20458
23459
24291
24834
25333
20667
27334
23750
25750
23917
24167
24625
24209
24167
24375
19916
24083
44250
90625
98708
78625
57292
36875
47041
40458
46042
53125
46709
49125
47250
46541
46417
45375
46666
41792
45500
46042
47000
45583
46584
46416
46292
46875
46250
46334
91500
65125
45750
49291
40416
46875
47417
47125
46208
44958
46791
45792
48834
45833
46500
45625
45958
45791
45833
45291
45458
45916
45000
69916
95667
92834
85959
78416
71084
62791
53625
44375
33709
24125
22750
30917
21583
16792
20792
28333
46791
61583
53875
45458
37333
27625
18167
21166
20167
22708
20417
22292
21666
21708
17833
21083
21458
19917
22125
23666
17750
24959
24292
18667
22667
21125
23041
22458
23625
14292
21917
15208
21541
20916
17708
21542
21792
21833
22084
54375
72084
64916
45084
54166
44791
34125
24375
20667
24417
19916
23667
24375
23792
23916
23417
23792
23500
23625
23584
23459
23500
23625
28541
17791
23834
24083
20458
23584
23375
24333
24834
24375
24959
98208
128750
112125
91958
72792
49166
50417
42292
47208
41792
46250
48625
46542
46917
46250
46209
46209
45750
45750
46292
46250
46084
48042
46167
67167
54541
34667
47917
41333
46167
46208
46083
45333
46542
46125
46208
46625
46125
45542
46042
46375
46917
46792
45959
45833
45958
46458
46791
46417
45667
44958
41083
46500
45584
45916
46958
45750
47000
48292
64625
59459
39000
45583
46792
41459
49000
38208
43625
46334
46167
46750
46083
46084
45500
46833
46625
46250
48959
48875
46750
46291
46667
46084
47167
46208
46875
46209
46458
46208
45792
46292
46375
48250
47334
46250
47125
46292
76333
61250
44000
47542
41708
49417
47292
45708
46583
46375
46375
48792
47417
47625
46167
46292
45459
46458
46000
55667
62542
43209
48583
42292
49750
49333
41291
46208
46458
46291
52750
44000
46375
46083
45708
45584
45959
45417
45583
46458
59375
44333
47084
46208
45791
45791
45833
46750
45750
45792
47250
54417
47375
92916
75041
69541
84834
56167
61917
49583
49875
47375
46375
46125
46375
45417
46042
70625
47792
46625
42625
41042
47875
48041
46708
52958
50750
60250
57000
40042
46083
45417
69917
49625
77917
67084
45875
46417
46458
46875
46500
46666
45292
45916
46500
47334
46167
45875
46167
59875
41375
44791
58750
56416
65000
39958
46875
42625
46459
47083
46292
46209
46292
52875
47333
46125
46583
46333
46583
46959
46375
68334
44959
46042
46792
46542
46209
46000
46916
45708
45917
57000
52583
40541
74292
54375
33250
46333
46042
46125
46041
42000
46042
46458
46875
45458
46750
46167
79833
76625
67583
54291
45250
45584
84083
57750
79375
56250
43500
45667
46417
47750
47000
41250
45833
46292
46083
45334
47625
45875
44917
85583
59125
34750
45833
53000
47708
41375
45500
47667
46750
46250
48000
46417
48375
47792
46000
45041
45833
45917
88500
83375
61041
38375
45791
47375
46958
47166
47083
45917
46625
47291
46209
46458
46583
46958
45500
46000
46166
45542
45792
61792
32667
44209
44708
59833
42958
46833
45833
45833
45375
45750
46334
45750
46584
45958
46458
45750
46708
45916
63291
43166
69125
50750
41875
46792
41667
45959
46375
46083
45917
46209
46291
45958
46167
63625
41208
46083
46541
45625
45792
45958
46292
46292
47125
46000
61542
49709
38625
91708
63666
38458
46417
46125
45875
46250
47875
47125
46417
46292
41792
47166
46916
46250
44542
45708
53792
52500
47375
46292
54917
49458
47333
46500
45875
45625
46042
46667
47208
50959
40417
52583
41833
45500
46458
45750
45292
46542
46875
47458
48958
68208
45208
46583
46250
46750
46167
46083
45625
46667
46458
45958
46125
46083
45708
46375
45542
46459
45417
45750
46083
46500
45500
46833
45417
32583
46875
41667
69459
50250
40292
46583
47500
46541
46458
45833
45750
46167
41500
48333
36167
52042
42708
45084
39833
46375
41500
45708
46166
45417
46792
46000
45416
45875
42792
46084
45458
46250
45875
47541
58084
53000
42541
46750
47541
42500
45666
47250
46291
47375
42125
46458
46375
47458
46583
46375
49834
40250
45542
46084
45833
45750
47042
45417
45375
47375
46875
45916
49208
53875
40333
46834
46750
46625
45667
46584
46500
45916
45459
49250
49417
46708
45625
58000
38292
50292
41792
45875
47917
81875
58375
33875
47292
47000
41250
45875
46250
47333
46250
48000
46125
46250
46375
46125
47458
59333
35500
41125
58625
41625
51750
62250
41875
69417
52583
56666
51333
74333
75417
45625
45125
59291
59042
37291
64583
46791
38541
63000
40000
47250
47875
47125
46791
46500
45625
46334
47125
53708
33125
47459
77250
64375
86958
81125
58958
38625
81875
64292
41625
60416
52250
32709
44917
61458
42625
44667
58667
36750
46125
48291
47083
46500
46792
45750
46458
46750
46875
54584
33000
84833
94750
81417
57459
46208
77542
68875
48666
41208
46750
46250
46708
45791
40667
46583
46334
46417
45834
46708
46167
47542
69125
46375
57625
67500
55917
55125
42834
47500
48000
41750
46250
46875
47167
47000
46708
45875
46375
88083
71541
49917
40417
63250
35583
46458
47125
48208
46083
46834
47250
40958
45916
42625
47042
46458
45875
45375
45750
45583
46042
51208
40250
45958
46000
46583
46167
45000
45417
46041
46208
47708
46125
32083
46666
80750
68292
50541
40375
47125
47084
46042
46417
45042
45667
46209
46042
46083
45625
45709
45625
46166
45458
46708
46917
45583
46250
60042
51083
52416
49208
48041
46709
43917
64541
52292
41875
51125
58250
34916
44167
39500
43959
39708
43583
45125
45250
45166
51292
49541
80583
70375
52291
51916
39875
44875
66667
55334
32500
69208
56667
42917
46333
35208
43584
37750
44250
39750
44959
44792
44125
39291
44166
37708
44042
43416
43792
54542
38166
45083
40667
44292
40000
44209
45416
38833
43958
44833
44833
48291
45125
44834
45250
45458
44666
61583
33958
43375
43750
44125
44459
44667
45000
50292
32291
44084
45708
57541
37791
43542
44000
44042
44375
44791
44792
44750
38791
44167
44209
44375
51542
45041
44166
44125
44167
44083
44667
44459
44292
38833
43916
44917
44166
44209
43792
44333
38834
43542
44125
44458
44167
43917
44000
44708
61625
42375
44583
38542
43666
39458
44833
44833
44875
44667
45125
44500
48042
39875
32958
23500
24166
27666
26916
22125
29709
23292
30375
25083
29417
23333
25083
29250
24208
27708
24375
28584
33167
26667
28000
26500
31333
22959
29167
26417
20834
29625
22834
29208
27875
32000
28917
28875
24792
55750
33375
44625
49458
44667
48500
38458
43792
38958
53167
32875
44208
39791
43834
38917
47666
39875
47125
37833
43625
43375
49291
31458
43208
44417
44333
44500
44709
44500
38583
43416
44292
44083
43875
44458
44167
46125
45500
45209
46416
45834
44583
44167
44291
44833
44333
44208
44458
44042
43750
44584
44084
44291
44083
43916
39000
43875
43833
46333
52709
47584
37458
44084
45709
44458
44459
63833
47667
38500
44708
45750
37583
55208
50709
49792
34333
44042
37375
43292
39958
44459
37083
43584
44708
45042
44417
45000
44417
44209
44333
51083
40166
45250
45750
51666
50459
52750
35750
57333
62083
32750
74250
58000
54958
64125
52625
62625
49209
49625
51709
33083
44375
37375
45875
68750
49375
39875
44042
55458
62000
47083
59625
44041
77667
63416
44750
45583
45416
46584
73041
56125
35500
46167
60292
96667
53250
41875
55708
40000
55000
77083
52625
40584
47084
40459
70292
60583
42542
45291
39792
44333
49750
53875
46416
56375
34667
52500
67208
50500
51042
46083
52250
33750
50792
55083
55334
41041
67000
59459
85000
49000
63875
57792
52333
46542
52958
36666
46375
94417
88542
53291
101292
90083
73375
61458
81167
72125
84333
50041
53584
72166
61500
55417
89000
82166
84666
71000
50375
80542
68666
48500
40125
46041
62250
42292
56917
60583
38125
56500
34542
78875
48250
64292
55500
83625
81667
50958
68541
54333
53917
85208
76792
65917
45458
63667
86958
79709
61542
42708
77375
56625
60750
32875
46625
46209
46250
47416
46000
46542
45958
41375
51375
50500
41959
49084
83875
65250
60042
52375
40750
28833
91458
86959
66333
45042
46625
70583
54500
53750
86125
83042
63416
66250
58209
40916
49542
64459
43083
47000
87625
89917
69708
49625
41083
104125
119167
73791
52791
76291
51417
90750
92875
81417
52792
79250
86125
70833
51542
33458
45000
39500
44917
49875
96833
134708
75667
55750
75125
71083
50250
39584
50625
40166
44208
39208
44666
40000
43834
44292
44750
43834
44208
44292
44416
44583
44375
44083
44875
37417
43750
45250
44459
43541
44042
44625
44625
43458
43708
74500
60833
74709
61750
61000
44791
45625
44167
60583
62625
41584
61459
45958
74459
61625
56708
46792
68625
53875
58875
53917
40583
40541
44875
38459
52083
40416
47333
45292
30750
44334
45083
39042
44750
44459
39250
47208
40083
44834
38084
43667
38750
44500
39458
43875
45500
45208
45250
45083
44000
44209
43666
43791
43709
44833
43875
43708
44042
50792
39750
43250
44208
39583
44667
46167
42708
44250
44583
44541
44250
46875
38291
32333
27167
26458
26542
27583
23708
26417
27208
26167
27167
22833
26375
38875
27125
27125
22375
26125
26875
27375
28834
22958
35584
24417
28000
21833
26208
27125
27500
27875
21375
25792
27708
21125
23666
28000
22250
29625
19792
26209
27000
27250
26000
26791
22166
28292
23166
26000
27292
22709
25875
27083
23334
26750
27083
22125
25750
37250
25167
26083
27000
22291
26500
27666
26709
27208
27625
22625
26042
27000
22417
28583
22292
26667
27417
22833
26083
27250
27500
25333
26208
27083
26208
30375
22416
27542
22917
25875
23833
19542
26333
28709
18875
22667
24125
21042
22500
19459
22875
19250
23209
19292
23000
24166
18667
22958
18625
23000
19833
22750
20000
23000
23584
18250
24125
19084
23167
24583
19709
22667
23666
23833
19625
22458
31916
21291
22375
39666
24666
19625
24250
19291
22334
30625
19750
23042
21208
22625
22458
23583
19417
22625
23666
35042
23625
32250
21875
22667
25417
24833
17542
27084
25250
24416
24542
24334
24375
19041
51584
39833
45958
46709
46541
57458
38541
48208
43375
46083
40875
46333
46209
46084
46084
47416
46667
49708
46708
46667
46250
46750
46125
45916
45750
45625
46083
47250
45917
67375
43583
45458
43042
52292
37584
47875
41708
45417
46584
48834
45708
46250
45709
41333
50958
46875
46250
46208
46708
45625
49500
46500
45542
45875
46083
45208
45791
46500
45500
46292
55167
47250
46958
48042
65917
49667
41000
55291
48500
60625
45041
93584
54125
85458
63459
76417
54666
89500
58375
34500
50083
53125
50208
66167
56167
68458
52209
75917
65667
45584
46708
46667
46625
46167
41667
46209
40125
74500
59750
35125
88250
50875
53417
54833
38625
50208
79583
53917
59250
36958
76000
66916
41000
46125
47458
46417
88042
75625
55291
33583
46375
46584
47250
47667
47208
46708
45708
46750
46000
45625
47250
48083
42000
46334
47917
45166
36334
46500
46250
45750
45875
45875
46417
45792
45792
61459
37042
46042
46417
46917
46125
46125
45667
47625
42250
44375
48833
46875
45875
46541
46166
50167
48416
56667
33209
45792
54542
32792
46209
46709
46250
45833
55208
33584
46209
45333
46458
45417
45417
46167
46042
45500
46000
46416
47791
49375
32333
26750
36458
23416
26791
23583
27250
27125
26792
29625
33250
19833
27750
27750
32625
29041
28208
28000
27500
23458
57833
41667
45583
46125
47042
46292
46791
49833
49792
39583
64250
41917
46625
46875
46709
46334
46708
45750
39125
45500
46666
50750
40500
50834
42625
46875
46792
46166
42792
46125
47875
42375
47584
46208
46417
45291
45625
45791
46708
46333
45334
56500
34667
47166
45209
45750
45750
52709
50042
54709
42167
52083
46750
58459
43000
61542
36833
45542
46083
48166
38333
53958
51417
49541
87250
96500
69458
47625
67250
67208
56750
34458
57125
38667
70709
82375
61834
58209
42250
87958
80833
74625
48416
41875
46708
47041
48167
46792
46500
46459
46625
47292
47333
46417
45541
46375
45500
46708
44666
72458
60791
60459
66792
66958
76750
50083
40292
47000
46541
44667
68792
52500
55541
65250
48833
63083
46541
45542
88083
102375
83584
117417
101208
50625
77875
52875
33291
68167
45584
85292
53416
54792
70333
52791
39917
44292
91291
90625
73333
98708
102959
83167
58750
38083
47709
48041
48458
41500
46750
47875
42000
46250
45708
46041
46083
46875
46208
45500
46208
46375
46875
46167
46042
45625
45792
46041
46000
52875
45250
43959
57792
82166
64875
43958
47875
46542
46166
47042
41208
46583
46541
50417
46083
46583
46625
48125
46375
46084
46333
46125
45666
45834
45709
54250
41583
47541
47125
45916
46916
45166
45791
45125
45583
46125
46209
56917
35750
46542
45417
50750
34042
46542
45541
46208
48708
52375
33000
27667
27959
27292
27500
27042
27167
24000
41916
26959
27917
24583
27833
28458
27667
27750
27084
27250
27333
24083
27167
27458
27417
27666
27292
27000
27750
26875
62125
58000
35584
44250
46333
83375
81500
60125
39417
46042
47083
46250
46750
46375
39875
46083
46625
45458
45792
45959
46000
45625
57667
40541
47208
39959
54042
38458
58833
52666
40666
46208
52375
44084
44000
46792
46333
46792
45417
46084
46042
46667
44375
49416
48334
42625
47167
55625
43292
47083
47416
46583
46625
46500
47292
47500
42875
48375
48500
41583
47167
47292
46417
46375
46084
47042
46334
45458
46000
45667
46084
46458
45500
52917
40833
54667
47916
46250
48375
72750
36792
52250
42250
46042
41709
54583
51292
35417
47292
46500
54458
54625
54125
39208
47000
46333
46500
46458
46375
50584
67333
37333
59958
96917
131083
47875
38583
54709
81208
54291
89125
130000
85958
120583
86917
108875
90834
85542
82500
70250
87083
108417
85458
84500
51333
89125
54375
91875
58459
49250
68833
57916
38334
46334
47125
46750
47000
41916
46084
47250
56083
50375
46458
46625
45958
45916
47541
46167
45875
40500
49333
34541
48166
46666
46292
46375
45000
46166
46417
46875
45917
45667
46209
45542
47208
46209
52458
44292
46750
46083
46542
45834
45667
45917
62250
42667
46375
45875
45708
45542
46209
45833
50584
41917
46125
46542
47292
45541
45667
41292
47917
46291
45958
45833
46250
48541
45542
28084
27291
27458
28250
54500
44333
60416
52292
40375
46125
41584
46125
41000
46292
46666
46500
47000
46083
46667
52041
47333
46125
41584
46416
48292
47042
46500
49084
46917
47333
45959
46208
52917
48417
47209
46792
46209
45875
46375
45417
46083
45458
45916
46250
45667
45375
46625
45834
46125
45625
46166
46125
45833
46125
45875
45750
46875
46375
46208
46333
45917
46292
46417
46125
44875
46250
46500
45375
46292
46125
60667
37791
48250
46750
47417
47584
47625
29916
27625
27542
24125
49834
47583
46708
45958
42750
46042
45792
47042
45625
46375
46291
46791
46542
46750
45708
45750
45792
41042
45625
52750
47791
46709
47125
47125
46291
47042
56917
33333
47208
46458
46667
41666
45583
46167
46167
45750
46333
46042
46416
45542
47125
46542
45875
45625
46000
47167
46041
45958
46750
46708
46500
46000
46709
45458
45583
46209
46083
46625
46916
46292
48041
44959
47083
46583
46167
47125
49625
47375
46917
45958
45833
45958
46125
45250
45750
45667
46250
46250
45916
45625
45666
52208
46792
46083
45334
40583
46750
46000
46500
48000
46541
45792
45750
46500
46667
45625
46250
46042
46375
46542
45416
45875
46250
56458
34334
46291
45584
84000
85250
64584
44375
47125
46791
46709
46250
46250
45500
48625
54625
38208
48000
34583
45833
46792
46417
46292
41917
45417
44959
62250
36416
47542
41125
46875
46958
47375
47750
47334
47542
41500
46625
46000
45833
45584
46458
46458
46333
46875
47041
46917
54542
51042
47791
47000
46625
45792
45875
46750
45917
46084
46875
46042
47292
45917
46250
46125
45250
46375
45625
54625
49875
47583
46000
46375
45875
46625
45791
46250
45958
58125
37625
45833
45625
46583
46125
45209
48875
74833
50500
71875
59416
42666
43666
49084
48959
93209
91000
68833
61000
37375
46083
48166
47042
45333
45583
45375
45625
46625
45500
46542
46292
45250
46542
45792
44666
45708
46209
44750
59000
48125
25667
36375
60417
50584
40833
31042
21000
16709
21625
23584
22042
19583
21833
20041
21416
21750
18000
15875
19583
21542
19625
60083
47541
92708
76333
88334
49959
41333
42083
51083
38167
46875
46625
45792
46208
46583
47000
47125
46375
45542
45833
49875
42667
46959
56917
43000
47125
47208
52000
46166
46042
39125
47083
45667
50250
47042
46750
48000
62917
42625
45667
46666
46542
40208
51875
45917
45708
45666
46875
46959
46458
45666
46167
44084
44250
77750
49208
46584
45750
46750
46292
45458
45583
45958
46625
46042
47125
46417
45666
46166
46709
46375
45750
45792
45458
60500
35708
55792
51875
55333
40250
48416
46584
46125
45500
46250
45833
50375
46792
48583
48375
46292
41583
46583
50125
48250
42459
46959
47666
46167
46458
46125
48792
47458
48083
46750
57208
54916
47167
46584
46375
42333
48208
47208
58583
71416
50041
48083
47958
43625
47125
46834
46292
45417
46500
45917
46583
45708
46584
56625
43167
68417
42916
47333
50709
33042
46625
43500
48042
46583
45500
46250
46750
46250
45709
45750
77333
57959
34416
45958
47000
55500
47292
45958
45417
46375
45791
46500
46166
45417
46125
45875
47583
46000
46000
73416
53334
40417
46333
55042
46709
46958
46208
45917
46084
46750
50041
50250
49625
46458
63792
34000
46167
47583
55583
89042
85000
62833
39583
46750
46042
47041
45916
46167
45834
46750
47417
46666
46084
45666
46125
45625
46416
93375
91916
68875
37709
46125
46417
46666
46334
45500
46583
45209
45834
46417
46583
46000
46291
45292
46875
45583
45458
57500
43000
45958
46584
46667
46000
46459
46042
47208
46750
47000
45750
44167
86959
76292
52625
52166
39667
52292
39958
47000
48500
46584
47583
48042
44667
44917
45167
42375
46125
45542
47666
46042
47916
48333
53750
51000
46916
40833
47375
46625
47417
48542
49625
42375
47084
48542
47667
48459
47625
46875
47333
47500
47583
47833
42167
97459
73333
49458
48000
47667
46875
47167
47125
45333
45667
46916
46125
46500
46791
45708
46541
46500
45792
45500
46041
45917
46292
46791
45667
46500
46458
45625
45750
46000
72166
48917
41500
47125
46500
46167
46583
46042
45542
45541
46125
45958
45458
46500
46500
45708
79333
67041
43625
89958
75500
52708
95167
88667
51083
97000
72000
51125
98459
85958
85708
88750
51292
100209
82833
74875
90417
100875
98750
83875
102750
95958
74291
52667
53375
42500
46625
38292
44500
45417
45709
44541
44125
44458
44750
44041
43750
45125
44667
44250
44584
44083
44750
44417
43583
38500
43792
44417
43250
43791
44458
43458
43500
44666
44834
51084
40333
45417
44042
47875
38750
43541
44625
44958
44042
44083
45083
44041
43416
45167
44292
43541
43708
46208
44833
43917
43708
43708
45209
43917
44000
43458
43750
45041
43208
44000
44250
44041
43583
44125
43291
39375
76833
56792
97541
112166
90083
65666
43875
44958
91583
62208
85000
90625
94792
95750
74416
90417
92084
73292
62375
95500
96750
99458
89459
54875
67125
62500
87375
98958
97541
85125
90208
103375
89417
94875
94875
97667
99167
71875
61583
63167
62291
62666
94166
46500
61375
98458
60000
42458
59458
83958
78333
72584
66625
58250
50125
43625
35458
27333
18792
20584
14583
19375
21292
14583
18541
14125
19209
17625
18625
17709
58125
84375
78917
72541
65042
57292
49459
41583
33000
17500
15333
18917
17584
19417
17792
19250
17541
18875
63083
73334
62583
60250
59542
59250
59333
64250
73833
44666
90667
106500
88833
68792
49000
41125
44666
39541
45125
39500
44083
45334
45291
82667
46041
59292
98042
70792
85542
80208
72292
92625
96750
79958
60292
39500
47708
41666
46542
41416
48583
89000
67667
90250
90292
88958
92000
92375
66000
93166
94083
96792
359875
335125
312834
292042
269583
247708
225125
202541
179583
157291
135750
113458
88833
67917
46583
63417
54667
36209
48208
43125
44791
38542
44250
45708
93125
61958
96125
74083
43375
40917
47000
63208
89417
96708
90209
93583
89167
96750
93209
91709
95333
66500
59542
42250
47084
48334
40542
46458
40333
96208
93125
87625
90708
92458
91250
90541
99833
90125
96542
88917
71250
94542
102167
95459
90625
93417
75208
56125
35458
45042
39458
45167
38292
43750
38917
46834
45709
45625
93125
115875
92667
98584
92333
91709
123000
105333
84000
61708
39500
46917
49042
48209
41750
47333
47542
46542
46125
46125
45750
46834
46041
45542
46125
45875
46541
46917
46959
46417
46625
45833
45875
46583
46916
46125
46084
46334
46791
48792
47084
46583
46084
46333
45750
45959
54709
52666
41833
47333
46500
46708
45916
46250
46250
45958
45875
45834
45708
45875
46250
53292
42833
45750
45750
45916
46167
46125
46041
46375
45833
45375
46916
45875
45958
46583
46042
46417
46042
45583
46292
46625
45459
46250
46000
45375
46750
48167
57541
33625
27459
27333
27625
27917
28083
27750
27416
29292
24709
27000
28000
28042
28000
29000
23542
27084
27708
28666
23708
27292
27459
27209
27458
27458
28541
29042
24041
28125
28334
28375
28416
27792
28042
28667
27416
27375
28042
28041
28584
23750
27416
27833
28000
34375
32542
22625
27917
28375
28875
23708
27458
27917
28667
29667
24208
27542
27500
27625
27500
27917
28041
28959
29125
28417
28750
28750
29208
23750
27917
27583
28583
30250
27250
27000
27792
27792
28084
27625
26750
32250
31333
31625
22833
97458
91500
73459
68917
83833
98250
97750
96833
91709
102375
89125
116125
99500
100000
100875
75875
58250
97083
97625
119166
101292
80416
59208
37959
47459
42500
47500
46500
46750
48208
46625
40792
46042
41000
46583
46500
47125
97167
134209
118667
100000
79708
58792
37208
48375
35583
44625
39125
45667
46709
48083
40750
47334
38417
43791
45542
45208
45083
44708
44500
44958
44791
44375
44958
44708
44875
44959
44167
44292
44792
44708
44708
45500
44417
44042
44125
44333
44500
45708
43958
44750
47209
38125
43667
44500
44708
44375
44166
38541
44417
44916
50167
39333
44250
44834
44583
46167
43041
40083
32875
27917
21875
27000
26958
23250
26667
27417
23666
26125
22500
26083
27375
23334
27167
26500
27458
21542
27958
22250
26542
28416
22042
26375
22625
26542
26500
27458
22875
25541
22750
25875
27417
22833
25708
27375
22791
25916
27209
23083
26417
27375
22291
25875
27167
22667
25875
27208
29916
27083
22792
25875
28792
28875
21459
29042
25750
27333
23500
26125
21291
26750
22209
26375
22875
26334
26625
23167
26333
27666
22958
26334
27583
22750
27708
23833
26083
90083
124542
107291
88083
68625
50250
45167
46708
100958
52916
73166
94625
95833
110708
84958
69667
75583
115667
109875
91791
35458
58167
51417
44375
36666
48625
101500
93083
143292
128834
110875
89458
80250
114583
82708
64166
44417
50333
39917
48584
54584
53500
75667
53167
48833
49958
33500
44917
45333
128875
123875
51334
49834
47292
80209
38083
42916
46917
45625
46708
43541
45833
42042
47458
48083
105584
89209
45500
43833
46292
45083
43084
66125
51542
55083
36208
46375
46000
44125
44250
58042
38750
67416
52458
48875
34083
45416
46125
43125
52209
36166
24084
59292
26083
31125
19292
25792
27583
25375
26542
35334
23958
25708
24917
31333
22875
36292
27625
29000
32000
19583
29125
28958
25416
25500
25542
60167
32375
32125
23375
27417
25708
26292
26125
25792
26209
26125
26417
25750
25583
25875
26625
26458
27417
28208
27250
26625
24291
29958
24292
25042
26250
25250
30833
29416
20458
25792
28000
25250
30250
28541
25583
32208
22750
28750
23584
28750
33375
20084
60917
75667
35375
41625
26417
24917
33958
80750
113208
98667
91083
104250
103250
129542
110958
71250
51292
71125
87875
