404311644262416
404311951949750
404312475623458
404312588158125
404312588240416
404316106732125
404316106844791
404316269011666
404316269113250
404316269127375
404316269136666
404317453330458
404317453446666
404317512108416
404317512171000
404317669642916
404318594602458
404318594728875
404318594747708
404318594762666
404318594776625
404318594788791
404318594818666
404318594861791
404318594892375
404318594934750
404318594967583
404318595021625
404318595051875
404318595096416
404318595130125
404318595173166
404318595218250
404318970129708
404318970255125
404318970274833
404318970289500
404318970304958
404319273311041
404319273433875
404319273938166
404319273976541
404319274019250
404319274063583
404319274101500
404319275023666
404319275061708
404319275108125
404319275146166
404319275181833
404319275227041
404319275261625
404319275305375
404319275347375
404319275380625
404319275425250
404319275471458
404319275520041
404319275560708
404319437805791
404319437920166
404319437940125
404319437956708
404319437973166
404319438012041
404319438046875
404319438091500
404319438133083
404319438173583
404319438213166
404319438252458
404319438292791
404319438337500
404319438379625
404319438420000
404319438454041
404319438498333
404319438538916
404319438578500
404319438613208
404319438658666
404319438698416
404319438737500
404319438780625
404319438821125
404319438860250
404319438899708
404319438939416
404319438978750
404319439019041
404319439058666
404319439108625
404319439148541
404319439195750
404319439235250
404319439282666
404319439333166
404319439352875
404319439405875
404319439436875
404319439476125
404319439515166
404319439560250
404319439600166
404319439639375
404319439678875
404319439718041
404319439758375
404319439804375
404319439844416
404319439883625
404319439923083
404319439962583
404319440009333
404319440048625
404319440088875
404319440128083
404319440174916
404319440214333
404319440266875
404319440306791
404319440342541
404319440387166
404319440428125
404319440466958
404319440506666
404319440546125
404319440585375
404319440624541
404319440665000
404319440707875
404319611798916
404319611913291
404319611933958
404319611947541
404319611962458
404319611977666
404319612027875
404319612062416
404319612111625
404319612154000
404319612193791
404319612244666
404319612284541
404319612324416
404319612364041
404319612404041
404319612443541
404319612483500
404319612523625
404319612564791
404319612596791
404319612643375
404319612691541
404319612732583
404319612771750
404319612811208
404319612854625
404319612892250
404319612924208
404319612966500
404319613007333
404319613040708
404319613086541
404319613140250
404319613180583
404319613220083
404319613272333
404319613315250
404319613347375
404319613387125
404319613427000
404319613467625
404319613506875
404319790144875
404319790254250
404319790273666
404319790288083
404319790302666
404319790318791
404319790367541
404319790410208
404319790456416
404319790496958
404319790536625
404319790586166
404319790633416
404319790673708
404319790708000
404319790753291
404319790793250
404319790826500
404319790870791
404319790911875
404319790945875
404319790996208
404319791032000
404319791079875
404319791120291
404319791160583
404319791200625
404319791240708
404319791280166
404319791320000
404319791360000
404319791400375
404319791440208
404319791484916
404319791526000
404319791559833
404319791610625
404319791650750
404319791700541
404319791740666
404319791780083
404319791819583
404319791859708
404319791899125
404319791944083
404319791984083
404319792026875
404319792065708
404319792113208
404319792154583
404319792198333
404319792223125
404319792249791
404319792273125
404319792297000
404319792322750
404319792347125
404319792370708
404319792394416
404319792409250
404319792438291
404319792462041
404319792485875
404319792509875
404319792533375
404319792558333
404319792583875
404319792608208
404319792631666
404319792656000
404319792679500
404319792703500
404319792727916
404319792755583
404319792783333
404319792807625
404319792831125
404319792859750
404319792883041
404319792908458
404319792931625
404319792955166
404319792978541
404319793031750
404319793038291
404319793044500
404319793066291
404319793088708
404319793112666
404319793138166
404319793162083
404319793176958
404319793205250
404319793237208
404319793259416
404319793282833
404319793305750
404319793329208
404319793351833
404319793368416
404319793398458
404319793421541
404319793445750
404319793468500
404319793492541
404319793514791
404319793549708
404319793566375
404319793593416
404319793617375
404319793640166
404319793689083
404319793711916
404319793736666
404319793758958
404319793789833
404319793812833
404319793835916
404319968414666
404319968511916
404319968528125
404319968542125
404319968556791
404319968607750
404319968641125
404319968686000
404319968732250
404319968763833
404319968804208
404319968858041
404319968887333
404319968931500
404319968971291
404319969011166
404319969049750
404319969088750
404319969127875
404319969168083
404319969209833
404319969248083
404319969301916
404319969324958
404319969371166
404319969410250
404319969449666
404319969488708
404319969527791
404319969567166
404319969606541
404319969646250
404319969685583
404319969724041
404319969771375
404319969808875
404319969852500
404319969903625
404319969942916
404319969973708
404319970019500
404319970059958
404319970098500
404319970138333
404319970177458
404319970229875
404319970269250
404319970303416
404319970342250
404319970388916
404319970427750
404319970467666
404319970507041
404319970546708
404319970585708
404319970641250
404319970685208
404319970724791
404319970759333
404319970803416
404319970841750
404319970909916
404319970946458
404319970992291
404319971032208
404319971083500
404319971122750
404319971157333
404319971202125
404319971242875
404319971282375
404319971344125
404320147967833
404320148048000
404320148057416
404320148062833
404320148067708
404320148071541
404320148076958
404320148081000
404320148085583
404320148103375
404320148118375
404320148146458
404320148165833
404320148181375
404320148197000
404320148212958
404320148230750
404320148245541
404320148262000
404320148274291
404320148292541
404320148305958
404320148326375
404320148395375
404320148443125
404320148460500
404320148472833
404320148492750
404320148502458
404320148521625
404320148535291
404320148550833
404320148562083
404320148586916
404320148603458
404320148615125
404320148633500
404320148649916
404320148661791
404320148679958
404320148695833
404320148711875
404320148728000
404320148743458
404320148760791
404320148776541
404320148794166
404320148804791
404320148826166
404320148836583
404320148851250
404320148871375
404320148887250
404320148907666
404320148915208
404320148937041
404320148953083
404320148970375
404320148985958
404320149001666
404320149017208
404320149032500
404320149047666
404320149063458
404320149078708
404320149094041
404320149110833
404320149126458
404320149141708
404320149157208
404320149172375
404320149188000
404320149203083
404320149219208
404320149234791
404320149250291
404320149265458
404320149282958
404320149298083
404320149313250
404320149328875
404320149347333
404320149356708
404320149377041
404320149390708
404320149409583
404320149424458
404320149445291
404320149466083
404320149489708
404320149507291
404320149522000
404320149533833
404320149553125
404320149571500
404320149589041
404320149605416
404320149621791
404320149639833
404320149657458
404320149677166
404320149684958
404320149705000
404320149724083
404320149740291
404320149752958
404320149767583
404320149783625
404320149809958
404320149817416
404320149838916
404320149864041
404320149884125
404320149900791
404320149916708
404320149931708
404320149946416
404320149961166
404320149992041
404320150007791
404320150022500
404320150037291
404320150052000
404320150066750
404320150081708
404320150096833
404320323685958
404320323785500
404320323800458
404320323813833
404320323856250
404320323907500
404320323939791
404320323992375
404320324046625
404320324097125
404320324125958
404320324171375
404320324211791
404320324252916
404320324291791
404320324326125
404320324372500
404320324412541
404320324452000
404320324496875
404320324538250
404320324589833
404320324619041
404320324663375
404320324698833
404320324736750
404320324775791
404320324816416
404320324855625
404320324900458
404320859370875
404321332912416
404321333022541
404321333040625
404321885914666
404322394911458
404322395009791
404322395026166
404322395039666
404322395053291
404322395099916
404322395140875
404322395180916
404322472885083
404322804310583
404323215437041
404323345741750
404323356833750
404323936192041
404323936310166
404323977385166
404323977482833
404323977500083
404323977515208
404323977528708
404324106871750
404324106989416
404324107008833
404324107023291
404324107039125
404324111406666
404324112002458
404324707719625
404324707839125
404324707860125
404324707875041
404324707891083
404324707904916
404324707931250
404324707973791
404324708008708
404324708052916
404324708084041
404324708140708
404324708187750
404324708253125
404324708298625
404324708339375
404324708361541
404324708411250
404324708448791
404324708467666
404324708514583
404324708546833
404324708595708
404324708629541
404324708670875
404324708702708
404324708749583
404324708786541
404324708805541
404324708851625
404324708882291
404324708925875
404324708972916
404324709015583
404324709055500
404324709089250
404324709126375
404324709171708
404324709202583
404324709245541
404324709284833
404324709325416
404324709363958
404324709395500
404324709441208
404324709474333
404324709517250
404324709557375
404324709582500
404324709629125
404324709661041
404324709704916
404324709736750
404324709779458
404324709821166
404324709862833
404324709914583
404324710055916
404324710095583
404324710126291
404324710167750
404324710206875
404324710236916
404324710283708
404324710322375
404324710354916
404324710398041
404324710436541
404324710487375
404324710526916
404324710559125
404324710602041
404324710640333
404324710679333
404324710718416
404324710763416
404324710795541
404324710835208
404324870329041
404324870445041
404324870465625
404324870481000
404324870496083
404324870514625
404324870555625
404324870588125
404324870629666
404324870662166
404324870703250
404324870734416
404324870783708
404324870816541
404324870860291
404324870892875
404324870937000
404324870976375
404324871007791
404324871058250
404324871097166
404324871135916
404324871167750
404324871212000
404324871243958
404324871288250
404324871326750
404324871366500
404324871405250
404324871451708
404324871491375
404324871531500
404324871582208
404324871616208
404324871649375
404324871693041
404324871737083
404324871772458
404324871805333
404324871847916
404324871889291
404324871923083
404324871971000
404324872010916
404324872040291
404324872082458
404324872121291
404324872164500
404324872203708
404324872235541
404324872278333
404324872316916
404324872360958
404324872399166
404324872430375
404324872473166
404324872511958
404324872550833
404324872590083
404324872619333
404324872661333
404324872712333
404324872751125
404324872795541
404324872827541
404324872870625
404324879605250
404324879629666
404324879678416
404324879717833
404324879758958
404324879790916
404324879833750
404324879866541
404324879911583
404324879950250
404324879989250
404324880031791
404324880070416
404324880109416
404324880148541
404324880187166
404324880240916
404324880280250
404324880318958
404324880357666
404324880403208
404324880441875
404324880486583
404324880519958
404324880564083
404324880596000
404324880637916
404325031871750
404325031984708
404325032003541
404325032017708
404325032034500
404325032050041
404325275802291
404325275908916
404325275929958
404325275944333
404325275958958
404325275986458
404325276028541
404325276060166
404325276100583
404325276141166
404325276181166
404325276232125
404325276265250
404325276309458
404325276363958
404325353421750
404325414452666
404325717485750
404326204556083
404326204678458
404326386740166
404327207773083
404327756662166
404327872880708
404327956398875
404328289648708
404328306739541
404328306818875
404328307343041
404328316476958
404328316550541
404328316559333
404328316566875
404328316574458
404328316582208
404328316588416
404328316603291
404328316627041
404328316648041
404328316664291
404328316718291
404328316724125
404328316729375
404328316746666
404328316766916
404328316787583
404328316803500
404328316826541
404328316847500
404328316866458
404328316886416
404328316907791
404328316928625
404328316948791
404328316969333
404328316989458
404328317009500
404328317029083
404328317049583
404328317069125
404328317090000
404328317106500
404328317132625
404328317152583
404328317173208
404328317193791
404328317225750
404328317267583
404328317307875
404328317346291
404328317393916
404328317432625
404328317475166
404328317518166
404328317557041
404328317595916
404328317635458
404328317674083
404328317720708
404328317759208
404328317811000
404328317851833
404328317891291
404328317928541
404328317977666
404328318016958
404328318057958
404328318110708
404328318145833
404328318186458
404328318222500
404328318262791
404328318296583
404328318346083
404328318375500
404328318405708
404328318429083
404328318451916
404328318476125
404328318498750
404328318523333
404328318545583
404328318569000
404328318591458
404328318620833
404328318644041
404328318671458
404328318694458
404328318718708
404328318744208
404328318766458
404328318793125
404328451809333
404328451907583
404328451923000
404328451935958
404328451949416
404328451997750
404328452038791
404328452079458
404328629780958
404328629894875
404328629913208
404328629925166
404328629941791
404328629980958
404328630011708
404328630056583
404328630096000
404328630136833
404328630178000
404328630227708
404328630268916
404328630307958
404328630348166
404328630387458
404328630428000
404328630467250
404328630507250
404328630546583
404328630586166
404328630625958
404328630670583
404328630716125
404328630747041
404328630792625
404328630831750
404328630871208
404328630911041
404328630948833
404328630983500
404328631028666
404328631069541
404328631108625
404328631159208
404328631197458
404328631237291
404328631271541
404328631311125
404328631342833
404328631386375
404328631427375
404328631468250
404328631508416
404328631551500
404328631591416
404328631631083
404328631670666
404328631710500
404328631750916
404328631791458
404328631833583
404328631858375
404328631883166
404328631905750
404328631941666
404328631966125
404328631989166
404328632011500
404328632043166
404328632066208
404328632090083
404328632113166
404328632136875
404328632154958
404328632180708
404328632207250
404328632230291
404328632253416
404328632276250
404328632299416
404328632322500
404328632345833
404328632368916
404328632391375
404328632411541
404328632437458
404328632462000
404328632485958
404328632508958
404328632532666
404328632555208
404328632579125
404328632602125
404328632633250
404328632656458
404328632682750
404328632705375
404328632729041
404328632757750
404328632781500
404328632804083
404328632835125
404328632857750
404328632880750
404328632904416
404328632928708
404328632954625
404328632978083
404328633001041
404328633027250
404328633050125
404328633073916
404328633096625
404328633130708
404328633147416
404328633175041
404328633197500
404328633223958
404328633247916
404328633271375
404328633311875
404328633336791
404328633359666
404328633383458
404328633406250
404328633428750
404328633451541
404328633496416
404328633522583
404328633542166
404328633568500
404328633592666
404328633625791
404328633654000
404328633676458
404328633725375
404328633750291
404328756829333
404329359486166
404329359581916
404329359594916
404329359604166
404329359614666
404329359645083
404329359669250
404329359702666
404329359731666
404329359760708
404329359789208
404329359818583
404329359849958
404329359878791
404329359912708
404329359941500
404329359970541
404329360005333
404329360028958
404329360054416
404329360093416
404329360118875
404329360152125
404329360177583
404329360211875
404329360244875
404329360283916
404329539516500
404329635973708
404329798727333
404330381740916
404331166159000
404331166242041
404331168974708
404331169010500
404331169049916
404331169090625
404331169130750
404331169171291
404331169211916
404331169251666
404331169291458
404331169330958
404331169373500
404331169419458
404331169461291
404331169502833
404331169557458
404331169570041
404331169615291
404331169653708
404331169694125
404331169732875
404331169779000
404331169820708
404331169868083
404331169906708
404331169946208
404331169985375
404331170025458
404331170065083
404331170112583
404331170151333
404331170198125
404331170237791
404331170309791
404331170350000
404331170390458
404331170429458
404331170476958
404331170515375
404331170555083
404331170590916
404331170636541
404331170675541
404331170716458
404331170760916
404331170801625
404331170841291
404331170883041
404331170918041
404331170963416
404331171004125
404331171042833
404331171087833
404331171126541
404331171173458
404331171216666
404331171255708
404331171295000
404331171333333
404331171372166
404331171411708
404331171449875
404331171488833
404331171526791
404331171565583
404331171605416
404331171647875
404331171688625
404331171727750
404331171773375
404331171812458
404331171854208
404331171894958
404331171941166
404331171965041
404331171989166
404331172011500
404331172038208
404331172061166
404331172085208
404331172108083
404331172140041
404331172162291
404331172187083
404331172209250
404331268862916
404331268935875
404331268949916
404331268975375
404331269019958
404331269060583
404331269100541
404331269141333
404331269181375
404331269220375
404331269261166
404331269312000
404331269354750
404331330349750
404331330429625
404331330444333
404331330457166
404331330503875
404331330543583
404331330583375
404331330622875
404331330662625
404331330702208
404331330742041
404331330789583
404331330831666
404331330871000
404331330911000
404331330950083
404331330991541
404331331030833
404331331071125
404331331110166
404331331149541
404331331188708
404331331235000
404331331274000
404331463191791
404331463291458
404331463307333
404331567278166
404331640509083
404331640570166
404331640582750
404331640620083
404331640655333
404331640700541
404331640739833
404331640779958
404331640819125
404331970749958
404331970865333
404331970882375
404331970896208
404331970907333
404331970943333
404331970975291
404331971019458
404331971050208
404331971094333
404332064663041
404333045110416
404333458100458
404333458206458
404333458223458
404333458235958
404333458261291
404333458304916
404333458345583
404333458384833
404333582295333
404334136614458
404334584257750
404334584350750
404334678611916
404335093277791
404335707395166
404335707483208
404335947808250
404336731503958
404336848578125
404336939526208
404337126704666
404337126737041
404337126741916
404337126745166
404337126748333
404337126755833
404337126771625
404337126789375
404337126793500
404337126798708
404337126815500
404337126825375
404337126841458
404337126846625
404337126862625
404337297723666
404337659949916
404337660043291
404337660054208
404337660061458
404337660067541
404337660073291
404337660081750
404337660087916
404337660102500
404337660125375
404337660142166
404337660175333
404337660195666
404337660215833
404337660236250
404337660256250
404337660276916
404337660296625
404337660317125
404337660336416
404337660356708
404337660376583
404337660399166
404337660418666
404337660439583
404337660459375
404337660479166
404337660498833
404337660519041
404337660538750
404337660560000
404337660579541
404337660598875
404337660620791
404337660641333
404337660660750
404337660681541
404337660700041
404337660721166
404337660740541
404337660761541
404337660781041
404337660801458
404337660821291
404337660844041
404337660863416
404337660883958
404337660903458
404337660925083
404337660945041
404337660965166
404337660984833
404337661004666
404337661023916
404337661043833
404337661066541
404337661087000
404337661106250
404337661126208
404337661145666
404337661166666
404337661186375
404337661217583
404337661233541
404337661256375
404337661275875
404337661298916
404337661318750
404337661338666
404337661358333
404337661379541
404337661398958
404337661419958
404337661439291
404337661469625
404337661489333
404337661510166
404337661532791
404337661555500
404337661575041
404337661595416
404337661615041
404337661632916
404337661655666
404337661676333
404337661695958
404337661713583
404337661737166
404337661768875
404337825175000
404337825267291
404337825279375
404337825287750
404337825295291
404337825302916
404337825309875
404337825324500
404337825350916
404337825375041
404337825398750
404337825430083
404337825454458
404337825477416
404337825501500
404337825524000
404337825547375
404337825570750
404337825593708
404337825616291
404337825640500
404337825663458
404337825690083
404337825712333
404337825736208
404337825759000
404337825782458
404337825805166
404337825830458
404337825850208
404337825874083
404337825904500
404337825925125
404337825951125
404337825969208
404337825996791
404337826019541
404337826043125
404337826065916
404337826090125
404337826112583
404337826136125
404337826159083
404337826193500
404337826218666
404337826250083
404337826276166
404337826300041
404337826323083
404337826346750
404337826370166
404337826392666
404337826416500
404337826438875
404337826464250
404337826490083
404337826514250
404337826537166
404337826562458
404337826585666
404337826608875
404337826632208
404337826656083
404337826675500
404337826703416
404337826725833
404337826751541
404337826774250
404337826793750
404337826819583
404337826843541
404337826866333
404337826898125
404337826917791
404337826948500
404337826971125
404337826994250
404337827020208
404337827043333
404337827067125
404337827090083
404337827112583
404337827135500
404337827158083
404337827181041
404337827203833
404337827230791
404337827253708
404337827277333
404337827301916
404337827325833
404337827347875
404337827371708
404337827394333
404337827417916
404337827441041
404337827464583
404337827487500
404337827511291
404337827534291
404337827560291
404337827583541
404337827607375
404337827630541
404337827654583
404337827676833
404337827701250
404337827724000
404337827748000
404337827770583
404337827798250
404337827824875
404337827848833
404337827876291
404337827899291
404337827921750
404337827945583
404337827968166
404337828015041
404337828042166
404337828059708
404337828086791
404337828109750
404337828132708
404337828155666
404337828178666
404337828201875
404337828225083
404337828254083
404337828282375
404337828306833
404337828333625
404337828356625
404337828379666
404337828403750
404337828428666
404337828453833
404337828486541
404337828516250
404337828539916
404337828562041
404337828593500
404337828624375
404337828645375
404337828677958
404337828708958
404338012740916
404338157520791
404338471888041
404338984181583
404339292300166
404339652646500
404340009045458
404340025383166
404340035311416
404340418171250
404341013860541
404341815613333
404341873461041
404342064031875
404342191076708
404343079126958
404343171601458
404343294122250
404344001289708
404344187568166
404344514228000
404344514390875
404344514424375
404344514473666
404344514509083
404344514572666
404344514613541
404344514632833
404344514682458
404344514716291
404344514762166
404344514802000
404344514850791
404344514891666
404344514931375
404344514970333
404344515022833
404344821115208
404344956507000
404345088480000
404345843951583
404346834287833
404346913721333
404346913779625
404346913823916
404346913849791
404346913874625
404347381527041
404347381639125
404347381656958
404347381671291
404347381683458
404347381736458
404347853296375
404349326362666
404349326446458
404349531573416
404349531665791
404349704831250
404351478189541
404351530857916
404351653397541
404351759082833
404352192830125
404352705677541
404352748090458
404353422037041
404353451660458
404354242910125
404354322859458
404354453309208
404354522908041
404356190643333
404356305300416
404356369346208
404356466858166
404356574716041
404356655515250
404356740343208
404356760558250
404356760631625
404356760651250
404356760667916
404356760696083
404356760739666
404356760774333
404356760813833
404356760849541
404356760893541
404356760929250
404356760978500
404356761009791
404356761053791
404356761086083
404356761129375
404356761161583
404356761205666
404356761237041
404356761280083
404356761312250
404356761356166
404356761399291
404356761438166
404356761476958
404356761515666
404356761554416
404356761593875
404356761632666
404356761679625
404356761754916
404356761770083
404356761783333
404356761824791
404356761862125
404356761899916
404356761937458
404356761974750
404356762012291
404356762049916
404356762086791
404356762123833
404356762161625
404356762200041
404356762241333
404356762278875
404356762321166
404356762358583
404356762396083
404356762433166
404356762470958
404356762507791
404356762552875
404356762589416
404356762627250
404356762675375
404356762712166
404356762749458
404356762788333
404356762825583
404356762863541
404356762900333
404356762944916
404356762981958
404356763019541
404356763056166
404356763110250
404356763147333
404356763184833
404356763222041
404356763259583
404356763296666
404356763327208
404356763371166
404356763408250
404356763444750
404356763483166
404356763523333
404356763562000
404356763599625
404356763637708
404356763683041
404356763715916
404356763758750
404356763786208
404356763806375
404356763833416
404356763859458
404356763884708
404356763907166
404356763929458
404356763951541
404356763973708
404356763995875
404356764018250
404356764035625
404356764065583
404356764090291
404356764114041
404356764135500
404356764159708
404356764174541
404356764209916
404356764242541
404356764260500
404356764286791
404356764304875
404356764330166
404356764352625
404356764378000
404356764403750
404356764429458
404356764453750
404356764472583
404356764499833
404356764519291
404356764546208
404356764631125
404356764659958
404356764679250
404356764704916
404356764727000
404356764749375
404356764771750
404356764794583
404356764812166
404356764838291
404356764864125
404356764893333
404356764924416
404356764949125
404356764974666
404356765000083
404356765025666
404356765064000
404356765082625
404356765110250
404356765132041
404356765152166
404356765173625
404356765200250
404356765223500
404356765235333
404356765263000
404356765282583
404356765304625
404356765332208
404356765347250
404356765374291
404356765392916
404356765417541
404356765435166
404356765461000
404356765485458
404356840425666
404356840768458
404356840796958
404356840805041
404356840811458
404356840819125
404356840825166
404356840833250
404356841034000
404356841051458
404356841075875
404356841115666
404356841132916
404356902048291
404356902115958
404356902125958
404356902133125
404356902140541
404356902147791
404356902174500
404356902192958
404356902220083
404356902237375
404356902263125
404356902292916
404356902315708
404356902338833
404356902361500
404356902383791
404356902406250
404356902419750
404356927125041
404356927173250
404356927188000
404356927239791
404356927265375
404356927310333
404356927343333
404356927387083
404356927425291
404356927463083
404356927500791
404356927548208
404356927586041
404356927623833
404356927662833
404356927699916
404356927737375
404356927774291
404356927812083
404356927849791
404356927887583
404356927927958
404356927970166
404356928007958
404356928045833
404356928084000
404356928121583
404356928159000
404356928196791
404356928235625
404358301746541
404358342480291
404358342557916
404358342575333
404358342589458
404358342628041
404358342659958
404358342708083
404358342736833
404358342760000
404358342778458
404358342802875
404358342832416
404358358036333
404358358077625
404358358103833
404358358145333
404358364480333
404358364515000
404358364529833
404358364574958
404358364607916
404358364650333
404358364688708
404358364727375
404358364764583
404358364802333
404358364840416
404358364888166
404358364926083
404358364966416
404358364997458
404358365041208
404358365078583
404358365115791
404358365152583
404358365190375
404358365227291
404358365264750
404358365307125
404358365345416
404358365382291
404358365421083
404358365458000
404358365495416
404358365531958
404358365576541
404358365613416
404358365651291
404358365688208
404358365731916
404358365778083
404358644151291
404358952925041
404359093122375
404360291563041
404360374738333
404361307575375
404361335314666
404361399220541
404361522088625
404361921861583
404362229724708
404363152219375
404363454279416
404363951571583
404364276392041
404365331448041
404365346236916
404366385313375
404366453344000
404366453440375
404366453454833
404366453467166
404366453512041
404367657091625
404367657208041
404367657227083
404367657240166
404367657253708
404367657289333
404367657340500
404367657380625
404367657420333
404367657460125
404367657499541
404367657538791
404367657580791
404367657620458
404367657669333
404367729183791
404368120439625
404368645506250
404368714605750
404368809219875
404368809765125
404369328433875
404369328534041
404369328551791
404369328565791
404369328577500
404369328625875
404369328670291
404369328700916
404369328747958
404369328778791
404369328825500
404369328877833
404369328918916
404369328958916
404369328998583
404369329038125
404369329077916
404369329116041
404369329158375
404369329193250
404369329238208
404369329278500
404369329324333
404369329364166
404369329404041
404369329443958
404369329483083
404369329522208
404369329562625
404369329605500
404369329647000
404369329677583
404369329722458
404369329771375
404369329811375
404369329842750
404369329887875
404369329928958
404369329967916
404369330006708
404369330045916
404369330085250
404369330124666
404369330163208
404369330210375
404369330251000
404369330291791
404369330330750
404369330371000
404369330409916
404369330449541
404369330491291
404369330531666
404369330561500
404369330606833
404369330653083
404369332473000
404369332513625
404369332554666
404369332595375
404369332634708
404369332676416
404369332709041
404369332753750
404369332793000
404369332836125
404369332868208
404369332916541
404369332955500
404369332998375
404369333038208
404369333083916
404369333115625
404369333156083
404369333189833
404369333235583
404369333277333
404369333317750
404369333362000
404369333405916
404369333458166
404369333524583
404369333543958
404369333593958
404369333632291
404369333665375
404369333713666
404369333751375
404369333788666
404369333823583
404369333854958
404369333892166
404369333906750
404369333947208
404369333971000
404369334005708
404369334036083
404369334062250
404369334096291
404369334127958
404369334163416
404369334194750
404369334225750
404369334256625
404369334283791
404369334311791
404369334345958
404369334378041
404369334407458
404369334436625
404369334464708
404369334501875
404369334532791
404369334565291
404369334597083
404369334628833
404369334660833
404369334692833
404369334743500
404369334779000
404369334811041
404369334843250
404369334883750
404369334913000
404369334937083
404369334972541
404369335003666
404369335032458
404369335064833
404369335094166
404369335124041
404369335152708
404369335182625
404369335214083
404369335250125
404369335283125
404369335311291
404369335343625
404369335378125
404369335396875
404369335433333
404369335458375
404369335491583
404369335520500
404369335549541
404369335582375
404369335611500
404369335651166
404369335678583
404369335713541
404369335739041
404369335768500
404369335791500
404369335814833
404369335837458
404369335860875
404369335886875
404369335911541
404369335937416
404369335963666
404369335986416
404369336009208
404369336037666
404369336063125
404369336086000
404369336108750
404369336131375
404369336157833
404369336181125
404369336204375
404369336227875
404369336253125
404369336278958
404369336304458
404369336343208
404369336376083
404369336399375
404369336422500
404369336445250
404369336468833
404369336494791
404369336520791
404369336548666
404369336576041
404369336602625
404369336626791
404369336646958
404369336673666
404369336696500
404369336719333
404369336742541
404369336770083
404369336797916
404369336823125
404369336849250
404369336873291
404369336897500
404369336920583
404369336943250
404369820331500
404369820440291
404369820457125
404369820470166
404369820482833
404369820525916
404369820565875
404369820605250
404369820645083
404369820685250
404369820725625
404369820774083
404369820813875
404369820854166
404369820894291
404369820933458
404369820973166
404369821012000
404369821051958
404369821092041
404369821132458
404369821166166
404369821217125
404369821256375
404369821299500
404369821338416
404369821385625
404369821424625
404369821465708
404369821504833
404369821551000
404369821579500
404369821633916
404369821669541
404369821707166
404369821746875
404369821786708
404369821826583
404369821877166
404369821916583
404369821963125
404369822009708
404369822049583
404369822095708
404369822141041
404369822181041
404369822220791
404369822260333
404369822306625
404369822346000
404369822395583
404369822435666
404369822482666
404369822521041
404369822560458
404369822603750
404369822648500
404369822687375
404369822739958
404369822778833
404369822819291
404369822858666
404369822910000
404369822948875
404369823001291
404369823040000
404369823096166
404369823137666
404369823176500
404369823223458
404369823263750
404369823304708
404369823344083
404369823395541
404369823433750
404369823480500
404369823528916
404369823571416
404369823618958
404369823658416
404369823700833
404369823739208
404369823779291
404369823813875
404369823838125
404369823860875
404369823884625
404369823907416
404369823940708
404369823966125
404369823989625
404369824012541
404369824042750
404369824066208
404369824090875
404369824113583
404369824144375
404369824167416
404369824190666
404369824213666
404369824240708
404369824263541
404369824287958
404369824310250
404369824340958
404369824363708
404369824388166
404369824411000
404369824438791
404369824461791
404369824486083
404369824523958
404369824548208
404369824571291
404369824594291
404369824622416
404369824642000
404369824665250
404369824699500
404369824726333
404369824749125
404369824772583
404369824795333
404369824818666
404369824841833
404369824865000
404369824888250
404369824911291
404369824934708
404369824960750
404369824983416
404369825006666
404369825029833
404369825052791
404369825075791
404369825098750
404369825121083
404369825143791
404369825166666
404369825190083
404369825215291
404369825238458
404369825261458
404369825284458
404369825306958
404369825330458
404369825353333
404369825376083
404369825398750
404369825421791
404369825445000
404369825468208
404369825493375
404369825516541
404369825539666
404369825562708
404369825585291
404369825608416
404369825632333
404369825658583
404369825684208
404369825710291
404369825732916
404369825754791
404369825774291
404369825794291
404369825813583
404369825833500
404369825853291
404369825873208
404369825892875
404369825912625
404369825932333
404369825952833
404369825974750
404369825994416
404369826013958
404369826033916
404369826180541
404369826203000
404369826223541
404369826243250
404369826262541
404369826282208
404369826301750
404369826328416
404369826352208
404369826372458
404369826395875
404369826422250
404369826443375
404369826463166
404369826482416
404369826502333
404369826521958
404369826541625
404369826561250
404369826580958
404369826600708
404369826620625
404369826642458
404369826662333
404369826681958
404369826701875
404369826721500
404369826741666
404369826760791
404369826780791
404369826800500
404369826819875
404369826839291
404369826860875
404369826880000
404369826900083
404369826919458
404369826939250
404369826958916
404369826978916
404369826998541
404369827018375
404369827037958
404369827057708
404369827079375
404369827099416
404369827119250
404369827139291
404369827159125
404369827178583
404369827197916
404369827218000
404369827238000
404369827257666
404369827277750
404369827300458
404369827320291
404369827340083
404369827359458
404369827379416
404369827398958
404369827418791
404369827438375
404369827458625
404369827477750
404369827501250
404369827524916
404369827545250
404369827565291
404369827585291
404369827605416
404369827627958
404369827650958
404369827673833
404369827696416
404369827716250
404369827735958
404369827757875
404369827777666
404369827797333
404369827817041
404369827836458
404369827856375
404369827876166
404369827895958
404369827915916
404369827935625
404369827962458
404369827982333
404369828002166
404369828022000
404369828041500
404369828060916
404369828080666
404369828099916
404369828119458
404369828139083
404369828159166
404369828180916
404369828200500
404369828220000
404369828240000
404369828259625
404369828279625
404369828299250
404369828318833
404369828338875
404369828358833
404369828378416
404369828400291
404369828421625
404369828442541
404369828461583
404369828481583
404369828501333
404369828520833
404369828540708
404369828560458
404369828580250
404369828599750
404369828619916
404369828636291
404369828658958
404369828684250
404369828700666
404369828728375
404369828747125
404369828774291
404369828794083
404369828813875
404369828833000
404369828852875
404369828872416
404369828892000
404369828911583
404369828931583
404369828953666
404369828973791
404369828996375
404369829016291
404369829035875
404369829058125
404369829079625
404369829101833
404369829172666
404370343319791
404370343411875
404370343428291
404370758252500
404370758359000
404371342812041
404371342924666
404371342942750
404371342955666
404371342967666
404371343005000
404371343044750
404371343085583
404371343124333
404371343164000
404371343204000
404371343253875
404371343294291
404371343329708
404371957168625
404372067421708
404372366482708
404372673013083
404373360659000
404373429342541
404373702938583
404373703007208
404373703021791
404373703047416
404374210714458
404374721997833
404375028224375
404375137349875
404376257840041
404376257940583
404376257954875
404376667714500
404377179351333
404378408175500
404378717720500
404378717830458
404378717846666
404378717857791
404378717871625
404378717915291
404378717955166
404378717994333
404378718034291
404378718089458
404379331499833
404379331598458
404379331614250
404379331624958
404379331634833
404379331661625
404379331695250
404379331729041
404379331769000
404379842030708
404381069974708
404381582027875
404383118641125
404383528889125
404383528994958
404383728517625
404383829208208
404384246876750
404384246994000
404384247013583
404384247028375
404384247043375
404384247071458
404384247113208
404384247145625
404384247187666
404384247227750
404384247257750
404384247301375
404384247343750
404384247382916
404384247421500
404384247460291
404384247498916
404384247543875
404384247576333
404384247620750
404384247659500
404384247691375
404384247734583
404384247783375
404384247822291
404384247862916
404384247901250
404384247933875
404384247978666
404384248021666
404384248060458
404384248105333
404384248143916
404384248189250
404384248230541
404384248275416
404384248314291
404384248353041
404384248391416
404384248436416
404384248475208
404384248513416
404384248551666
404384248595458
404384248633916
404384248681458
404384248720208
404384248762791
404384248801375
404384248845208
404384248883666
404384248930208
404384248968375
404384249012625
404384249050916
404384249089708
404384249130375
404384249168791
404384249207125
404384249247041
404384249285458
404384249329541
404384249367708
404384249416958
404384249455125
404384249496500
404384249534708
404384249586625
404384249624791
404384249663500
404384249701958
404384249740750
404384249778666
404384249828666
404384249867291
404384249913250
404384249951708
404384249983791
404384250033875
404384250065708
404384250108166
404384250141833
404384250168458
404384250196083
404384250219333
404384250235833
404384250261000
404384250284666
404384250302625
404384250329458
404384250346416
404384250368958
404384250393875
404384250417375
404384250440916
404384250470208
404384250608708
404384250627791
404384250646250
404384250671791
404384250691125
404384250715625
404384250733583
404384250758750
404384250777750
404384250802166
404384250822916
404384250849916
404384250869291
404384250894750
404384250916000
404384250940583
404384250964291
404384250980750
404384251007125
404384251024416
404384251058500
404384251076458
404384251105291
404384251123750
404384251157208
404384251175500
404384251201333
404384251219916
404384251252958
404384251276375
404384251294666
404384251319875
404384251343208
404384251367041
404384251398000
404384251415750
404384251441375
404384251459625
404384251485791
404384251504083
404384251537625
404384251555666
404384251582708
404384251600166
404384251626166
404384251651166
404384251674541
404384251697583
404384251726416
404384251743041
404384251769666
404384251786833
404384251812833
404384251831166
404384251858166
404384251881291
404384251907625
404384251930791
404384251954208
404384251992333
404384251998541
404384252022000
404384252033958
404384252059583
404384252078875
404384252097750
404384253253708
404384253275166
404384253289666
404384253310500
404384253328416
404384253350833
404384253366750
404384253388125
404384256988500
404384262659041
404384262692958
404384262736166
404384262775333
404384262813833
404384262850833
404384262888166
404384262919375
404384262974708
404384262991250
404384263037916
404384263080833
404384263119083
404384263157625
404384263194541
404384263234083
404384263272166
404384263310291
404384263347541
404384263389875
404384263426875
404384263464000
404384263505583
404384263545416
404384263589041
404384263627375
404384263664583
404384263703000
404384263739708
404384263777041
404384263814041
404384263863375
404384279460458
404384279492416
404384279535375
404384279573041
404384279610416
404384279648833
404384279685916
404384279725083
404384279763083
404384279796083
404384279839875
404384279882250
404384279921416
404384279960333
404384279997625
404384280036250
404384280074041
404384280119458
404384280157583
404384280195250
404384280235833
404384280273708
404384280316250
404384280354166
404384280391166
404384280430541
404384291125125
404384291164666
404384291202041
404384291240416
404384291277708
404384291315375
404384291352416
404384291390833
404384291428083
404384291465916
404384291498166
404384291546166
404384291583875
404384291628583
404384291672208
404384291710416
404384291747500
404384291787500
404384291824541
404384291861708
404384291899458
404384291936166
404384291974000
404384312159333
404384312192916
404384312236708
404384312275750
404384312312291
404384312340333
404384312389333
404384312426791
404384312465000
404384312502958
404384312540791
404384312583125
404384312620916
404384312661208
404384312698333
404384312735541
404384312772875
404384312810166
404384312847416
404384312884833
404384312922500
404384312964916
404384313009166
404384313046708
404384313083875
404384313121125
404384313158416
404384313196666
404384313234458
404384313271708
404384313309083
404384313346708
404384313384291
404384313425125
404384313470416
404384313508000
404384313545458
404384313582291
404384313618833
404384313656166
404384313693750
404384313730166
404384313766791
404384313800250
404384313843833
404384313885333
404384313923583
404384313960708
404384313998208
404384314035833
404384314074250
404384314111125
404384314148541
404384355003041
404384355075125
404384355087666
404384355098750
404384355144333
404384355183500
404384355222291
404384355260666
404384355298875
404384355331500
404384355375041
404384355421375
404384355458666
404384355495541
404384355533500
404384355571041
404384355608125
404384355645458
404384355689291
404384355726791
404384355765250
404384355802583
404384355846500
404384355884458
404384355922958
404384355960041
404384355998125
404384356035333
404384356072541
404384356109958
404384356155000
404384356192166
404384356238958
404384385815166
404384385841583
404384385885333
404384385923875
404384385962583
404384386000333
404384386037625
404384386074875
404384386113625
404384386593583
404384386620500
404384386669458
404384386691875
404384386745500
404384386764666
404384386810833
404384386848958
404384386887541
404384386924541
404384386969541
404384387011416
404384387054625
404384387091333
404384387129833
404384387166791
404384387212166
404384387249208
404384387281416
404384387324625
404384387363041
404384387401291
404384387443541
404384387487291
404385498596833
404385498664083
404385987650250
404386804887791
404387934035166
404387934137583
404387934154000
404387934166916
404387934180458
404387934208916
404388071320333
404388071387791
404388071402833
404388071419208
404388073502083
404388073537208
404388444767541
404388750666041
404389062262500
404390184112791
404390900606000
404391208381916
404391619582166
404392847455916
404393255403083
404393294159375
404393294211000
404394489815041
404394576466166
404394706335708
404394733951250
404395820329833
404396946646833
404396946721083
404396959006541
404398376410958
404400708763333
404400708857208
404400833737041
404401242474833
404402983971708
404403129664750
404403600695791
404403600798166
404403600813916
404403600826291
404403600867000
404403600907625
404403600951250
404403600982625
404403601025125
404403601066083
404403601105458
404403601145250
404403601184250
404403601230416
404403601269541
404403601310208
404403601349458
404403601389125
404403601428791
404403601469250
404403601509291
404403601549875
404403601589666
404403601630166
404403601675708
404403601716125
404403601754833
404403601795625
404403601834833
404403601874833
404403601913541
404403601953458
404403601997833
404403654648416
404403654731083
404403654744958
404403654771041
404403654814125
404404007844500
404404034417083
404404064682416
404404725075583
404404725184083
404404725202208
404404725214041
404404725225750
404404725261041
404404725300000
404404725330083
404404725372875
404404725405583
404404725449291
404404725496333
404404725534958
404404929991583
404405520717041
404405520813250
404405520828583
404405520841166
404405520866625
404405520908458
404405520948125
404405520988375
404405521033375
404405521063625
404405521108333
404405521156958
404405521196625
404405521236125
404405521276000
404405521316375
404405521355333
404405521395208
404405521429166
404405521475041
404405521514166
404405521554166
404405521600583
404407188427541
404407188517958
404407357403500
404407357460958
404407357476500
404407899505416
404407958011458
404409743308541
404410356123875
404410356203750
404410356220875
404410356234083
404410356277291
404410356310000
404410356353750
404410356391875
404410356425375
404411893365791
404411893463333
404411893480458
404412303317083
404412425084250
404412454466291
404412814772375
404414247603541
404414247677958
404414247697125
404414247712958
404414247755416
404414247790208
404414247835208
404414247875666
404414247915208
404414247955583
404414247996166
404414248042791
404414248077083
404414248122416
404414555433083
404414555540166
404415271126666
404415271176500
404415271208583
404415271254416
404416909741166
404417629647208
404417629756875
404417629776250
404419305422833
404419880120250
404419880233041
404419991510375
404420904401916
404422035448583
404422035563541
404422035584041
404422035597958
404422035614916
404422035642166
404422035693500
404422035730791
404422035751375
404422035791583
404422035824458
404422035867791
404422035899291
404422035943083
404422035975958
404422036023666
404422036063000
404422036095041
404422036139083
404422036171666
404422036212333
404422036252416
404422036284125
404422036326166
404422036359125
404422036402166
404422036444250
404422036476875
404422036519166
404422036557666
404422036596541
404422036628541
404422036672666
404422036711541
404422036750958
404422036782875
404422036827083
404422036868625
404422036907375
404422036946041
404422036984958
404422037023708
404422037062333
404422037094458
404422037137875
404422037176458
404422037215250
404422037254000
404422037295500
404422037333750
404422037372500
404422037402250
404422037445291
404422037483791
404422037522875
404422037561791
404422037600625
404422037631416
404422037679208
404422037725791
404422037755916
404422037775333
404422037800583
404422037818708
404422037844875
404422037863416
404422037890291
404422037907833
404422037933875
404422172605208
404422270305000
404422448635541
404422552533125
404422642856208
404423157662541
404423463662458
404424078583166
404424191441166
404424391510750
404424416624916
404424572160333
404424897680250
404424897785708
404424897804333
404424973386416
404425409912291
404425717255833
404426023830791
404426031888083
404426180306750
404427091247791
404427458159916
404427458268083
404427866473791
404427882883833
404428277073583
404428993735083
404429737945083
404429850514916
404429850620041
404429850637666
404429850652041
404429850664083
404429850774458
404430574070458
404430624228541
404431042651375
404431860648291
404431860765208
404432203653250
404432411059500
404432420964208
404433601951416
404434217667333
404434625969416
404434626036208
404435138279833
404437065646791
404437149333791
404438311839500
404438622534000
404438622635625
404438622648791
404438622695458
404438622704250
404438625323583
404438625364791
404438625408666
404438625441958
404438625485208
404438625516500
404438625559375
404438625591250
404438625634875
404438625672750
404438625711875
404438625750208
404438625794166
404438625833458
404438625871500
404438625925000
404438625967208
404438626005916
404438626044000
404438626082541
404438626114291
404438626156666
404438626194750
404438626243791
404438626286791
404438626313458
404438626355500
404438626392375
404438626438458
404438626476208
404438626515000
404438626552958
404438626597208
404438626634333
404438626690625
404438626727791
404438626772541
404438626809750
404438626847458
404438626884625
404438626923500
404438626960875
404438626997875
404438627034791
404438627081958
404438627119708
404438627162083
404438627199125
404438627237208
404438627274958
404438627315333
404438627353625
404438627399291
404438627436958
404438627474708
404438627512041
404438627556000
404438627593500
404438627632000
404438627669208
404438627714458
404438627751625
404438627801583
404438627833916
404438627886791
404438627919458
404438627950916
404438627976208
404438627998125
404438628019875
404438628050125
404438628072208
404438628094750
404438628118041
404438628139833
404438628170375
404438628192583
404438628214416
404438628246333
404438628265000
404438628291333
404438628313250
404438628336500
404438628358375
404438628381166
404438628402583
404438628435250
404438628457000
404438628479791
404438628504458
404438628574166
404438628597583
404438628619583
404438628641666
404438628663583
404438628685500
404438628708291
404438628730666
404438628762625
404438628781916
404438628807541
404438628833333
404438628851916
404438628878166
404438628900291
404438628922208
404438628944041
404438628966666
404438628989041
404438629010666
404438629039958
404438631206041
404438631229250
404438631261833
404438631288375
404438631318416
404438631347500
404438631385166
404438631409666
404438631439125
404438631469791
404438631497250
404438631530125
404438631558291
404438631585791
404438631613541
404438631641000
404438631669916
404438631696916
404438631724666
404438639994666
404438640031333
404438640058083
404438640102125
404438640138833
404438640175375
404438640212666
404438640250541
404438640287666
404438640324750
404438640356541
404438640400708
404438640441458
404438640478958
404438640516250
404438640554250
404438640593125
404438640630625
404438640667250
404438640705625
404438640743041
404438640781125
404438640819250
404438640862083
404438640900083
404438640938541
404438640975666
404438641014250
404438641047000
404438641089208
404438641126375
404438641164000
404438641201208
404438641238958
404438925886500
404439235690583
404439235787708
404439235803708
404439235815500
404439235826875
404439235868041
404439235907416
404439235945541
404439235984458
404439236023125
404439236060958
404439236108250
404439236146416
404439236184958
404439236223541
404439236261041
404439437952875
404439485948375
404439745994875
404440257019166
404440565665791
404440975296583
404441997716000
404442016564291
404442714938500
404442742205708
404442859628833
404443536480333
404443536588458
404443841936000
404444164265750
404444403578500
404444403678625
404444403698291
404444403714666
404444403733125
404444403779625
404444403820791
404444403855041
404444403899625
404444403935583
404444403980541
404444404016583
404444404068625
404444404109708
404444404149750
404444404189791
404444404229541
404444404269708
404444404304166
404446009718000
404446009801166
404446009817416
404446009826833
404446009834041
404446009841708
404446009848291
404446009855333
404446009866708
404446009895458
404446009912875
404446009939333
404446009959750
404446009972625
404446009996541
404446010013291
404446010035375
404446010052333
404446010075166
404446010095833
404446010116583
404446010132541
404446010160333
404446010181708
404446403641291
404446913933916
404446914036833
404446914052958
404446914067458
404446914081583
404446914123000
404446914158333
404446914203000
404446914243375
404446914297750
404448245137541
404448962099625
404449270537000
404449270637708
404449270698833
404449270715750
404449270726791
404449576035541
404449576133083
404449667900291
404450702475166
404451010195333
404451725846125
404451725944500
404451725960041
404451725973333
404451725986916
404451726032125
404451726072333
404451726112583
404451726152458
404451726192791
404451726227625
404453160480583
404453350038750
404454287115666
404454633752791
404455005664250
404455005754875
404455005769791
404455005782333
404455005825833
404455005858083
404455005901208
404455005940000
404455005979083
404455006016791
404455006049125
404455006093041
404455006134833
404455006173208
404455006210041
404455006249000
404455006285958
404455006323208
404455006360791
404455006398583
404455006436791
404455006474916
404455006523666
404455006555083
404455006596458
404455006627833
404455006671208
404455006708083
404455006747958
404455006785000
404455006823666
404455006860583
404455006899250
404455006929250
404455006978041
404455007016208
404455007053166
404455007097416
404455007133958
404455007179458
404455007217000
404455007268625
404455007288375
404455007334958
404455007366583
404455007419500
404455007461708
404455007498791
404455007536875
404455007574125
404455007612125
404455007648708
404455007686916
404455007743458
404455007782333
404455007819583
404455007857541
404455007892916
404455007942541
404455007979291
404455008016125
404455008054333
404455008091291
404455008132541
404455008169375
404455008207500
404455008244583
404455008288500
404455008330125
404455008371916
404455008419500
404455008459250
404455008496666
404455008536500
404455008583583
404455008608666
404455008637416
404455008663875
404455008686625
404455008708541
404455008730875
404455008753416
404455008776000
404455008798000
404455008821375
404455008845500
404455008869416
404455008891500
404455008913666
404455008927625
404455008955375
404455008987083
404455009008916
404455009031333
404455009052875
404455009075000
404455009101291
404455009124333
404455009150250
404455009177375
404455009200333
404455009221916
404455009251958
404455009273666
404455009295666
404455009319458
404455009348916
404455009375583
404455009393375
404455009420291
404455009444416
404455009467666
404455009489958
404455009512500
404455009534291
404455009556416
404455009578500
404455009600208
404455009652875
404455009675708
404455009697458
404455009720416
404455009742500
404455009765541
404455009787416
404455009819250
404455009840833
404455009863583
404455009881333
404455009910416
404455009936291
404455009959916
404455009977708
404455010006625
404455010028125
404455010051583
404455010073625
404455010090125
404455010117708
404455010139500
404455010169416
404455010193541
404455010216958
404455010238708
404455010261750
404455010277166
404455010303333
404455010333208
404455010354708
404455010381583
404455010403416
404455010426500
404455010448500
404455010465250
404455010492125
404455010513750
404455010547708
404455010570250
404455010589625
404455010608375
404455010629916
404455010650125
404455010670041
404455010689000
404455010709500
404455010728083
404455010747000
404455010765791
404455010785833
404455010805583
404455010824583
404455010845083
404455010864666
404455010883500
404455010902666
404455010924250
404455010945208
404455010965125
404455010999125
404455011010958
404455011037750
404455011058666
404455011073666
404455011096041
404455011110916
404455011133250
404455011154333
404455011175333
404455011194458
404455011214750
404455011233708
404455011254958
404455011276916
404455011296250
404455011315250
404455011334583
404455011353291
404455011379625
404455011398750
404455011418166
404455011436833
404455011460916
404455011481416
404455011501416
404455011520375
404455011542625
404455011561250
404455011581375
404455011600291
404455011625666
404455011644250
404455011663458
404455011682291
404455011703083
404455011721833
404455011744000
404455011763000
404455011783458
404455011802291
404455011821916
404455011842916
404455011862041
404455011885916
404455011904958
404455011923625
404455011943208
404455011962083
404455011981625
404455012000291
404455012020291
404455012039208
404455012058625
404455012077583
404455012108458
404455012125541
404455012145875
404455012165666
404455012184500
404455012204000
404455012218916
404455012338708
404455012358791
404455012373625
404455012392375
404455012416250
404455012440041
404455012458333
404455012479041
404455012492333
404455012514125
404455012533000
404455012555000
404455012573958
404455012593416
404455012612541
404455012628541
404455012675875
404455012695791
404455012710125
404455012732000
404455012750958
404455012771041
404455013361875
404455013382958
404455013398291
404455013418041
404455013433791
404455013454750
404455013474416
404455013488750
404455013510916
404455013530291
404455013547333
404455013572041
404455013591416
404455014638041
404455014664958
404455014685000
404455014700083
404455014721208
404455014740708
404455014755750
404455014777875
404455014797916
404455014816916
404455014835875
404455015913916
404455015936791
404455015961208
404455015969500
404455015992333
404455016011458
404455016031375
404455016050583
404455023613916
404455023630375
404455023656083
404455023677958
404455023700083
404455023721958
404455023743583
404455023765458
404455023787333
404455023817708
404455023839916
404455023862166
404455023883916
404455023905625
404455023927250
404455023948875
404455023970666
404455023996625
404455024018208
404455024033500
404455024059583
404455024081500
404455024104666
404455024126500
404455024149208
404455024170875
404455024192750
404455024215166
404455024238833
404455024260416
404455024282125
404455024303916
404455024325625
404455024348083
404455024369708
404455024402625
404455024424500
404455024449958
404455024471916
404455024490166
404455024511458
404455024531541
404455024560458
404455024588250
404455024610250
404455024619625
404455024649875
404455024679916
404455024705166
404455024727166
404455024748958
404455024771375
404455024793083
404455024814875
404455024836375
404455024858375
404455174561291
404455174664875
404455174681333
404455174693750
404455174731208
404455174764416
404455174817166
404455174842708
404455174888750
404455174932125
404455174957666
404455175003000
404455175048458
404455175090875
404455175131625
404455175163458
404455175195208
404455175239125
404455175270875
404455175313625
404455175352750
404455175384541
404455175427875
404455175470708
404455175508416
404455175546666
404455175584916
404455175621583
404455175660375
404455175697583
404455175738916
404455175775791
404455175815291
404455175854833
404455175899375
404455175938250
404455175966083
404455176008416
404455176045750
404455176083916
404455176121416
404455176158583
404455176196041
404455176233333
404455176270708
404455176312541
404455176350625
404455176387875
404455176426916
404455176465166
404455176504166
404455176536791
404455176580333
404455176617708
404455176662250
404455176698958
404455176743250
404455176786500
404455176821833
404455176860375
404455176893958
404455176933000
404455176977583
404455177015166
404455177052458
404455177089833
404455177127916
404455177171916
404455177210708
404455177248208
404455177286500
404455177318625
404455177369416
404455177417250
404455177453666
404455177490916
404455177529583
404455177567000
404455177609541
404455177647208
404455177686916
404455177724750
404455177762958
404455177799958
404455177837291
404455177885208
404455177920291
404455177966625
404455177990708
404455178016125
404455178038375
404455178061916
404455178085875
404455178108000
404455178128458
404455178153000
404455178175791
404455178198916
404455178221083
404455178243500
404455178268625
404455178290375
404455178312416
404455178334250
404455178363958
404455178386791
404455178404958
404455178429333
404455178454833
404455178479875
404455178497875
404455178527000
404455178551333
404455178569208
404455178596250
404455178613916
404455178639916
404455178662458
404455178732291
404455178755666
404455178778250
404455178799833
404455178821791
404455178844375
404455178873708
404455178895791
404455178918583
404455178940541
404455178963500
404455178988000
404455179011125
404455179033583
404455179055666
404455179077208
404455179099666
404455179121416
404455179150958
404455179172833
404455179194916
404455179234541
404455179240666
404455179259625
404455179282291
404455179304125
404455179326625
404455179348458
404455179372166
404455179394916
404455179417416
404455179439500
404455179461500
404455179483291
404455179510958
404455179532791
404455179562958
404455179592000
404455179616333
404455179643291
404455179656291
404455179683916
404455179705958
404455179727375
404455179749250
404455179774833
404455179796375
404455179818958
404455179841125
404455179864958
404455179886666
404455179909750
404455179932083
404455179951875
404455179970708
404455179989791
404455180010333
404455180030083
404455180049000
404455180065375
404455180087583
404455180114250
404455180132916
404455180153000
404455180178625
404455180201000
404455180221041
404455180241333
404455180259916
404455180276041
404455180297416
404455180316125
404455180334833
404455180353875
404455180372583
404455180391583
404455180410166
404455180429166
404455180449541
404455180468416
404455180487291
404455180506166
404455180525000
404455180543791
404455180562458
404455180581625
404455180596375
404455180619083
404455180638041
404455180659458
404455180678333
404455180702375
404455180710166
404455180733791
404455180753916
404455180772458
404455180791125
404455180818416
404455180841541
404455180856000
404455180881625
404455180896166
404455180919041
404455180938291
404455180957166
404455180976041
404455180990833
404455181012916
404455181031708
404455181050541
404455181069416
404455181090416
404455181109083
404455181127416
404455181146375
404455181164875
404455181183583
404455181226708
404455181246458
404455181265250
404455181285333
404455181304083
404455181322666
404455181341333
404455181360916
404455181380541
404455181399541
404455181418166
404455181440166
404455181458750
404455181478958
404455181497541
404455181516791
404455181533208
404455181552125
404455181580416
404455181599000
404455181617666
404455181636541
404455181657291
404455181675791
404455181690875
404455181711791
404455181730333
404455181749125
404455181768083
404455181789500
404455181802083
404455181823416
404455181844500
404455181863875
404455181880708
404455181901708
404455181920583
404455181940166
404455181958666
404455181977416
404455181997166
404455182016041
404455182034791
404455182059208
404455182082666
404455182105083
404455182124041
404455182142916
404455182161416
404455182175666
404455182198250
404455182216875
404455182235708
404455182254333
404455182273375
404455182293833
404455182313708
404455182332333
404455182351125
404455182369541
404455182388250
404455182406958
404455182426875
404455182445375
404455182460708
404455182480375
404455182499250
404455182519875
404455182538416
404455182558916
404455182580375
404455182602291
404455182617958
404455182639625
404455182658291
404455182677250
404455182695875
404455182714708
404455182735666
404455182754250
404455182772791
404455182791416
404455182810333
404455182829041
404455182847625
404455182862958
404455182884791
404455182903375
404455182922666
404455182942375
404455182961291
404455182980000
404455182998666
404455183017375
404455183035875
404455183054625
404455183070291
404455183092166
404455183111041
404455183129375
404455183150125
404455183168875
404455183187416
404455183206333
404455183226041
404455183244541
404455183263333
404455183282000
404455183300833
404455183319583
404455183338208
404455183358458
404455183373500
404455183393875
404455183412500
404455183431041
404455183449833
404455183468458
404455183507958
404455183527208
404455183546791
404455183565458
404455183584041
404455183602750
404455183621166
404455183639791
404455183658708
404455183677333
404455183692666
404455183716250
404455183734875
404455183753750
404455183772833
404455183791541
404455183810291
404455183829291
404455183848708
404455183867375
404455183885583
404455183904958
404455183924708
404455183943333
404455183962250
404455183980875
404455183996416
404455184018250
404455184036916
404455184055708
404455184074291
404455184092916
404455184111333
404455184132041
404455184147500
404455184170666
404455184189083
404455184207833
404455184226708
404455184245250
404455184263833
404455184276500
404455184296125
404455184316458
404455184336958
404455184355458
404455184381500
404455184400166
404455184419083
404455184437541
404455184453708
404455184472291
404455184490916
404455184515500
404455184538958
404455184561291
404455184575250
404455184596583
404455184615208
404455184634125
404455184648416
404455184673041
404455184698375
404455184718583
404455184737333
404455184755875
404455184776416
404455184795083
404455184813875
404455184832791
404455184848250
404455184866916
404455184889791
404455184910416
404455184923166
404455184947375
404455184966125
404455184986708
404455185005375
404455185024291
404455185043125
404455185061875
404455185080750
404455185099500
404455185118416
404455185137208
404455185156083
404455185174916
404455185193583
404455185213500
404455185232250
404455185250875
404455185269375
404455185288375
404455185307333
404455185326291
404455185344958
404455185363791
404455185382500
404455185401041
404455185421416
404455185440250
404455185458875
404455185477708
404455185496458
404455185515166
404455185533833
404455185552708
404455185571458
404455185590291
404455185608875
404455185629375
404455185648125
404455185666958
404455185685708
404455185704625
404455185723083
404455185741916
404455185799416
404455185818916
404455185837583
404455185856500
404455185875416
404455185894125
404455185912916
404455185931708
404455185950250
404455185969083
404455185987791
404455186008458
404455186027291
404455186045750
404455186064541
404455186083166
404455186101583
404455186120083
404455186138708
404455186157625
404455186176166
404455186194708
404455186215416
404455186234125
404455186252958
404455186271416
404455186290125
404455186308833
404455186327500
404455186346208
404455186365125
404455186388125
404455186411375
404455186431541
404455186450458
404455186469291
404455186487958
404455186506916
404455186525625
404455186544208
404455186562750
404455186581250
404455186600083
404455186618833
404455186639500
404455186658375
404455186677041
404455186695625
404455186714666
404455186732958
404455186751666
404455186770166
404455186789958
404455186808750
404455186827166
404455186847125
404455186865958
404455186884750
404455186903458
404455186921833
404455186940416
404455186959250
404455186978041
404455186996958
404455187015791
404455187034416
404455187054625
404455187073458
404455187092166
404455187110750
404455187129166
404455187147958
404455187166500
404455187185291
404455187203875
404455187222583
404455187242291
404455187262083
404455187280791
404455187299416
404455187318333
404455187336916
404455187355375
404455187374000
404455187392875
404455187411375
404455187429916
404455187448625
404455187468541
404455187486583
404455187511458
404455187530166
404455187548916
404455187567416
404455187586041
404455187604916
404455187623625
404455187642166
404455187661000
404455187681666
404455187701291
404455239769041
404455517012500
404455683501958
404456020307583
404456020411791
404456089469375
404456089518875
404456089526666
404456089532458
404456089538708
404456089561541
404456089578791
404456089601916
404456089618416
404456089642250
404456089663875
404456089690500
404456089712541
404456089735416
404456089757583
404456089780041
404456089797458
404456089821125
404456089843416
404456089860958
404456089883916
404456089906625
404456089931500
404456089953750
404456089976250
404456089998625
404456090020916
404456090043250
404456090065541
404456090087791
404456090110041
404456090132000
404456090168166
404456090189375
404456090211750
404456090234000
404456093865041
404456093914958
404456093923708
404456093928625
404456093934458
404456093958875
404456093971291
404456093994291
404456094008916
404456094031041
404456094050916
404456094073791
404456094089333
404456094111750
404456094131333
404456094157750
404456094173708
404456094195958
404456094221541
404456094237666
404456094258166
404456094275208
404456094304625
404456094315458
404456094343958
404456094362375
404456094378083
404456094401791
404456094421708
404456094435708
404456094459166
404456094475000
404456094496583
404456094517041
404456094592500
404456094609000
404456094630458
404456094648000
404456094669625
404456094691000
404456094715708
404456094734083
404456094755291
404456095152666
404456095169333
404456095197458
404456095218458
404456095232791
404456095254875
404456095271333
404456095293000
404456095312875
404456095332291
404456095351500
404456095373333
404456095393041
404456095411958
404456095431541
404456095450833
404456096109583
404456096123833
404456096146541
404456096166458
404456096185458
404456096204583
404456096224000
404456096243000
404456096261916
404456096274000
404456096298000
404456096319916
404456096340208
404456096353750
404456098404208
404456098419208
404456098441250
404456098461541
404456098474791
404456099854833
404456099878291
404456099893833
404456099919333
404456099934916
404456099956833
404456099976416
404456099992041
404456100013750
404456100029000
404456100050958
404456100072666
404456100671291
404456100696416
404456100714458
404456100736208
404456100750666
404456100773041
404456100792750
404456100807250
404456101264250
404456101284458
404456101303833
404456102954375
404456102969375
404456102991291
404456103010666
404456103029708
404456103048666
404456103063041
404456103085708
404456103105291
404456103125250
404456103137708
404456103163041
404456103182250
404456103201750
404456103220500
404456103243833
404456103263458
404456103278666
404456104099458
404456104119125
404456104138083
404456105363750
404456105378583
404456105400666
404456105420291
404456105433541
404456105456166
404456105475958
404456106339958
404456106352958
404456106375583
404456106390416
404456106412625
404456106432250
404456106451541
404456106466375
404456106488666
404456106503458
404456106525666
404456106547166
404456106566333
404456106585958
404456106605250
404456106624166
404456106643625
404456106662708
404456107041875
404456107063375
404456107083166
404456107102458
404456107122291
404456107141500
404456107160583
404456107179708
404456109716250
404456109746083
404456109753666
404456109783625
404456109804083
404456109821666
404456109841750
404456109854708
404456109871375
404456109896375
404456109912041
404456109937750
404456109957791
404456109972583
404456109994416
404456110192666
404456111418416
404456111436000
404456111460083
404456111476208
404456111498125
404456112383916
404456112400166
404456112427250
404456112444333
404456112464375
404456112486375
404456112509416
404456112523708
404456112545666
404456112564666
404456112584208
404456112605541
404456112625166
404456112644458
404456112658916
404456112681041
404456112700000
404456112719458
404456112738666
404456112757791
404456112776708
404456114360583
404456114375500
404456114398458
404456115065000
404456115088500
404456116517666
404456116540791
404456116563291
404456116579958
404456116606833
404456116629041
404456116650958
404456116672958
404456116696333
404456117757333
404456117780375
404456117802291
404456117820000
404456117845333
404456117868208
404456117890041
404456117912333
404456117934375
404456117956625
404456117974791
404456118004000
404456118026208
404456118048208
404456118527291
404456118550541
404456118566208
404456118587500
404456118615416
404456118636875
404456118662416
404456118684583
404456118706541
404456118728458
404456118750250
404456118774416
404456118792375
404456118818416
404456118840625
404456119342500
404456119367375
404456119389791
404456119415000
404456122084166
404456122103875
404456122129500
404456122147416
404456122172958
404456122201583
404456122226375
404456122246416
404456122271958
404456122294500
404456122311833
404456122340791
404456122363708
404456122386333
404456122740291
404456122766541
404456122800666
404456124384125
404456124422208
404456124458958
404456124492250
404456124535166
404456124572666
404456124609666
404456124647208
404456124685375
404456124723958
404456124760875
404456124804166
404456125098708
404456125140958
404456125178250
404456125211458
404456125258250
404456125281875
404456125329250
404456125366291
404456125405166
404456125442125
404456125481166
404456125520000
404456125557291
404456125590916
404456125634041
404456125672125
404456125708208
404456125749916
404456125930458
404456125980875
404456131371625
404456131417791
404456131438375
404456131478500
404456131533000
404456131571375
404456131608791
404456131646375
404456131683708
404456131721500
404456131758291
404456131796708
404456131834000
404456131871500
404456131908541
404456131950125
404456131983041
404456132027208
404456132063666
404456132101375
404456132138416
404456132175541
404456132213416
404456132250666
404456132287708
404456132324458
404456132365750
404456132403500
404456132440208
404456132478916
404456132524166
404456132561333
404456132598208
404456132630791
404456132679083
404456132754208
404456132792458
404456132831125
404456132868375
404456132906833
404456132943791
404456132981500
404456133018583
404456133065916
404456133103000
404456133153083
404456133202458
404456133240583
404456133276750
404456133313458
404456133352541
404456133389041
404456133426666
404456133463166
404456133502125
404456133539458
404456133576416
404456133619250
404456133656666
404456133693541
404456133730166
404456133767416
404456133804291
404456133849625
404456135033541
404456135072083
404456135110083
404456135148458
404456135185791
404456135224083
404456135261875
404456135298958
404456135335833
404456135368708
404456135412083
404456135453625
404456135490666
404456135527958
404456135564708
404456135602041
404456135639333
404456135677208
404456135714416
404456135751250
404456135788500
404456135833333
404456135876750
404456135914083
404456135951125
404456135988458
404456136025625
404456136101583
404456136139250
404456136177916
404456136216041
404456137768208
404456137806625
404456137845041
404456137882250
404456137926500
404456137961791
404456138047291
404456138084708
404456138121541
404456138159250
404456138202000
404456138245166
404456139287750
404456139315916
404456139359083
404456139396833
404456139434291
404456139471541
404456139508708
404456139545833
404456139582791
404456139620250
404456139654666
404456139706125
404456139738333
404456139775916
404456139813875
404456139851083
404456139888333
404456139933458
404456140059208
404456140108041
404456140146208
404456140177583
404456140220166
404456140257000
404456140294625
404456140332125
404456140369333
404456141104125
404456141145958
404456141183666
404456142324500
404456142366333
404456142405041
404456143326500
404456143363875
404456144792083
404456144836000
404456144873500
404456144911625
404456144949125
404456144986250
404456145023458
404456145060958
404456145100416
404456145137625
404456145174708
404456145217958
404456145255458
404456145292500
404456145329958
404456145367333
404456145405000
404456145442083
404456145479250
404456145517166
404456145554291
404456145600541
404456148908916
404456148942625
404456148989375
404456149029583
404456149062583
404456149104291
404456149142250
404456149169916
404456149212916
404456149250708
404456149289250
404456149331250
404456149368083
404456149405250
404456149442750
404456149487125
404456149526791
404456149563833
404456149601083
404456149638666
404456149676333
404456149714000
404456149755250
404456149792416
404456149864000
404456151404333
404456151450083
404456151489750
404456151528250
404456151565541
404456151603750
404456151636875
404456151682541
404456151714333
404456151758000
404456151796250
404456151841500
404456151881000
404456151920208
404456151957916
404456152304750
404456153809541
404456153847708
404456153884916
404456153917750
404456153959791
404456153999583
404456154036708
404456154074625
404456156765000
404456156803375
404456156841250
404456156879166
404456156911666
404456156948833
404456156993958
404456157031791
404456157069000
404456157107041
404456157143916
404456157981125
404456158018875
404456158056291
404456158093666
404456158130833
404456158168541
404456158205791
404456158243250
404456158280375
404456158317875
404456158355458
404456158702250
404456158745291
404456158783208
404456158815375
404456158859958
404456158897291
404456160760666
404456160799750
404456160837000
404456160874708
404456160920333
404456160959791
404456160996333
404456161033208
404456161070208
404456161107916
404456161177791
404456161221375
404456161263041
404456161301291
404456161328958
404456161371666
404456161408958
404456161445916
404456161483041
404456162245916
404456162269916
404456162317750
404456162356250
404456162394083
404456165674541
404456165713208
404456165750083
404456165787541
404456165824291
404456165861791
404456181468625
404456181513708
404456181551250
404456181588458
404456181625666
404456181662666
404456181699666
404456181737208
404456181774375
404456181811625
404456181848916
404456181885958
404456181927666
404456181965250
404456182002583
404456182039541
404456182082583
404456182119875
404456182157041
404456182193708
404456253757083
404456253805375
404456253843666
404456253882583
404456253919916
404456253957750
404456253994875
404456254031875
404456254069958
404456254107833
404456254144708
404456254183291
404456254225000
404456254262916
404456254300000
404456254338166
404456254375541
404456254413916
404456254451125
404456254494625
404456254536625
404456254579708
404456254603750
404456254650041
404456254689500
404456254726000
404456254763416
404456254801041
404456254826958
404456254873000
404456254910708
404456254952625
404456254989958
404456255034458
404456255071875
404456255109458
404456255152125
404456255204208
404456255239166
404456255282083
404456255318541
404456255355000
404456255392458
404456258074000
404456258103916
404456258148083
404456258180291
404456258224875
404456258261291
404456258299375
404456258336583
404456258374250
404456258411291
404456258456875
404456258498000
404456258536750
404456258573958
404456258611958
404456258648541
404456258686375
404456258723041
404456258761708
404456258806166
404456258844666
404456258881875
404456258920333
404456258956791
404456258994666
404456259031875
404456259072250
404456259109583
404456259147333
404456259184083
404456259224833
404456259262041
404456259306708
404456259343583
404456259375625
404456259419666
404456259463916
404456259506833
404456259550458
404456259587875
404456259633500
404456259669916
404456259711625
404456259750041
404456259785708
404456259822375
404456259860708
404456259900208
404456259943625
404456259967958
404456259990791
404456260008375
404456260032666
404456260056291
404456260077833
404456260110458
404456260132208
404456260153833
404456260175541
404456260198583
404456260220458
404456260240208
404456260265833
404456260288041
404456260310041
404456260332833
404456260358708
404456260373583
404456260401083
404456260422791
404456260452333
404456260473666
404456260506916
404456260527333
404456260550250
404456260569166
404456260594416
404456260618208
404456260636958
404456260662333
404456260682708
404456260706750
404456260724208
404456260749750
404456260772583
404456260791041
404456260817708
404456260842291
404456260865083
404456260886958
404456260912416
404456260934875
404456260961083
404456260984958
404456261010958
404456743519750
404456849267708
404456849360375
404456849374041
404456849387500
404456849398833
404456849446333
404456849486291
404456856719416
404457073070708
404458006213875
404458006284375
404458006298708
404458006311125
404458006354750
404458006404333
404458006443083
404458363131333
404458363225541
404458552281583
404458770957958
404459026150000
404459026250625
404459026265208
404459026276958
404459026289958
404459026338916
404459026379291
404459026418708
404459026457958
404459026497458
404459026537166
404459026586416
404459026626875
404459026665833
404459026704333
404459026744500
404459026784375
404459026831166
404459026870500
404459026917000
404459026956041
404459026996958
404459027039416
404459027080041
404459027119458
404459027167041
404459027205791
404459027246458
404459027285208
404459027324333
404459027363125
404459027403875
404459027443208
404459027494416
404459027533791
404459027573083
404459027613500
404459027653500
404459027691833
404459027731791
404459027770458
404459027807208
404459027859083
404459027900750
404459027945166
404459027968958
404459027991916
404459028015958
404459028038375
404459028062083
404459028103291
404459028126666
404459028149708
404459028173916
404459028196791
404459028227333
404459028250583
404459028284708
404459028306666
404459028333000
404459028351750
404459028381166
404459028406291
404459028422750
404459028449625
404459028472250
404459028532583
404459028558458
404459028581708
404459028606041
404459028628916
404459028654000
404459028677041
404459028700708
404459028723458
404459028755750
404459028778375
404459028804958
404459028828375
404459028851875
404459028875208
404459028898875
404459028921833
404459028945708
404459028968083
404459028990916
404459029013416
404459029034125
404459029062833
404459029086333
404459029109083
404459029139750
404459029162500
404459029186166
404459029208750
404459029239416
404459029262041
404459029286125
404459029309666
404459029334708
404459029357583
404459029378166
404459029400833
404459029437541
404459029456208
404459061554833
404459061604166
404459061616666
404459061667250
404459061705583
404459061746958
404459061785125
404459061824333
404459061863583
404459061904250
404459061944000
404459061989875
404459062029416
404459062069875
404459062109833
404459062149458
404459062189083
404459062228291
404459062268000
404459062315916
404459062354708
404459062394958
404459062438375
404459062478000
404459062516875
404459062557250
404459062595625
404459062636625
404459062675333
404459062732250
404459062771916
404459062811416
404459062850041
404459062896750
404459062935625
404459062975875
404459063015041
404459063061125
404459063099875
404459063140750
404459063175708
404459063220583
404459063259500
404459063300625
404459093882208
404459093914458
404459093958750
404459093998875
404459094038208
404459094077750
404459094116500
404459094156416
404459094195625
404459094237208
404459094271333
404459096641958
404459096675666
404459096713875
404459096758791
404459096797541
404459096827833
404459096948375
404459096969708
404459096980250
404459096991708
404459097031250
404459097079458
404459097119291
404459097159208
404459097198833
404459097239083
404459097279416
404459097318666
404459097354541
404459097398458
404459097437541
404459097476291
404459097520208
404459097559666
404459097598291
404459097637583
404459097676541
404459097715750
404459097750083
404459097797291
404459097836833
404459097875583
404459097914291
404459097957500
404459097996875
404459098036291
404459098077625
404459098115541
404459098156708
404459098195625
404459098235000
404459098273708
404459098312791
404459098351583
404459098397166
404459098436958
404459098475750
404459098515125
404459098554291
404459098594083
404459098634291
404459098673666
404459098713083
404459098752625
404459098792291
404459098835833
404459098875541
404459098914833
404459098954166
404459098993166
404459099033458
404459099072375
404459099111708
404459099150958
404459099190541
404459099231833
404459099272250
404459099312000
404459099351708
404459099390958
404459099430875
404459099463666
404459099514166
404459099553541
404459099593583
404459099627375
404459099676250
404459099720208
404459099753250
404459099797791
404459099837041
404459099875666
404459099922000
404459099961750
404459100000291
404459100034916
404459100081291
404459100121416
404459100164750
404459100192583
404459100219333
404459100242208
404459100265708
404459100288833
404459100312208
404459100331833
404459100358416
404459100380750
404459100401250
404459100426333
404459100453583
404459100476625
404459100500041
404459100515625
404459100543583
404459100567458
404459100590083
404459100613583
404459100636416
404459100660833
404459100683666
404459100709791
404459100733875
404459100757541
404459100781125
404459100805291
404459100828250
404459100852208
404459100949125
404459100973708
404459100996083
404459101019333
404459101042083
404459101066000
404459101088875
404459101113333
404459101135958
404459101159875
404459101182541
404459101208500
404459101231208
404459101254666
404459101277333
404459101301125
404459101324083
404459101354583
404459101377208
404459101401625
404459101424083
404459101447833
404459101473416
404459101497833
404459101520708
404459101551833
404459101574458
404459101598125
404459101634541
404459101658500
404459101681458
404459101704958
404459101727625
404459101758041
404459136023625
404459136049625
404459245114458
404459245217458
404459245233583
404459245249541
404459245262791
404459245303041
404459245333583
404459245835666
404459245866958
404459245911000
404459245941875
404459245983500
404459246014750
404459246058625
404459246096750
404459248227958
404459248253250
404459248299125
404459248337458
404459248374750
404459248412666
404459248444583
404459248488416
404459248526458
404459248558625
404459248601875
404459248649666
404459248681750
404459248719750
404459248758500
404459248791000
404459248834791
404459248872000
404459248910166
404459248947208
404459248984583
404459249021791
404459249066750
404459249103458
404459249141166
404459249219250
404459249817333
404459249858500
404459249902416
404459249940000
404459249977166
404459250014625
404459250053458
404459250084791
404459250126625
404459250152583
404459250200375
404459250240916
404459250278291
404459250315500
404459250368875
404459250405916
404459250442916
404459250480708
404459250518541
404459250555916
404459250598750
404459250640541
404459250680958
404459250717291
404459250756083
404459252780791
404459252822166
404459252860625
404459252898333
404459252936166
404459252973500
404459253011375
404459253048625
404459253086250
404459253124125
404459253162666
404459253206500
404459253245333
404459253282541
404459253320833
404459253357416
404459253406791
404459253443500
404459253490625
404459253518750
404459253561750
404459254381416
404459254419416
404459254458833
404459254491791
404459254533750
404459254570666
404459254595791
404459254642875
404459254678875
404459254720208
404459254755958
404459254797791
404459257913583
404459257944416
404459257987333
404459258024625
404459258063666
404459258100833
404459258138416
404459258176166
404459258214666
404459258252333
404459258290166
404459258332625
404459258369541
404459258406250
404459258443208
404459258479875
404459258517083
404459261634375
404459261673208
404459261710125
404459261747875
404459262334208
404459262376666
404459262414375
404459263726833
404459263765250
404459263803750
404459263840666
404459263878666
404459263916250
404459263954625
404459263991750
404459264024500
404459264065583
404459264103416
404459264152041
404459264188458
404459264923375
404459264962208
404459266237291
404459266272041
404459266313500
404459266350958
404459266388208
404459266426458
404459268672458
404459268711500
404459268749166
404459268787000
404459268824875
404459268862875
404459268900166
404459268938000
404459270089291
404459270121375
404459270163708
404459270200583
404459270245208
404459270297041
404459270374583
404459270412250
404459271904958
404459271943375
404459271978666
404459272016833
404459272054291
404459272079166
404459272124833
404459272162000
404459272199416
404459272235958
404459272272916
404459272314541
404459272351291
404459272388541
404459272431500
404459273367958
404459273405708
404459273444125
404459273481541
404459273521083
404459273558666
404459273597458
404459273635125
404459274353750
404459274391083
404459274428541
404459274466000
404459274503416
404459274540333
404459274578375
404459274617583
404459274654208
404459274691500
404459276805125
404459276843500
404459276881458
404459276918541
404459277360291
404459277400625
404459277438500
404459277475958
404459278494791
404459278527000
404459278570083
404459278607500
404459278645625
404459278689250
404459278709875
404459278755916
404459278792791
404459278820250
404459278862875
404459278905791
404459279304333
404459279345666
404459279382666
404459279420083
404459279456958
404459279493958
404459279520666
404459279560791
404459279603125
404459279640125
404459279671541
404459279720583
404459279754708
404459280727458
404459282030375
404459282069125
404459282106875
404459282139791
404459282181458
404459282218708
404459282256250
404459282293750
404459282331250
404459284760333
404459284798833
404459284835416
404459284873833
404459284911750
404459284949291
404459284989083
404459285366916
404459285405875
404459285438125
404459285480916
404459285527875
404459285565166
404459285602500
404459285635333
404459285685208
404459285723125
404459285761041
404459285803041
404459285841166
404459285877875
404459285922958
404459286398833
404459286442333
404459286480583
404459286518458
404459287368916
404459287404666
404459287445750
404459287483000
404459289093416
404459289142583
404459289180750
404459289218625
404459289256458
404459289294375
404459289331916
404459289369208
404459289407708
404459289445041
404459289482333
404459289523375
404459289569458
404459289606541
404459289646750
404459289683541
404459289720541
404459289768625
404459289787708
404459289832875
404459289856666
404459289903333
404459289944416
404459289983583
404459290021125
404459290052250
404459311952000
404459312000833
404459312013916
404459312057708
404459312096583
404459312135416
404459312173250
404459312211083
404459312248125
404459312286083
404459312324041
404459312368583
404459312405625
404459312443625
404459312481791
404459312519958
404459312557541
404459312602833
404459312640708
404459313563333
404459313611875
404459313651625
404459313681833
404459313726750
404459313756666
404459316932500
404459316971333
404459317008208
404459317045666
404459317083083
404459317123125
404459317160708
404459317198916
404459317235791
404459317274583
404459317311625
404459317354166
404459317391625
404459317428833
404459317466125
404459317497625
404459317541375
404459317573958
404459317619041
404459317650208
404459317691041
404459317727333
404459317774000
404459317805458
404459317849458
404459317875291
404459317921541
404459317959666
404459317996958
404459318034458
404459318071041
404459318108666
404459318153250
404459318191375
404459318228708
404459318268166
404459318314041
404459318351458
404459318388791
404459318463625
404459318504291
404459318536500
404459318579291
404459318617000
404459318654291
404459318691500
404459318728750
404459318766333
404459318805500
404459318845666
404459318876666
404459318901875
404459318923875
404459318945583
404459318967666
404459318989375
404459319283208
404459319305250
404459319321541
404459319349125
404459319367083
404459319392750
404459319414916
404459319431958
404459319457458
404459319479416
404459319501416
404459319525666
404459319547458
404459319569541
404459319591250
404459319613250
404459319635416
404459319657583
404459319679583
404459319701958
404459319723791
404459319745708
404459319770375
404459319792625
404459319814500
404459319836541
404459319858541
404459319880458
404459319902458
404459319924791
404459319950916
404459321696333
404459321717458
404459321743500
404459322395750
404459322414833
404459322440416
404459322462916
404459322485208
404459322507333
404459322524833
404459322547500
404459322575958
404459322588875
404459322617250
404459322641625
404459322663958
404459322686041
404459322708250
404459322730333
404459322752208
404459322784041
404459322798333
404459322819250
404459322838708
404459322858083
404459323451000
404459323473916
404459323493833
404459324570708
404459324585208
404459324611875
404459324626666
404459324649500
404459324671583
404459324687083
404459324710291
404459324726000
404459324749916
404459326423125
404459326435875
404459326457833
404459326476333
404459326502791
404459326512791
404459326537833
404459326558041
404459326582166
404459326601750
404459326618250
404459326642833
404459326662541
404459326678916
404459326698250
404459326724416
404459326737416
404459326764708
404459326782083
404459326805000
404459326821833
404459327954375
404459327968208
404459327992833
404459328010208
404459328033416
404459328050416
404459328072583
404459328092083
404459328117125
404459328181208
404459328192708
404459328217125
404459328239875
404459328257750
404459330031958
404459330047375
404459330065541
404459330083416
404459330104375
404459330128041
404459330150791
404459330166958
404459330188875
404459330208416
404459330223250
404459330248416
404459330268166
404459330290625
404459330314541
404459330324541
404459330346083
404459330368791
404459330391458
404459330412833
404459330435750
404459330451916
404459330475083
404459330488458
404459330515333
404459330528416
404459330546500
404459330568750
404459330591166
404459330635291
404459331613250
404459331634416
404459331649375
404459331672000
404459331688708
404459331708750
404459331721958
404459331741875
404459331759166
404459331776416
404459331788833
404459331811125
404459331833416
404459331848375
404459331863958
404459331886458
404459331903833
404459331916208
404459331935458
404459331952875
404459331965750
404459331986750
404459332005375
404459332022375
404459332042625
404459332060416
404459332079666
404459332435791
404459332449333
404459332471708
404459332490458
404459333865250
404459333896000
404459333938125
404459333975166
404459334012750
404459334050125
404459334087625
404459334125208
404459334162750
404459334199541
404459334237291
404459334279125
404459334316791
404459334353875
404459334391000
404459334427958
404459334460625
404459335562666
404459335604833
404459335642333
404459335695708
404459335733333
404459335770916
404459337442083
404459337481083
404459337525625
404459337563291
404459337600583
404459337637750
404459337682458
404459337720375
404459337757625
404459337795125
404459337832958
404459337870000
404459337907125
404459337944833
404459337982166
404459338019375
404459338056500
404459338097541
404459338136958
404459338174250
404459338213458
404459338250250
404459338288583
404459338325750
404459338362541
404459338399708
404459338907625
404459338945458
404459338982916
404459339019875
404459339057291
404459339094791
404459339133083
404459339170750
404459339208500
404459339246833
404459340192083
404459340233458
404459340270958
404459340308750
404459340347000
404459340384166
404459340815875
404459341790291
404459341817458
404459341868833
404459341888333
404459341935500
404459341968750
404459342012583
404459342045666
404459342089041
404459342130041
404459342167916
404459342209166
404459342246791
404459342283666
404459342321208
404459342357916
404459342396041
404459342433166
404459343455541
404459343488750
404459343537000
404459343577375
404459343607625
404459343651083
404459343689458
404459344160875
404459344192708
404459344234875
404459344267375
404459344317166
404459344338791
404459344385208
404459344421833
404459344459750
404459344496708
404459344534125
404459344576583
404459344614250
404459344652083
404459344690000
404459345362333
404459345400500
404459345437083
404459345474708
404459345511541
404459345548916
404459345586083
404459345624083
404459345661166
404459345700083
404459345737291
404459345780583
404459345813708
404459345855333
404459345892375
404459345937208
404459345974625
404459346143041
404459346182333
404459346218625
404459346260291
404459347043083
404459347088916
404459347125250
404459347169000
404459348589375
404459348628166
404459348665708
404459348697625
404459348741541
404459348778500
404459348815583
404459348852416
404459348889583
404459348927375
404459348964625
404459349807625
404459349845750
404459349882916
404459349920125
404459349957083
404459349994583
404459350031333
404459350068458
404459350105041
404459350142208
404459350180291
404459350221916
404459350258875
404459350291541
404459350332125
404459350372291
404459350409291
404459350446375
404459350484041
404459350521750
404459350558041
404459350595166
404459350636125
404459350673416
404459350710625
404459350785041
404459350822541
404459350859458
404459360530208
404460171416666
404460171518125
404460171533291
404460171544958
404460171558250
404460171607416
404460171646666
404460171686750
404460171725958
404460171765416
404460171805083
404460171855125
404460171897291
404460171936958
404460171977375
404460172017291
404460173002750
404460173052625
404460173083791
404460178792541
404460178824125
404460178867208
404460178907625
404460178947416
404460178988041
404460179027166
404460179067041
404460179105500
404460179145791
404460179184458
404460179236541
404460179276041
404460179317375
404460179355708
404460179399208
404460179436958
404460179476500
404460179515000
404460179568375
404460179608416
404460179650375
404460182736708
404460183457791
404460183502833
404460183536916
404460183585375
404460183623458
404460183651208
404460183705750
404460183733250
404460183778041
404460183816250
404460183855916
404460183899250
404460183939791
404460183978791
404460184018416
404460184057833
404460184133666
404460184173375
404460184213458
404460184252541
404460184290583
404460184329916
404460184378958
404460184418708
404460184458250
404460184506583
404460184550208
404460184568166
404460191973833
404460192001375
404460192054625
404460192082000
404460192130750
404460192159125
404460192206875
404460192245375
404460192284541
404460192324041
404460192364041
404460192409125
404460192448583
404460192489083
404460192528208
404460192574541
404460192613875
404460192660416
404460192699291
404460192733041
404460192777000
404460192812791
404460192862416
404460192902458
404460737897166
404460737956375
404460756921541
404460756973666
404460756989375
404460757035166
404460757075166
404460757115083
404460757154541
404460848317125
404461560547000
404461560646458
404461560661625
404461560674500
404461560686083
404461560736791
404461560776541
404461560816083
404461560855875
404461560895166
404461560934958
404461560983291
404461561023208
404461561062791
404461561102208
404461561141208
404461561181375
404461561221208
404461561260750
404461561300083
404461561339833
404461561379500
404461561424500
404461561464750
404461561504125
404461561543250
404461561582166
404461561621250
404461561660583
404461561699750
404461561739041
404461561778750
404461561818583
404461561862458
404461561901791
404461561941208
404461561980416
404461562021416
404461562059041
404461562097666
404461562136250
404461562175291
404461562225041
404461562265958
404461562296541
404461562344333
404461562383541
404461562423250
404461562461958
404461562501250
404461562540250
404461562579458
404461562618333
404461562657541
404461562696208
404461562739208
404461562777708
404461562817833
404461562856875
404461562896375
404461562935875
404461562975041
404461563013666
404461563053291
404461563092541
404461563131708
404461563178583
404461563218541
404461563257041
404461563296583
404462479253458
404462531829458
404462851573458
404463175135416
404463376137375
404464312086000
404464452831833
404464654223666
404464661021041
404465039855208
404465969684958
404467290819333
404467372745000
404467374381291
404467374415375
404467399255083
404468776107791
404469646485750
404470158912083
404470323023333
404470568370708
404470977298166
404471389665833
404471421861041
404471898888458
404472580488583
404474459751125
404474563087041
404474563197708
404474563216416
404474563233791
404474563249000
404474563277375
404474563320916
404474563362125
404474563406166
404474563441541
404474563486500
404474563538500
404474563578583
404474563615041
404474563660125
404474563700666
404474563739875
404474601935916
404474601985166
404474601993791
404474602001833
404474602027250
404474602046708
404474602087500
404474602111583
404474602135250
404474602153666
404474602180791
404474602204250
404474602234750
404474602254208
404474602280416
404474602305458
404474602328208
404474602352791
404474602376625
404474602400125
404474602423791
404474602445416
404474602608458
404474602627958
404474602652791
404474602670333
404474602691958
404474602721125
404474602742166
404474602764791
404474602789791
404474602817958
404474602856916
404474609892958
404474609923500
404474609943708
404474609954041
404474609977083
404474609989875
404474610014208
404474610030583
404474610199291
404474610233375
404474610252666
404474610263291
404474610270875
404474610278125
404474610327416
404474610371208
404474611243791
404474611265666
404474611273500
404474611279750
404474611286625
404474611293458
404474611300166
404474611306041
404474611311791
404474611317875
404474611323625
404474611329541
404474611335625
404474611341666
404474611347500
404474611353125
404474611358791
404474611364500
404474611370125
404474611375833
404474611381750
404474611387375
404474611393125
404474611398791
404474611404583
404474611414500
404474611426000
404474611437500
404474611474250
404474611490375
404474611499875
404474611505791
404474611511583
404474611517291
404474611523041
404474611528708
404474611534291
404474611540166
404474611545916
404474611551583
404474611557333
404474611564625
404474611570541
404474611576208
404474611582000
404474611587625
404474611593291
404474611598916
404474612895666
404474613266958
404474613290833
404474613302291
404474613375458
404474613388875
404474613396791
404474613404083
404474613422666
404474613449208
404474613464166
404474613480208
404474613507041
404474613526083
404474613546541
404474613564375
404474613584083
404474613605375
404474613619583
404474613641625
404474613662625
404474613689958
404474613700708
404474613755500
404474613764333
404474613771500
404474618089416
404474618114416
404474618124208
404474618152958
404474618171750
404474618197666
404474618216208
404474618243000
404474618266833
404474618286708
404474618312666
404474618340625
404474623659333
404474623680958
404474623708500
404474623726750
404474623753833
404474623777500
404474623801291
404474623820666
404474623848416
404474623872000
404474623896125
404474623921541
404474623945583
404474623965333
404474623993916
404474624013500
404474624041166
404474624059750
404474624088458
404474624107583
404474624135166
404474624158291
404474624184291
404474624208333
404474624232083
404474624255416
404474624278708
404474624303500
404474624339833
404474624379458
404474644615083
404474644649833
404474644692583
404474644732708
404474644773333
404474644814541
404474644854333
404474644894083
404474644933625
404474644972583
404474645013250
404474645058208
404474645098250
404474645137375
404474645177875
404474645218041
404474645258083
404475175793500
404475175911583
404475175931416
404475175945875
404475175961250
404475175977291
404475176019250
404475176053541
404475176098375
404475176138416
404475176172000
404475176228000
404475176269375
404475176308750
404475176349000
404475176388541
404475176428916
404475199691041
404475281243666
404475281358833
404475281378375
404475281391625
404475281406916
404475281435708
404475281478000
404475281520250
404475281555291
404475281599833
404475281640583
404475281688333
404475281729833
404475281770833
404475281814500
404475281835875
404475281882125
404475281922750
404475281963000
404475282001625
404475282044166
404475282083875
404475282128708
404475282168291
404475282208041
404475282247916
404475282290333
404475282329583
404475282369750
404475282409125
404475282435541
404475282483916
404475282523166
404475282569541
404475282608458
404475282649083
404475282688625
404475282741208
404475282776416
404475282818333
404475282858750
404475282898416
404475282955291
404475283003875
404475283043458
404475283082833
404475283134416
404475283174125
404475283209541
404475283252458
404475283291916
404475283331791
404475283371208
404475283410708
404475283471500
404475283504041
404475283535375
404475283558583
404475283582791
404475283606166
404475283630833
404475283654208
404475283685708
404475283708750
404475283732625
404475283757458
404475283790500
404475283866041
404475283880625
404475283909625
404475283929041
404475283957083
404475283981250
404475284005125
404475421322041
404475421408666
404475421427083
404475421442666
404475421472375
404475421515958
404475421557666
404475421591000
404475421635833
404475421668250
404475421713000
404475790783875
404476097646041
404476097767875
404476609905708
404476610021708
404476610040958
404476610054125
404476610068291
404476610108625
404476610142208
404476610187250
404476610221625
404476610264583
404476610305333
404476610345208
404476647918416
404476812364833
404476952026041
404477326782666
404478350622000
404478384815250
404478384879875
404478384897833
404478384925125
404478384970416
404478431617041
404478431695041
404478431714541
404478431731375
404478431774541
404478431805125
404478431858250
404478704097375
404479272967666
404479579087416
404479579200000
404479579218916
404479579233083
404479579248166
404479579266041
404479579315958
404479579349375
404479579394458
404479579435041
404479579475500
404480709562208
404480709674083
404481217399000
404481217523125
404481217543541
404481217559625
404481217575458
404481217592916
404481217646125
404481525613500
404481525722875
404481525742500
404481525759916
404481525774458
404481558811458
404481650475625
404482228407000
404482402781041
404483376294333
404483376412333
404483453244791
404484186913750
404484495014958
404485519131208
404485519194708
404485519202500
404485883836708
404486441472916
404486441585250
404486441603708
404486441617666
404486441633541
404486441648916
404486441698958
404486441733458
404486441779000
404486441820166
404486441854833
404486441908416
404486441949791
404486441990666
404486442030208
404486442071208
404486442110916
404486442150541
404486442190500
404486442223333
404486442269625
404486442309708
404486442353875
404486442393625
404486442433375
404486442473041
404486442513208
404486442553708
404486442593375
404486442633750
404486442673083
404486442713541
404486442753250
404486442798375
404486442838333
404486442877500
404486442918750
404486442967666
404486443003666
404486443044416
404486443086041
404486443118541
404486443157416
404486443187625
404486443219708
404486443249125
404486443278458
404486443307916
404486443337375
404486443367708
404486443396500
404486443427083
404486443456125
404486443485875
404486443515250
404486443546958
404486443575833
404486443604416
404486443636291
404486443665958
404486443694541
404486443729291
404486443757958
404486443787000
404486443815875
404486443845708
404486443877250
404486443906916
404486443935791
404486443965291
404486443994166
404486444019041
404486444048791
404486444097541
404486444113750
404486444148750
404486444178250
404486444209750
404486444238791
404486444267875
404486444297291
404486444326541
404486444358125
404486444387000
404486444416416
404486444445666
404486444475250
404486444504583
404486444533916
404486444565750
404486444594875
404486444624083
404486444666291
404486444687625
404486444720375
404486444749375
404486444784708
404486444820000
404486444849416
404486444877875
404486444927291
404486444956375
404486444985500
404486445014833
404486445058708
404486445090958
404486951842625
404486951961375
404487003702833
404487005033000
404487005062208
404487005107000
404487005141791
404487005186750
404487005220958
404487005265041
404487005305958
404487005347041
404487005383041
404487005428041
404487005477125
404487005512333
404487005553708
404487005582958
404487005628875
404487005669083
404487005709708
404487005749458
404487007730083
404487149488708
404487149581291
404487149597791
404487149613375
404487149630291
404487149678333
404487149719333
404487149759708
404487149793208
404487149837458
404487149878833
404487149928458
404487149970125
404487150011541
404487150051833
404487150091875
404487150142208
404487150171208
404487150216625
404487150257541
404487150291166
404487150336208
404487150380833
404487150420416
404487150460583
404487150494708
404487150540708
404487150580625
404487150632958
404487150672750
404487150720166
404487150759083
404487150806208
404487150849708
404487150891000
404487150930416
404487150977083
404487151016666
404487151057125
404487151097000
404487151136916
404487151176625
404487151217708
404487151257083
404487151314500
404487151348833
404487151399041
404487151436083
404487151475833
404487151515458
404487151554666
404487151594041
404487151640333
404487151679750
404487151728750
404487151781000
404487151807958
404487151831250
404487151854875
404487151878083
404487151908583
404487151931833
404487151955666
404487151978833
404487152009583
404487152032916
404487152059958
404487152083541
404487152107583
404487152126916
404487152154875
404487152178041
404487152196041
404487152222750
404487152245791
404487152269166
404487152289166
404487152326000
404487152351125
404487152372666
404487152399083
404487152422791
404487152446791
404487152470625
404487152494166
404487152517500
404487152549208
404487152579458
404487152597666
404487152625583
404487152649916
404487152673416
404487152696625
404487152721000
404487152744291
404487152768041
404487152786125
404487152812625
404487152835708
404487152859000
404487152884750
404487152903666
404487152931583
404487152954958
404487152979791
404487153003041
404487153027416
404487153046583
404487153080750
404487153103750
404487153127625
404487153164083
404487153188125
404487153211375
404487153235208
404487153254291
404487153282208
404487153305625
404487153444291
404487153464416
404487153491916
404487153515541
404487153533666
404487153559708
404487153583416
404487153611583
404487153635166
404487153658708
404487153684708
404487153712125
404487153735750
404487153756208
404487153779875
404487153796541
404487153820541
404487153841083
404487153862375
404487153882791
404487153903125
404487153924666
404487153946208
404487153967250
404487153987333
404487154008208
404487154025083
404487154049500
404487154069666
404487154095833
404487154116041
404487154136708
404487154168500
404487154188750
404487154205333
404487154228541
404487154248750
404487154268916
404487154289125
404487154309666
404487154329875
404487154350125
404487154367500
404487154389500
404487154409625
404487154430541
404487154450625
404487154471083
404487154491125
404487154511750
404487154532458
404487154552333
404487154577666
404487154600000
404487154622666
404487154641958
404487154658291
404487154680708
404487154698250
404487154719916
404487154737666
404487154759833
404487154776833
404487154799583
404487154820666
404487154842208
404487154859625
404487154882500
404487154900666
404487154923166
404487154943125
404487154963125
404487154988208
404487156336750
404487163597666
404487230844041
404487567541916
404487567644666
404487567662916
404487567678916
404487567693833
404488021099958
404488221078625
404488352896458
404488353000291
404488464050375
404488464159000
404488464177375
404488464191541
404488464207750
404488464236791
404488464280291
404488464314708
404488464367541
404488464404208
404488464476625
404488464514208
404488464557500
404488898114916
404488898241541
404488898260375
404488898276416
404488898292583
404488898309625
404488898358750
404489023166125
404489023281375
404489023300333
404489023313791
404489023328916
404489023355583
404489023401750
404489023442708
404489023482583
404489023523875
404489023564041
404489023613875
404489023654333
404489023694458
404489023734958
404489023774708
404489023814625
404489023855833
404489023895875
404489024973750
404489025001875
404489025049708
404489025090000
404489025129458
404489025170666
404489025210125
404489025250708
404489025291250
404489025331333
404489025370625
404489025414458
404489025454500
404489025502958
404489025542166
404489025582333
404489025612166
404489025658500
404489025699416
404489025739291
404489025779083
404489025818333
404489025864500
404489025905375
404489025946916
404489038542416
404489038594916
404489038614916
404489038656625
404489038691500
404489038736416
404489038771125
404489038817208
404489038852166
404489038898208
404489038939125
404489038984708
404489039027833
404489039067583
404489039107500
404489039147625
404489039191291
404489039226125
404489039273375
404489039313583
404489039354000
404489039394416
404489039438458
404489039477916
404489039518208
404489039551666
404489039597291
404489039637291
404489039684375
404489039729791
404489039766125
404489039804666
404489039836666
404489039885333
404489039925250
404489039966041
404489040005458
404489040047666
404489040086708
404489040134708
404489040174500
404489040238125
404489040278041
404489040317750
404489040365500
404489040391708
404489040442208
404489040481833
404489040522791
404489040582083
404489040622333
404489040718041
404489040753708
404489040814250
404489040855000
404489040875958
404489040913833
404489040945416
404489040989583
404489041029833
404489041064750
404489041116000
404489041157208
404489041197375
404490608024208
404490608138000
404490608155750
404490608170708
404490608186791
404490608201458
404490608250958
404490608283166
404491151716166
404491151833666
404491151853791
404491151869166
404491151885208
404491151911500
404491152090458
404491152134708
404491152151833
404491152168166
404491152182250
404491152233291
404491152271541
404491152305666
404491152349166
404491152382000
404491152426708
404491152460958
404491152503208
404491152539291
404491152584166
404491152618333
404491152670958
404491152704083
404491152748833
404491152781750
404491152827041
404491152862208
404491152907833
404491152940500
404491152984958
404491153017666
404491153065250
404491153106875
404491153146208
404491153190500
404491153230208
404491153269916
404491153310166
404491153350833
404491153390250
404491153430416
404491153469916
404491153511833
404491153555208
404491153583500
404491153631166
404491153670916
404491153710791
404491153749833
404491153789166
404491153828625
404491153867916
404491153907875
404491153954625
404491154005083
404491154045291
404491154084625
404491154123958
404491154163333
404491154206708
404491154246166
404491154286125
404491154326125
404491154365416
404491154404958
404491154455791
404491154495291
404491154541750
404491154581250
404491154620708
404491154660375
404491154699625
404491154739125
404491154778708
404491154818125
404491154857791
404491154908083
404491154947708
404491154987125
404491155035416
404491155075166
404491155117625
404491155150625
404491155192625
404491155217083
404491155240666
404491155264041
404491155287500
404491155312750
404491155336583
404491155360208
404491155383625
404491155406875
404491155430250
404491155453708
404491155478541
404491155501958
404491155521333
404491155548333
404491155574750
404491155598041
404491155621458
404491155644791
404491155668458
404491155691666
404491155715916
404491155743000
404491155763583
404491155791583
404491155817791
404491155847208
404491155873541
404491155900166
404491155927166
404491155954166
404491155981166
404491156008000
404491156093083
404491156119333
404491156146416
404491156173541
404491156192958
404491156219833
404491156244666
404491156268375
404491156291958
404491156311083
404491156342708
404491156368083
404491156392416
404491156415833
404491156443625
404491156466916
404491156490291
404491156513916
404491156537416
404491156561291
404491156584958
404491156608375
404491156634125
404491156657291
404491156680875
404491156704583
404491156728125
404491156751541
404491156774833
404491156798291
404491156828166
404491156851500
404491156874708
404491156898083
404491156931166
404491156954458
404491156978083
404491157001583
404491157025041
404491157048416
404491157071750
404491157095458
404491157116666
404491157144666
404491157171083
404491157194333
404491157215250
404491157235750
404491157256125
404491157271833
404491157296166
404491157316708
404491157337083
404491157357291
404491157384541
404491157405166
404491157426750
404491157446958
404491157466875
404491157487125
404491157507208
404491157527750
404491157554083
404491157574291
404491157594666
404491157615083
404491157635500
404491157657333
404491157677875
404491157698083
404491157718333
404491157734125
404491157758375
404491157778958
404491157799458
404491157815166
404491157841791
404491157859875
404491157886291
404491157904375
404491157924250
404491157947583
404491157970583
404491157991166
404491158011541
404491158031708
404491158052041
404491158067750
404491158091541
404491158113875
404491158134541
404491158154875
404491158175333
404491158191208
404491158214666
404491158234750
404491158255125
404491158270875
404491158294208
404491158314458
404491158335833
404491158356125
404491158376208
404491158396375
404491158416416
404491158436375
404491158456625
404491158476666
404491158497083
404491158517208
404491158537541
404491158565250
404491158587416
404491158613000
404491158633625
404491158653625
404491158674291
404491158737833
404491158758291
404491158778083
404491158798041
404491158818291
404491158838583
404491158858750
404491158879000
404491158899333
404491158919333
404491158940375
404491158962166
404491158982333
404491159002416
404491159022833
404491159043125
404491159063250
404491159084541
404491159105291
404491159128291
404491159143500
404491159166250
404491159187833
404491159207958
404491159228833
404491159249083
404491159269250
404491159284791
404491159316958
404491159337000
404491159357125
404491159377125
404491159397291
404491159418083
404491159433750
404491159456791
404491159477166
404491159497250
404491159512750
404491159535583
404491159555750
404491159575708
404491159591375
404491159612375
404491159633958
404491159654000
404491159673916
404491159693791
404491159714291
404491159734250
404491159760708
404491159785875
404491159806166
404491159826250
404491159846250
404491159867291
404491159887375
404491159907666
404491159923750
404491159946416
404491159966458
404491159982125
404491160005208
404491160025375
404491160045500
404491160065541
404491160084500
404491160105958
404491160121333
404491160144583
404491160164625
404491160180041
404491160203000
404491160219125
404491160242541
404491160262791
404491160282916
404491160304250
404491160324750
404491160340416
404491160363250
404491160383583
404491160396916
404491160420500
404491160440708
404491160460750
404491160476416
404491160499458
404491160519375
404491160541166
404491160558041
404491160578666
404491160598916
404491160618958
404491160634333
404491160664958
404491160685166
404491160705166
404491160725791
404491160743541
404491160763625
404491160783875
404491160803875
404491160819541
404491160842791
404491160862833
404491160884625
404491160904875
404491160924916
404491160940166
404491160963500
404491160983666
404491161003833
404491161019833
404491161042875
404491161064750
404491161081166
404491161105708
404491161126000
404491161146166
404491161166125
404491161181833
404491161202833
404491161222833
404491161243083
404491161263250
404491161278541
404491161301500
404491161323166
404491161365083
404491161386208
404491161401416
404491161424500
404491161444708
404491161464750
404491161480500
404491161517375
404491161538791
404491161559083
404491161579166
404491161609125
404491161629333
404491161649250
404491161669500
404491161689708
404491161709750
404491161724375
404491161746916
404491161767125
404491161787291
404491161818125
404491161841125
404491161861458
404491161881375
404491161896166
404491161917833
404491161938000
404491161957916
404491161978125
404491161998208
404491162013708
404491162032916
404491162058041
404491162090208
404491162110291
404491162130375
404491162150375
404491162170375
404491162190375
404491162210291
404491162225458
404491162248250
404491162268375
404491162288625
404491162309500
404491162332375
404491162353416
404491162373500
404491162388708
404491162411250
404491162431291
404491162451458
404491162471416
404491162492958
404491162507708
404491162532083
404491162552166
404491162572208
404491162592041
404491162612416
404491162632583
404491162652583
404491162672583
404491162692666
404491162709500
404491162729250
404491162750583
404491162770583
404491162790875
404491162810875
404491162830875
404491162850916
404491162871291
404491162884000
404491162906541
404491162922916
404491162945958
404491162981250
404491163001666
404491163021750
404491163039208
404491163057791
404491163081416
404491163100375
404491163113750
404491163138166
404491163158458
404491163178458
404491163199833
404491163219833
404491163239708
404491163259666
404491163279708
404491163295375
404491163317875
404491163337916
404491163358000
404491163373666
404491163396875
404491163418083
404491163434166
404491163457500
404491163477666
404491163497625
404491163517791
404491163537791
404491163553333
404491163576541
404491163596375
404491163616333
404491163637791
404491163657791
404491163674375
404491163697375
404491163717291
404491163737625
404491163757666
404491163777625
404491163793416
404491163816458
404491163836666
404491163857916
404491163877875
404491163898041
404491163917833
404491163933541
404491163956375
404491163976250
404491163998083
404491164009875
404491164032625
404491164052708
404491164073875
404491164093958
404491164115916
404491164138416
404491164270291
404491164286791
404491164308791
404491164331666
404491164348750
404491164372666
404491164387625
404491164413708
404491164435083
404491164456750
404491164478708
404491164498791
404491164519583
404491202655791
404492379131083
404492687067291
404492687182583
404492687203625
404492687218666
404492687237416
404492687250583
404492687279041
404492687321083
404492687371750
404492687405125
404492687448916
404492687481000
404492687524500
404492690227500
404493074977708
404493075052625
404493075069333
404493075084250
404493075118125
404493075156458
404493075193541
404493075232500
404493075270875
404493075309041
404493075347291
404493206266416
404493206373125
404494426917666
404494462976125
404494567759375
404494939083000
404496271275666
404496414719041
404496552916375
404496884798541
404497071050791
404497221551250
404498153950166
404498245120208
404499446822000
404500571537833
404501391242541
404501851626250
404502037444625
404502219147583
404502796923000
404502931503416
404503005774875
404503183172916
404503860133291
404503921187750
404504565001125
404505255943250
404505895748000
404505895855541
404506980462750
404507929341541
404507929443916
404507929462666
404508148831416
404508886396125
404509275313166
404509365707833
404509402540291
404510188080000
404510277487000
404511324356750
404511482797583
404512449980333
404513476526500
404513476639875
404513678706625
404514189912791
404514305630875
404514702918750
404515111893833
404515197429833
404515726380708
404515726498750
404516136424041
404516136510750
404516954516041
404518059078625
404519379947708
404519498544416
404520233248583
404520542101083
404520542208208
404521156227458
404521768058875
404521831558041
404521949757083
404522280492750
404523714015750
404524431580541
404524431694958
404525250280041
404525416302958
404526171907333
404526185265416
404526595606708
404527092138291
404527193220916
404527352986875
404527809982625
404527891825875
404528937831541
404528937942750
404528937961000
404528937976250
404528937992125
404528938007250
404528938036041
404528938079208
404528938110958
404528938152791
404528938183875
404528938235708
404528938266500
404528938309375
404528938349041
404528938380625
404528938422916
404528938455458
404528938497416
404528938530083
404528938572333
404528938612166
404528938653541
404528938693500
404528938725875
404528938769125
404528938808208
404528938839750
404528938881750
404528938915500
404528938957791
404528938998750
404528939030541
404528939077708
404528939116500
404528939149166
404528939191708
404528939231083
404528939262875
404528939307375
404528939346500
404528939378625
404528939421583
404528939460375
404528939501458
404528939540416
404528939579625
404528939612416
404528939654583
404528939685791
404528939727833
404528939760208
404528939803500
404528939836166
404528939879000
404528939921041
404528939959625
404528939998541
404528940030208
404528940073291
404528940112250
404528940151416
404528940183291
404528940226791
404528940265583
404528940304500
404528940348291
404528940387083
404528940425958
404528940474250
404528940513083
404528940552083
404528940583875
404528940627541
404528940659458
404528940702791
404528940735416
404528940778583
404528940810500
404528940855375
404528940896916
404528940936416
404528940968250
404528941003291
404528941020250
404528941046250
404528941064625
404528941091750
404528941110041
404528941136500
404528941162250
404528941181041
404528941206375
404528941230333
404528941247333
404528941274291
404528941292958
404528941319750
404528941336500
404528941362458
404528941385791
404528941505791
404528941527916
404528941539875
404528941565041
404528941583500
404528941609041
404528941626500
404528941651875
404528941675583
404528941692500
404528941718833
404528941743625
404528941762166
404528941787458
404528941811166
404528941827791
404528941854541
404528941879333
404528941891333
404528941917875
404528941936250
404528941964750
404528941988791
404528942012625
404528942029208
404528942056291
404528942073875
404528942100333
404528942118250
404528972253750
404528972320750
404528972336833
404528972351958
404528972396583
404528972430000
404528972471833
404528972503250
404528972546708
404528972577666
404528972620291
404528972666916
404528972699750
404528972745125
404528972784083
404528972823916
404528972854375
404528972898041
404528972937083
404528972975875
404528973007875
404528973053208
404528973096250
404528973135000
404528973174166
404529074181166
404529074277416
404529074293750
404529074307541
404529074321625
404529074358791
404529074392500
404529074428166
404529074472916
404529074504000
404529074547916
404529074594500
404529074628250
404529074671625
404529074710833
404529074742416
404529074785500
404529074817166
404529074860916
404529074900125
404529074930041
404529074972958
404529075017666
404529075062208
404529075098500
404529075141166
404529075180666
404529075211250
404529075255208
404529075287416
404529075330416
404529075362875
404529075406833
404529075439250
404529075488125
404529075519625
404529075562666
404529075602083
404529083944750
404529083996541
404529084017041
404529084047250
404529084089166
404529084121000
404529084163416
404529084195000
404529084238125
404529084270083
404529084312125
404529084357541
404529084397208
404529084429916
404529084473541
404529084506208
404529084550458
404529084589125
404529084628291
404529084684708
404529084720333
404529084741208
404529084788958
404529084819041
404529084862500
404529084894583
404529084946750
404529084979750
404529085024166
404529085057291
404529085101541
404529085134000
404529085177083
404529085209916
404529085252333
404529085291208
404529085323875
404529085370541
404529085403541
404529085453416
404529085485375
404529085579958
404529085648666
404529085694083
404529085710458
404529105888666
404529105917958
404529105959000
404529105992541
404529106033875
404529106065166
404529106108625
404529106143291
404529106186666
404529106218666
404529106262125
404529106305583
404529106344916
404529106384583
404529106417166
404529106461791
404529261856708
404529261959208
404529261976416
404529261990583
404529262007208
404529262023666
404529262070083
404529262102708
404529262144458
404529262177166
404529262219750
404529262264666
404529262297791
404529262340500
404529262371333
404529262413875
404529262453291
404529262486083
404529262530125
404529262568958
404529262599333
404529262642333
404529262684125
404529262716791
404529262761166
404529262791500
404529262835375
404529262865916
404529262909500
404529262948750
404529262987666
404529263019291
404529263062708
404529263105416
404529263144916
404529263177125
404530779848625
404530791095791
404530936240500
404531599431291
404531906113125
404532623086416
404533034484541
404533544691750
404533851277541
404534147196083
404534977965958
404535161631125
404535161738791
404535161756708
404535161770250
404535161784875
404535161816291
404535161863125
404535161898208
404535161940458
404535161972625
404535162018666
404535162068041
404535162123125
404535162163083
404535162203666
404535162244125
404535162284833
404535162325708
404535162360375
404535162405375
404535162445375
404535162484666
404535162525166
404535162567916
404535162607958
404535162647916
404535162688500
404535162728916
404535162769083
404535162809583
404535162849500
404535162890708
404535162930208
404535162970750
404535163013666
404535163054333
404535163094333
404535163133000
404535163172916
404535163212666
404535163252166
404535163291916
404535163332166
404535163371833
404535163411750
404535163454750
404535163494875
404535163533833
404535163573416
404535163612791
404535163653333
404535163692333
404535163733166
404535163773000
404535163813125
404535163853416
404535163907708
404535163942541
404535163982666
404535164022458
404535164062666
404535164103250
404535164143000
404535164184625
404535164224583
404535164264041
404535164304750
404535164350166
404535164393208
404535164411583
404535164440583
404535164464041
404535164488125
404535164511625
404535164535208
404535164559083
404535164582875
404535164606791
404535164632750
404535164756791
404535164779125
404535164800083
404535164818875
404535164845583
404535164864416
404535164890791
404535164914583
404535164938583
404535164962250
404535164986166
404535165011333
404535165036541
404535165060416
404535165084625
404535165108375
404535165132375
404535165156458
404535165180375
404535165199875
404535165227875
404535165251833
404535165278125
404535165301958
404535165326625
404535165345541
404535165374000
404535165398291
404535165422125
404535165441125
404535165468875
404535165492500
404535165516500
404535165541583
404535165566291
404535165586000
404535165614166
404535165637750
404535165661333
404535165680625
404535165708750
404535165732416
404535165756500
404535165774958
404535165805541
404535165829416
404535165853083
404535165876833
404535165901291
404535165920250
404535169296375
404535169320750
404535169354833
404535169384333
404535169414583
404535169444250
404535169474291
404535169503750
404535169532958
404535169562500
404535169592500
404535169624125
404535169653208
404535169684916
404535169715208
404535169744583
404535169770708
404535169836958
404535169845750
404535169853791
404535169882333
404535169911916
404535169943750
404535169972708
404535170001750
404535170031916
404535170060291
404535170090375
404535170119291
404535170149666
404535170178875
404535170209500
404535170238125
404535170272875
404535170304458
404535170335791
404535170364375
404535170394750
404535170423458
404535170453791
404535170482958
404535170514000
404535170542375
404535170572958
404535184169875
404535184210625
404535184250291
404535184290125
404535184329791
404535184370541
404535184409375
404535184448916
404535184488500
404535184528416
404535184567833
404535184612625
404535184651750
404535184692666
404535184732041
404535184772750
404535184813041
404535184853666
404535184893583
404535184934125
404535184974125
404535185014666
404535185057166
404535185097416
404535185135458
404535185175708
404535185214666
404535185255416
404535185294166
404535185334708
404535185374416
404535185415125
404535185454250
404535185498083
404535185536291
404535185577083
404535185616958
404535185657250
404535185696541
404535185736458
404535185776208
404535185814583
404535185853083
404535185897416
404535185940541
404535185982041
404535186021291
404535186062166
404535186102500
404535186143833
404535186182125
404535186218125
404535186241416
404535186265166
404535186288083
404535186314166
404535186337666
404535186362416
404535186385500
404535186409833
404535186432458
404535186456416
404535186479500
404535186503833
404535186526916
404535186550708
404535186575583
404535186600541
404535186623583
404535186648166
404535186674541
404535186687375
404535186716541
404535186739375
404535186762500
404535186785625
404535186810125
404535186834416
404535186859333
404535186882750
404535186906375
404535186931000
404535186954041
404535186976791
404535186999333
404535187022916
404535187045500
404535187068083
404535187090833
404535187115750
404535187138416
404535187161166
404535187183958
404535187207166
404535187229750
404535187252416
404535187275166
404535187297916
404535187320833
404535187343708
404535187369083
404535205522791
404535205556916
404535205603708
404535205642750
404535205681166
404535205719791
404535205758208
404535205797208
404535205836875
404535205875500
404535208202541
404535215265875
404535396530208
404535396606125
404535396622083
404535396635291
404536105140125
404536514506750
404536923438833
404537642563166
404538029438750
404538029482500
404538029508750
404538029554541
404538029594291
404538029634041
404538029673666
404538029714166
404538029753500
404538029792833
404538029832583
404538029878833
404538029919083
404538872087833
404538872183916
404538872195541
404538872200291
404538872205791
404538872211375
404538872221041
404538872226500
404538872242416
404538872254791
404539585885041
404539671509750
404540175700541
404541429196666
404541737174875
404542146013666
404542146094583
404542146109250
404542239663041
404542239728750
404542263772125
404542263823083
404542263838666
404542263885125
404542263919916
404542263964291
404542264003875
404542264042875
404542264081791
404542264126500
404542264162208
404542264215708
404542264256000
404542264295583
404542264335000
404542264382416
404542264421791
404542264462250
404542264501458
404542264536750
404542264581458
404542264631583
404542264674791
404542264715041
404542264754541
404542264794791
404542264834125
404542264882333
404542264920541
404542264967833
404542265007666
404542265047708
404542265087166
404542265147916
404542265187458
404542265236208
404542265275583
404542265315083
404542265353458
404542265400291
404542265439791
404542265478625
404542265517958
404542265564541
404542265610083
404542265649375
404542265691541
404542265719583
404542265742208
404542265772416
404542265795041
404542265811583
404542265839333
404542265861500
404542265884583
404542265910375
404542265934208
404542265956958
404542265981458
404542266004250
404542266027916
404542266051166
404542266075875
404542266098708
404542266129041
404542266151666
404542266177541
404542266196625
404542266223791
404542266245958
404542266270166
404542266292833
404542266323916
404542266346291
404542266370500
404542266393458
404542266424125
404542266449750
404542266474083
404542266496458
404542266527458
404542266558291
404542266582500
404542266605208
404542266628875
404542266651625
404542266675583
404542266698083
404542266729125
404542266754041
404542266776666
404542266800166
404542266824000
404542266846416
404542266870500
404542266893166
404542266924375
404542266947375
404542266971416
404542266988166
404542267017083
404542267040916
404542379218541
404542379300458
404542379314333
404542379325833
404542379370000
404542379412125
404542379452333
404542379491916
404542379531583
404542579429500
404544194004541
404544362960875
404544363046250
404544363060291
404544363072083
404544363114916
404544363154833
404544363195458
404544363234625
404544363275916
404544363331458
404544363370958
404544363418125
404544363457833
404544363496833
404544363534916
404544363574458
404544363614708
404544363652958
404544363686333
404544363731875
404544363771208
404544363811875
404544363856250
404544363896083
404544363935916
404544363975000
404544364012083
404544364055250
404544364093375
404544364133416
404544364172708
404544364212625
404544364255416
404544364300875
404544364341916
404544364384250
404544364429291
404544364468000
404544364517166
404544364551416
404544364597666
404544364636916
404544364676708
404544364715791
404544364774208
404544364814625
404544364854041
404544364901875
404544364940583
404544364981666
404544365021333
404544365061791
404544365101083
404544365153250
404544365193625
404544365236333
404544365276875
404544365316333
404544365363541
404544365402583
404544365453958
404544365492666
404544365545291
404544365583666
404544365636166
404544365674250
404544365727708
404544365766583
404544365818458
404544365858083
404544365907750
404544365942916
404544365986666
404544366023500
404544366067375
404544366101583
404544366146166
404544366184708
404544366229750
404544366268833
404544366309625
404544366345833
404544366391083
404544366427958
404544366472458
404544366502583
404544366526708
404544366549166
404544366572916
404544366597458
404544366627833
404544366651083
404544366675250
404544366697708
404544366721708
404544366744500
404544366768125
404544366791208
404544366815291
404544366838000
404544366865291
404544366887250
404544366911833
404544366935166
404544366959500
404544367001625
404544367025375
404544367048750
404544367072000
404544367095125
404544367117583
404544367144458
404544367167666
404544367190125
404544367213333
404544367236208
404544367258958
404544367282083
404544367317000
404544367339958
404544367364041
404544367386708
404544367409625
404544367432500
404544367455791
404544807574916
404544926912458
404544927016458
404544927031791
404544927042416
404544927053125
404544927101875
404544927141875
404544927205958
404544927237208
404544927278583
404544927322541
404544927369291
404544927411000
404544927451875
404544927491833
404544927531916
404544927577333
404544927612166
404544927648375
404544927679250
404544927724375
404544927766041
404544927811208
404544927854333
404544962728208
404544962778250
404544962791750
404544962840041
404544962880083
404544962914333
404544962959541
404544962999708
404544963038666
404544963078666
404544963117041
404544963171416
404544963206208
404544963253250
404544963287583
404544963327541
404544963367375
404544963406083
404544963446333
404544963485125
404544963525500
404544963564875
404544963609041
404544963643250
404544963686875
404544963726833
404544963766166
404544963805208
404544963838833
404544963883458
404544963924166
404544963962666
404544964002333
404544964054416
404544964094916
404544964133625
404544964180458
404544964219833
404544964272541
404544964312083
404544964360708
404544964401458
404544964442583
404544964467666
404544964489708
404544964516125
404544964538875
404544964561791
404544964584708
404544964607250
404544964629708
404544964648625
404544964670875
404544964697250
404544964719833
404544964746458
404544964770250
404544964793208
404544964815916
404544964838833
404544964857583
404544964883833
404544968476250
404545045673583
404545525583958
404546037543750
404546037648416
404546051747083
404546134306250
404546134393166
404546134409166
404546181332791
404546181390625
404546181404625
404546181445875
404546181485833
404546181527791
404546181566375
404546181606708
404546181646625
404546181685916
404546181727083
404546181772875
404546181812666
404546181853125
404546181891791
404546181931500
404546181970333
404546182010708
404546182049666
404546182091125
404546182130250
404546182169916
404546182213875
404546182270083
404546182303416
404546182349500
404546182388625
404546182429250
404546182468291
404546182509541
404546182548416
404546182589291
404546182628541
404546182673833
404546182713625
404546182753166
404546182792541
404546182832166
404546182871083
404546182922958
404546182953583
404546182990708
404546183029791
404546183068833
404546183127541
404546183161083
404546183210458
404546183249208
404546183288708
404546183327958
404546183367208
404546183405625
404546183458291
404546183498125
404546183547125
404546183588791
404546183622166
404546183645375
404546183669416
404546183692500
404546183716416
404546183739375
404546183770541
404546183793750
404546183818875
404546183842750
404546183857041
404546183885291
404546183908333
404546183931291
404546183955250
404546183978125
404546184001833
404546184024375
404546184047791
404546184070791
404546184094541
404546184120916
404546184150083
404546184173166
404546184203500
404546184222916
404546184250666
404546184273166
404546184303958
404546184327375
404546184351208
404546184374000
404546184397958
404546184422958
404546184446958
404546184470083
404546184493666
404546184512541
404546184540458
404546184563375
404546184587708
404546184610458
404546184633208
404546184656125
404546184689583
404546184706000
404546184733000
404546184767000
404546184789791
404546184814166
404546184836625
404546184867541
404546184889875
404546184906333
404546184934458
404546184960666
404546184984333
404546755731250
404546856233416
404547265988625
404548069512833
404548069608708
404548069624625
404548393027500
404548393077541
404548393105625
404548456561916
404548481266333
404548481309666
404548679954250
404549416573833
404550032372041
404550032487250
404550032506791
404550032519500
404550448903750
404550952329666
404551464529625
404551526938208
404551526991375
404551527006083
404551527052208
404551527092000
404552078654666
404552132955333
404552133016500
404552133031000
404552694216208
404552694315833
404552896907250
404554024317958
404554139295583
404554177995916
404554248732791
404555252297041
404555764955000
404556379480500
404557609026791
404557915680333
404558541864250
404558630865208
404559263354416
404559759528416
404559759618500
404559759633250
404559759646500
404559759694375
404559759733375
404559759772083
404559759803291
404559759841166
404559759882833
404559759922750
404559759960250
404559759998875
404559760041166
404559760087208
404559760124958
404559760162541
404559760200500
404559760233458
404559760277208
404559760309625
404559760352750
404559760389500
404559760427000
404559760467833
404559760505750
404559760543208
404559760581125
404559760618333
404559760655916
404559760693166
404559760731916
404559760769041
404559760807541
404559760844625
404559760886708
404559760924041
404559760962458
404559760999833
404559761038375
404559761075666
404559761112916
404559761155333
404559761176250
404559761207458
404559761235083
404559761265125
404559761293541
404559761321208
404559761348666
404559761375875
404559761404583
404559761431958
404559761460875
404559761487958
404559761516541
404559761544166
404559761577125
404559761607291
404559761635041
404559761662541
404559761690916
404559761718583
404559761747125
404559761774375
404559761803208
404559761830583
404559761859250
404559761889750
404559761918583
404559761946125
404559761974416
404559762001833
404559762029458
404559762056916
404559762084541
404559762112291
404559762140708
404559762168250
404559762199708
404559762227125
404559762256916
404559762284125
404559762313208
404559762340583
404559762369333
404559762396833
404559762431416
404559762458916
404559762487125
404559762514666
404559762542416
404559762569500
404559762598041
404559762625583
404559762654083
404559762681666
404559762709791
404559762739625
404559762768333
404559762795541
404559762822666
404559762849958
404559762878750
404559762905750
404559762934458
404559762961666
404559762990375
404559763017541
404559763051583
404559763075125
404559763104416
404559763132000
404559763154291
404559763177291
404559763199000
404559763221125
404559763243208
404559763266000
404559763284375
404559763313041
404559763335208
404559763357625
404559763405916
404559763428125
404559763449791
404559763471916
404559763490208
404559763516708
404559763538791
404559763561791
404559763583666
404559763605875
404559763628041
404559763653375
404559763678375
404559763701583
404559763723458
404559763748708
404559763770750
404559763793958
404559763815625
404559763838750
404559763864541
404559763886833
404559763908666
404559763931250
404559763953166
404559763976250
404559763998250
404559764020416
404559764038750
404559764065291
404559764087375
404559764111958
404559764134083
404559764156666
404559764178291
404559764200375
404559764222791
404559764245000
404559764267250
404559764289458
404559764311500
404559764334583
404559764358916
404559764382500
404559764404750
404559764431208
404559764453125
404559764476375
404559764499083
404559764521750
404559764543541
404559764566958
404559764585333
404559764611791
404559764634125
404559764659416
404559764683916
404559764705875
404559764727833
404559764753833
404559764779875
404559764802000
404559764824041
404559764847333
404559764869458
404559764892416
404559764914458
404559764936291
404559764954458
404559764980791
404559765003000
404559765027000
404559765050583
404559765075083
404559765095250
404559765118750
404559765137750
404559765161125
404559765176333
404559765198416
404559765221666
404559765241375
404559765260750
404559765279875
404559765295916
404559765317708
404559765337041
404559765356250
404559765376541
404559765395208
404559765415000
404559765435333
404559765454791
404559765474041
404559765493625
404559765512958
404559765532291
404559765551708
404559765571041
404559765590166
404559765605625
404559765627541
404559765649416
404559765668708
404559765688625
404559765708000
404559765727333
404559765746375
404559765767083
404559765786208
404559765805750
404559765824750
404559765844625
404559765865166
404559765885125
404559765904208
404559765924541
404559765945291
404559766054500
404559766070458
404559766092458
404559766111250
404559766127416
404559766149458
404559766164791
404559766187083
404559766209250
404559766228583
404559766247875
404559766267333
404559766286958
404559766306458
404559766326083
404559766345083
404559766364375
404559766379041
404559766401250
404559766421708
404559766440708
404559766460041
404559766473916
404559766495916
404559766514916
404559766534500
404559766553583
404559766572791
404559766592375
404559766611375
404559766631666
404559766653041
404559766672416
404559766693125
404559766712458
404559766733125
404559766755000
404559766774125
404559766793875
404559766813208
404559766832250
404559766851416
404559766870541
404559766885125
404559766907000
404559766926000
404559766940666
404559766964458
404559766983333
404559767002458
404559767017750
404559767039416
404559767058500
404559767078083
404559767093083
404559767114125
404559767135250
404559767154458
404559767173583
404559767192583
404559767211708
404559767232250
404559767256958
404559767279083
404559767298333
404559767313166
404559767335375
404559767354375
404559767373375
404559767392583
404559767407000
404559767428291
404559767447416
404559767468250
404559767487375
404559767507708
404559767526833
404559767548625
404559767567750
404559767586541
404559767605708
404559767625041
404559782998750
404559788144583
404559788176125
404559788218250
404559788256500
404559788293666
404559788330875
404559788368416
404559788405625
404559788442916
404559788479625
404559788517166
404559788558375
404559797605166
404559797646625
404559797684208
404559797721708
404559805827791
404559805866541
404559814268833
404559814310791
404559820370250
404559823022875
404559823082583
404559823098666
404559823125791
404559829127500
404559835297541
404559853493291
404559853583541
404559853590458
404559853595791
404559853600541
404559853604875
404559853609250
404559853614875
404559853619041
404559853623333
404559853636083
404559853672541
404559853678958
404559853683208
404559853704250
404559853716916
404559866575541
404559866600666
404559866647083
404559893820833
404559967010250
404560376088500
404560376186916
404560376202208
404560376214750
404560376228125
404560376262458
404560376305916
404560376337625
404560376392833
404560376427291
404560376469208
404560376506125
404560376544458
404560376581250
404560376626916
404560376664333
404560376702666
404560376740000
404560376771166
404560376814166
404560376847708
404560376890458
404560376928791
404560376965875
404560377003250
404560377045000
404560377083208
404560377121458
404560377158500
404560377195333
404560377232083
404560377269291
404560377306708
404560377343750
404560377387625
404560377425833
404560377462625
404560377500375
404560377538583
404560377575583
404560377613500
404560377650083
404560377681666
404560377722583
404560377759791
404560377801166
404560377838791
404560377877250
404560377914333
404560377952125
404560377989291
404560378027375
404560378065000
404560378103041
404560378141125
404560378179625
404560378221833
404560468024333
404560468079541
404560468092958
404560468130000
404560468168458
404560468206500
404560468244041
404560468281875
404560468319583
404560783807875
404560783904625
404562014238791
404562014315500
404562014331166
404562014344708
404562014382166
404562014414416
404562014457916
404562014500208
404562014532291
404562014568833
404562014600458
404562014651708
404562014689125
404562014726916
404562014764375
404563228382125
404563429350208
404563484208000
404564674072416
404565289993041
404565355280375
404565355822958
404565355863083
404565355881666
404565516600541
404565523221208
404565523260083
404565523293875
404565523337166
404565523372583
404565523414541
404565523446208
404565523487125
404565523520458
404565523562250
404565523593416
404565523643458
404565523676250
404565523719750
404565523752333
404565523796083
404565523835208
404565523874375
404565523906500
404565523948875
404565523984291
404565524027416
404565524068875
404565524101583
404565524144083
404565524183250
404565524222250
404565524261625
404565524293625
404565524337500
404565524367958
404565524412166
404565524451291
404565524493708
404565524541875
404565524581416
404565524620416
404565524659416
404565524690833
404565524733791
404565524772708
404565524811958
404565524857750
404565524889500
404565524932791
404565524978750
404565525009083
404565525034708
404565525058458
404565525075375
404565525101708
404565525118875
404565525145375
404565525169000
404565545914125
404565545946541
404565545987333
404565574346791
404566208844000
404567336340583
404569383977416
404569470676208
404569556146000
404569556234208
404569997553916
404569997616291
404569997634500
404569997650041
404569997697333
404569997730666
404569997773875
404569997807041
404569997850333
404571432254958
404572048039916
404572048152208
404572153965208
404572154037708
404572154056833
404572154073500
404572154102250
404572154146083
404572154179166
404572154222375
404572154262708
404572866601541
404572866665333
404572866684875
404572866725958
404572866760458
404572866808041
404572866849916
404572866883833
404572866934833
404572866975458
404572867019000
404572867064333
404572867104250
404572867144041
404572867183958
404572867223791
404572867263958
404572867303833
404572867335916
404572867382250
404572867424375
404572867497333
404572867537750
404572867577458
404572867616416
404572867656333
404572867695833
404572867735583
404572867775000
404572867818833
404572867859583
404572867899708
404572867944166
404572867984291
404572868025000
404572868067333
404572868107375
404572868139625
404572868184291
404572868223625
404572868263000
404572868302666
404572868341958
404572868385333
404572868425333
404572868464750
404572868504458
404572868538250
404572868585500
404572868614458
404572868633458
404572868660291
404572868683833
404572868707500
404572868732291
404572868756041
404572868780083
404572868803666
404572868827458
404572868851000
404572868869375
404572868895458
404572868919166
404572868942875
404572868966458
404572868991250
404572869015166
404572869038750
404572869062208
404572869085708
404572869109333
404572869132875
404572869151583
404572869178208
404572869201875
404572869225333
404572869249791
404572869273250
404572869296958
404572869320500
404572869343958
404572869367541
404572869391041
404572869414375
404572869437833
404572869461333
404572869484958
404572869509833
404572869533458
404572869552083
404572869578541
404572869602541
404572869621333
404572869648166
404572869671791
404572869695583
404572869715791
404572869741166
404572869765416
404572869788875
404572869812500
404572869836125
404572869859708
404572869883041
404572869906625
404572869930000
404572869948166
404572869974708
404572869998375
404572870021791
404572870046083
404572870069666
404572870093500
404572870116916
404572870140250
404572870163625
404572870187333
404572870205875
404572870232416
404572870256041
404572870279625
404572870304583
404572870328083
404572870351541
404572870370166
404572870396458
404572870420041
404572870443791
404572870462458
404572870489333
404572870508875
404572870531458
404572870560916
404572870583208
404572870599208
404572870622416
404572870642833
404572870658875
404572870681458
404572870705166
404572870725541
404572870741458
404572870764125
404572870784625
404572870800291
404572870823333
404572870843625
404572870864250
404572870879916
404572870903416
404572870925208
404572870945625
404572870969166
404572870989708
404572871010083
404572871026083
404572871049333
404572871069708
404572871090125
404572871106041
404572871129208
404572871149666
404572871165541
404572871190791
404572871206958
404572871230083
404572871250625
404572871266625
404572871289708
404572871310250
404572871330708
404572871351291
404572871367000
404572871390083
404572871411416
404572871431791
404572871452083
404572871472708
404572871488291
404572871511416
404572871532041
404572871548125
404572871571166
404572871591708
404572871607708
404572871633958
404572871654291
404572871687916
404572871708666
404572871724708
404572871747583
404572871768083
404572871784041
404572871807333
404572871828083
404572871844291
404572871866958
404572871887416
404572871908708
404572871929791
404572871950166
404572871966208
404572871989291
404572872009583
404572872030166
404572872050541
404572872066208
404572872089333
404572872109958
404572872130875
404572872151333
404572872171875
404572872187916
404572872210583
404572872231041
404572872247083
404572872270125
404572872290750
404572872311083
404572872327166
404572872351875
404572872372583
404572872388333
404572872411291
404572872431750
404572872447750
404572872471041
404572872491583
404572872507541
404572872533208
404572872551375
404572872574125
404572872594916
404572872610916
404572872634375
404572872654833
404572872675375
404572872691166
404572872714291
404572872734833
404572872755250
404572872775541
404572872797041
404572872817625
404572872838166
404572872858541
404572872878958
404572872894750
404572872918041
404572872938541
404572872953916
404572872977000
404572872997375
404572873018000
404572873038458
404572873059000
404572873075083
404572873098000
404572873118458
404572873138791
404572873154583
404572873177791
404572873193500
404572873216416
404572873237833
404572873258166
404572873278375
404572873294333
404572873317125
404572873337583
404572873357750
404572873373250
404572873396291
404572873416666
404572873436958
404572873457250
404572873478250
404572873498833
404572873519250
404572873534708
404572873557958
404572873578333
404572873598750
404572873614625
404572873637666
404572873658083
404572873678333
404572873699083
404572873719333
404572873735416
404572873758416
404572873778958
404572873794875
404572873817875
404572873838291
404572873854166
404572873877000
404572873897791
404572873919125
404572873939500
404572873955291
404572873978250
404572873998750
404572874014666
404572874037458
404572874062750
404572874083125
404572874103541
404572874119416
404572874142541
404572874162875
404572874179000
404572874202083
404572874218166
404572874241375
404572874261958
404572874283041
404572874303500
404572874319000
404572874341833
404572874362291
404572874378333
404572874400666
404572874421000
404572874436833
404572874459958
404572874480666
404572874504708
404572874517750
404572874542958
404572874563416
404572874579250
404572874602125
404572874622708
404572874638333
404572874661250
404572874682000
404572874696833
404572874719583
404572874741083
404572874761708
404572874777541
404572874800541
404572874820708
404572874841125
404572874861583
404572874881833
404572874901958
404572874917791
404572874941041
404572874962458
404572874983166
404572875003500
404572875023791
404572875039750
404572875062375
404572875082458
404572875098500
404572875121625
404572875141791
404572875162041
404572875183625
404572875204250
404572875220083
404572875243083
404572875263500
404572875279375
404572875302500
404572875322875
404572875338750
404572875362041
404572875431166
404572875449833
404572875471666
404572875486625
404572875509375
404572875525625
404572875548708
404572875569125
404572875584958
404572875608333
404572875628833
404572875649500
404572875670083
404572875685916
404572875708916
404572875729625
404572875745750
404572875768791
404572875789541
404572875810125
404572875825958
404572875848958
404572875870208
404572875890666
404572875906708
404572875929750
404572875950208
404572875965791
404572875988625
404572876009041
404572876029333
404572876045375
404572876068500
404572876090083
404572876110666
404572876126583
404572876149166
404572876169583
404572876189958
404572876205875
404572876228708
404572876249166
404572876264000
404572876286833
404572876308250
404572876328708
404572876349083
404572876364791
404572876387625
404572876413708
404572876431041
404572876449666
404572876479666
404572876490333
404572876514166
404572876535583
404572876556083
404572876576375
404572876596833
404572876617250
404572876637625
404572876659166
404573584389666
404573584504625
404573995735208
404574056251333
404574505012458
404574656666041
404574799141416
404574871651166
404575529789791
404575529886000
404576245067250
404576858747458
404577985863458
404578075928500
404579274446666
404579474815250
404580138898000
404580138979875
404580138999208
404580139016041
404580139032083
404580139076000
404580139108833
404580139151166
404580139181458
404580139225083
404580139270625
404580139316666
404580139348916
404580139391375
404580139424375
404580139467750
404580139506958
404580139537250
404580139580375
404580139613083
404580139655291
404580139694625
404580139736166
404580139775625
404580139807208
404580139850541
404580139890250
404580139929208
404580139968583
404580140000291
404580140042291
404580140074583
404580140117583
404580140158916
404580140191416
404580140235000
404580140267041
404580140310000
404580140341791
404580140383875
404580140416208
404580140458833
404580140497916
404580140530375
404580140578541
404580140610166
404580140657000
404580140689875
404580140723125
404580140751541
404580140770333
404580140795958
404580140812875
404580140838583
404580140857416
404580140885291
404580140904125
404580140929958
404580140948583
404580140973958
404580140992541
404580141018000
404580141036500
404580141061750
404580141080083
404580141105416
404580141129666
404580141146666
404580141172041
404580141190750
404580141216833
404580141235333
404580141261083
404580141277791
404580141303166
404580141319958
404580141345875
404580141371083
404580141388083
404580141413791
404580141442875
404580141461208
404580141487125
404580141505958
404580141531500
404580141550125
404580141577083
404580141594166
404580141642083
404580141660625
404580141686750
404580141703625
404580141729333
404580141747833
404580141773541
404580141792208
404580141817958
404580141836666
404580141862625
404580141886833
404580141905666
404580141931458
404580141950166
404580141975333
404580141993958
404580142019291
404580142036333
404580142061666
404580142080375
404580142105791
404580142130666
404580142156833
404580142184500
404580142198083
404580142225375
404580142244333
404580142269625
404580142288000
404580142313083
404580142331875
404580142357125
404580142381541
404580142400208
404580142425625
404580142442625
404580142468000
404580142486291
404580142511791
404580142530125
404580142560416
404580142579583
404580142600875
404580142627916
404580142643041
404580142667833
404580142682625
404580142704708
404580142719166
404580142741708
404580142757333
404580142781791
404580142797708
404580142820250
404580142834833
404580142857125
404580142871750
404580142894333
404580142908666
404580142931083
404580142946750
404580142969208
404580142990916
404580143011375
404580143025875
404580143047875
404580143061958
404580143084083
404580143099083
404580143120458
404580143136375
404580143158416
404580143174208
404580143198416
404580143221375
404580143237125
404580143259666
404580143274416
404580143296500
404580143312500
404580143335000
404580143349500
404580143371500
404580143386041
404580143408041
404580143428875
404580143444541
404580143466625
404580143482250
404580143504125
404580143519875
404580143542041
404580143557833
404580143579958
404580143595833
404580143618208
404580143639125
404580143653666
404580143675958
404580143690416
404580143712625
404580143727166
404580143749208
404580143763625
404580143785958
404580143801416
404580143823708
404580143844416
404580143864750
404580143879500
404580143901291
404580143915666
404580143937875
404580143960000
404580143976083
404580143998000
404580144018500
404580144032916
404580144054875
404580144069375
404580144091541
404580144105916
404580144127750
404580144143666
404580144168416
404580144183083
404580144205583
404580144220000
404580144242375
404580144258250
404580144280541
404580144296083
404580144318500
404580144334333
404580144356625
404580144377333
404580144393416
404580144415958
404580144432041
404580144454208
404580144470333
404580144492125
404580144507083
404580144532333
404580144548291
404580144571000
404580144591458
404580144611500
404580144626166
404580144648458
404580144664583
404580144686583
404580144702875
404580144792125
404580144804583
404580144828583
404580144843458
404580144865458
404580144879875
404580144902125
404580144916791
404580144938708
404580144953291
404580144975833
404580144996708
404580145012625
404580145034916
404580145056625
404580145077916
404580145093375
404580145117916
404580145139041
404580145160041
404580145181375
404580145202416
404580145223833
404580145238500
404580145260625
404580145275166
404580145296875
404580145312541
404580145334291
404580145348791
404580145371250
404580145387083
404580145409416
404580145430125
404580145452291
404580145467500
404580145489250
404580145503708
404580145525875
404580145541458
404580145563541
404580145579083
404580145601125
404580145615541
404580145640541
404580145663625
404580145685250
404580145701083
404580145723083
404580145738750
404580145761083
404580145775916
404580145797916
404580145813666
404580145835583
404580145851291
404580145873000
404580145894750
404580145910500
404580145932333
404580145946916
404580145969125
404580145985083
404580146007083
404580146022750
404580146044750
404580146060583
404580146082458
404580146103250
404580146118708
404580146140666
404580146156291
404580146178958
404580146194916
404580146219541
404580146237333
404580146259916
404580146279875
404580146298000
404580146321666
404580146337291
404580146359166
404580146373583
404580146395708
404580146411625
404580146433708
404580146449541
404580146471333
404580146486166
404580146507916
404580146533416
404580146544125
404580146565416
404580146588208
404580146610833
404580146632708
404580146647250
404580146669583
404580146685083
404580146707125
404580146722666
404580146744708
404580146760541
404580146782291
404580146796875
404580146816333
404580146836291
404580146860291
404580146873041
404580146898166
404580146914041
404580146935750
404580146950333
404580146972291
404580146993458
404580147009416
404580147654458
404580147676500
404580147691625
404580147714208
404580147730416
404580147753458
404580150252625
404580150275416
404580150291125
404580150313000
404580150328000
404580150351000
404580150367000
404580164144458
404580168213875
404580168246125
404580168288750
404580168319291
404580171129166
404580171163041
404580171206791
404580171239416
404580175180166
404580178210833
404580178881875
404580179837750
404580188308833
404580204253416
404580204281416
404580204328500
404580204361291
404580205528791
404580226403875
404580232659500
404580304455083
404580462494250
404580638883708
404580812763541
404580911299583
404581095905208
404581171492083
404581672721000
404581672837416
404581704182041
404582186074166
404582186188791
404582388034125
404582696305041
404582696410291
404582718094333
404582762381041
404583310380083
404583310490333
404583516278916
404583822838500
404584336751791
404584398185541
404584590665500
404584791295916
404585245629208
404585390509916
404585432143500
404585464707125
404585484875291
404585770779375
404586586951791
404586588319875
404586894369291
404586894483083
404586894501458
404586894515250
404586894530125
404586894558083
404586894602083
404586894636916
404586894675375
404586894721041
404586894758125
404586894778000
404586894829208
404586894862583
404586966370541
404586980020916
404587406275125
404587478465875
404587496165166
404588131699291
404588278091958
404588475323000
404588946438208
404588972355500
404588972389791
404589661743875
404589715267833
404589717345000
404590173845250
404590173964916
404590214198416
404590295195041
404590683554375
404590767145083
404590769056166
404590769083291
404590769095750
404590769103166
404590769115708
404590769138666
404590769154875
404590769163791
404590769177625
404590769197291
404590769208291
404590769232375
404590769250750
404590769259791
404590769280375
404590769293291
404590769312125
404590769330750
404590769340000
404590769358875
404590769371875
404590769390583
404590769409916
404590769423916
404590769442083
404590769455125
404590769473708
404590769486500
404590769506166
404590769523833
404590769532416
404590769553458
404590769567083
404590769587958
404590769601375
404590769620375
404590769633208
404590769652041
404590769664541
404590769683416
404590769696750
404590769715916
404590769728541
404590769747583
404590778347541
404590778376166
404590778421750
404590778453541
404590778495666
404590778526125
404590778568750
404590778608333
404590778638000
404590778681583
404590778713875
404590778762333
404590778801750
404590778833583
404590778876208
404590778908708
404590778951333
404590778990333
404590779021916
404590890684041
404590890760958
404590890781791
404591811391000
404591811508833
404591811529791
404591811545333
404591811561416
404591811574916
404591811603541
404591811646750
404591811679083
404591811720458
404591811752375
404591811812208
404591811882250
404591811921125
404591811974125
404591811984750
404591812004916
404591812022833
404591812043416
404591812061500
404591812080250
404591812095500
404591812121041
404591812134416
404591812152041
404591812166958
404591812184708
404591812200458
404591812219833
404591812231958
404591812249916
404591812264083
404591812278458
404591812295875
404591812318666
404591812326875
404591812344375
404591812381333
404591812402250
404591812416416
404591812435083
404591812454625
404591812475333
404591812485666
404591812514791
404591812527958
404591812545791
404591812561625
404591812580583
404591812594125
404591812612666
404591812639500
404591812647500
404591812682250
404591812715916
404591812766166
404591812798458
404591812842125
404591812874958
404591812905708
404591812952041
404591812983958
404591813026875
404591813058791
404591813101833
404591813140750
404591813183625
404591813222666
404591813261625
404591813292791
404591813336000
404591813392000
404591813437833
404591847284791
404591847349583
404591847365916
404591847395125
404591847436291
404591847468333
404591847512083
404591847542958
404591847583875
404591847615166
404591847657833
404591925086000
404592082486083
404592131519083
404592323014791
404592323566708
404592323605791
404592323627375
404592323674541
404592323698541
404592323745041
404592323780166
404592323816666
404592323859875
404592323891166
404592323930208
404592381990333
404592484455541
404592833126416
404592833213500
404592833223708
404592948624291
404593265137458
404593377545333
404594577577000
404594603827791
404594881740875
404596110401833
404596418274458
404597032255375
404597032368125
404597954866416
404597954981791
404598157899083
404599034257458
404599472075125
404599519580958
404600029387208
404601539465208
404601947283833
404601947382583
404602152511291
404602970555458
404603585782625
404604507690583
404604576957333
404604577070166
404604577093625
404604633813125
404604633927708
404604633952125
404604633967208
404604633983541
404604634000625
404604634020875
404606107693375
404606967322375
404607763255916
404607763376375
404608193836541
404608674451458
404608989974333
404608990081750
404608990100541
404608990114458
404608990128333
404608990143875
404608990188541
404608990220666
404608990263333
404608990298250
404608990346375
404608990381916
404608990425208
404608990465750
404608990498166
404608990540916
404608990580291
404608990620000
404608990652375
404608990695083
404608990734500
404608990765791
404608990813791
404608990846083
404608990889875
404608990921500
404608990965875
404608990998208
404608991040791
404608991072625
404608991116250
404608991148791
404608991193208
404608991233875
404608991273041
404608991302666
404608991346541
404608991385208
404608991424250
404608991457083
404608991493958
404608991539458
404608991571583
404608991614916
404608991657958
404608991689583
404608991731083
404608991770958
404608991819375
404608991852333
404608991895041
404608991927500
404608998739708
404608998782291
404608998825541
404608998855750
404608998900041
404608998931958
404608998975666
404608999008125
404608999051750
404608999082500
404608999126166
404608999165125
404608999207083
404608999245666
404608999278750
404608999320875
404608999359500
404608999391083
404608999435166
404608999467125
404608999518750
404608999557500
404608999590041
404608999637208
404608999676041
404608999707375
404608999752083
404608999791208
404609019368875
404609019419208
404609019435250
404609019478625
404609019510250
404609019552416
404609019591625
404609019623958
404609019668875
404609019701166
404609019744833
404609019789666
404609019828791
404609038808041
404609038833750
404609038881541
404609038921250
404609038951708
404609038995250
404609039024583
404609039067833
404609039100333
404609039142583
404609039175041
404609039225250
404609039264250
404609045911458
404609045953375
404609045969833
404609046016458
404609046048250
404609046090208
404609046122375
404609046166291
404609046205000
404609046244375
404609046275875
404609046325208
404609046364541
404609046405833
404609046432708
404609047557583
404609047592041
404609047630583
404609319425791
404609319528041
404609319548708
404609319565666
404609319584208
404609319613916
404609319659375
404609319692458
404609319735708
404609319766875
404609319810041
404610552212083
404610552318000
404610552328583
404610552336291
404610552342583
404610552348291
404610552353541
404610552359791
404610552366250
404610552372000
404610552377458
404610552383708
404610552397958
404610552417291
404610552430583
404610552449375
404610552459416
404610552480666
404610552493125
404610552513000
404610552525750
404610620167875
404610620274000
404610777008625
404611370069458
404612470005000
404612470031458
404612470036083
404613927605500
404613927718541
404613927733916
404613927751625
404613927761458
404613927778666
404613927795000
404613927805375
404613927815833
404613927836208
404613927867250
404613927904750
404613927927500
404613927958875
404613927981375
404613928013166
404613928037166
404613928073875
404614645523916
404615059938208
404615060056083
404615060076375
404615060091916
404615060107958
404615060122833
404615060151166
404615060194833
404615060237916
404615060274875
404615060320333
404615060345250
404615060391000
404615060425083
404615060462125
404615060507125
404615465047583
404615567152541
404616591956250
404616592084500
404616592110208
404616592127250
404616592145000
404616592159833
404616592176166
404616592212541
404616592254083
404616592277125
404616592310500
404616592364000
404616592396750
404616592438541
404616592471833
404616592513583
404616592546833
404616592588833
404616592620916
404616592663541
404616592704166
404616592733833
404616592784500
404616592839166
404616592873333
404616592916083
404616592945958
404616592988541
404616593028791
404616593060708
404616593105041
404616593135750
404616795645125
404616795767291
404616795790166
404616795807583
404616795824416
404616981106583
404616981225125
404617303906708
404617303977208
404617303990750
404617304000208
404617304010125
404617304019166
404617304035875
404617304074041
404617304099750
404617304112625
404617304136833
404617304164708
404617304183416
404617304208625
404617304226250
404617854923166
404617855027541
404617855041125
404617855048958
404617855055416
404617855062833
404617855069333
404617855075458
404617855081250
404617855087791
404617855093333
404617855099291
404617855105041
404617855112083
404617855121833
404617855130708
404617855137708
404617855143583
404617855149500
404617855155375
404617855161083
404617855166916
404617855176916
404617855185000
404617855193916
404617855199916
404617855205625
404617855211416
404617855217083
404617855223083
404617855228625
404617855234166
404617855239708
404617855245500
404617855251750
404617855261625
404617855268750
404617855274416
404617855305916
404617855318958
404617855330833
404617855342083
404617855348416
404617855355625
404617855361541
404617855368875
404617855375458
404617855381375
404617855387791
404617855394166
404617855436291
404617855447125
404617855512000
404617855686916
404617855712000
404617855723666
404617855731000
404617855737000
404617855743416
404617855751333
404617855758833
404617855769541
404617855778833
404617855787541
404617855795583
404617855804625
404617855814458
404617855825375
404617855831083
404617855836666
404617855843416
404617855849625
404617855855833
404617855862708
404617855869458
404617855972250
404617855995583
404617856018416
404617856026583
404617856032958
404617856044583
404617856057583
404617856071458
404617856085500
404617856098750
404617856107833
404617856116166
404617856123541
404617856131916
404617856193291
404617856213833
404617856220708
404617856250250
404617856257750
404617856263666
404617856280666
404617856294916
404617856309500
404617856340375
404617856350958
404617856365541
404617856383416
404617856399916
404617856448791
404617856485583
404617856494500
404617856501375
404617856507416
404617856513583
404617856519000
404617856524083
404617856532416
404617856844750
404617856875041
404617856887000
404617856896916
404617856903041
404617856910125
404617856915833
404617856921000
404617856926583
404617856932625
404617856938250
404617856944458
404617856949500
404617856955166
404617856960416
404617856965666
404617856970666
404617856975958
404617856981250
404617856986125
404617856992916
404617856999000
404617857005250
404617857010250
404617857015250
404617857022916
404617863181000
404617863210000
404617863216708
404617863222291
404617863227416
404617863234041
404617863239375
404617863244583
404617863250208
404617863255125
404617863267041
404617863307541
404617863324166
404617863332666
404617863359416
404617863393625
404617863409375
404617863434458
404617863452083
404617863467458
404617863474125
404617863502083
404617863519000
404617863530083
404617863542083
404617863544875
404617863570708
404617863602458
404617863618791
404617863637125
404617863653333
404617863676541
404617863691583
404617863706666
404617863721375
404617863736333
404617863751291
404617863766125
404617863781083
404617863795833
404617863810708
404617863825375
404617863843041
404617863861750
404617863876708
404617863892125
404617863909291
404617863925500
404617863941291
404617863958166
404617863968541
404617863986416
404617864003666
404617864017416
404617864031875
404617864047083
404617864064208
404617864076666
404617864098333
404617864108500
404617864122208
404617864131125
404617864150375
404618079924875
404618087154625
404618087204250
404618087222583
404618087264166
404618087292875
404618087337791
404618087367791
404618087414333
404618087449958
404618087492083
404618087524208
404618087575333
404618087608833
404618087651875
404618087684583
404618087727833
404618087759666
404618087811166
404618087850291
404618087883416
404618087926000
404618087972583
404618088012375
404618088044708
404618088087958
404618088127375
404618088159333
404618088202916
404618088235041
404618088286291
404618088318500
404618088363791
404618088412416
404618088444791
404618088468375
404618088514750
404618088541416
404618088585541
404618088617791
404618088661333
404618088701083
404618088759458
404618143074500
404618143120250
404618143135833
404618143176041
404618143209500
404618143252125
404618143285791
404618143328916
404618143360166
404618143405208
404618143434083
404618143482875
404618143521916
404618143554083
404618143598041
404618143630208
404618143674958
404618537087041
404618537211333
404618537232208
404618537248041
404618537264500
404618537278666
404618537308125
404618537348916
404618537401166
404618537433583
404618537475458
404618537509083
404618537550291
404618537582250
404618618432750
404618618523291
404618618532500
404618618538833
404618618545750
404618618552625
404618618558625
404618618564875
404618618574166
404618618579833
404618618585208
404618618590333
404618618595416
404618618613958
404618618626708
404618618644041
404618618656333
404618618673333
404618618689041
404618618696125
404618618714583
404618618726500
404618618747708
404618618759833
404618618776750
404618618788958
404618688295625
404618688391333
404618688402375
404618688408791
404618688415208
404618688420500
404618688425125
404618688430333
404618688436583
404618688442041
404618688447333
404618688452666
404618688464583
404618688482666
404618688491875
404618688509916
404618688522666
404618688539583
404618688551750
404618688569375
404618688580916
404618691289875
404618691332583
404618691339666
404618691345125
404618691351375
404618691357416
404618691373458
404618691388833
404618691407291
404618691420083
404618691437666
404618691455916
404618691477333
404618691494583
404618691503875
404618691512291
404618691534291
404618691543708
404618691565916
404618691576333
404618691597791
404618691612625
404618691633208
404618691648083
404618691671250
404618691687833
404618691697125
404618691737625
404618691755416
404618691772791
404618691823333
404618691834166
404618695485625
404618815149250
404618815268041
404618815292708
404618815311416
404618815327500
404618815342375
404618815358041
404618815399791
404618815433250
404618815475750
404618866043458
404618866129458
404618866146500
404618866162208
404618866178333
404618866223291
404618914029666
404619115362041
404619561553375
404619561672750
404619561692583
404619561709000
404619561725250
404619561740750
404619561754333
404619561802875
404619561834916
404619561877791
404619561910000
404620782128916
404620782243250
404620782262916
404620782276583
404620782297041
404620782313666
404620782344416
404620782387166
404620782418416
404620782461291
404620782494250
404620782545750
404620782585291
404620782615333
404620782658375
404620782691875
404620782735000
404620782765125
404620782809750
404620782841083
404620782883916
404620782922916
404620782965208
404620782998041
404620783040583
404620783079666
404620783118916
404620783157916
404620783196875
404620783236291
404620783268583
404620783312958
404620783344208
404620783405916
404620783425041
404620783468375
404620783510458
404620783548625
404620783589083
404620783623458
404620783673500
404620783713125
404620783745708
404620783792750
404620783837166
404620783858750
404620783884291
404620783901291
404620783927125
404620783945625
404620783971458
404620783989708
404620784015291
404620784032750
404620784058333
404620784082625
404620784101041
404620784126541
404620784147208
404620784173166
404620784193958
404620784225458
404620784248041
404620784259708
404620784283875
404620784298083
404620784328208
404620995062750
404621000768333
404621300924000
404621301048000
404621301067708
404621301082875
404621301098500
404621813293791
404621813421083
404622521389125
404623623523791
404624066173083
404625021325958
404625109227083
404625109339666
404625109358250
404625109372875
404625109389291
404625109404250
404625109441166
404625109473916
404625109515375
404625109546583
404625109603333
404625134805750
404625463723250
404626420693041
404626933246250
404626967001416
404627343224208
404628366879958
404629390368791
404630008613791
404630064305125
404630925853625
404631335945291
404631643618708
404632155736750
404632975185666
404633290165708
404633290261291
404633290279416
404633290294916
404633290309750
404633290353666
404633290387583
404633290431583
404633290465666
404633290510041
404633290550583
404633290600875
404633290635458
404633290680708
404633290720916
404633290761458
404633290801458
404633290842041
404633290883125
404633290922625
404633290962333
404633291002166
404633291049916
404633291090833
404633291129833
404633291168958
404633291209166
404633291273250
404633291312875
404633291352791
404633291392083
404633291431625
404633291471333
404633291511125
404633291551250
404633291591291
404633291631666
404633291671583
404633291717833
404633291751500
404633291795250
404633291835208
404633291874791
404633291935375
404633291975791
404633292015708
404633292055083
404633292094875
404633292134500
404633292174541
404633292214416
404633292254000
404633292294000
404633292340750
404633292384125
404633292423791
404633292462583
404633292502208
404633292541375
404633292582625
404633292621791
404633292661958
404633292701458
404633292741750
404633292781583
404633292825291
404633292864791
404633292904625
404633292943875
404633292983625
404633293023291
404633293063208
404633293102416
404633293142875
404633293182375
404633293222416
404633293265666
404633293305583
404633293345083
404633293385250
404633293424750
404633293465125
404633293504458
404633293544791
404633293584041
404633293624916
404633293664291
404633293707708
404633293749291
404633293788750
404633293828583
404633293855083
404633293881250
404633293904500
404633293928166
404633293951375
404633293974916
404633293998458
404633294023833
404633294047208
404633294070458
404633294093791
404633294117416
404633294140583
404633294164500
404633294188166
404633294211583
404633294230666
404633294258125
404633294282916
404633294306833
404633294330291
404633294353625
404633294377625
404633294401125
404633294427458
404633294450666
404633294473958
404633294498291
404633294521250
404633294547083
404633294683666
404633294703125
404633294726583
404633294752333
404633294771333
404633294798666
404633294822583
404633294846375
404633294869833
404633294893583
404633294911291
404633294940916
404633294964625
404633294988416
404633295007541
404633295035041
404633295058375
404633295082041
404633295101583
404633295128666
404633295152041
404633295175458
404633295200916
404633295224666
404633295248041
404633295271416
404633295290625
404633295318500
404633295342083
404633295365625
404633295388833
404633295412583
404633295436458
404633295463750
404633295493458
404633295517041
404633295540333
404633295564041
404633295587125
404633295610916
404633295634250
404633295657791
404633295677750
404633295705375
404633295729458
404633295754333
404633295775000
404633295795291
404633295815708
404633295836041
404633295851208
404633295875291
404633295895666
404633295915833
404633295931750
404633295956041
404633295977458
404633295997625
404633296014333
404633296038625
404633296059000
404633296079250
404633296099625
404633296120000
404633296140375
404633296160958
404633296181375
404633296203083
404633296223250
404633296243458
404633296263708
404633296284291
404633296304750
404633296325500
404633296346666
404633296366791
404633296387833
404633296408166
404633296429833
404633296455500
404633296472500
404633296499458
404633296521916
404633296536625
404633296559041
404633296579375
404633296599875
404633296620083
404633296635791
404633296662416
404633296683208
404633296703583
404633296723833
404633296744250
404633296764541
404633311395541
404633311446875
404633311463000
404633311505208
404633311546250
404633311586250
404633311626000
404633311665583
404633311705750
404633311745708
404633311785833
404633311833541
404633311872250
404633311911125
404633311955000
404633311994625
404633312034333
404633312073875
404633312113666
404633312153791
404633312194416
404633312234000
404633312278375
404633312318583
404633312360041
404633312399458
404633312439625
404633312479500
404633312520041
404633312559166
404633312599125
404633312638791
404633312679041
404633312722250
404633312762375
404633312801208
404633312841416
404633312880208
404633312925041
404633312964458
404633313012708
404633313051416
404633313085083
404633313129958
404633313172208
404633313211958
404633313251750
404633313291083
404633313330666
404633313370041
404633313422000
404633313461791
404633313494458
404633313538916
404633313578416
404633313622750
404633313662666
404633313702500
404633313741833
404633313767875
404633313816875
404633313855833
404633313895083
404633313934208
404633313973083
404633314013416
404633314056375
404633314102916
404633314147875
404633314187666
404633314226958
404633314265666
404633314308250
404633314347375
404633314386083
404633314423666
404633314466083
404633314516791
404633314552708
404633692288125
404633692393166
404633692411333
404633692425375
404633692441333
404633692469583
404633692514541
404633692549208
404633692594208
404633692636458
404633692676916
404633692722125
404633692762833
404633692803583
404633692843291
404633692883916
404633692917458
404633692963833
404633692997458
404633693042666
404633693088833
404633693116541
404633693170416
404633693205750
404633693245958
404633693285833
404633693325625
404633693365291
404633693404500
404633693443583
404633693483250
404633693522416
404633693561666
404633693605041
404633693644291
404633693684416
404633693723791
404633693763041
404633693804916
404633693836458
404633693881083
404633693921125
404633693960458
404633694000291
404633694046875
404633694087166
404633694127166
404633694167125
404633694206958
404633694246333
404633694285333
404633694324666
404633694363958
404633694403583
404633694442916
404633694488583
404633694529416
404633694569083
404633694634375
404633694681000
404633694718750
404633694758250
404633694797333
404633694843291
404633694882875
404633694923083
404633694962291
404633695002250
404633695042375
404633695093500
404633695133583
404633695173458
404633695213416
404633695253458
404633695292375
404633695331833
404633695357791
404633695406500
404633695446875
404633695486291
404633695530708
404633695570333
404633695617625
404633695658458
404633695698541
404633695737666
404633695778583
404633695812375
404633695865083
404633695907458
404633695942083
404633695965375
404633695989833
404633696013083
404633696036458
404633696059833
404633696083375
404633696110208
404633696137041
404633696160166
404633696184000
404633696209083
404633696233208
404633696256916
404633696280416
404633696303500
404633696328000
404633696351458
404633696368583
404633696395958
404633696419291
404633696443083
404633696467958
404633696493666
404633696517083
404633696540875
404633696564500
404633696587958
404633696611541
404633696634875
404633696658125
404633696688875
404633696759791
404633696784500
404633696808583
404633696831916
404633696854708
404633696877916
404633696901958
404633696925333
404633696948833
404633696972666
404633696997208
404633697022208
404633697045583
404633697069583
404633697093000
404633697116375
404633697139583
404633697163333
404633697182666
404633697221000
404633697244333
404633697267875
404633697287666
404633697323125
404633697346375
404633697366416
404633697393000
404633697423500
404633697446791
404633697470833
404633697511083
404633697535458
404633697559250
404633697584000
404633697609375
404633697632833
404633697657333
404633697680666
404633697704458
404633697727833
404633697751958
404633697777416
404633697795916
404633697821375
404633697845541
404633697870458
404633697891083
404633697911333
404633697931458
404633697951791
404633697968416
404633697989500
404633698010583
404633698031625
404633698051416
404633698078750
404633698099125
404633698119416
404633698134916
404633698160916
404633698182833
404633698205666
404633698226125
404633698248333
404633698268875
404633698289000
404633698305625
404633698325833
404633698359625
404633698379791
404633698400208
404633698420250
404633698448000
404633698468583
404633698489583
404633698505333
404633698529416
404633698544958
404633698568208
404633698588583
404633698609666
404633698629958
404633698649166
404633698668041
404633698688666
404633698710458
404633698730500
404633698751291
404633698771750
404633698787791
404633698811041
404633698832125
404633698852291
404633698882208
404633698902625
404633698923000
404633698944375
404633698970541
404633698986041
404633699010291
404633699030583
404633699057375
404633699077541
404633699098166
404633699114416
404633699142750
404633699159583
404633699185333
404633699205583
404633699232666
404633699253125
404633699273791
404633699294000
404633699320583
404633699337250
404633699361541
404633699381958
404633699402416
404633699422791
404633699445500
404633699465916
404633699486166
404633699521000
404633699541083
404633699561250
404633699581791
404633699601875
404633699622416
404633699642791
404633699670250
404633699686666
404633699710208
404633699730208
404633699760041
404633699780916
404633699801250
404633699821500
404633699844000
404633699864541
404633699880458
404633699903208
404633699923458
404633699943791
404633699964083
404633699979833
404633700002833
404633700024416
404633700036208
404633700061166
404633700081333
404633700101666
404633700121833
404633700142083
404633700162291
404633700180916
404633700199083
404633700219416
404633700239500
404633700255291
404633700280500
404633700300625
404633700316166
404633700336166
404633700358458
404633700378625
404633700493833
404633700508083
404633700532583
404633700548500
404633700571125
404633700587500
404633700610375
404633700630833
404633700646583
404633700669375
404633700689833
404633700711041
404633700731333
404633700746291
404633700769125
404633700789375
404633700804750
404633700828291
404633700848708
404633700864375
404633700887666
404633700904375
404633700927041
404633700947375
404633700967833
404633700988083
404633701008250
404633701024083
404633701047458
404633701063166
404633701086083
404633701101625
404633701124625
404633701146166
404633701166500
404633701186708
404633701206750
404633701223625
404633701243958
404633701264166
404633701284375
404633701300083
404633701319500
404633701342583
404633701364375
404633701384958
404633701405083
404633701425166
404633701445458
404633701461125
404633701484041
404633701504541
404633701524791
404633701540375
404633701562875
404633701584500
404633701604833
404633701625000
404633701640916
404633701663833
404633701684250
404633701700083
404633701722958
404633701743458
404633701763791
404633701783875
404633701805083
404633701825208
404633701845708
404633701862666
404633701882791
404633701903000
404633701923333
404633701943416
404633701963500
404633701983666
404633702003875
404633702020791
404633702042541
404633702062916
404633702082875
404633702110375
404633702130666
404633702150916
404633702166833
404633702189500
404633702204750
404633702227333
404633702250708
404633702273791
404633702289208
404633702311916
404633702327125
404633702350500
404633702370875
404633702391083
404633702406916
404633702429916
404633702450125
404633702470041
404633702491375
404633702506416
404633702529583
404633702549750
404633702569875
404633702585625
404633702609125
404633702629083
404633702649333
404633702665083
404633702687583
404633702709416
404633702730000
404633702750125
404633702770250
404633702786083
404633702808875
404633702825416
404633702855125
404633702875541
404633702895833
404633702916000
404633702936291
404633702952041
404633702975250
404633702991791
404633703012375
404633703032583
404633703053041
404633703073708
404633703094208
404633703114416
404633703134416
404633703150833
404633703173916
404633703194125
404633703209916
404633703233000
404633703253291
404633703269083
404633703293750
404633703310291
404633703330791
404633703351083
404633703371250
404633703391416
404633703411666
404633703427333
404633703450541
404633703472541
404633703484291
404633703507208
404633703528833
404633703548791
404633703569166
404633703585000
404633703607916
404633703644750
404633703667083
404633703690208
404633703710375
404633703731208
404633703751500
404633703771625
404633703787458
404633703810708
404633703831208
404633703851333
404633703866916
404633703890000
404633703911708
404633703931666
404633703954125
404633703976583
404633703996750
404633704019291
404633704039708
404633704059791
404633704079958
404633704100125
404633704120208
404633704136416
404633704159250
404633704179416
404633704199708
404633704219833
404633704242000
404633704262083
404633704282333
404633704304541
404633704324791
404633704344916
404633704365083
404633704385458
404633704401125
404633704424333
404633704440875
404633704456958
404633704482541
404633704502625
404633704523916
404633704544041
404633704565500
404633704587791
404633704610083
404633715747458
404633720765333
404633773197125
404633797291500
404633797358041
404633797375000
404633873976583
404633874093166
404633874114375
404633874128791
404633874144125
404633874169750
404633874215666
404633874257416
404633874292000
404633874336833
404633874377500
404633874428416
404633874469166
404633874509750
404633874549458
404633874588958
404633874629125
404633874669208
404633874708750
404633874748916
404633874788958
404633874828833
404633880441250
404633880512541
404633880521208
404633880528166
404633880534250
404633880539916
404633880545708
404633880550416
404633880555916
404633880574041
404633880587875
404633880610583
404633880624416
404633880642750
404633880655000
404633880673625
404633880696541
404633880711625
404633880725250
404633880743708
404633880756375
404633880771708
404633880789000
404633880804958
404633880822208
404633880843041
404633880858083
404633880877583
404633880895166
404633880907208
404633880925208
404633880937750
404633880956041
404633880973375
404633880985750
404633881004000
404633881016583
404633881034791
404633881051000
404633881062916
404633881080958
404633881093041
404633881111333
404633881123625
404633881143208
404633881159625
404633881171625
404633881189958
404633881203291
404633881227958
404633881267791
404633881315333
404633881355166
404633881394666
404633881434208
404633881479291
404633881514166
404633881562500
404633881601375
404633881640416
404633881681041
404633881721500
404633881768166
404633881805083
404633881848666
404633881888916
404633881931583
404633881971375
404633882011500
404633882051583
404633882091291
404633882130875
404633882170708
404633882210375
404633882249000
404633882289041
404633882329125
404633882372333
404633882411583
404633882451208
404633882491375
404633882530208
404633882569791
404633882610333
404633882649833
404633882689208
404633882728791
404633882768541
404633882807500
404633882851500
404633882890750
404633882930375
404633882970250
404633883009833
404633883049041
404633883089750
404633883129166
404633883168291
404633883207750
404633883246708
404633883290000
404633883330583
404633883369833
404633883409541
404633883449541
404633883489583
404633883529041
404633883571083
404633883606208
404633883639750
404633883663000
404633883690583
404633883714291
404633883737958
404633883761375
404633883784833
404633883803791
404633883831625
404633883869958
404633883894041
404633883917291
404633883940458
404633883963541
404633883987250
404633884005916
404633884033208
404633884056333
404633884079625
404633884103083
404633884128083
404635944690125
404635944812250
404635944832000
404636252285125
404636252399375
404636252422125
404636252437833
404636762683416
404636848963750
404637582479291
404638197931833
404638287178291
404638913151958
404639529294541
404639529394000
404640046271250
404640046384458
404640050116833
404640962755208
404641781293041
404642181367250
404642804801125
404643316579041
404644281520041
404645774378708
404646593970000
404646659331500
404647415174666
404651201175041
404652839601208
404652839723583
404652839744583
404652839760708
404652839776125
404652839790875
404652839805500
404652839842500
404652839889500
404652839924625
404652839972041
404652840003583
404652840046791
404652840077625
404652840133041
404653762100875
404653762209541
404653762228791
404654479486083
404654684234041
404654693990458
404654786432208
404654866611416
404655298724041
404655298836666
404655298856000
404655298872416
404655298887791
404655298901583
404655298929083
404655298972458
404655299003500
404655299046208
404655299097500
404655299136458
404655299166916
404655299204708
404655299284083
404655299296416
404655378285333
404656220180541
404656220282833
404656257627875
404656937406250
404656954156083
404657448336916
404657448436208
404657448452250
404657448977791
404657449009875
404657449054416
404657449086916
404658677478958
404658726656916
404659377050708
404661647584083
404661710900958
404661710982875
404661710997625
404662158536375
404662208710250
404662887187583
404662963812333
404663084765458
404663170555041
404663174591583
404663694921875
404664001898000
404665434782833
404665434883833
404665641402458
404665704547875
404666357861958
404666357915041
404666357931583
404666357971416
404666358003500
404666358046500
404666358084750
404666358122166
404666358159916
404666358197458
404666358234875
404666358283541
404666358322083
404666358359625
404666358397250
404666358444041
404666358481875
404666358519416
404666358557041
404666358594500
404666358631583
404666358669500
404666358706625
404666358744000
404666358781750
404666358819458
404666358862333
404666358900166
404666358937166
404666358974208
404666359011458
404666359049291
404666359086791
404666359124166
404666359161916
404666359205000
404666359248583
404666359286291
404666359323583
404666359361166
404666359398333
404666359435333
404666359473250
404666359510875
404666359556416
404666359589541
404666359632333
404666359669458
404666359706958
404666359746000
404666359776458
404666359812666
404666359850375
404666359872833
404666359898708
404666362773125
404666362805500
404666362828166
404666362860083
404666362888208
404666362916166
404666362943875
404666362972000
404666362999541
404666363027250
404666363054875
404666363085000
404666363112916
404666363140750
404666363168458
404666363196208
404666363223625
404666363251291
404666363278666
404666363306083
404666363333375
404666363360625
404666363391041
404666363418416
404666363446250
404666363473500
404666363501083
404666363528541
404666363555833
404666363583291
404666363611000
404666363639583
404666411796458
404666525705083
404666525751416
404667484561083
404667484644208
404667893561333
404667968123833
404668003654166
404670351491833
404670351601875
404670351617458
404670351629666
404670351641708
404670351686916
404670351728416
404670351776750
404670351809500
404670351852875
404670351885291
404670351928041
404670351968541
404670352005916
404670352044666
404670352082583
404670352119916
404670352158416
404670352201333
404670352245416
404670352284291
404670352321708
404670352359166
404670352396416
404670352434041
404670352471291
404670352516000
404670352553958
404670352592041
404670352631291
404670352673791
404670352706250
404670352743041
404670352781416
404670352819666
404670352863666
404670352901125
404670352939708
404670352984666
404670353021875
404670353201083
404670353220291
404670353248666
404670353266250
404670353291666
404670353312833
404670353337708
404670353361208
404670353380375
404670353405291
404670353423333
404670353453958
404670353473166
404670353498375
404670353515750
404670353541458
404670390869625
404670390942750
404670390949791
404670390955250
404670390960708
404670390966166
404670390970958
404670405671125
404670405724500
404670405733875
404670405743166
404670405774250
404670405797083
404670405829416
404670405857875
404670405886583
404670405908250
404670405939791
404670405972583
404670406001041
404670406028166
404670409502041
404670409540916
404670409578500
404670409616458
404670409653666
404670409694166
404670409729916
404670409767791
404670409800208
404670409844666
404670409882375
404670409925000
404670409962333
404670410002541
404670410040125
404670410077791
404670410115125
404670410148416
404670410189625
404670410234500
404670410272458
404671170384708
404671886681833
404671886770083
404671886785791
404671886799041
404671886826541
404671886869125
404671886901833
404671886944791
404671886982958
404671887021625
404671887080666
404672194269291
404672603898666
404673014387708
404673014488000
404673014503458
404673014514500
404673014528000
404673014568708
404673014602166
404673014645416
404673014683708
404673014721541
404673014763000
404673014807375
404673014846125
404673014884666
404673014922583
404673014960291
404673014998583
404673015035666
404673015074041
404673729826333
404673729923375
404673880215333
404673880326916
404673880343041
404673880354958
404673880367750
404673880382000
404673880427833
404673880461666
404673880504666
404673880543041
404673880580458
404674024860833
404676500192000
404676500303750
404676500320000
404676500335625
404676500348333
404676500376416
404676500420458
404676500453083
404676500495625
404676500533708
404676500571875
404677817075416
404678440573208
404678531894791
404678755826291
404679259568791
404679395378416
404679395469666
404679395484375
404679395497125
404679395509041
404679395555208
404679395594041
404679395631791
404679395670500
404679395708375
404679568762166
404679703818250
404679703919125
404679703934916
404679703946416
404679703958250
404679703998416
404679704038041
404679704076083
404679704108333
404679704152000
404679704190208
404679704239000
404679704276083
404679704313416
404679704351291
404679704388916
404679704428416
404679704464791
404679704501625
404680386143916
404680561904125
404680700175791
404680797792166
404680797887708
404681821278958
404681855479291
404681855588666
404681855604333
404681855614708
404681855627041
404681855655958
404681855698916
404681855730333
404681855772416
404681855811583
404681855849083
404681855896125
404681855934541
404681855972916
404681856010625
404681856047166
404681856084958
404681856122083
404681856160750
404681856197375
404681856235458
404681856272958
404681856316333
404681856354250
404681856391916
404682434102208
404682434231125
404683662600375
404683662730166
404683662750833
404683662766375
404683662781875
404683662795708
404683662836125
404684071288041
404685212669041
404685212779041
404685212798000
404685212812958
404685212832250
404685212846375
404685212884291
404685212915291
404685212958833
404685212986125
404685213030666
404685213069250
404685213115250
404685213173375
404685213287375
404685213332208
404685213356416
404685213409875
404685213433833
404685213479833
404685213511958
404685213553833
404685213588541
404685213630791
404685213662958
404685213714083
404685213746666
404685213790291
404685213822250
404685213865666
404685213898333
404686324622750
404686324743958
404686324764041
404686324778333
404686324793666
404686324809041
404686324849583
404686324882666
404686324924291
404686324957000
404686734855291
404687170685083
404687361531500
404687361636625
404687361655333
404687361670333
404687361685500
404687361699666
404687361742458
404687361774250
404687361817083
404687361850583
404687361892208
404687361940208
404687361972333
404687362015333
404687362051458
404687362104666
404687362134875
404687362179791
404687362210500
404687362253375
404687362292541
404687362323916
404687362373375
404687362405916
404687362447791
404687362493541
404687362525833
404687362568916
404687362601458
404687362652458
404687362683333
404687362725791
404687362764333
404687362812166
404687362843916
404687362888041
404687362919333
404687362962833
404687363004875
404687363033500
404687363074083
404687363123291
404687363160333
404687363192125
404687363236541
404687464554291
404687464643708
404687464661208
404687464675791
404687464690041
404687464732333
404687464765875
404687464801625
404687464844916
404687464876541
404687464919291
404687464964833
404687465004083
404687465034958
404687465077958
404687465115875
404687465157125
404687465197041
404687465229125
404687465272708
404687465311208
404687465349833
404687465392958
404687465426875
404687465470416
404687465509083
404687465547375
404687465586291
404687465624666
404687465670916
404687465709958
404687465741750
404687465784833
404689095558708
404689095670958
404689095692333
404689095706458
404689095722916
404689095739041
404689095782625
404689095820916
404689525951958
404692163565750
404694419066750
404694419179875
404694419199958
404694419216041
404694447345166
404695645021291
404695645128666
404695645148958
404695645164875
404695645180666
404695645217375
404695645233458
404695645272333
404695645305958
404695645347500
404695645382708
404695645436666
404695645469250
404695645512333
404695645545333
404695645592458
404695645631625
404695645651666
404695645697041
404695645734625
404695645755625
404695645801375
404695645846166
404695645877458
404695645919583
404695645950041
404695645993208
404695646033583
404695646074375
404695646119166
404695646151833
404695646197250
404695646218708
404695646267208
404695646292041
404695646340666
404695646364958
404695646421500
404695646455208
404695646498416
404695646529208
404695646574875
404695646607500
404695646659291
404695646696166
404695646732791
404695646772708
404695646804458
404695646853916
404695646888125
404695646930666
404695646978500
404695647011583
404695647053708
404695647092666
404695647123958
404695647167041
404695647218416
404695647266000
404695647305166
404695647343833
404695647382500
404695647414791
404695647457791
404695647496416
404695647535333
404695647567541
404695647610500
404695647649250
404695647698000
404695647736875
404695647775333
404695647807125
404695647857833
404695647896375
404695647944041
404695647976000
404695648027500
404695648053916
404695648099208
404695648141208
404695648174750
404695648219583
404695648251666
404695648303583
404695648341875
404695648395833
404695648425666
404695648465750
404695648489000
404695648507125
404695648532291
404695648563500
404695648580333
404695648606958
404695648638875
404695648659583
404695648684583
404695648708083
404695648724458
404695648751000
404695648769000
404695648791958
404695648816083
404695648839666
404695648856208
404695648885541
404695648912125
404695648935375
404695648951833
404695648978958
404695648997291
404695649025166
404695649043416
404695649070291
404695649088541
404695649118541
404695741371958
404695741441291
404695741456958
404695749035125
404696873267416
404696873387541
404696873407750
404696873422958
404696873439375
404696873453166
404696873469333
404696873513916
404696873545333
404696873587208
404696873618833
404696873670083
404696873704916
404696873746375
404696873785333
404696873824291
404696873853875
404696873901583
404696873930916
404696873975416
404696874014375
404696874058916
404696874100583
404696874139750
404696874178750
404696874217750
404696874256500
404696874296250
404696874334958
404696874374375
404696874413291
404696874457125
404696874495791
404696874537333
404696874576208
404696874615166
404696874647291
404696874692208
404697178803208
404697225080708
404697399393708
404698000094000
404698000216583
404698000236416
404698000251208
404698000269041
404698000283875
404698000299541
404698000341833
404698000374125
404698000417250
404698000449625
404698000504333
404698000554833
404698000588041
404698000631041
404698000662333
404698000706833
404698000738541
404698000782583
404698000821458
404698000860250
404698000904541
404698000943666
404698000975500
404698001019041
404698001051208
404698001095166
404698001134041
404698001174041
404698001212500
404698001252083
404698304972916
404698305044375
404698613139125
404698613253875
404698667725250
404698667778291
404698667796083
404698667834750
404698667867416
404698667910500
404698667943708
404698667987208
404698668019166
404698668062791
404698668094416
404698668145416
404698668184958
404698668215791
404698668258583
404698668297666
404698668336500
404698668381041
404698668419708
404698668458083
404698668497041
404698668535708
404698668578791
404698668617375
404698668662541
404698668701250
404698668745625
404698668783791
404698668822583
404698668854083
404698668898000
404698668936416
404698668981000
404698669023291
404698669064791
404698669103041
404698669142750
404698669174666
404698669218916
404698669257291
404698669302166
404698669350083
404698669382416
404698669401541
404698669453000
404698669492833
404698669524208
404698669567916
404698669600916
404698669642875
404698669674833
404698669717333
404698669755833
404698669794416
404698669832916
404698669875000
404698669913708
404698669969708
404698670011041
404698670040916
404698670083958
404698670113916
404698670150750
404698670169125
404698670195750
404698670213208
404698670238875
404698670257208
404698670294750
404698670313166
404698670339583
404698670357750
404698670384208
404698670401375
404698670427958
404698670446291
404698670472791
404698670490708
404698670567208
404698670592833
404698670611875
404698670637083
404698670660916
404698670677625
404698670703750
404698670722125
404698670748666
404698672806000
404698672833541
404698672854041
404698672885083
404698672908458
404698672940791
404698672970750
404698683866166
404698683891500
404698683936541
404698683968750
404698684012291
404698684051708
404698684085125
404698684128000
404698684160083
404698684202250
404698684240875
404698684282416
404698684321041
404698684359791
404698684398583
404698684430291
404698684475083
404698684513208
404698684555458
404698684593583
404698684637375
404698684675666
404698684717666
404698684760583
404698684799083
404698684830708
404698684875083
404698689603500
404698722317708
404698722364791
404698722380416
404698722425291
404698722455958
404698722498916
404698722529791
404698722572916
404698722612041
404698722643666
404698722685875
404698722740375
404699011488291
404699011601625
404699011621000
404699011635083
404699011649625
404699011678333
404699011721916
404699011753750
404699011796041
404699011828833
404699011871916
404699011904541
404699011951708
404699011982583
404699012027250
404699012059166
404699012102750
404699012134333
404699012177958
404699012216750
404699012255208
404699012286625
404699012330958
404699012376416
404699116660958
404699740441541
404699740555666
404699740576833
404699740590083
404699740610208
404699740623666
404699740653458
404699740697041
404699740730583
404699740771583
404699740803708
404699740859291
404699740900666
404699740934125
404699740977416
404699741009875
404699741053500
404699741085083
404699741129416
404699741168333
404699741207541
404699741260041
404699741299083
404699741330875
404699741374500
404699741413000
404699741446166
404699741488583
404699741527500
404699741565875
404699741611083
404699741649750
404699741692625
404699741731166
404699741770125
404699741808666
404699741841041
404699741883833
404699741923208
404699741961458
404699742003208
404699742029041
404699742074875
404699742117583
404699742149833
404699742193500
404699742232458
404699854742458
404699854855625
404699854876166
404699854891416
404700032814041
404700032930166
404700032947000
404700032960541
404700032974791
404700032989041
404700033028333
404700033062833
404700033105458
404700033138416
404700033180333
404700033232958
404700033272250
404700033310833
404700033343208
404700327951250
404700525341791
404700545481416
404700734753666
404700734862208
404700734882375
404700734896000
404700734911666
404700734927250
404700734967375
404700735001666
404700735042583
404700735075166
404702710300833
404702710419333
404702710439208
404702710454000
404702710473625
404702710487291
404702710516708
404703323703041
404703323819916
404703323837875
404703323853333
404703323867791
404703323881375
404703323909708
404703323953125
404703323986083
404703324027375
404703324058791
404703324111708
404703324151833
404703324191375
404704347500041
404704860228916
404704860346458
404704860365625
404704860380666
404705204273708
404705204365208
404705204384541
404705204406916
404705204422666
404705204466541
404705204498625
404705204540166
404705204571000
404705204614708
404705204666916
404705204699125
404705204741916
404705204774416
404705204815750
404705204855000
404705204893625
404705204937916
404705204976625
404705205015250
404705205053916
404705205104416
404705205137041
404705205181125
404705205219875
404705559405791
404706395384125
404707623545958
404707623656500
404707623676208
404707623691916
404709366200208
404710082106750
404711924795833
404711924930041
404711924949541
404711924963208
404711924977416
404711924990500
404711925019000
404711925061041
404711925092333
404711925134583
404711925167041
404712011708500
404713257723708
404713257845833
404713257866583
404713666433250
404713974619375
404713974730541
404713974748583
404713974764833
404713974782583
404713974799291
404713974845000
404713974881291
404713974923958
404713974965250
404713975005583
404713975055041
404713975095041
404713975135458
404713975176083
404713975210541
404713975250166
404713975293958
404713975335208
404713975367541
404713975412458
404713975452291
404713975496125
404713975535375
404713975575166
404713975614250
404713975654041
404713975693916
404713975734291
404713975762416
404713975809541
404713975849000
404713975888750
404713975933125
404713975972750
404713976013041
404713976055250
404713976100916
404713976141958
404713976180666
404713976220833
404713976261000
404713976309833
404713976348916
404713976393458
404713976432666
404713976472291
404713976511958
404713976552000
404713976586125
404713976633375
404713976677666
404713976715458
404713976740250
404713976791000
404713976828750
404713976868708
404713976912958
404713976953041
404713976992791
404713977032375
404713977071666
404713977111250
404713977150875
404713977191708
404713977230833
404713977274291
404713977314125
404713977353541
404713977392750
404713977431875
404713977471208
404713977512333
404713977551583
404713977591541
404713977630916
404713977677500
404713977719875
404713977764958
404713977804041
404713977843750
404713977882666
404713977933833
404713977973333
404713978013708
404713978053083
404713978094916
404713978127083
404713978172625
404713978222833
404713978251416
404713978300083
404713978339916
404713978380666
404713978419791
404713978466250
404713978505666
404713978545458
404713978585000
404713978624833
404713978668375
404713978715875
404713978755166
404713978795791
404713978835166
404713978881000
404713978920125
404713978966625
404713979005916
404713979046833
404713979086083
404713979142041
404713979181375
404713979220875
404713979261083
404713979300708
404713979338125
404713979382750
404713979557250
404713979591708
404713979637666
404713979677541
404713979716916
404713979757375
404713979797208
404713979838750
404713979878750
404713979918625
404713979958583
404713980002708
404713980041958
404713980081458
404713980123041
404713980164416
404713980187958
404713980212166
404713980231333
404713980259208
404713980282833
404713980315041
404713980340208
404713980364541
404713980388166
404713980411791
404713980435291
404713980458666
404713980481916
404713980505250
404713980534541
404713980558166
404713980581500
404713980605166
404713980628333
404713980652041
404713980675416
404713980700208
404713980723666
404713980747125
404713980770833
404713980798583
404713980821875
404713980845041
404713980868416
404713980892333
404713980915666
404713980939750
404713980963208
404713980986708
404713981010000
404713981033583
404713981058708
404713981082333
404713981105833
404713981129333
404713981152666
404713981176166
404713981199375
404713981222833
404713981251916
404713981262791
404713981291958
404713981319208
404713981343166
404713981367125
404713981390625
404713981414083
404713981437708
404713981461166
404713981484708
404713981508125
404713981531875
404713981554875
404713981588500
404713981611791
404713981635833
404713981659083
404713981683750
404713981707000
404713981730166
404713981753583
404713981776833
404713981800208
404713981823708
404713981848708
404713981872125
404713981895666
404713981918583
404713981942000
404713981965750
404713981989083
404713982012500
404713985451583
404713985474166
404713985496750
404713985516458
404713985543583
404713985567291
404713985586083
404713985612750
404713985631500
404713985658250
404713985682208
404713985709083
404713985732458
404713985753708
404713985777333
404713985795916
404714588483666
404714746630916
404714997867291
404715307768958
404715487692458
404715487803416
404715487823333
404715487838541
404715487855416
404715487870875
404715487918583
404715487953541
404715487998916
404715488033583
404715488080000
404715918807291
404716328736291
404716328849375
404716328869125
404716328882750
404716328897958
404716328916333
404716328966041
404716329001458
404716738087750
404717045682083
404717045799458
404717454931583
404717455051958
404717455071625
404718581461291
404719702254916
404719912417083
404719920512791
404719972952833
404720514224166
404720514340750
404720589001000
404720952464916
404721091968125
404721240826916
404721240873750
404721240884708
404721240894083
404721240916708
404721240935708
404721240966166
404721240986791
404721241010166
404721241030208
404721241057000
404721241084625
404721241108875
404721241127541
404721241154250
404721241178250
404721241202250
404721241221000
404721241248125
404721241267458
404721241290083
404721241319916
404721241346208
404721241369708
404721241397208
404721241418625
404721241444166
404721241459166
404721241489166
404721241504375
404721241511875
404721241531250
404721241546291
404721241574708
404721241584208
404721241601750
404721241616208
404721241635958
404721241650500
404721243270833
404721245964791
404721246052541
404721246059750
404721246066583
404721246072083
404721246077833
404721246082708
404721246087875
404721246092291
404721246097250
404721246102250
404721246122208
404721246135666
404721548104791
404722372008750
404722372124875
404722372144500
404722372160750
404722372178333
404722372195708
404722372230083
404722372275291
404722372309750
404722372354375
404722372389083
404722372441500
404722372483625
404722372523666
404722372563125
404722372597791
404722372643208
404722372683166
404722372722875
404722372762291
404722372802250
404722372836916
404722372887666
404722372920958
404722372967500
404722373007541
404722373046791
404722373088000
404722373127500
404722373168000
404722373207916
404722373249541
404722373289208
404722373356458
404722373396416
404722373436416
404722373475833
404722373523333
404722373563000
404722373603208
404722373643958
404722373683708
404722373723958
404722373763875
404722373821458
404722373857791
404722373898375
404722373930541
404722373975666
404722374017458
404722374057000
404722374093666
404722374125958
404722374144500
404722374171041
404722374197041
404722374221250
404722374244750
404722374268208
404722374291625
404722374315625
404722374339250
404722374362791
404722374382750
404722374425791
404722374449250
404723394113541
404723394199041
404723394218541
404723394234125
404723394248791
404723435285958
404723631768625
404723631866916
404723631884500
404723631900333
404723631915041
404724008403500
404724008525833
404724008545833
404724008561583
404724008576916
404724008590625
404724008605083
404724008649833
404724008682125
404724008723083
404724008756791
404724008811958
404724008845166
404724008887666
404724008919125
404724008961708
404724009000750
404724418568000
404724418685125
404724418705375
404724418721458
404724418735791
404724418749000
404724418777750
404724418819791
404724418853291
404724418895666
404724418926708
404724418980083
404724419028541
404724419061833
404724419104833
404724419144583
404724419184833
404724419214708
404724419259875
404724419292541
404724930222375
404724930336000
404724930355666
404724930369583
404724930384000
404724930398166
404724930438333
404724930473666
404724930515125
404724930548291
404724930590000
404724930639125
404724930671083
404724930715708
404724930762291
404724930801750
404725444942000
404725445067041
404725445087458
404725445102000
404725445118333
404725445131875
404725445145416
404725445190875
404725445224458
404725445266625
404725445297625
404725445347958
404725445381166
404725445423375
404725445454250
404725445496125
404725445535583
404725445565833
404725445608291
404725445640666
404725445686583
404725445716833
404725445762083
404725445801458
404725445833750
404725445876541
404725445908541
404725445951833
404725445983750
404725446026916
404725446065916
404725446098500
404725446141791
404725446193916
404725446232583
404725446271458
404725446330125
404725446362458
404725446403375
404725446435125
404725446478375
404725446517708
404725446549375
404725446603375
404725446642541
404725446689625
404725446727750
404725446760708
404725446802083
404725446833000
404725446875541
404725446906208
404725446949333
404725446979375
404725447034000
404725447072666
404725447105500
404725447149083
404725447193416
404725447232458
404725447276541
404725447302500
404725447347625
404725447386666
404725447425041
404725447477500
404725447516375
404725447555416
404725447594458
404725447621791
404725447666041
404725447698208
404725447749875
404725447783625
404725447813125
404725447831125
404725447858125
404725447875791
404725447902041
404725447920083
404726875745958
404726875837750
404726875856583
404726875872500
404726875887458
404726875926916
404726875959833
404726876001708
404726876032708
404726876075250
404726876107541
404726876159833
404726876191541
404726876233791
404726876272583
404726876302500
404726876347458
404726876379625
404726876422916
404726876461791
404726876493458
404727592102833
404728001549625
404728001654500
404728001665500
404728001673166
404728001680875
404728001688291
404728001695708
404728001703708
404728001711125
404728001716916
404728001723416
404728001748208
404728001761916
404728001785916
404728001803000
404728309075041
404728711061666
404728835190708
404728946914916
404729743454291
404731215832875
404731239682375
404731691904333
404731691980625
404731691999166
404731692015125
404731692054416
404731692089083
404731692134250
404731692168541
404731692213125
404731692253625
404731692293541
404731692339166
404731692379833
404731692419833
404731692459958
404731692499875
404731692539791
404731692579333
404731692619583
404731692660208
404731692699791
404731692739958
404731692783791
404731692823333
404731692862958
404731692902625
404731692943166
404731692982583
404731693021625
404731693061625
404731693101250
404731693140375
404731693180500
404731693224083
404731693264416
404731693303958
404731693343583
404731693389583
404731693424541
404731693465083
404731693504833
404731693544416
404731693584083
404731693624083
404731693667416
404731693707500
404731693747916
404731693796416
404731693844000
404731693884000
404731693923500
404731693964000
404731694003750
404731694043125
404731694083041
404731694123208
404731694163166
404731694203250
404731694243083
404731694286000
404731694326041
404731694365958
404731694406041
404731694445833
404731694485750
404731694525833
404731694626708
404731694665333
404731694707083
404731694746875
404731694786916
404731694826916
404731694867833
404731694907541
404731694947458
404731694987083
404731695026833
404731695070500
404731695110333
404731695150041
404731695189583
404731695229500
404731695268750
404731695302208
404731695345750
404731695387416
404731695421416
404731695445458
404731695469875
404731695493791
404731695517708
404731695541458
404731695565166
404731695588958
404731695608208
404731695635041
404731695658875
404731695682833
404731695706583
404731695731583
404731695755500
404731695779250
404731695803041
404731695820666
404731695846916
404731695870750
404731695894416
404731695913458
404731695940208
404731695964291
404731695989083
404731696013291
404731696032041
404731696058958
404731696082958
404731696106625
404731696130416
404731696149375
404731696176125
404731696199875
404731696224000
404731696254833
404731696279875
404731696300750
404731696327500
404731696347250
404731696373708
404731696397791
404731696421916
404731696440916
404731696467541
404731696491625
404731696515958
404731696540083
404731696563708
404731696587500
404731696606333
404731696633333
404731696657250
404731696681041
404731696704750
404731696728708
404731696747541
404731696776875
404731696800583
404731696824625
404731696843291
404731696870541
404731696894291
404731696913333
404731696940125
404731696963708
404731696982583
404731697009125
404731697033083
404731697057958
404731697081833
404731697105708
404731697129416
404731697153375
404731697176958
404731697195833
404731697222166
404731697245708
404731697269208
404731697290291
404731697319250
404731697340041
404731697368333
404731697392375
404731697413041
404731697429250
404731697452625
404731697473333
404731697493958
404731697514458
404731697538083
404731697558458
404731697579125
404731697599708
404731697615875
404731697639000
404731697659666
404731697680208
404731697700791
404731697721500
404731697736625
404731697761583
404731697782125
404731697802916
404731697823375
404731697843958
404731697864416
404731697883208
404731697907458
404731697928208
404731697943458
404731697966541
404731697987750
404731698008666
404731698029375
404731698049958
404731698065791
404731698089333
404731698110208
404731698126500
404731698149000
404731698169750
404731698190375
404731698211375
404731698232041
404731698252583
404732610352416
404732610474833
404732610496166
404732610510833
404732629386375
404733914240583
404733914357625
404733914378333
404733914392750
404733914408041
404733914423375
404733914471000
404733914505791
404733914546041
404733914577208
404733914625625
404733914663333
404733914703541
404734658924958
404735147552666
404736195683250
404737322190583
404737409108166
404737591897333
404737761746541
404738038512958
404738181454083
404738256320000
404738256403041
404738285705875
404738390788291
404738571032041
404740391861416
404740529408291
404741109215500
404741520876250
404742753988291
404742754106625
404742754126583
404742754142083
404742754158166
404742754171208
404742754199375
404742754243833
404742754274083
404742754317000
404742754348416
404742754398333
404742754437833
404742754470625
404742754503791
404742754550541
404742754581333
404742754618750
404742754661791
404742754691583
404742754733666
404742754764041
404742754811541
404742754850583
404742754889958
404742754921250
404742754964958
404742754997500
404742755040416
404742755078750
404742755122791
404742755161458
404742755206875
404742755249166
404742755287958
404742755319208
404742755363375
404742755401916
404742755442416
404742755472500
404742755515375
404742755541208
404742755596125
404742755615083
404742755665541
404742755698625
404742755742166
404742755780625
404742755824416
404742755863416
404742755902291
404742755940833
404742755981083
404742756019291
404742756058375
404742756115791
404742756148458
404742756191125
404742756236166
404742756274666
404742756315833
404742756353875
404742756392416
404742756430416
404742756468875
404742756493375
404742756554791
404742756594208
404742756632416
404742756703750
404743670426833
404743670529291
404743670546625
404746638636916
404746638762625
404746731864833
404746800281458
404746963407666
404749302387375
404750632001250
404752782311125
404753121900750
404753292586875
404753574998875
404753575100833
404753575115083
404753575124416
404753684750958
404755438221125
404755453096291
404755938626583
404756879195958
404756879314250
404758100924500
404759029035041
404759071290083
404759584598750
404761181824458
404761895707875
404762511183875
404762816893250
404762816991583
404763741536791
404764558941291
404764967608041
404765373435875
404765520351000
404766300208083
404766437723541
404766659489958
404766660751750
404766660781083
404766660827333
404766661361166
404766661398875
404766661441041
404766661476916
404766662398916
404766662444208
404766665164541
404766675499333
404766675526208
404766675574750
404766675611416
404766675654416
404766675694958
404766675735916
404766675776875
404766675811000
404766675857125
404766675898083
404766675944458
404766675984250
404766676025125
404766676064958
404766676105333
404766676145333
404766676185625
404766676224958
404766676265166
404766676304291
404766676344833
404766676387666
404766676429791
404766676469083
404766676508791
404766676548208
404766676588083
404766676628166
404766676667916
404766676707458
404766676741333
404766676787916
404766676831625
404766676872041
404766676912666
404766676952375
404766676992041
404766677031208
404766677071083
404766677119333
404766677162750
404766677192458
404766677237375
404766677281208
404766677322250
404766677361708
404766677402125
404766677441791
404766677482208
404766677522250
404766677568583
404766677608000
404766677651000
404766677694375
404766677725541
404766677748750
404766677773333
404766677796750
404766677820333
404766677843791
404766677867125
404766677890708
404766677914083
404766677937708
404766677961125
404766677986291
404766678015166
404766678039041
404766678062833
404766678086666
404766678110291
404766678128791
404766678153250
404766678179958
404766678203875
404766678227541
404766678252125
404766678275458
404766678299250
404766678322750
404766678346125
404766678369416
404766678392875
404766678416583
404766678440041
404766678463375
404766678487000
404766678510708
404766678536083
404766678559750
404766678583333
404766678606958
404766678630583
404766678654125
404766678678000
404766711745583
404766711786750
404766711814166
404766711862458
404766711891583
404766711938958
404766711979166
404766712019708
404766712059166
404766712099583
404766712133541
404766712185333
404766712225250
404766712266000
404766712297958
404766712344208
404766712383666
404766712424083
404766712464000
404766712503041
404766712542166
404766712582416
404766712625083
404766712665000
404766712705208
404766712753416
404766712793333
404766712833416
404766712873041
404766712919375
404766712959125
404766712994083
404766713044666
404766713079333
404766713122458
404766713162666
404766713202000
404766713248166
404766713281166
404766713326708
404766713366208
404766713416500
404766713455708
404766713495083
404766713540916
404766713574333
404766713619125
404766713653375
404766713676916
404766713700250
404766713723666
404766713747625
404766713770958
404766713804250
404766713827625
404766713850250
404766713876125
404766713900208
404766713923750
404766713947875
404766713971500
404766713995041
404766714018125
404766714041750
404766714065333
404766714088625
404766714114000
404766714135250
404766714160791
404766714184166
404766714207458
404766714235458
404766714258916
404766714278458
404766714306916
404766714330750
404766714354708
404766714379541
404766745528625
404766745593791
404766745608416
404766745637458
404766745683916
404766745723541
404766745763291
404766745804083
404766745844166
404766745884375
404766745924375
404766745971291
404766746014833
404766746055166
404766746095041
404766746128166
404766746173916
404766746213541
404766746253416
404766746279666
404766746328666
404766746369291
404766746411750
404766746451166
404766746490625
404766746535875
404766746575625
404766746616583
404766746655958
404766746696125
404766746735541
404766746776750
404766746816791
404766746859833
404766746899625
404766751229375
404766751283666
404766751299958
404766751345000
404766751385666
404766751425583
404766751465416
404766751506000
404766751545916
404766751585583
404766751625375
404766751672541
404766751712333
404766751752416
404766751795125
404766751827375
404766751873375
404766751913166
404766751953541
404766751993208
404766752041625
404766752081250
404766752127083
404766752166666
404766752206625
404766752247458
404766752287250
404766752328333
404766752367208
404766757165750
404766757199041
404766757244625
404766757284166
404766757324125
404766757363416
404766757404083
404766757443458
404766757483125
404766757522791
404766757563500
404766760052375
404766760097416
404766760138375
404766760178000
404766760217958
404766760258625
404766760298500
404766760338750
404766761711875
404766761755708
404766761799791
404766761832833
404766761878250
404766761911125
404766761956375
404766761988958
404766762034041
404766762067250
404766764406375
404766764439750
404766764483666
404766764523583
404766764563083
404766764602958
404766764637791
404766764684166
404766764724583
404766764764000
404766764812583
404766764843416
404766764892708
404766764932583
404766764973000
404766765012583
404766765053250
404766765093708
404766765134666
404766765168375
404766765219166
404766765258916
404766765302708
404766765343250
404766765384916
404766765431166
404766765471083
404766765510541
404766765553125
404766765592333
404766765639250
404766765675416
404766765717958
404766765764666
404766765800625
404766765845000
404766765884583
404766765919833
404766765969250
404766765999000
404766766042166
404766766081500
404766766121041
404766766160291
404766766210833
404766766250083
404766766289750
404766766336708
404766766370958
404766766415083
404766766454333
404766766493666
404766766533708
404766766567416
404766766611416
404766766653958
404766766693208
404766766732208
404766766771375
404766766810208
404766766849791
404766766889125
404766766919583
404766766963750
404766767002625
404766767041625
404766767092166
404766767132000
404766767178416
404766767226625
404766767267708
404766767306833
404766767385166
404766778625250
404766778659916
404766778703000
404766778743208
404766778783500
404766778824208
404766778863708
404766778903625
404766778943666
404766778984208
404766779023416
404766779067666
404766779107208
404766779148166
404766779187958
404766779228208
404766779267833
404766779311375
404766779351166
404766779391000
404766779430500
404766779471416
404766779513916
404766779554500
404766779594000
404766779641250
404766779680458
404766779721333
404766779760916
404766779823375
404766779863666
404766779903833
404766779943375
404766779996750
404766780036375
404766780076125
404766780116416
404766780166791
404766780213125
404766780252416
404766780291958
404766780332083
404766780371541
404766780420750
404766780460208
404766780495583
404766780539083
404766780580041
404766780621875
404766780671250
404766780711250
404766780759291
404766780799125
404766780845708
404766780878916
404766780932166
404766780971041
404766781016041
404766781055375
404766781094291
404766781845083
404766781886125
404766781925041
404766781965375
404766781999000
404766782046041
404766782084916
404766782124083
404766782163666
404766782203666
404766782243125
404766782287583
404766782327625
404766782368625
404766782408708
404766782456708
404766782495875
404766782538416
404766782578041
404766782615916
404766782659291
404766782699208
404766782742250
404766782782083
404766782816625
404766782875333
404766782914750
404766782954125
404766782993666
404766783033500
404766783072791
404766783113000
404766783152041
404766783202500
404766783248708
404766783289166
404766783328833
404766783368625
404766783408041
404766783454500
404766783489625
404766783533500
404766789595708
404766789635791
404766789675583
404766789716000
404766789756125
404766789796083
404766789836958
404766789876708
404766789915875
404766789962250
404766790002250
404766790055208
404766790094708
404766790134541
404766790174458
404766790216125
404766790255541
404766790302541
404766790341875
404766790381916
404766790421250
404766790462791
404766790505583
404766790534000
404766790581875
404766790621500
404766790662208
404766790701458
404766790743375
404766790782791
404766790834208
404766790874583
404766790922833
404766790966083
404766791007041
404766791046666
404766791093083
404766791132500
404766791180000
404766791225458
404766791269166
404766791297791
404766791342416
404766791381791
404766792190625
404766792233166
404766792273416
404766792314583
404766792353833
404766792393291
404766792432625
404766792472333
404766792511416
404766792551583
404766849389208
404766849435791
404766849451625
404766849500500
404766849542666
404766849576583
404766849623000
404766849662791
404766849703458
404766849750625
404766849791625
404766851289500
404766851324625
404766851371125
404766851411916
404766851451625
404766851491875
404766851532333
404766851572625
404766851613250
404766851652458
404766851692333
404766851737125
404766851777833
404766851817541
404766851858125
404766853388500
404766853419208
404766853467333
404766853500500
404766853545708
404766853586041
404766853620458
404766853664541
404766853704708
404766853738500
404766859829458
404766859854333
404766859903541
404766859937083
404766859982625
404766860023166
404766860062916
404766860102875
404766860143000
404766860182500
404766860222708
404766860267166
404766860307750
404766860347625
404766860387875
404766860428125
404766860467750
404766860507958
404766860547541
404766860587250
404766860627458
404766860667625
404766860709958
404766860749333
404766860789666
404766860828333
404766860867625
404766860906875
404766860946208
404766860985833
404766861019541
404766861065291
404766861105666
404766861147916
404766861188000
404766861227541
404766861268791
404766861308875
404766861355500
404766861390041
404766861447500
404766861484291
404766861524041
404766861566458
404766861590375
404766861638291
404766861681125
404766861713833
404766861760875
404766861791666
404766861835583
404766861867916
404766861912291
404766861953375
404766861986833
404766862037416
404766862078041
404766862124500
404766969833250
404766969937250
404766969956125
404766969972375
404766969988166
404766970028708
404766970063208
404766970109666
404766970149250
404766970190375
404766970230250
404766970280250
404766970320750
404766970356500
404766970401125
404766970442291
404766970476333
404766970523166
404766970563791
404766970603833
404766970644000
404766970683666
404766970737125
404767019169916
404767019263958
404767019281583
404767019296791
404767019310750
404767019357541
404767019399875
404767019433166
404767019478791
404767019519541
404767019559791
404767019607125
404767019647125
404767019687791
404767019727791
404767019761833
404767019807125
404767019847916
404767019888458
404767019925041
404767019970083
404767020010333
404767020070041
404767020109625
404767020149416
404767020189416
404767020230041
404767020270083
404767020310625
404767020349833
404767108343708
404767110331291
404767110370041
404767110415166
404767110448166
404767110493041
404767110527791
404767110571875
404767110606625
404767110652000
404767110691375
404767110731708
404767110776125
404767110817416
404767110857208
404767110896708
404767110936875
404767110976666
404767111011125
404767111056500
404767111097083
404767111137041
404767111188166
404767111232166
404767111271583
404767111311833
404767111352125
404767111392500
404767111432208
404767111472416
404767111511791
404767111551750
404767111590500
404767111643291
404767111687125
404767111726666
404767111766333
404767111808083
404767111848833
404767111888708
404767111936583
404767111967750
404767112010958
404767112050708
404767112084791
404767112138708
404767112177500
404767112218541
404767112259833
404767112294583
404767112338083
404767112373208
404767112416958
404767112457875
404767112498125
404767112538291
404767112582583
404767112622458
404767112662333
404767112702208
404767112742458
404767112783083
404767112824208
404767112858791
404767426129833
404767458085541
404767458167458
404767592197666
404767711119875
404770192616375
404770907605625
404771931511291
404772751155500
404773472918916
404773481738958
404773481779416
404773481796125
404773481843875
404773481875375
404773481917875
404773481950083
404773481992791
404773482025583
404773482068791
404775516396250
404775924691833
404775924810791
404776030415083
404776540027916
404776705394083
404776848973583
404777156594125
404778484867166
404778484976083
404778484994458
404778485008375
404778485025250
404778485038833
404778485081041
404778485112875
404778485155458
404778485184041
404778485229916
404778485278916
404778485310958
404778485354250
404778485386041
404778485428666
404778485467416
404778485499541
404778485542916
404778485581416
404778507356291
404778507392291
404778507429625
404778507463083
404778507506041
404778507545916
404778507578875
404779714166666
404780064828083
404781489934291
404781490048666
404781490068125
404781490083208
404781490099208
404781490128583
404781490173208
404781490207583
404781490251083
404781490292083
404781490332333
404781490382833
404781490424791
404781490466833
404781490506958
404781490547916
404781490588708
404781490629000
404781490669291
404781490709833
404781490750333
404781490789916
404781490833208
404781490875291
404781490915708
404781490969625
404781491006875
404781491028333
404781491076625
404781491117125
404781491157041
404781491203250
404781491242916
404781491287041
404781491326833
404781491373750
404781491413833
404781491453875
404781491480541
404781491529291
404781491569291
404781491608375
404781491654625
404781491694291
404781491740958
404781491780708
404781491847625
404781491887166
404781491935208
404781491972458
404781492005916
404781492029583
404781492053083
404781492071708
404781492107625
404781492131166
404781492154750
404781492180375
404781492204083
404781492227583
404781492251125
404781492282375
404781492318625
404781492342333
404781492366125
404781492389541
404781492419541
404781492438666
404781492468583
404781492497250
404781492523791
404781492542791
404781492569166
404781492592791
404781492617083
404781492640708
404781492664208
404781492683708
404781492711291
404781492734875
404781492761000
404781492784375
404781492808583
404781492828083
404781492855958
404781492874916
404781492901833
404781492925458
404781492948791
404781492971708
404781493003291
404781493028458
404781493052458
404781493076625
404781493164333
404781493187250
404781493199333
404781493229791
404781493253958
404781493272458
404781493299750
404781493319291
404781493346666
404781493364958
404781493397208
404781493425541
404781493449333
404781493473208
404781493496625
404781493529791
404781493554291
404781493566083
404781493588541
404781493602833
404781493632083
404781493653625
404781493680958
404781493706958
404781493726041
404781493752875
404781493776833
404781493800291
404781493819500
404781493846708
404781493869166
404781493894958
404781500603500
404781500625958
404781500653416
404781500678208
404781500702083
404781500721750
404781500750166
404781500774458
404781500798000
404781500822250
404781500845916
404781500873875
404781500899875
404781500928083
404781500952208
404781500976625
404781501000041
404781501023833
404781501047500
404781501072166
404781501095583
404781501120000
404781507097125
404781507139708
404781507180583
404781507220750
404781507260541
404781507301041
404781507340583
404781507380958
404781507420458
404781507456041
404781507499666
404781507551125
404781507590500
404781507631375
404781507671000
404781507710875
404781507752208
404781537385958
404781537425125
404781537474166
404781537514750
404781537555208
404781537596041
404781537636916
404781537676458
404781537716541
404781537756083
404781537796375
404781537835708
404781537880416
404781537920500
404781537960625
404781537994416
404781538040291
404781538081416
404781538121583
404781538168500
404781538215166
404781583513333
404781583573916
404781583590333
404781583634750
404781583669625
404781583715791
404781583755750
404781583796708
404781583836375
404781583877166
404781583916833
404781583958250
404781584003416
404781584044375
404781584084958
404781584124333
404781584164458
404781584204791
404781584248416
404781584280708
404781584326375
404781584366708
404781584408041
404781584452000
404781591891583
404781591918750
404781591966083
404781592014375
404781592054958
404781592094458
404781592134250
404781592174291
404781592214791
404781592254750
404781592295333
404781592334875
404781592375000
404781592414666
404781592460458
404781592500666
404781592540375
404781592580208
404781592620750
404781592660791
404781592700583
404781592739791
404781592780250
404781592814083
404781592860083
404781592904208
404781592945875
404781592985083
404781593030791
404781593070500
404781965888458
404781965997291
404781966014583
404781966028500
404781966043250
404781966072541
404781966119083
404781966160666
404781966217250
404782025036958
404782039940500
404782039991333
404782040007166
404782040053375
404782040088541
404782479121375
404782479238333
404782479256541
404782479271916
404782479287250
404782479302333
404782479348375
404782479383750
404782479429916
404782479464541
404782479510666
404782991476666
404782991595041
404782991616416
404783503925666
404784321397000
404784939851166
404784939965208
404784939984458
404784940001791
404784940016291
404784940031333
404785653150250
404785653227666
404785653245625
404785653260750
404785653304250
404785653339375
404785653384958
404785653419291
404785653464583
404785653504666
404785653544333
404785653593500
404785653633291
404785653674125
404785653714208
404785653754541
404785653794625
404785653835333
404785653874666
404785653916666
404785653956666
404785653996166
404785654035500
404785654079125
404785654119666
404785654160500
404785654200666
404785654240583
404785654280041
404785654326666
404785654366666
404785654406833
404785654447125
404785654493875
404785654533958
404785654576416
404785654608666
404785654653708
404785654699500
404785654729958
404785654770708
404785654824541
404785654864166
404785654916083
404785654956208
404785654995541
404785655036041
404785655075708
404785655115666
404785655155250
404785655202208
404785655241666
404785655288958
404785655329041
404785655380250
404785655419375
404785655466666
404785655505791
404785655546416
404785655586291
404785655637416
404785655682500
404785655730291
404785655769416
404785655821583
404785655876375
404785655924500
404785655964458
404785656004500
404785656043916
404785656083750
404785656123291
404785656174791
404785656214458
404785656258791
404785656293958
404785656342958
404785656382833
404785656423875
404785656450666
404785656500333
404785656539916
404785656579291
404785656621458
404785656653958
404785656684875
404785656712250
404785656736791
404785656760416
404785656783875
404785656807291
404785656829916
404785656852750
404785656876375
404785656897500
404785656923583
404785656947083
404785656972208
404785656998041
404785657028833
404785657051958
404785657077333
404785657100666
404785657131166
404785657150833
404785657176416
404785657200166
404785657223833
404785657254833
404785657280958
404785657306791
404785657334000
404785657357166
404785657381125
404785657404583
404785657442291
404785657471500
404785657490250
404785657516625
404785657540250
404785657560333
404785657621708
404785657641250
404785657667125
404785657690875
404785657722708
404785657746541
404785657770166
404785657788958
404785657824625
404785657847708
404785657871666
404785657895416
404785657918541
404785657944083
404785657970541
404785657991083
404785658018625
404785658042291
404785658065875
404785658089458
404785658117000
404785658140541
404785658164125
404785658183833
404785658208333
404785658238708
404785658263916
404785658288208
404785658311375
404785658342250
404785658368291
404785658395291
404785658419083
404785658442666
404785658473041
404785658497333
404785658520583
404785658551541
404785658577250
404785658601958
404785658623208
404785658645666
404785658666041
404785658686333
404785658706666
404785658726875
404785658747333
404785658763583
404785658789041
404785658809541
404785658829833
404785658850000
404785658870250
404785658897083
404785658913625
404785658934958
404785658958416
404785658975083
404785658998291
404785659019916
404785659040750
404785659061125
404785659081458
404785659101750
404785659128541
404785659148750
404785659169291
404785659196625
404785659216791
404785659237166
404785659258750
404785659286666
404785659307041
404785659327333
404785659347750
404785659367875
404785659388166
404785659408625
404785659429000
404785659451000
404785659471375
404785659493666
404785659514041
404785659534708
404785659554875
404785659575541
404785659595708
404785659627875
404785659648166
404785659668666
404785659688916
404785659716291
404785659736500
404785659759125
404785659779208
404785659806166
404785659826291
404785659847541
404785659867708
404785659891458
404785659911875
404785659932416
404785659952666
404785659973708
404785659999708
404785660020125
404785660046958
404785660067166
404785660091125
404785660111500
404785660131916
404785660148333
404785660172791
404785660192958
404785660213125
404785660233166
404785660254541
404785660274666
404785660295208
404785660317125
404785660446541
404785660467416
404785660483666
404785660507250
404785660523500
404785660546041
404785660566958
404785660582875
404785660606791
404785660627333
404785660643416
404785660668708
404785660689291
404785660705166
404785660734458
404785660758458
404785660778958
404785660799250
404785660821916
404785660841958
404785660862416
404785660882708
404785660900583
404785660917708
404785660940583
404785660960958
404785660981250
404785660996750
404785661019916
404785661042375
404785661062541
404785661078958
404785661106375
404785661126666
404785661146750
404785661167166
404785661187458
404785661203375
404785661226125
404785661246291
404785661260208
404785661283291
404785661303666
404785661324166
404785661344458
404785661364500
404785661380458
404785661404458
404785661420250
404785661443375
404785661463750
404785661483916
404785661499875
404785661523083
404785661544333
404785661561041
404785661584083
404785661604416
404785661620166
404785661643125
404785661663458
404785661683916
404785661704333
404785661724458
404785661740416
404785661765125
404785661785583
404785661801333
404785661824666
404785661845000
404785661865208
404785661880708
404785661903416
404785661925291
404785661945500
404785661971583
404785661992000
404785662043333
404785752791125
404785752840375
404785752856000
404785752904583
404785752945500
404785752977625
404785753022291
404785753055458
404785753100166
404785753132333
404785753176708
404785753223416
404785753264791
404785753304750
404785753344458
404785753384291
404785753424000
404785763989791
404785764014166
404785764061625
404785764101625
404785764141958
404785764183958
404785764214791
404785764259583
404785768217583
404785768250583
404785768295833
404785768335458
404785768374750
404785768415291
404785768454875
404785768494000
404785768533458
404785768572750
404785768612000
404785768654416
404785768693708
404785768733958
404785768774000
404785768814416
404785768849791
404785768894833
404785768934500
404785768968791
404785769013166
404785769053541
404785769097041
404785769136458
404785769166458
404785769211791
404785769250375
404785769289875
404785769329500
404785769368833
404785769409291
404785769448916
404785769488416
404785769531458
404785769571458
404785769610375
404785769649875
404785769689291
404785769728000
404785769762625
404785769807875
404785769854416
404785769879958
404785769925166
404785769967541
404785770014375
404785770055750
404785770103541
404785770123500
404785770150250
404785770173875
404785770197000
404785770216333
404785770244166
404785770267375
404785770293458
404785770313250
404785770341000
404785770360250
404785770386583
404785770416916
404785770440250
404785770463666
404785770486875
404785770505916
404785770532791
404785770558291
404785770581708
404785770604750
404785770628291
404785770653875
404785770677583
404785770701125
404785770724375
404785770757833
404785770781333
404785773184250
404785773217041
404785773246541
404785773275625
404785773298125
404785773330458
404785773359458
404786166693666
404786166809750
404786166829166
404786166843583
404786166859416
404786166874291
404786166920333
404786166956041
404786167001000
404786167041750
404786167077583
404786167133541
404786167174791
404786167214333
404786167254708
404786167294958
404786167335000
404786167374666
404786167414416
404786167455000
404786167488833
404786167534708
404786167578375
404786167619916
404786167660416
404786167700875
404786167740958
404786167780666
404786167820125
404786167859416
404786167899208
404786167939375
404786167978500
404786168022916
404786168062041
404786168101833
404786168141541
404786168181208
404786168223500
404786168262208
404786168310833
404786168356958
404786168389708
404786168428500
404786168469291
404786168509583
404786168549625
404786168588833
404786168630000
404786168669916
404786168710958
404786168757333
404786168793791
404786168826000
404786168869833
404786168917750
404786168958541
404786168998500
404786169038791
404786169086291
404786169126250
404786169166500
404786169206000
404786169246583
404786169286166
404786169326208
404786169378000
404786169417875
404786169478333
404786169515500
404786169558500
404786169598583
404786169637333
404786169677916
404786169717708
404786169757583
404786169797625
404786778936583
404787191794416
404787499911833
404787500025500
404787500044083
404787500060291
404787500076791
404787500092333
404787500136000
404787500188333
404787500228541
404787500263000
404787500308208
404787500355666
404788008287041
404789651792083
404789654276625
404790159622541
404790159743500
404790159762958
404790159776750
404790159791125
404790159803708
404790159832916
404790159876583
404790159909375
404790159952791
404790159994250
404790160038291
404790160071875
404790160115166
404790160154083
404790160185916
404790160229500
404790160268041
404790160306750
404790160338250
404790160381625
404790160413375
404790160460166
404790160490958
404790160533916
404790160565166
404790160608625
404790160647250
404790160686125
404790160724791
404790160763500
404790160790666
404790160834333
404790160876041
404790160915041
404790160952750
404790160996333
404790161033250
404790161071458
404790161102333
404790161146083
404790161165250
404790161191958
404790161210375
404790161241291
404790161257125
404790161283541
404790161303625
404790686877333
404790686984166
404790687002708
404790687016375
404790687030541
404790687045208
404790687090958
404790687123916
404790771212250
404791182066916
404791595698791
404792616610250
404792616723375
404792616743333
404792616757458
404792616773416
404793333255750
404793333365625
404793333384958
404793333400833
404793333416750
404793333431375
404793333470500
404793333501375
404793333544000
404793468731875
404793623216250
404793746986125
404794665892708
404794665990708
404794666010041
404794666025625
404794666040625
404794666082083
404794666123000
404794666175708
404794688966250
404795027759500
404795027878333
404795037506916
404795037545333
404795037584458
404795037618583
404795037663375
404795037699083
404795037742875
404795037774708
404795037820416
404795037852541
404795037907708
404795037953250
404795037994541
404795038028875
404795038074583
404795038114666
404795038161500
404795038201000
404795038241333
404795038280833
404795038320500
404795038359916
404795038404666
404795038444583
404795038490875
404795038532500
404795038572833
404795038612916
404795038652708
404795038691666
404795038731750
404795038770791
404795038813916
404795038857250
404795057733583
404795058605250
404795078140583
404795078167958
404795078214375
404795078255583
404795078290291
404795078335541
404795078370083
404795078415708
404795078454541
404795078495041
404795078530083
404795078583083
404795078617083
404795078657250
404795078697958
404795078732333
404795078777500
404795078816666
404795078863708
404795078903541
404795078956583
404795078989833
404795079039875
404795079079708
404795079118583
404795079157625
404795079196833
404795079235791
404795079276041
404795079315458
404795086937375
404795086971791
404795116960625
404795117001583
404795117030875
404795125995541
404795126038708
404795126078666
404795126118291
404795126157750
404795126197583
404795126239166
404795126279625
404795127702333
404795127743291
404795127783791
404795127829875
404795127871958
404795127904500
404795127950875
404795127990083
404795128030208
404795128070750
404795128111375
404795128155750
404795128198083
404795128247291
404795162967375
404795162997458
404795163040875
404795163082250
404795163122708
404795163162291
404795163202416
404795163241583
404795163280875
404795163321041
404795163355958
404795163406166
404795163445958
404795191152791
404795191187666
404795191231000
404795191270708
404795191310708
404795191350125
404795191390541
404795324940125
404795325025125
404795325042541
404795325058000
404795325085208
404795325137208
404795325177750
404795325197625
404795325245583
404795325275291
404795325321583
404795325369416
404795325409625
404795325442916
404795325488541
404795325527541
404795325567666
404795325606791
404795325646875
404795325687375
404795325728583
404795325768708
404795325813000
404795325855500
404795325888541
404795325934083
404795325972916
404795326012166
404795326050958
404795331170125
404795331214541
404795361972500
404795362023166
404795362039500
404795362083666
404795362117291
404795362162708
404795362202791
404795362237000
404795362281416
404795362322708
404795362361541
404795362406833
404795362446333
404795362487083
404795362526708
404795362566833
404795362606375
404795362652750
404795362692916
404795362739958
404795362779500
404795362820291
404795362862708
404795362902875
404795362941958
404795362988833
404795363028083
404795363070333
404795363103125
404795363149000
404795363188375
404795363235750
404795363261583
404795363314458
404795363355625
404795363394916
404795363435166
404795363474000
404795363514333
404795363553208
404795363601416
404795363640666
404795363684291
404795363724125
404795363774750
404795363815208
404795363855625
404795363895125
404795363947875
404795363986958
404795364027250
404795364066416
404795364113041
404795364151666
404795364198458
404795364242041
404795364288875
404795364328333
404795364368750
404795364407833
404795364459875
404795364498958
404795364538000
404795364577208
404795364612625
404795364655958
404795364698791
404795364738375
404795364777791
404795364817000
404795364856541
404795364895750
404795364947833
404795364986916
404795365033500
404795365072916
404795365121208
404795365161916
404795365201708
404795365225333
404795365249250
404795365272541
404795365295833
404795365318875
404795365343083
404795365366166
404795365390208
404795365413791
404795365437583
404795365462791
404795365486791
404795365510208
404795365534166
404795365557416
404795365580791
404795365604291
404795365634583
404795365658083
404795365681833
404795365704958
404795365738166
404795365761625
404795365785125
404795365808666
404795365832125
404795365850291
404795365878208
404795365901458
404795365925250
404795365948041
404795365971375
404795365996750
404795366041166
404795366063125
404795366082083
404795366110458
404795366125916
404795366152750
404795366239875
404795366255458
404795366284208
404795366303791
404795366330416
404795366354333
404795366373000
404795366399750
404795366423250
404795366446833
404795366465583
404795366495250
404795366518750
404795366542291
404795366565916
404795366589416
404795366613083
404795366636458
404795366660333
404795366683791
404795366707000
404795366730458
404795366754750
404795366778375
404795366802083
404795366825750
404795366854125
404795501517791
404795501634375
404795501652500
404795501666958
404795501685333
404795501703208
404795501717666
404795501764458
404795501796833
404795501839458
404795501884208
404795501934250
404795501965500
404795502008791
404795502042666
404795502086208
404795502125458
404795502164000
404795502203000
404795502234958
404795509124666
404795509154541
404795509194666
404795509235875
404795509268833
404795509313125
404795509345375
404795509387916
404795509418708
404795509461958
404795509494750
404795509543750
404795509582666
404795509621583
404795509660500
404795509699458
404795509740375
404795509772083
404795509815250
404795509862666
404795509896291
404795509935791
404795509975125
404795510014083
404795510053125
404795510091708
404795510130166
404795510155791
404795510201291
404795510240416
404795510272458
404795510316583
404795510355541
404795510396916
404795510429000
404795510471666
404795510503875
404795510547375
404795510586000
404795510611375
404795510659458
404795510685791
404795510731458
404795510766458
404795510801583
404795510848833
404795510888750
404795510927291
404795510966291
404795510997833
404795511048791
404795511087875
404795511176416
404795511216708
404795511245375
404795511287958
404795511326500
404795511357541
404795511409250
404795511448458
404795511487000
404795511525375
404795511564250
404795511605666
404795511644375
404795511682833
404795511721166
404795511755916
404795511798208
404795511833000
404795511856208
404795511874250
404795511901333
404795511919416
404795511948041
404795511965291
404795511988708
404795512010083
404795513058416
404795513079708
404795513106250
404795513121833
404795513152708
404795513174291
404795513199625
404795513213916
404795513240708
404795513260125
404795513285750
404795513311583
404795513329916
404795513355500
404795513374458
404795513397083
404795513414166
404795513439625
404795513456500
404795513482541
404795513500833
404795513522958
404795513550375
404795513568916
404795513596000
404795513614041
404795513641291
404795513659166
404795513685125
404795531679541
404796303221916
404796303305041
404796303324583
404796303341250
404796303356958
404796303398416
404796303430166
404796303473375
404796303505666
404796318020000
404796318064000
404797019172125
404797019290375
404797019310583
404797019327250
404797019342125
404797019356583
404797224103000
404797224195250
404797290330375
404797397638291
404798053676083
404798053754000
404798053773541
404798053789416
404798053827750
404798053860583
404798053905916
404798053940083
404798053985666
404800196811041
404801935393416
404801935472958
404801935492166
404801935507958
404801935523000
404801935571708
404802449341500
404802449410583
404802449429333
404802508383083
404802958656083
404803367719958
404804804392583
404805622715500
404805764154000
404806952133916
404806989928916
404807061765375
404807061849125
404807061868041
404807061885791
404807061901291
404807061940958
404807061974041
404807062016250
404807062047333
404807062090625
404807062123541
404807062174750
404807062208416
404807062253291
404807062284916
404807062329291
404807062358791
404807062403416
404807062436875
404807062483000
404807062521666
404807062541000
404807062590083
404807062623916
404807062666000
404807062699500
404807062742708
404807062782583
404807062814875
404807062860083
404807062890041
404807062936000
404807062969875
404807063010500
404807063048541
404807063085708
404807063123791
404807063161208
404807063199208
404807063237000
404807063274916
404807063312250
404807063351250
404807063388541
404807063431000
404807063468458
404807063506416
404807063544125
404807063581958
404807063619625
404807264477583
404807264570791
404807264584416
404807264596666
404807264611875
404807264661333
404807264690416
404807264731583
404807264769875
404807264809416
404807264841833
404807264894291
404807264927458
404807264970625
404807265009375
404807265047125
404807265084208
404807265123333
404807265160416
404807265198625
404807265235916
404807265274791
404807265315791
404807265354125
404807265391625
404807265429750
404807265467208
404807265505583
404807265543041
404807265581541
404807265619708
404807265658166
404807265695000
404807265739166
404807265776875
404807265815333
404807265852750
404807265890958
404807265927750
404807265965708
404807266003250
404807266044000
404807266091125
404807266129625
404807266170500
404807266208500
404807266245875
404807266283750
404807266320916
404807266358000
404807266390166
404807266433583
404807266474375
404807266515291
404807266537583
404807266561208
404807266583541
404807266605416
404807266627708
404807266650041
404807266667208
404807266694166
404807266716583
404807266739375
404807266761583
404807266784791
404807266808750
404807266831916
404807266853666
404807266877416
404807266899541
404807266922708
404807266944791
404807266968250
404807266990458
404807267013416
404807267035250
404807267060750
404807267083125
404807267105750
404807267127833
404807267150958
404807267173041
404807267196000
404807267218041
404807267241083
404807267263291
404807267285666
404807267309541
404807267332791
404807267350916
404807267377166
404807267400416
404807267423875
404807267445750
404807267469375
404807267491583
404807267514750
404807267536875
404807267563791
404807267585666
404807267608708
404807267630833
404808213376208
404808304405041
404808354883875
404808354950458
404808354964500
404808354977833
404808355025291
404808355056250
404808355098125
404808355137083
404808355166875
404808355213291
404808770835750
404808786494541
404809618618916
404810592468750
404810592559333
404810592574791
404810680478500
404810680969708
404810681008166
404810681050000
404810681074625
404810681121833
404810681173958
404810681207208
404810681248750
404810681284291
404810681328625
404810681363500
404810681414708
404810681454333
404810681493958
404810681536625
404810681568208
404810681616541
404810681657375
404810681695750
404810681736750
404810681776916
404810681816125
404810681860750
404810681900416
404810681946708
404810682002916
404810685192375
404810685225708
404810685271208
404810685311666
404810685351375
404810685391125
404810685431500
404810685470083
404810685509791
404810685548875
404810685589000
404810685633916
404810685674291
404810685713750
404810685754250
404810685794250
404810685833583
404810685873583
404810685913750
404810685952708
404810685993083
404810686031916
404810686081291
404810686120666
404810686167583
404810686207291
404810686254458
404810686293916
404810686340416
404810686379583
404810686420833
404810686459541
404810686500791
404810686545083
404810686595916
404810686635500
404810686673916
404810686713250
404810686758916
404810686797250
404810686836833
404810686876083
404810686922291
404810686960083
404810687003250
404810687028375
404810687049291
404810687076791
404810687106750
404810687125041
404810687143000
404810687159208
404810687175375
404810687190458
404810687205875
404810687223208
404810687239041
404810687254416
404810687276208
404810687288666
404810687306875
404810687322166
404810687337750
404810687352791
404810687369291
404810687384750
404810687400000
404810687415208
404810687430666
404810687447833
404810687463250
404810687478500
404810687494041
404810687509125
404810687524250
404810687539375
404810687573041
404810687588583
404810687604875
404810687619125
404810687639541
404810687655916
404810687674750
404810687689791
404810687705500
404810687720750
404810687737125
404810687753541
404810687769875
404810687785875
404810687801708
404810687817041
404810687833500
404810687848791
404810687871458
404810687886583
404810687902916
404810687916458
404810687933208
404810687949583
404810687964875
404810687980916
404810687995916
404810688020291
404810688032916
404810688050291
404810688064958
404810688082958
404810688104083
404810688120666
404810688135875
404810688152166
404810688167208
404810688183541
404810688199875
404810688221750
404810688233250
404810688260041
404810688283958
404810688306291
404810688331750
404810688355083
404810688379000
404810688401666
404810688432541
404810688455083
404810688478333
404810688499958
404810688528750
404810688557166
404810688580375
404810688613125
404810688640166
404810688663541
404810688686125
404810688708708
404810688742041
404810688765333
404810688789166
404810688811666
404810688835541
404810688867500
404810688879041
404810688906708
404810688931333
404810688952625
404810688977041
404810689000333
404810689020166
404810689040291
404810689059708
404810689080208
404810689099750
404810689128416
404810689147208
404810689172625
404810689194166
404810689214583
404810689235625
404810689256791
404810689275208
404810689302625
404810689322500
404810689343791
404810689362875
404810689384083
404810689403291
404810689430333
404810689450000
404810689471291
404810689491000
404810689510458
404810689530166
404810689557000
404810689578750
404810689597833
404810689616916
404810689636541
404810689656458
404810689675958
404810689699166
404810689719208
404810689738541
404810689758666
404810689781041
404810689801958
404810689821125
404810689840916
404810689860375
404810689879500
404810689898833
404810689920375
404810689939666
404810689960291
404810689979708
404810690007708
404810690027458
404810690048333
404810690067666
404810690094833
404810690114291
404810690135041
404810690156583
404810690177166
404810690196375
404810690217208
404810690232833
404810690257125
404810690276666
404810690296875
404810690316291
404810690336375
404810690357208
404810690380958
404810690401541
404810690426458
404810690446708
404810690504416
404810690527166
404810690546791
404810690567333
404810690597541
404810690617166
404810690637041
404810690656208
404810690684000
404810690700458
404810690726458
404810690748166
404810690766625
404810690789291
404810690805916
404810690828666
404810690845625
404810690865583
404810690888166
404810690913250
404810690932166
404810690953416
404810690976500
404810690995916
404810691024583
404810691045583
404810691060750
404810691084208
404810691103791
404810691123791
404810691143166
404810691163666
404810691183916
404810691205708
404810691225250
404810691259000
404810691279416
404810691305083
404810691325458
404810691344875
404810691364750
404810691384375
404810691403833
404810691423041
404810691442625
404810691462541
404810691483708
404810691503291
404810691519458
404810691542208
404810691561708
404810691581166
404810691600333
404810691616791
404810691639458
404810691659208
404810691678958
404810691700416
404810691720125
404810691739833
404810691759291
404810691778791
404810691798458
404810691817916
404810691834208
404810691855583
404810691874916
404810691894291
404810691924250
404810691943541
404810691962791
404810691982333
404810692001833
404810692021125
404810692048291
404810692069500
404810692084416
404810692107416
404810692125333
404810692148750
404810692168625
404810692188416
404810692207916
404810692227666
404810692247416
404810692267166
404810692286791
404810692306250
404810692322416
404810692345250
404810692366875
404810692386500
404810692406125
404810692425750
404810692445125
404810692464666
404810692484333
404810692503750
404810692523416
404810692542791
404810692562083
404810692583458
404810692603125
404810692619375
404810692644000
404810692663083
404810692682833
404810692702250
404810692721541
404810692741083
404810692760291
404810692779708
404810692800750
404810692820708
404810692840208
404810692859708
404810692879791
404810692902708
404810692922583
404810692942083
404810692961666
404810692981041
404810693000375
404810693020083
404810693041041
404810693061041
404810693080750
404810693100083
404810693115208
404810693134875
404810693179791
404810693186000
404810693204625
404810693227541
404810693247375
404810693269041
404810693289333
404810693319750
404810693342125
404810693389750
404810693410250
404810693429583
404810693448916
404810693468375
404810693488250
404810693507500
404810693527250
404810693546708
404810693566250
404810693581833
404810693606958
404810693626666
404810693646708
404810693666583
404810693686541
404810693710875
404810693732625
404810693751958
404810693771583
404810693790875
404810693805666
404810693830375
404810693849958
404810693869625
404810693888416
404810693908500
404810693928000
404810693947791
404810693984125
404810694010000
404810694029291
404810694049166
404810694064875
404810694087833
404810694107458
404810694127000
404810703939083
404810703976333
404810703981125
404810704594083
404810756485416
404811419979625
404811867661125
404812996236041
404816372401958
404816889238291
404816889337416
404816889354875
404816889366583
404816889383625
404816889412000
404816889455208
404816889494041
404816889524833
404816889567666
404816889600250
404816889653041
404816889692750
404816889731125
404816889768916
404816889806375
404816889847250
404816889885458
404816889922125
404816889960458
404816889997500
404816890035708
404816890078500
404816890116083
404817602152083
404819039152416
404819039208250
404819445771958
404819956764791
404820470707583
404820470814708
404820470831708
404820470843750
404820470856791
404820470893458
404820470924625
404820470967333
404820471008083
404820471039000
404820471082125
404820471135500
404820471174125
404820471211875
404820471249041
404820471286208
404820471323916
404820471362000
404820471425250
404820471464500
404820471501541
404820471540000
404820471577625
404820471615291
404820471652166
404820471689416
404820471714958
404820471760625
404820471799416
404820471841416
404820471880708
404820471917875
404820471955750
404820471992458
404820472036625
404820472073458
404820472112375
404820472149208
404820472187041
404820472223916
404820472265916
404820472303166
404820472341500
404820472385291
404820472420250
404820472461625
404820472500208
404820472538166
404820472575291
404820472612583
404820472650708
404820472692166
404820472730250
404820472767500
404820472805083
404820472842791
404820472880083
404820472917208
404820472961958
404820472999083
404820473039875
404820473076750
404820473114083
404820473136041
404820473158208
404820473179833
404820473202416
404820473224458
404820473246291
404820473268166
404820473290250
404820473311875
404820473333791
404820473359750
404820473382375
404820473404541
404820473428166
404820473449875
404820473484375
404820473506083
404820473524166
404820473549083
404820473572250
404820473594250
404820473618333
404820473637083
404820473659541
404820473680875
404820473702083
404820473729458
404820473751708
404820473773625
404820473796375
404820473820375
404820473842416
404820473867125
404820473888958
404820473911541
404820473933583
404820473955583
404820473977208
404820473996625
404820474021833
404820474043375
404820474066333
404820474088208
404820474111916
404820474134375
404820474156333
404820474178375
404820474200375
404820474223166
404820474244916
404820474268250
404820474369625
404820474386125
404820474411708
404820474434333
404820474456083
404820474478250
404820474500166
404820474522666
404820474545208
404820474567166
404820474588708
404820474614166
404820474636083
404820474658750
404820474680416
404820474702208
404820474725250
404820474747041
404820474768833
404820474796083
404820474818000
404820474839875
404820474861916
404820474884625
404820474901833
404820474929083
404820474951041
404820474969541
404820474994625
404820475017750
404820475041958
404820475060541
404820475084000
404820475102833
404820475122791
404820475141791
404820475160791
404820475180208
404820475195708
404820475219583
404820475241208
404820475260333
404820475279166
404820475298750
404820475317625
404820475337125
404820475356166
404820475375291
404820475389416
404820475412791
404820475431250
404820475461750
404820475480666
404820475499250
404820475518083
404820475538291
404820634840791
404820634933083
404820634949875
404820634963125
404820634976250
404820635017375
404820635056958
404820635095416
404820635128458
404820635171416
404820635210875
404820635256041
404820635294291
404820635331750
404820635370250
404820635407166
404820635445125
404820635482625
404820635516875
404820635558291
404820635596333
404820635634208
404820635676625
404820635713875
404820635747166
404820635790458
404820635827625
404820635864500
404820635902583
404820635939750
404820635982625
404820636019541
404820636064125
404820636105041
404820636143250
404820636180708
404820636219208
404820636256083
404820636300833
404820636337750
404820636386291
404820636428708
404820636465500
404820636497083
404820636542750
404820636580333
404820636617166
404820636655791
404820636692833
404820636731708
404820636769083
404820636807250
404820636844208
404820636889500
404820636926458
404820636967583
404820637002833
404820637047333
404820637084166
404820637121250
404820637157625
404820637194625
404820637231625
404820637269333
404820637306791
404820637344625
404820637386041
404820637423583
404820637460416
404820637498458
404820637535125
404820637572875
404820637610166
404820637648208
404820637685125
404820637722750
404820637759333
404820637800125
404820637837333
404820637874208
404820637911375
404820637948208
404820637985625
404820638022875
404820638060000
404820638097375
404820638134291
404820638171416
404820638212500
404820638250375
404820638287333
404820638324250
404820638361541
404820638402833
404820638439625
404820638472875
404820638495833
404820638517458
404820638539250
404820638562708
404820638584208
404820638606125
404820638627916
404820638650791
404820638667666
404820638692208
404820638713750
404820638735750
404820638758041
404820638779875
404820638806541
404820638828416
404820638851375
404820638873208
404820638895416
404820638917041
404820638938833
404820639025666
404820639050583
404820639072958
404820639095916
404820639113750
404820639139625
404820639161625
404820639184041
404820639205875
404820639230375
404820639252166
404820639276291
404820639298333
404820639321416
404820639343333
404820639366000
404820639387666
404820639409375
404820639431250
404820639453375
404820639474875
404820639507416
404820639531166
404820639553083
404820639574625
404820639596375
404820639618125
404820639644750
404820639667458
404820639694125
404820639716750
404820639733291
404820639758833
404820639780875
404820639806750
404820639829708
404820639851500
404820639873125
404820639895250
404820639917083
404820639939083
404820639961250
404820639983083
404820640000875
404820640021500
404820640048166
404820640070166
404820640093583
404820640116500
404820640138375
404820640168625
404820640190416
404820640212416
404820640234333
404820640255833
404820640277666
404820640300166
404820640322041
404820640344458
404820640367375
404820640390125
404820640414250
404820640433333
404820640451958
404820640470708
404820640489750
404820640509750
404820640524833
404820640557083
404820640576208
404820640594416
404820640613083
404820640633750
404820640653791
404820640666041
404820640690875
404820640713208
404820640727583
404820640750416
404820640769333
404820640788625
404820640807083
404820640825916
404820640842708
404820640864791
404820640883708
404820640903166
404820640921833
404820640941750
404820640960333
404820640988583
404820641007958
404820641026958
404820641046958
404820641066916
404820641092750
404820641112791
404820641131416
404820641149916
404820641170000
404820641188708
404820641207250
404820641239791
404820641258750
404820641277750
404820641298458
404820641318833
404820641338666
404820641357708
404820641376500
404820641395333
404820641413958
404820641432500
404820641451125
404820641477583
404820641492750
404820641515458
404820641538000
404820641556916
404820641580333
404820641602458
404821188723458
404821330288208
404821595331125
404822110360416
404823335621333
404824667044583
404824723027000
404825517333750
404826073561916
404828251449416
404829176612958
404829274677041
404829382603375
404829382682583
404829382696666
404829382709416
404829382751000
404829382781291
404829382825166
404829382858250
404829382901375
404829382941291
404829382973916
404829383026375
404829383065458
404829383104250
404829383141458
404829383178833
404829383215875
404829383261458
404829383298625
404829383335250
404829383365208
404829383408625
404829383452583
404829383490583
404829383528208
404829383565250
404829383613833
404829383651708
404829383697208
404829383734375
404829383781458
404829383820750
404829383858916
404829383900041
404829383944791
404829383983333
404829384021291
404829384058375
404829384116333
404829384147875
404829384184416
404829384221000
404829384258375
404829384298333
404829384339250
404829384379333
404829384411666
404829384452791
404829384489625
404829384527166
404829384564875
404829384610416
404829384647083
404829384685416
404829384724125
404829384780791
404829387062166
404829387094458
404829387137291
404829387176041
404829387213375
404829387251291
404829387288833
404829387326750
404829387359208
404829387402416
404829387440000
404829387488416
404829387525375
404829387563250
404829387600750
404829387647166
404829387679416
404829387733375
404829387768208
404829387809541
404829387846875
404829387899500
404829387941166
404829387973541
404829388016916
404829388054541
404829388091916
404830606050000
404830606151625
404830914147958
404831939098291
404832349081416
404832349179500
404832349195125
404832349208416
404832349226458
404832349274125
404832349312916
404832349350250
404832658687875
404833780620333
404835013733083
404837570554583
404838596686041
404838596803208
404838596822583
404838596837083
404840134713333
404840175765958
404840296381791
404840473929291
404840524123416
404840534459958
404840615890291
404840763377041
404840763486333
404840763505083
404840763518791
404840763532791
404840763547750
404840763589625
404840763623583
404840763664125
404840763695833
404840763738458
404840763785416
404840763818166
404840763860916
404840763900125
404841121882291
404841122001208
404841122021166
404841122037291
404841122053625
404841122066666
404841122091625
404841122133333
404841122167250
404841122209708
404841122240375
404842754625166
404842852433416
404843305159750
404843413128791
404843413228541
404843413240000
404843413248458
404843413256291
404843413263000
404843413271958
404843413278000
404843413284583
404843413291583
404843413306416
404843413334916
404843413352708
404843413371416
404843413395000
404843413411583
404843632893416
404843815621916
404844186107125
404844186213875
404844186232958
404844186248541
404844186264041
404844186277708
404844186321916
404844186344041
404844186391083
404844186423250
404844186465166
404844186512958
404844186552000
404844186584208
404844186627291
404844186666708
404844186699416
404844186743458
404844738118791
404844738238875
404846590526750
404846590612125
404846590644166
404846796417208
404846850102750
404846850154916
404848627462083
404849448874916
404849961104666
404852623711125
404852623825458
404852623845125
404852623860875
404852623877875
404852623893791
404852623921791
404852623958166
404852624002291
404853136249041
404853136366708
404855387700250
404855901512583
404855901624125
404855901643458
404855901659458
404855901677041
404855901694375
404855901725416
404856845600250
404857090729666
404857090848375
404857090867916
404857090883333
404857090898833
404857540600291
404857845174333
404857903287208
404858563325916
404858579092625
404858587798625
404858587840416
404858587873166
404858587915916
404858587949125
404858587990666
404858588021833
404858588063958
404858588096416
404858588139083
404858588170166
404858588220166
404858588250666
404858588293791
404858588324000
404858588367166
404858588397375
404858588439958
404858588473208
404858588515750
404858588548000
404858588592416
404858588634166
404858588655708
404858588702833
404858588733291
404858588776250
404858588806125
404858588849333
404858588882041
404858588925041
404858588963541
404858589001541
404858589042166
404858589079541
404858589099083
404858589144833
404858589175375
404858589223375
404858589245250
404858589292666
404858589351333
404858589397958
404858589429958
404858589478458
404858589509333
404858589552125
404858589584708
404858589627333
404858589660000
404858589702375
404858589734708
404858589777166
404858589809833
404858589851750
404858589893500
404858589925666
404858589968333
404858590000250
404858599410250
404858599442583
404858599484916
404858599518291
404858599561916
404858599601666
404858599631833
404858599675416
404858599707333
404858599750458
404858599789500
404858599831500
404858599864000
404858599906541
404858599945750
404858599977750
404858600020500
404858600059583
404858600091250
404858600133541
404858600166083
404858600209000
404858600250500
404858600283083
404858600326083
404858600358166
404858600401125
404858600440500
404858600471916
404858600514666
404858600547625
404858600589958
404858600622416
404858600669041
404858600707958
404858600747083
404858600786583
404858600819208
404858600863125
404858655058791
404859279115458
404859586040666
404861532505541
404862149420166
404862149539708
404862870513916
404862870640291
404862870662833
404862870677583
404862870694541
404862870708000
404862870722583
404862870767458
404862982734166
404862982803291
404862982820166
404862982836166
404862982875583
404862982906666
404862982950083
404862982981625
404863989412666
404864024146541
404864163173291
404864163278583
404864163298541
404864163313791
404864163331583
404864163345875
404864163385875
404864163418875
404864163460416
404864163493541
404864163535083
404864163583000
404864163616625
404864163659458
404864163699375
404864163731791
404864163775833
404864163806791
404864163850750
404864163881791
404864163926333
404864163957291
404864164005375
404864164038208
404864164082208
404864164112041
404864164156000
404864164188083
404864164232208
404864164271166
404864164310833
404864164349833
404864164389416
404864164430750
404864164470541
404864164509750
404864164543041
404864164586416
404864164625833
404864164664833
404864164704458
404864164757708
404864164796291
404864164816875
404864164863041
404864164908375
404864164937083
404864164964958
404864164982416
404864165007833
404864165026916
404864165051833
404864165076541
404864165093666
404864165118625
404864165142791
404864165166791
404864165183875
404864165211000
404864165229833
404864165257375
404864165274500
404864165302166
404864165319958
404864165345500
404864165362458
404864165390625
404864165409208
404864165436541
404864165453666
404864165480291
404864165497416
404864165524666
404864165542916
404864165570583
404864165588916
404864165616333
404864165640333
404864165664083
404864165682291
404864165709250
404864165727750
404864165755000
404864165773250
404864165799666
404864165818041
404864165845291
404864165863916
404864165893458
404864165910458
404864165937916
404864165956333
404864165983333
404864166000250
404864166027250
404864166045666
404864166071958
404864166090583
404864166117750
404864166141958
404864166161750
404864166187166
404864166211291
404864166228375
404864166255583
404864166272708
404864166300000
404864166318208
404864166344958
404864166363291
404864166394750
404864166413333
404864166440916
404864612066958
404866447097916
404866447207125
404866754246166
404866754354333
404866853889666
404866853964875
404866853984750
404866854000625
404866854046625
404866854080625
404866854121666
404866854154208
404866854196625
404866854229250
404866854272250
404866854303833
404866854351291
404866854384208
404866854426250
404866854465416
404866854496833
404866854541416
404866854573875
404866854617250
404866854648041
404866854691791
404866854723083
404868192620625
404868192735000
404868192755333
404868192770375
404868192785375
404869620515375
404870443758916
404870453149583
404870581837458
404871158130375
404871876282666
404872489133541
404873103514375
404874127151166
404875355090875
404875867870375
404876790287750
404876846800500
404876869510833
404876952044416
404877069773791
404878633360000
404878633439958
404878837161291
404879866998375
404880270627916
404881192231416
404881499522250
404881587441833
404881587517833
404881587537708
404881587552666
404881587598125
404881587633041
404881587678500
404881587719625
404881587759666
404881587801458
404881587834750
404882628172416
404882628256041
404882933952208
404884878621083
404884878726708
404884878747541
404884878761541
404884878777083
404884878806500
404884878849250
404884878884833
404884878929791
404884878970500
404884879012000
404884879060541
404884889366541
404885566244583
404885566359791
404885566379333
404885566396875
404885566412791
404885566426583
404885566453958
404885566495458
404885566528000
404885566569333
404885566601875
404885566651916
404885566682916
404885566726083
404885566756500
404885566800833
404885566833291
404885566877958
404885566917083
404885566957291
404885566990125
404885567032250
404885567073708
404885567113125
404885567144541
404885567188375
404885567233208
404885567265416
404885567303583
404885567333750
404885567377791
404885567409458
404885567452875
404885567493833
404885567533000
404885567572208
404885567611666
404885567641041
404885567685125
404885567724250
404885567756791
404885567799083
404885567831250
404885567877208
404885567922458
404885567961875
404885567981958
404885568022416
404885568052916
404885568095541
404885568127250
404885568169666
404885568202125
404885568245375
404885568284541
404885568325375
404885568364583
404885568397250
404885568442333
404885568475250
404885568518833
404885568551291
404885568595291
404885568627541
404885568671250
404885568709833
404885568751791
404885568784208
404885568828250
404885568860750
404885568904625
404885568943583
404885568983708
404885569015375
404885569059666
404885569092250
404885569136250
404885569172875
404885569220041
404885569245958
404885569273250
404885569292416
404885569317708
404885569341500
404885569358708
404885569385333
404885569402500
404885569428916
404885569453500
404885569472375
404885569497541
404885569521291
404885569538416
404885569565500
404885569582708
404885569609916
404885569628125
404885569654000
404885569672333
404885569700375
404885569719000
404885569744375
404885569761458
404885569788500
404885569806916
404885569832791
404885569851291
404885569877000
404885569894000
404885569921333
404885569947333
404885569971166
404885569988333
404885570013625
404885570030666
404885570057250
404885570075375
404885570109875
404886107920791
404886722602083
404887131466458
404887643720166
404887689472833
404888113080208
404888463037083
404888876597958
404889434385958
404889898194625
404889898259541
404890102400250
404890102501458
404890514417833
404891330384416
404891376322208
404891551547625
404891944275583
404892570262208
404892612755583
404893095863500
404893219690500
404894682993000
404895560527583
404896848339000
404896852118333
404897958671750
404898356588791
404898706305291
404898770272250
404901116677000
404901281656166
404902907018708
404903110443458
404903171523291
404903171600125
404903618341666
404903925907750
404903984848750
404904078889208
404904096069625
404904096131541
404904096149583
404904096165458
404904096212958
404904096245458
404904096283583
404904096327583
404904096359958
404904096402333
404904096433333
404904096486208
404904096519791
404904096562750
404904096602166
404904096634166
404904096677166
404904096715666
404904096756000
404904096794666
404904096833500
404904096872166
404904096914208
404904096952625
404904096992625
404904097025041
404904097068333
404904097107083
404904097152041
404904097190500
404904097230333
404904097272750
404904097312708
404904097354166
404904097394583
404904097432875
404904097471250
404904097510208
404904097552458
404904097584291
404904097627541
404904097665833
404904097705000
404904097743458
404904097793250
404904097823500
404904097855125
404904097872875
404904097898500
404904097916583
404904097942625
404904097965833
404904097989541
404904098006208
404904098041333
404904098065750
404904098083958
404904098109000
404904098128125
404904098153250
404904098169583
404904098197791
404904098216833
404904098244083
404904098266125
404904098289750
404904098313541
404904098331583
404904098358250
404904098376583
404904098403416
404904098421833
404904098451875
404904098472166
404904098497458
404904098515333
404904098542291
404904098562875
404904098587875
404904098606125
404904098633291
404904098656583
404904098673958
404904098699500
404904098729416
404904098752708
404904098771666
404904098796583
404904098821583
404904098840083
404904098865541
404904098883625
404904098908750
404904098926541
404904098953166
404904098971500
404904098997250
404904099015708
404904099042416
404904099066541
404904099089958
404904099108416
404904099134083
404904099152416
404904099179333
404904099202541
404904099218750
404904099246375
404904099264333
404904099290958
404904099314875
404904099338416
404904099354833
404904099383250
404904099401166
404904099427208
404904099445125
404904099528625
404904099539666
404904099560750
404904099580958
404904099607291
404904099627291
404904099653166
404904099668458
404904099691458
404904099713083
404904099734541
404904099745250
404904099772583
404904099790541
404904099814291
404904099826666
404904099850125
404904099866083
404904099890458
404904099904666
404904099928500
404904099940791
404904099967208
404904099984708
404904100008375
404904100023083
404904100045083
404904100060708
404904100082041
404904100099250
404904100120625
404904100135833
404904100157750
404904100174833
404904100204000
404904100215291
404904100241000
404904100256416
404904100278375
404904100299083
404904100313333
404904100336250
404904100350833
404904100373916
404904100388333
404904100413083
404904100428916
404904100451375
404904100467041
404904100490708
404904100506250
404904100529500
404904100543875
404904100563208
404904100585083
404904100605333
404904100626166
404904100646416
404904100660500
404904100683958
404904100704083
404904100718791
404904100739875
404904100760333
404904100776125
404904100798291
404904100813708
404904100837958
404904100853625
404904100876333
404904100891583
404904100914708
404904100930458
404904100953250
404904100968833
404904100991916
404904101012458
404904101027291
404904101051750
404904101072250
404904101086250
404904101109375
404904101125000
404904101148416
404904101162750
404904101186041
404904101201583
404904101224375
404904101239833
404904101265250
404904101287208
404904101302208
404904101324625
404904101339083
404904101361375
404904101381416
404904101401583
404904101416791
404904101438916
404904101459208
404904101487416
404904101515750
404904101536291
404904101550250
404904101582291
404904101596541
404904101619666
404904101636708
404904101658875
404904101674500
404904101697000
404904101724333
404904101743041
404904101761583
404904101786166
404904101800125
404904101824333
404904101839791
404904101919375
404904101934416
404904101958333
404904101974375
404904101995458
404904102019625
404904102043125
404904102058166
404904102080291
404904102109583
404904102126083
404904102151958
404904102167500
404904102190208
404904102207166
404904102228666
404904102244125
404904102266583
404904102282208
404904102305375
404904102320791
404904102344208
404904102364708
404904102378666
404904102400875
404904102418250
404904102437958
404904102453416
404904102474916
404904102490416
404904102512250
404904102527625
404904102549416
404904102569750
404904102585291
404904102607541
404904102627708
404904102641791
404904102663583
404904102679208
404904102701500
404904102721666
404904102735583
404904102757791
404904102778333
404904102794000
404904102815583
404904102830416
404904102851916
404904102872041
404904102886083
404904102908291
404904102922666
404904102944625
404904102960208
404904102984291
404904102999708
404904103021416
404904103036750
404904103058666
404904103074083
404904103095875
404904103111500
404904103130333
404904103152458
404904103167791
404904103189750
404904103210375
404904103225958
404904103247500
404904103263166
404904103284791
404904103304958
404904103319125
404904103341083
404904103356375
404904103378166
404904103393750
404904103417708
404904103433416
404904103455541
404904103470750
404904103492541
404904103508000
404904103530375
404904103545708
404904103567666
404904103583291
404904103611541
404904103635333
404904368387166
404904645060625
404904949742208
404905358520791
404905464490458
404905464593916
404905570796958
404905973898833
404905974218000
404906039118291
404906725377333
404907412376000
404907522249416
404908229775916
404908532655291
404908532755250
404908540998458
404908552617916
404908656129125
404909251757291
404910072560708
404910072668791
404910072689583
404910072703791
404910072717708
404910072731875
404910072774541
404910072808791
404910072849750
404910072880291
404910072923916
404910072972166
404910073003833
404910073045916
404910073078416
404910073121083
404910073160666
404910073192291
404910073235750
404910073268208
404910073310958
404910073343250
404910073393250
404910073425583
404910073468083
404910073507166
404910073539625
404910073582708
404910073621708
404910073663208
404910480751250
404912836308666
404913347975916
404913348082000
404913348101916
404913348115833
404913348131208
404913348162458
404913348207958
404913348241208
404913348286666
404913348331791
404913348367250
404913348412333
404913348455416
404913348488208
404913348532791
404913348573083
404913348613041
404913348646958
404913348692708
404913348726958
404913348770708
404913348810333
404913348853708
404913348893541
404913348932875
404913348973291
404913349014166
404913349054166
404913349094000
404913349133583
404913349177916
404913349218000
404913349258958
404913349303000
404913349339875
404913349382500
404913349423208
404913349462750
404913349503041
404913349542541
404913349589250
404913349628416
404913349668750
404913349708166
404913349753416
404913349792833
404913349838791
404913349877875
404913349919041
404913349958375
404913349998000
404913350037750
404913350090041
404913350128791
404913350178041
404913350223250
404913350262916
404913350288875
404913350338000
404913350375666
404913350419958
404913350460583
404913350502125
404913350547750
404914065473000
404915087135208
404915087239000
404915087258541
404915087275291
404915087292000
404915087343125
404917857178500
404917857293166
404917857311708
404917857326916
404917857341791
404917857357625
404917857405041
404917857438083
404917857482000
404917857517000
404917857556833
404917857613041
404917857652375
404917857688666
404917857730625
404917857771041
404917857811208
404917857851416
404917857891250
404917857930500
404917857971208
404917858010625
404917858065208
404917858105000
404917858152083
404917858191000
404917858240833
404917858280958
404917858326208
404917858365791
404917858410666
404917858450416
404917858490666
404917858534458
404917858576208
404917858615541
404917858662458
404917858717750
404917858758000
404917858794416
404917858836166
404917858865708
404917858911333
404917858954666
404917858998375
404917859024916
404917859051583
404917859075666
404917859098791
404917859123166
404917859141875
404917859166916
404917859197791
404917859221333
404917859245166
404917859280208
404917859303541
404917859326250
404917859352291
404917859375708
404918058056083
404918058167291
404918058185208
404918058199791
404918058214666
404918058234750
404918058284666
404918058318250
404918058363208
404918058404125
404918058445125
404918058493208
404918058534166
404918058573333
404918058613666
404918058652708
404918058692875
404918058732166
404918058771583
404918058805166
404918058850208
404918058890333
404918058933250
404918058973125
404918059012333
404918059050875
404918059091333
404918059131833
404918059171500
404918059214875
404918059248166
404918059301041
404918059340500
404918059384250
404918059424000
404918059463250
404918059502500
404918059551333
404918059581541
404918059626666
404918059666291
404918059714541
404918059754916
404918059787625
404918059836291
404918059875708
404918059916583
404918059956375
404918059996333
404918060035500
404918060082416
404918060121500
404918060162000
404918060201416
404918060229375
404918060288083
404918060327375
404918060368125
404918060408750
404918060448250
404918060487958
404918060529666
404918060569250
404918060617750
404918060680625
404918060723541
404918060761958
404918060800625
404919285005791
404919285125541
404919285145250
404919285160458
404919285175916
404919285203125
404920002260833
404920821218250
404922050179083
404922357241750
404922357352958
404922357371875
404922357387000
404922357400916
404922357414458
404922357454500
404922438980375
404922604881375
404923631014458
404923867643583
404923903190166
404924404646750
404924404711958
404924404719541
404924404725833
404924404731125
404924404735791
404924404740833
404925171301958
404925171417875
404925171439583
404925171455583
404925171470625
404925171485125
404925171524416
404925171554291
404925171602541
404926250823666
404927171197666
404927171268458
404927171284500
404927171299500
404927171353875
404927477677750
404928195578208
404928195690875
404928195710583
404928195725791
404928195740708
404928347667875
404930446072208
404930473094916
404930473159416
404930473175416
404930473190500
404930473234208
404930473266583
404930473308666
404930473348958
404930473382125
404930473426125
404930473454291
404930473505583
404930473545666
404930473585041
404930473618291
404930473660875
404930473700125
404930473732166
404930473775458
404930473814541
404930473859625
404930473891541
404930473940541
404930473972833
404930474016500
404930474048416
404930474100541
404930474132000
404930474174708
404930474213458
404930474253750
404930474279416
404930474324541
404930474367000
404930474399000
404930474442916
404930474474916
404930474518541
404930474557083
404930474583250
404930474630500
404930677303333
404930683603583
404930683651708
404930683678541
404930683727041
404930683773541
404930684096250
404930684133625
404930684176750
404930689759833
404930689791416
404930708268833
404930776367708
404930980016625
404931039951250
404933112999916
404933828551375
404934063739250
404934100479458
404934118336291
404934253047333
404934253125041
404934253142833
404934253159166
404934253192958
404934253242000
404934253274708
404934253319750
404934253354250
404934253399166
404934253438875
404934253490041
404934253531875
404934253572708
404934253612625
404934253653708
404934253686500
404934542785958
404934738464125
404935260473750
404935260579791
404935260598916
404935339837333
404936387970708
404936388086333
404936388105625
404936388119666
404936388135333
404936388152833
404936388199666
404936388257875
404936388295916
404936388341333
404936388365666
404936388412875
404936388459791
404936388492458
404936388535458
404936388568333
404936388611500
404936388651166
404936388681958
404936388724750
404936388764041
404936388796375
404936388839208
404936388880375
404936388919666
404936388952041
404936388994875
404936389033958
404936389072833
404936389104458
404936389148083
404936389179500
404936389231416
404936389263375
404936389330375
404936389369291
404936389407916
404936389447041
404936692945208
404936809775416
404936849244750
404937307921666
404937308032125
404937828506083
404939667598125
404940000193458
404940482273083
404940482386958
404940939731625
404941307566375
404942056414750
404942056522875
404942056542833
404942056558083
404942056572083
404942422972750
404942423062333
404942423080416
404942423095875
404942423110125
404942423155708
404942423188041
404942423230666
404942423262625
404942423306416
404942423338916
404942423391875
404942423424708
404942423468500
404942423507166
404942423546583
404942423579166
404942423622583
404942423654583
404942423698958
404942423737916
404942423776333
404942423817833
404942423857041
404942423895541
404942735104166
404943133378041
404943252536958
404943555919875
404944476772625
404944618765000
404944618867541
404944618887125
404944618902083
404944618916916
404944618954458
404944618989958
404944619035500
404944619068833
404944619113708
404944619153916
404944619205291
404944619245750
404944709149250
404945136120833
404947586964916
404947587081375
404947587100958
404947587115541
404947587131916
404947587148833
404947587190708
404947587225083
404947587270875
404947587311750
404947587352625
404947587400166
404947587442500
404947587482791
404947587523083
404947587556625
404947587600958
404947587634500
404947587680291
404947587721333
404947587761083
404947587800666
404947587847875
404947587887458
404947587929750
404947587969291
404947787590458
404948660759000
404948706215041
404949702947250
404949703036291
404949792651375
404949792723916
404949792740250
404949792771583
404949845515625
404949867263208
404949867309000
404949867325541
404949867373583
404949867407541
404949867455125
404949870022041
404949870056500
404949870100500
404949870141875
404949870176166
404949870221166
404949870263500
404949870304083
404949870343958
404949870383666
404949870423916
404949870467833
404949870508208
404949870548041
404949870588375
404949870628750
404949870668916
404949870702750
404949870747583
404949870787250
404949870826625
404949870866708
404949870911791
404949870951750
404949870991666
404949871033583
404949871079208
404949871119375
404949871160125
404949871199250
404949871238708
404949871278125
404949871318125
404949871361416
404949871400708
404949871440500
404949871479958
404949871520250
404949871573125
404949871617708
404949871657291
404949871696791
404949871736333
404949871775625
404949871818541
404949871858291
404949871898750
404949871938333
404949871978958
404949872018708
404949872652583
404949872693000
404949872732583
404949872772666
404949872812125
404949872851166
404949872891166
404949872930583
404949872972041
404949873011041
404949873053250
404949873094708
404949873135833
404949873175041
404949873215500
404949873255041
404949873295583
404949873336333
404949873383791
404949873419000
404949873464500
404949873504166
404949873548583
404949873588250
404949873634750
404949873673833
404949873716958
404949873756333
404949873803000
404949873843708
404949873884416
404949873924000
404949873963875
404949874007083
404949874053916
404949874093708
404949874134250
404949874173708
404949874214375
404949874253708
404949874293083
404949874328583
404949874371541
404949874409250
404949874454291
404949874494250
404949874534083
404949874573958
404949874613500
404949874654375
404949874694333
404949874734791
404949874774375
404949874814291
404949874853875
404949874899125
404949874938833
404949874984875
404949875024541
404949875072416
404949875115541
404949875140958
404949875169125
404949875192291
404949875216166
404949875239541
404949875266166
404949875286166
404949875313916
404949875337541
404949875360833
404949875384416
404949875408166
404949875431000
404949875454666
404949875474250
404949875502166
404949875527000
404949875551416
404949875574833
404949875604708
404949875628333
404949875651916
404949875671541
404949875706458
404949875729750
404949875755125
404949875778541
404949875802375
404949875826875
404949875851875
404949875877291
404949875900666
404949875923875
404949875947416
404949875970666
404949876000916
404949876024500
404949876047916
404949876067500
404949876097666
404949876120916
404949876145000
404949876168208
404949876194958
404949876221291
404949876242166
404949876264791
404949876297541
404949876322708
404949876346375
404949876373958
404949876397833
404949876440750
404949877826625
404949877854458
404949877873208
404949877900250
404949877924125
404949877947916
404949877971500
404949877995291
404949878019083
404949878037666
404949878064833
404949878090000
404949878113125
404949878136416
404949878159875
404949878183208
404949878206541
404949878230375
404949878254000
404949878277250
404949878301333
404949878324833
404949878350916
404949878374541
404949878397958
404949878417125
404949878453875
404949878477458
404949878500750
404949878524000
404949878547250
404949878570833
404949878594166
404949878618916
404949878642250
404949878665333
404949878688708
404949878711875
404949878747500
404949878770500
404949878800625
404949878824833
404949878848208
404949878871458
404949878897333
404949878920625
404949878944791
404949878968208
404949878999750
404949879018166
404949879044083
404949879067375
404949879091083
404949879114458
404949879138166
404949879164541
404949879187833
404949879212166
404949879235375
404949879259166
404949879282291
404949879313041
404949879334125
404949879361291
404949879390875
404949879413166
404949879440291
404949879461541
404949879488291
404949879511500
404949879535083
404949879558541
404949879582041
404949879596583
404949879625375
404949879655875
404949879679166
404949879714916
404949879739875
404949879769166
404949879798833
404949879823916
404949879857125
404949879885833
404949879914750
404949879943625
404949879972666
404949880001583
404949880030541
404949880062500
404949880091458
404949880120500
404949880149708
404949880178833
404949880207791
404949880237000
404949880265916
404949880289875
404949880322458
404949880351625
404949880383666
404949880412541
404949880440958
404949880470125
404949880498916
404949880524958
404949880553833
404949880582708
404949880611916
404949880655875
404949881880875
404949881910666
404949881939375
404949881968500
404949881997458
404949882021833
404949882055083
404949882079375
404949882112583
404949882141625
404949882171166
404949882202125
404949882231375
404949882260166
404949882288916
404949882317791
404949882346708
404949882375250
404949882404333
404949882433875
404949882462666
404949882491583
404949882523166
404949882552291
404949882581083
404949882629750
404949882663208
404949882686708
404949882718500
404949882742291
404949882775958
404949893883000
404949893917000
404949893960916
404949894001666
404949894041208
404949894080666
404949894120291
404949894159583
404949894199000
404949894238208
404949894277416
404949894321500
404949894360666
404949894400000
404949894439458
404949894478875
404949894518416
404949894552041
404949894597291
404949894636708
404949894676708
404949894715541
404949894759750
404949894799416
404949894839208
404949894878125
404949894917291
404949894955958
404949894989125
404949895033791
404949895073000
404949895112750
404949895151708
404949907726416
404949907758333
404949907802541
404949907842583
404949907877291
404949907920625
404949907960375
404949907999875
404949908039291
404949908078750
404949908118083
404949908163791
404949908202791
404949908242416
404949908281166
404949911443083
404949911483666
404949911522666
404949911562375
404949911602125
404949911640875
404949911680541
404949911719833
404949911758958
404949911798166
404949911837000
404949911879791
404949911908833
404949911957166
404949911996708
404949912035916
404949912075625
404949912114791
404949912154375
404949927387083
404949953476375
404949978990166
404949986333041
404949998642875
404950011059791
404950026777958
404950026809166
404950026853958
404950026888458
404950026932875
404950026973458
404950027013291
404950027053333
404950027093208
404950027134708
404950027174916
404950027218958
404950027259250
404950027300833
404950027334791
404950027380250
404950027419333
404950027468708
404950027507833
404950027548791
404950027592583
404950027621083
404950027668833
404950027706333
404950027744458
404950027784208
404950027823833
404950027864750
404950027904208
404950027944916
404950027984583
404950028023875
404950028064375
404950028108708
404950028148416
404950038698000
404950038725041
404950038773541
404950038814125
404950038853375
404950038894208
404950038933958
404950038974541
404950039014666
404950039054750
404950039095291
404950039138583
404950039178250
404950039221625
404950039254166
404950039300458
404950039333083
404950039385083
404950039423750
404950039464041
404950039503291
404950039543083
404950039586958
404950039626291
404950039665333
404950039705208
404950039744000
404950039785583
404950039824666
404950039864541
404950039903500
404950039942916
404950074150125
404950074187666
404950074225375
404950074266291
404950074306291
404950074346791
404950074387083
404950074427291
404950074467666
404950074507166
404950074548041
404950074592583
404950074633291
404950074673250
404950074713416
404950074753041
404950074793083
404950074832375
404950074873041
404950074912250
404950074952791
404950074992500
404950075038458
404950075078291
404950075119541
404950075145916
404950075195666
404950075235375
404950075275708
404950075318250
404950082330791
404950082358583
404950082408375
404950082441083
404950082485083
404950082524291
404950082564291
404950082604208
404950082644000
404950082683625
404950082724375
404950082772833
404950082813875
404950082853291
404950082893875
404950082933416
404950082974125
404950083013458
404950083060375
404950083100625
404950083148666
404950083188041
404950083232750
404950083272458
404950083311708
404950083351291
404950083385000
404950083429333
404950083469458
404950083508916
404950083550041
404950083589833
404950083629416
404950083674375
404950083706583
404950102861416
404950102899041
404950102941375
404950102976541
404950103021583
404950103062500
404950103103041
404950103142791
404950103182541
404950103223375
404950103263125
404950103310250
404950103349625
404950103389583
404950103430000
404950103469583
404950103509875
404950103549958
404950103589916
404950103638208
404950103677666
404950103717791
404950103760541
404950103800916
404950103840541
404950103881041
404950103920625
404950103960416
404950103999416
404950104039875
404950104079708
404950104119500
404950104158291
404950104204041
404950104243583
404950104283541
404950104322916
404950104362500
404950104402000
404950104443833
404950104483708
404950104522875
404950104568583
404950104608208
404950111146000
404950111178541
404950111229083
404950111269458
404950111309916
404950111356958
404950111397208
404950111436250
404950111476041
404950111515791
404950111555833
404950111595916
404950111635333
404950111674875
404950111713958
404950111761375
404950111805750
404950111845291
404950111885166
404950111924458
404950111970875
404950112010625
404950112050166
404950112090875
404950112130333
404950112169666
404950112208958
404950112249166
404950112289000
404950112329833
404950112369833
404950112412875
404950112453333
404950112492791
404950129098875
404950137326500
404950137354000
404950137402625
404950137442250
404950137482500
404950137523291
404950137562666
404950137602583
404950137642166
404950137682083
404950137721416
404950137775500
404950137814750
404950137854875
404950137893750
404950137934500
404950137975041
404950138022583
404950138062875
404950138102416
404950138142375
404950138181583
404950138226125
404950365330083
404950365438208
404950365457000
404950365470541
404950365485958
404950365524125
404950365558791
404950365605791
404950365646000
404950365686416
404950367179791
404950559607583
404950559711916
404950559728458
404950559741708
404950559757041
404950559796666
404950559831541
404950559876416
404950559916125
404950559956208
404950559991083
404950560045916
404950560086166
404950560126458
404950560166166
404950560207125
404950560246375
404950560285875
404950560325500
404950560365833
404950560405708
404950560446500
404950560491041
404950560531708
404950560571666
404950569522000
404950569615916
404950569626458
404950569632583
404950569639375
404950569646333
404950569652375
404950569659000
404950569664958
404950569670541
404950569677333
404950569708083
404950569727833
404950569736416
404950569756916
404950569767416
404950571187166
404950571202625
404950571213833
404950571230208
404950571250000
404950571262125
404950571280000
404950571291916
404950571310083
404950571326583
404950571339166
404950571358791
404950571371375
404950571389791
404950571402166
404950571420541
404950571433000
404950571451666
404950571463916
404950571482250
404950571494666
404950571512916
404950581607166
404950599539916
404950599636625
404950599652666
404950599667333
404950599681250
404950599728291
404950599769708
404950599810125
404950599850000
404950599883416
404950599932583
404950599968875
404950600014166
404950600054250
404950600089000
404950661865541
404950661990250
404950662009500
404950662022166
404950662038416
404950662051083
404950662088708
404950662122041
404950662167083
404950662203125
404950662248333
404950662295458
404950662331583
404950662377041
404950662417041
404950662457125
404950662496708
404950662545125
404950662581958
404950662613875
404950662658583
404950662698166
404950662742750
404950662782541
404950662829000
404950662868666
404950662914791
404950662954208
404950662995125
404950663034583
404950663080958
404950663120916
404950663160375
404950663203458
404950663243958
404950663283916
404950663331791
404950663371166
404950663411125
404950663450833
404950663494083
404950663533375
404950663574500
404950663613833
404950663659375
404950663698916
404950663739041
404950663778958
404950663818916
404950663858666
404950663897666
404950663937291
404950663978333
404950664033083
404950664065875
404950664113000
404950664146125
404950664190125
404950664228041
404950664269875
404950664309750
404950664350666
404950664389875
404950664429791
404950664469125
404950664515041
404950664561083
404950664604458
404950664628083
404950664652500
404950664676166
404950664696208
404950664722375
404950664746375
404950664769833
404950664793041
404950664816416
404950664842583
404950664865875
404950664889958
404950664913500
404950664936916
404950664960416
404950664980166
404950665006583
404950665030291
404950665053500
404950665077666
404950665101125
404950665127208
404950665150583
404950665174041
404950665197291
404950665215791
404950665242083
404950665260291
404950665287208
404950665311458
404950665334750
404950665358041
404950665384833
404950665407833
404950665431708
404950665454791
404950665478458
404950665501875
404950665525791
404950665544666
404950665581041
404950665604541
404950665628666
404950665654708
404950665679375
404950665702500
404950665726208
404950665749291
404950665772958
404950665796208
404950665956916
404950665976333
404950666003333
404950666025083
404950666050666
404950666069541
404950666096208
404950666119833
404950666143333
404950666167416
404950666190666
404950666216416
404950666240291
404950666263875
404950666287291
404950666307500
404950666330125
404950666369791
404950666380250
404950666408041
404950666430375
404950666458250
404950666493791
404950666505208
404950666526458
404950666558666
404950666575916
404950666586291
404950666615750
404950666635833
404950666657666
404950666682458
404950666702958
404950666719875
404950666744833
404950666766416
404950666786750
404950666807125
404950666827583
404950666847666
404950666863125
404950666886708
404950666906916
404950666927291
404950666942791
404950666968458
404950666988833
404950667009375
404950667029583
404950667050125
404950667070333
404950667090708
404950667106250
404950667129458
404950667149708
404950667169875
404950667191083
404950667211833
404950667232208
404950667252333
404950667272583
404950667287875
404950667311916
404950667332250
404950667352583
404950667368875
404950667391541
404950667414000
404950667434375
404950667454666
404950667474833
404950751479458
404950816316000
404950871377000
404950913449833
404950913492083
404950913512250
404950913559916
404951542283416
404951952787916
404951952917250
404952438734208
404952438860583
404952438881333
404952438895958
404952438910416
404952438923708
404952438937291
404952438981625
404952439016791
404952771237916
404952771358333
404953488465458
404954720515583
404954720609625
404954720622416
404955125701708
404955125818708
404955125838125
404955125852416
404955125867333
404955125883541
404955125929041
404955125970208
404955126004291
404955126050708
404955126091625
404955126147041
404955126182916
404955126228416
404955126268041
404955126307958
404956458451250
404956458576416
404957787030541
404958096702958
404958096813708
404958096832416
404958096846791
404958096863791
404958096877750
404958096917750
404958096951041
404958096993083
404958097027750
404958097069458
404958097116958
404958097149083
404958097192375
404958097232458
404958097263541
404958097307458
404958097346625
404958097377708
404958097420041
404958097458875
404958097490791
404958097540000
404958097578833
404958097617708
404958097656125
404958097694625
404958097726500
404958097770333
404958097809541
404958097842750
404958097884000
404958097917166
404958097965583
404958098006958
404958098036291
404958098077375
404958098116333
404958098161708
404958098200458
404958098246875
404958098285291
404958098335833
404958098371708
404958098412833
404958098445666
404958098488125
404958098519708
404958098562750
404958098613625
404958098653791
404958115267666
404958709539333
404959221694041
404959529768250
404961064293208
404961203048833
404961324889625
404962190990166
404962600944250
404962601054208
404962601073375
404962601089500
404962601106208
404963216213916
404963216335000
404963216354250
404963216370250
404963216387166
404963216399500
404963216424541
404963216467083
404963216499083
404963216542333
404963216574083
404963216625500
404963216665083
404963216707250
404963216740125
404963216783375
404963216822250
404963216867416
404963216905916
404963216950333
404963216989333
404963217028083
404963217070000
404963217109250
404963217147833
404963217191958
404963217230375
404963217269541
404963217308250
404963217352708
404963217391375
404963217435500
404963217474458
404963217530750
404963217569750
404963217608666
404963217640958
404963217685916
404963217741000
404963217783250
404963217811250
404963217858708
404963217893416
404963217938250
404963217978375
404963218018000
404963218059458
404963218098875
404963218139250
404963218184458
404963218227166
404963218269333
404963218293541
404963218316958
404963218337666
404963626108916
404964241348708
404964405157625
404965679733291
404965679846000
404965679866000
404965679881375
404965679896541
404965679910000
404965679949333
404965679981166
404965680022750
404965680056375
404965680091958
404965680147125
404965680187166
404965680226375
404965680258833
404965680303041
404965777927875
404966388618208
404967106128083
404967186282125
404967516338708
404967825629208
404969156711458
404969156823916
404969156843833
404969156858708
404969156872875
404969156887750
404969156928000
404969156962625
404969157003916
404969157037458
404969157080166
404969157126666
404969157159708
404969157203208
404969157242750
404969157282125
404969157315125
404969157358791
404969157397833
404969157431375
404969157474041
404969157513208
404969157554958
404969157594500
404969157624666
404969157667458
404969157698125
404969157741583
404969157772625
404969157817208
404969157850833
404969157893041
404969157919958
404969157976583
404969158015250
404969158035250
404969158075333
404969158126291
404969666089500
404969666204000
404969666223250
404969666241166
404969666255708
404969666269000
404969666298625
404969666342458
404969666376000
404969666416958
404969666449416
404969666500583
404969666531375
404969666574916
404969666615000
404969666645250
404969666687958
404969666721208
404969666763791
404969707051375
404969789648458
404969931363250
404969940685125
404969940712666
404970902493125
404971611266625
404971611341375
404971919742083
404971919861375
404973046907708
404973351582291
404973407400541
404973570887875
404974275051541
404974275172083
404974786283083
404974859603791
404976014337250
404976014452708
404976936642666
404977136913750
404977137028208
404977652532291
404977652619375
404977962776958
404977962887541
404977962907041
404977962920750
404977962935958
404977962950083
404977962989625
404977963022583
404977963063833
404977963095958
404977963138833
404977963184750
404977963224750
404977963256708
404977963300375
404977963332708
404977963375875
404977963406083
404977963456000
404977963494875
404977963517250
404977963556458
404977963591416
404977963636041
404977963668416
404977963712333
404977963744041
404977963789375
404977963819541
404977963863791
404977963903250
404977963932958
404977963976833
404977964018833
404977964063583
404978012525500
404978475902333
404978882057375
404979816485916
404980622769750
404980622890666
404981548159916
404982328105416
404982328220875
404982328240791
404982328254291
404982328269458
404982328284833
404982328316208
404982328360416
404982328393500
404982328434041
404982328465250
404982328519416
404982328552833
404982328594875
404982328633916
404982513322208
404982875514625
404984822301958
404984822421291
404984822440541
404984822455833
404984822473541
404984822489666
404984822503750
404984822552375
404984822584666
404984822626000
404984822657791
404984822709791
404984822743125
404984822785625
404984822818083
404984822859875
404984822891458
404984822934625
404984822968083
404984823011000
404984823050666
404984834477083
404984834555250
404984834575708
404984834592625
404984834608375
404984834661583
404984834700458
404984834713166
404984834737333
404984834752333
404984834780208
404984834808083
404984834827625
404984834853291
404984834871791
404984834897416
404984834915250
404984834939791
404984834957750
404984834982458
404984835000416
404984835025750
404984835050500
404984835068833
404984835094208
404984835112333
404984835137875
404984835154666
404984835180416
404984835197208
404984835222541
404984835241041
404984835267000
404984835291333
404984835309666
404984835334833
404984835353625
404984835379291
404984835402708
404984835419208
404984835445708
404984835463791
404984835489375
404984835507958
404984835535583
404984835554083
404984835579791
404984835596583
404984835621916
404984835639875
404984835665916
404984835682666
404984835708458
404984835726458
404984835754666
404984835780666
404984835801583
404984835830541
404984835856125
404984835868500
404984835893916
404984835906708
404984835936333
404984835959916
404984835971666
404984835998791
404984836027375
404984836045125
404984836081291
404984836107166
404984836126333
404984840441916
404984840482875
404984840512791
404984840558125
404984840603958
404984840627541
404984840669875
404984840715625
404984840748333
404984840792250
404984840831250
404984840874458
404984840913333
404984840952041
404984840990750
404984841035250
404984841074666
404984841113666
404984841152625
404984945614541
404984945727166
404984945747375
404984945761500
404984945776791
404984945790375
404984945829083
404984945861750
404984945903333
404984945940333
404984945982875
404984946028875
404984946062375
404984946105625
404984946145166
404984946176833
404984946220458
404984946252666
404984946300250
404984946336958
404984946372500
404984946415291
404984946458416
404984946490083
404984946528583
404984946571083
404984946603375
404984946645458
404984946675916
404984946718875
404984946749375
404984946792708
404984946824791
404984946872541
404984946903416
404984946946916
404984946978458
404984947021708
404984947062416
404984947090916
404984947133750
404984947172791
404984947204875
404984947254666
404984947300291
404984947329833
404984947371291
404984947402083
404984947445375
404984947490250
404984947532041
404984947557166
404984947602458
404984947641250
404984947673166
404984947722333
404984947761125
404984947794750
404984947832208
404984947876708
404984947908416
404984947951916
404984947983583
404984948025500
404984948063625
404984948109458
404984948150166
404984948188541
404984948226833
404984948265458
404984948303750
404984948364041
404984948402791
404984948442416
404984948466375
404984948513500
404984948552041
404984948590750
404984948629500
404984948668000
404984948706166
404984948744666
404984948787333
404984948826083
404984948864250
404984948902875
404984948942000
404984948980375
404984949025333
404984949063708
404984949097458
404984949145875
404984949178958
404984949206125
404984949229416
404984949252625
404984949271041
404984949296500
404984949327916
404984949345875
404984949372458
404984949392208
404984949418291
404984949436666
404984949464666
404984949482875
404984949506125
404984949528708
404984949601125
404984949619583
404984949645791
404984949664166
404984949690125
404984949707958
404984949733708
404984949751500
404984949778333
404984949796125
404984949831791
404984949855916
404984949875458
404984949896791
404984949925666
404984949944625
404984949970125
404984949987000
404984950012833
404984950029500
404984950054833
404984950072958
404984950101375
404984950124458
404984950142750
404984950168416
404984956167333
404984956199125
404984956243291
404984956282500
404984956321416
404984956360375
404984956399208
404984956437541
404984956476000
404984956514708
404984956554750
404984956597333
404984956636791
404984956675458
404984956714875
404984956753750
404984956793416
404984956831875
404984956870500
404984956908708
404984956949333
404984956988250
404984957032041
404984957071000
404984957116250
404984957160958
404985748277166
404986051394208
404986051457250
404986051474208
404986051490541
404986051536291
404986051570208
404986051613625
404986051646333
404986051688041
404986051719625
404986051761166
404986051814250
404987586311041
404987586431375
404987586452250
404987586466875
404987586483750
404987586498375
404987586524916
404987586566500
404987840299875
404988094654541
404988094764791
404989123237916
404989123351666
404989123371625
404989123386500
404989123403541
404989123417125
404990555419375
404990865882041
404990865997708
404990869781791
404990869808750
404990869855791
404990869887375
404990869929833
404991989781833
404993138400000
404993283542791
404993936809083
404995163315500
404995880574666
404996903752625
404996903860416
404996903877958
404996903890833
404996903901833
404996903946625
404996903980833
404996904023791
404996904062041
404996904101000
404996904138375
404996904177333
404996904221416
404996904254583
404996904305541
404997544420416
404997969796291
404998022590416
404998948204791
404998948300541
404998948315333
404998948327291
404998948352541
404998948398041
404998948438083
404998948478083
404998948518041
404998948557458
404998948598791
404998948646375
404998948687541
404998948726791
404998948766625
404998948805041
404998948845250
404998948884250
404998948925666
404998948965583
404998948999375
404998949043958
404998949088833
404998949129875
404998949176125
404998949216041
404998949261958
404998949301208
404998949342041
404998949380500
404998949420125
404998949459583
404998949499750
404998949544166
404998949590875
404998949630041
404998949677833
404998949716708
404998949763125
404998949802166
404998949845375
404998949896708
404998949919500
404998949942458
404998949966375
404998949989458
404998950012166
404998950035791
404998950058833
404998950082916
404998950105166
404998950136833
404998950159833
404998950182708
404998950208375
404998950238458
404998950261375
404998950285291
404998950307958
404998950338958
404998950362208
404998950386083
404998950409375
404998950441791
404998959588000
404998959622250
404998959667333
404998959707625
404998959746791
404998959786291
404998959826666
404998959866083
404998959905333
404998959945583
404998959985000
404998960030375
404998960069625
404998960110416
404998960149000
404998960189208
404998960227875
404998960274250
404998960312750
404998960365750
404998960405458
404998960447458
404998960498833
404998960545500
404998960584875
404998960625125
404998960664333
404998960703916
404998960736666
404998960789625
404998960828583
404998960878916
404998960918041
404998960963375
404998961005916
404998961044458
404998961083833
404998961122833
404998961161750
404998961201583
404998961247708
404998961286791
404998961326625
404998961373583
404998961416291
404998961458791
404998961497791
404998961549333
404998961581541
404998961626125
404998961665458
404998961699916
404998961752833
404998961792083
404998961838166
404998961881833
404998961922083
404998961960916
404998962013541
404998962052458
404998962098833
404998962138458
404998962178125
404998962217541
404999672632458
404999823325541
404999823433083
404999823449416
404999823461875
404999823758541
404999823792750
404999826496791
404999826532500
404999826575791
404999826616750
405001308715000
405001308809833
405001924589208
405001924697958
405001924713791
405001924725333
405001929521083
405001929576416
405001929611458
405001929650541
405001929691458
405001929725000
405001929771333
405001929810333
405001929850375
405001929883500
405001929929958
405001929976166
405001930016791
405001930055666
405001930095458
405001930135333
405001930176041
405001930214833
405001930261333
405001930300958
405001930340708
405001930378875
405001930423375
405001930463083
405001930503375
405001930542375
405001930585291
405001930624166
405001930665333
405001930704583
405001930751875
405001930791500
405001930837875
405001930880833
405001930920416
405001930960083
405001930999916
405001931040208
405001931079583
405001939566500
405001939606875
405001939646750
405001939686875
405001939726416
405001939761625
405001939805291
405001939845541
405001939884125
405001939929500
405001939968250
405001940019000
405001940059208
405001943372791
405001943412166
405001943451458
405001943490458
405001943530166
405001943569125
405001943615833
405001943655333
405001943694666
405001943733750
405001943780583
405001943823750
405001943871000
405001943910416
405001943956708
405001943991583
405001944036208
405001944075833
405001944127666
405001944166708
405001944213500
405001944252625
405001944302250
405001944342041
405001944382583
405001944421875
405001944461208
405001944502208
405001944541583
405001944582541
405001944622625
405001944661333
405001944706208
405001944749541
405001944796833
405001944836708
405001944883625
405001944923833
405001944970458
405001945010541
405001945057708
405001945097708
405001945149250
405001945190208
405001945238958
405001945278958
405001945303208
405001945325708
405001945356125
405001945379416
405001945403250
405001945426500
405001945457333
405001945481708
405001945504666
405001945531416
405001945554333
405001945578583
405001945601458
405001945625875
405001945648416
405001945668708
405001945712625
405001945733375
405001945750791
405001945776333
405001945801041
405001945824666
405001945849541
405001945874166
405001945897166
405001945929916
405001945952625
405001945976875
405001945999541
405001946026333
405001946049166
405001946074666
405001946097666
405001946117791
405001946144458
405001946168333
405001946190833
405001946221416
405001946244416
405001946268750
405001946291041
405001946321916
405001946345166
405001946371291
405001946393958
405001946418375
405001946441000
405001946464291
405001946487041
405001946514000
405001946537541
405001946565750
405001946584625
405001946612416
405001946637333
405001946660000
405001946681750
405001946708750
405001946728125
405001946755458
405001946778375
405001946801875
405001946827541
405001946851208
405001946874083
405001946900041
405001946923125
405001946946958
405001946969291
405001947000000
405001947022500
405001947046458
405001947114250
405001947139291
405001947156541
405001947188000
405001947214333
405001947235250
405001947255125
405001947275125
405001947294958
405001947314875
405001947334458
405001947358375
405001947378083
405001947398791
405001947418708
405001947439208
405001947455500
405001947479666
405001947499291
405001947520125
405001947539416
405001947566625
405001947596750
405001947617583
405001947637250
405001947658208
405001947677958
405001947697625
405001947716875
405001947738000
405001947754291
405001947778000
405001947797583
405001947818500
405001947839875
405001947860833
405001947880375
405001947901583
405001947924583
405001947945250
405001947964916
405001947985500
405001948004916
405002011392000
405002128335083
405003258540291
405003258642166
405003260569375
405003260607166
405003260645333
405003260676958
405003260720375
405003260760625
405003260800541
405003260840375
405003260880291
405003260920375
405003260960750
405003261011583
405003261051541
405003261091125
405003261130583
405003261170250
405003871125666
405003871224041
405003871240041
405003871253250
405003871265125
405003871313625
405003871353875
405003871394333
405003871434750
405003871474083
405003871513541
405003871561625
405003871603583
405003871643000
405003871684041
405003871722750
405003871764041
405003871803666
405005713646250
405006226348416
405007144836416
405007860927541
405007861008500
405007861018000
405007861023541
405007861028416
405007861032041
405007861037125
405007861041458
405007861056541
405007861071000
405007861084250
405007861102458
405008168318541
405008597839666
405008988442833
405009814461666
405009814560333
405009814575750
405009814589916
405009814602250
405009814650000
405009814690458
405009814730625
405009814769625
405009814809000
405009814849000
405009814899291
405009814940416
405009814979958
405009815019625
405009815058708
405009815104250
405009815144583
405009817163708
405009817204583
405009817245083
405009817283708
405009817323583
405009817362666
405009817402958
405009817441833
405009817483583
405009817524791
405009817565041
405009817610291
405009817646375
405009817693625
405009817732916
405009817773000
405009817812125
405009817852083
405009817892375
405009817930916
405009817978583
405009818018333
405009818063125
405009818102750
405009818143250
405009818182583
405009818230125
405009818278500
405009818305625
405009818349583
405009818390625
405009818430041
405009818469750
405009818513458
405009818554375
405009818593833
405009818641666
405009818675416
405009818721083
405009818760541
405009818809541
405009818848458
405009818888708
405009818928000
405009818979083
405009819018416
405009819058041
405009819096750
405009819151083
405009819190166
405009819230333
405009819269958
405009819315916
405009819355583
405009819395291
405009819439458
405009819485916
405009819532791
405009819571708
405009819617916
405009819658000
405009819697125
405009819738875
405009819776875
405009819817000
405009819856250
405009819900250
405009819939750
405009819985958
405010425560583
405010425660083
405010425676333
405010425689333
405010619939250
405010698697291
405010698764583
405010698777958
405010698803875
405010698844416
405010698882083
405010698920458
405010698958458
405010698990958
405010699034083
405010699065416
405010699118916
405010699156166
405010699194041
405010893968333
405011855277375
405012264687625
405012984802250
405013595628166
405013615896750
405013671588041
405013871533458
405014210361541
405014347134583
405014347218666
405014347239333
405014347255625
405014347271375
405014347306125
405014347348916
405014347381333
405014347424208
405014347455083
405014347498791
405014347544250
405014347577416
405014347619791
405014347652458
405014347694500
405014347733625
405014347765708
405014347810333
405014347849208
405014347907458
405014347943000
405014347987791
405014348026916
405014348058833
405014348108750
405014348141333
405014348184500
405014348215166
405014348261250
405014348306791
405014348329083
405014348372291
405014348413166
405014348451833
405014348490833
405014497011208
405014497097125
405014497112791
405014497128208
405014498323583
405015799092416
405015824922208
405016568642041
405016568759375
405016568780166
405016568795166
405017691732958
405017832334958
405018312108000
405018312226208
405018312250291
405018317074666
405018317148666
405018718911166
405018838875750
405018876389750
405019637447166
405019685909041
405019828479208
405019865764958
405019872958458
405019877749750
405020475059625
405020653923500
405021584132916
405021585020625
405021845968291
405021846079875
405021846099166
405022676486375
405022886488916
405022886772250
405023030183791
405023101162708
405023248752250
405023324322083
405023633342541
405023633465208
405023633485750
405023633503666
405023633520083
405023633532541
405023633546083
405023633593125
405023633621333
405023633668708
405023633701291
405023633753083
405023633786666
405023633842083
405023633880166
405023633900333
405023633946708
405023633977083
405023634020125
405023634059750
405023634090458
405023634134291
405023634177833
405023634220833
405023634257625
405023634281208
405023634327708
405023634359666
405023634401833
405023634435625
405023634470000
405023634514041
405023634546583
405023634593958
405023634632416
405023634664250
405023634707166
405023634750583
405023634789375
405023634821250
405023634863416
405023634901791
405023634944916
405023634977625
405023635024750
405023635058833
405023635101208
405023635131416
405023635156458
405023635179541
405023635196041
405023635221500
405023635244666
405023635261125
405023635286583
405023635310708
405023635328916
405023635354291
405023635372500
405023635398083
405023635416250
405023635441375
405023635459666
405023635485791
405023635502708
405023635527708
405023635552166
405023635575333
405023635593125
405023635618541
405024150699791
405024150822833
405024150845416
405024150862416
405024557147083
405024857154458
405024857256625
405025170712166
405025679453375
405025852327375
405025858755000
405025865134833
405026191470333
405026499140041
405026499237833
405026499250083
405026518605666
405026621353666
405026747629708
405028140379041
405028163370916
405028938664625
405029113854250
405029113959458
405029113980125
405029113994625
405029114010750
405029114041083
405029114085291
405029114116875
405029114158708
405029114197916
405029114237291
405029114287458
405029114318625
405029114360500
405029114399333
405029114438583
405029114480375
405029114512666
405029114556333
405029114595250
405029114628208
405029114670958
405029114713458
405029114752291
405029114783208
405029114834250
405029114866750
405029114909541
405029114940916
405029114983583
405029115015625
405029115058375
405029115090125
405029115137375
405029115170208
405029115212666
405029115258375
405029115297083
405029115335666
405029115367250
405029115410041
405029115448791
405029115488250
405029115519416
405029115567291
405029115599208
405029115652083
405029115690583
405029115729458
405029115760916
405029115803875
405029115842458
405029115874750
405029115918958
405029115957541
405029115999416
405029116038125
405029116068666
405029116113333
405029116145291
405029116189166
405029116220791
405029116264291
405029116298750
405029116342250
405029116361041
405029116389708
405029116413041
405029116431833
405029116457291
405029116480750
405029116499000
405029116525375
405029116543333
405029116569500
405029116587583
405029116612958
405029116636708
405029116660208
405029116676625
405029116703083
405029116721208
405029116749541
405029116767541
405029116793916
405029116811791
405029116838208
405029116856541
405029116884416
405029116902625
405029116936333
405029116957166
405029116979958
405029116997958
405029117023833
405029117046833
405029117079750
405029117098083
405029117124416
405029117144625
405029117171375
405029117189500
405029117216500
405029117239666
405029117263125
405029117279750
405029117306208
405029117329500
405029117348541
405029117373791
405029117401916
405029117420125
405029117446625
405029117464791
405029117498458
405029117521875
405029117546833
405029117599833
405029117623250
405029117640916
405029117666708
405029117686958
405029117712125
405029117735208
405029117758250
405029117774750
405029117804333
405029117828000
405029117852458
405029117870583
405029117895875
405029117920875
405029117940125
405029117964958
405029117981541
405029118009000
405029118032083
405029118055166
405029118070666
405029118098500
405029118122041
405029118145208
405029118168166
405029118186000
405029118219500
405029118237750
405029118263541
405029118291666
405029118313791
405029118325166
405029118346000
405029118367333
405029118387583
405029118401750
405029118423750
405029118444000
405029118464166
405029118478083
405029118501750
405029118517333
405029118540625
405029118556125
405029118579666
405029118597666
405029118620833
405029118636125
405029118658791
405029118674250
405029118697750
405029118712958
405029118746875
405029118762291
405029118784333
405029118804916
405029118825250
405029118840625
405029118862000
405029118883125
405029118903166
405029118918666
405029118942333
405029118957583
405029118989750
405029119005416
405029119030791
405029119046500
405029119068833
405029119084166
405029119107208
405029119122375
405029119146583
405029119168291
405029119183583
405029119205500
405029119226791
405029119246791
405029119267166
405029119282666
405029119312541
405029119328041
405029119351791
405029119367333
405029119390333
405029119405916
405029119429291
405029119449458
405029119470125
405029119485666
405029119509125
405029119524125
405029119552333
405029119567958
405029119590166
405029119605458
405029119629000
405029119644375
405029119667583
405029119688500
405029119708916
405029119724583
405029119748000
405029119767833
405029119794041
405029119809458
405029119832916
405029119848375
405029119872833
405029119893250
405029119914333
405029119934416
405029119954500
405029119969666
405029119992166
405029120007583
405029120031333
405029120146625
405029120166416
405029120176666
405029120199500
405029120220416
405029120231000
405029120258250
405029120282291
405029120302583
405029120316791
405029120339000
405029120359583
405029120379750
405029120393750
405029120416291
405029120431250
405029120453541
405029120468750
405029120492125
405029120512166
405029120532250
405029120547250
405029120571333
405029120586166
405029120607708
405029120622875
405029120644666
405029120664791
405029120678583
405029120700708
405029120716333
405029120738208
405029120753250
405029120777041
405029120792625
405029120814375
405029120829791
405029120852041
405029120871958
405029120888708
405029120907208
405029120922750
405029120944750
405029120960083
405029120984416
405029121004291
405029121019666
405029121041791
405029121061791
405029121075875
405029121098041
405029121113625
405029121135416
405029121150708
405029121172666
405029121194208
405029121209375
405029121231625
405029121247083
405029121268833
405029121288833
405029121302916
405029121324791
405029121339791
405029121361250
405029121376583
405029121398791
405029121419541
405029121439625
405029121453541
405029121476916
405029121496708
405029163218708
405029168140666
405029175319291
405029181453916
405030287026583
405030902353000
405030902466458
405030902487958
405030902506041
405030902521208
405030902535416
405030902579166
405030902620708
405030902653875
405030902698958
405030902733250
405030902787041
405030902827750
405030902862083
405030902907791
405031823231958
405032010556083
405032017435000
405032023970000
405032030274041
405033461764458
405033513170250
405033513256958
405033513277125
405033513294291
405033513310250
405033513358916
405033513403083
405033593858791
405033593925541
405033593943208
405033593964416
405033594013375
405033594048375
405033594093750
405033594134958
405033594170416
405033594215125
405033594248875
405033594302083
405033705643291
405033705702833
405033705719333
405033705756958
405033705798416
405033705838958
405033705879166
405033705919375
405033705959916
405033705999958
405033706040208
405033706085583
405033706126375
405033706166875
405033706206458
405033706246916
405033706286666
405033706326791
405033706366541
405033706405916
405033706445416
405033706484750
405033706529666
405033709479416
405033709514541
405033709560416
405033709600291
405033709640125
405033709680708
405033709720583
405033709755375
405033709800958
405033709841333
405033709881333
405033709925250
405033709964875
405033710004583
405033710044666
405033710084000
405033710123416
405033710158125
405033710202750
405033710242583
405033710282375
405033710322166
405033710365375
405033710405166
405033710444583
405033710483833
405033710522916
405033710563125
405033710602458
405033710642000
405033710682083
405033710721666
405033710760208
405033710815875
405033710855208
405033710891291
405033710934166
405033710981250
405033711020416
405033711060916
405033711100916
405033711154125
405033711191750
405033711234250
405033711277416
405033711318791
405033711346500
405033711372666
405033711396208
405033711419083
405033711442083
405033711465708
405033711489125
405033877353625
405033976138375
405033976368833
405033976416958
405033976456625
405033976484958
405033976528541
405033976564166
405033976607541
405033976638458
405033976680000
405033976717666
405033976768500
405033976799375
405033976842666
405033976873333
405033976916500
405033976949166
405033976993333
405033977025291
405033977069291
405033977108416
405033977142541
405033977184916
405033977218416
405033977259125
405033977291333
405033977334375
405033977364833
405033977407708
405033977438750
405033977482041
405033977512333
405033977556083
405033977598291
405033977631000
405033977673666
405033977701791
405033977745708
405033977789750
405033977814458
405033977854500
405033977883958
405033977927250
405033977956833
405033978006416
405033978039250
405033978081708
405033978114041
405033978157250
405033978189166
405033978233000
405033978265916
405033978308500
405033978340458
405033978383833
405033978425791
405033978458541
405033978501333
405033978533916
405033978577458
405033978616708
405033978649541
405033978692916
405033978732666
405033978775333
405033978807916
405033978855291
405033978888458
405033978931375
405033978963916
405033979007875
405033979039708
405033979082875
405033979115666
405033979158791
405033979190291
405033979234208
405033979274833
405033979313958
405033979343875
405033979387791
405033979426833
405033979466583
405033979498416
405033979541833
405033979574333
405033979617750
405033979650041
405033979700666
405033979731833
405033979772833
405033979796666
405033979832958
405033979856166
405033979890541
405033979914291
405033979947916
405033979970000
405033980003666
405033980036500
405033980061666
405033980095250
405033980119125
405033980152416
405033980176958
405033980210750
405033980235250
405033980268833
405033980293375
405033980325958
405033980360791
405033980385750
405033980419833
405033980442750
405033980476291
405033980500166
405033980553500
405033980584541
405033980617041
405033980642125
405034280722208
405034280839500
405034280862041
405034280875250
405034280889750
405034280902958
405034280930750
405034280973333
405034281004625
405034281046875
405034894483250
405034897652958
405035206070375
405038121014958
405038121075375
405038150372041
405039277737500
405039605527250
405040117453916
405040733222666
405041654324916
405041654440625
405042473876916
405043502457666
405044624386041
405044624491916
405044882054791
405044898527000
405044974382833
405045107143083
405045854894500
405046880374166
405046880488708
405047902302000
405047902421041
405047902441458
405047902458291
405047902474208
405047902518208
405047902563041
405047902807041
405047909130166
405047915633416
405047925224708
405047928784333
405047939200291
405047942511541
405047955037708
405047958288750
405047964630708
405047971647625
405049645066500
405049645189791
405049645214166
405049645227833
405049645242166
405049949661958
405049949778208
405049949797583
405049949812791
405049949827625
405049949878250
405049949925208
405049949969750
405049950013833
405049950058375
405050358277208
405050767086208
405050817159291
405051791239750
405052098422625
405052223193875
405052223311458
405052223483166
405052223522208
405053943032583
405054351872583
405054661011750
405055068000208
405055238446083
405055238542291
405055887220500
405056911818875
405056911936875
405057218397208
405057218509083
405057218528916
405059685372166
405059685482958
405059685501250
405059685516583
405059685532125
405059685550958
405059685600208
405062646778541
405063873667958
405063873791000
405063873811166
405063873899916
405063873935750
405063873991666
405063874027333
405063874065666
405063874100541
405064282992458
405064898668291
405065038305791
405065449348458
405066437966125
405066438076250
405066438095041
405066438109250
405066438125916
405066438151666
405066438194958
405066438230250
405066438272916
405066438305083
405066438351083
405066438399416
405066438439416
405066438479500
405066438520291
405066438560500
405066438600208
405066904761166
405067556326250
405067572937666
405068379067000
405069408585916
405069916160083
405069916274916
405069916295375
405069916310666
405069916325500
405069916339041
405069916386875
405069916428875
405069916468916
405069916510625
405070001711541
405070054511375
405070054573750
405070054591500
405070054637166
405070054675750
405070124226250
405071863014208
405071863135791
405071863154500
405071863170541
405071863185416
405073193051750
405073706465958
405073706576791
405074932826958
405075752812583
405077600437125
405077600549083
405078005596333
405078005717583
405078723309375
405079850219416
405080360371000
405080873131583
405080873243125
405081487723583
405081557010166
405081557125375
405081557148750
405081557164041
405081557178875
405081557192708
405081557240833
405081557275625
405081557321666
405081557354416
405081557401458
405081557453250
405081557488208
405081557532666
405081557565958
405081557610958
405082204174375
405082389730541
405083535833708
405083929100708
405083929225583
405083929263375
405083929277583
405083929292250
405083929305916
405083929320083
405083929363791
405083929408541
405083929448375
405084279764250
405085380402375
405085609878541
405085609979333
405085609998708
405085610014708
405086403399250
405087938414125
405088350267500
405088550825291
405089374184125
405090294637500
405090326718291
405090390677791
405091115039291
405091158729125
405091930870291
405091930982375
405092341820250
405092959811416
405092959930750
405092959949041
405092959963250
405092959977250
405092959993000
405092960040541
405092960076083
405092960114041
405092960161666
405092960200083
405092960243833
405092960288250
405092960325333
405092960350416
405092960399458
405092960443500
405092961018250
405092961181958
405092961273583
405092961393708
405092961421666
405092961477250
405092961512333
405092961554208
405092961598833
405092961639708
405092961680208
405092961714500
405092961760416
405092961800666
405092961866708
405095223038375
405095268940500
405095393110041
405095587042083
405095587153250
405095587171541
405095587184958
405095587199541
405095587227375
405095587270750
405095587310958
405095587343791
405095587389958
405095587423916
405095587477666
405095587519083
405095587559291
405095587593875
405095587639750
405095587674666
405095587720125
405095587759208
405095587807250
405095928011541
405095928126083
405095928146208
405096232075625
405096950310666
405096950434750
405096950454583
405096950468541
405096950483625
405096950515791
405096950560291
405096950592958
405096950638041
405096950672625
405096950718000
405096950757125
405096950801333
405096950841125
405096950881708
405096950922083
405096950962083
405096950995125
405096951041333
405096951081500
405096951121500
405096951160541
405096951199958
405096951242833
405096951282458
405096951321833
405096951362583
405096951396625
405096951447916
405096951487083
405096951527208
405096951566083
405096951605708
405096951645458
405096951690250
405096951733250
405096951773416
405096951812833
405096951853458
405097872530666
405097872646375
405097872665791
405097872680125
405097872695208
405097872726333
405097872771833
405097872830041
405097872864333
405097872909416
405097872950000
405097872989708
405097873030250
405097873070791
405097873110458
405097873149875
405097873190125
405097873236791
405097873281291
405097873323500
405097873357500
405097873401500
405097873441208
405097873481041
405097873520416
405097873564666
405097873598583
405097873646541
405097873686541
405099919962583
405099920083791
405099920104125
405099920118583
405099920141000
405099920157166
405099920187541
405099920232708
405099920269916
405099920326125
405099920371958
405099920415791
405099920465333
405099920506250
405099920546083
405099920592375
405099920630333
405099920661666
405099920699250
405099920744416
405099920779125
405099920823916
405099920858250
405099920912416
405099920953875
405099920984166
405099921028166
405099921076875
405099921097166
405099921144416
405099921186541
405099921227125
405099932460541
405099932512458
405099932553958
405099932594708
405099932634833
405099932675333
405100012351125
405100012418833
405100012434625
405100012450000
405100012499208
405100012540791
405100012575083
405100012620833
405100012653291
405100012699541
405100012739583
405100012786708
405100012827125
405100012866916
405100012906583
405100012948458
405100012989166
405100013028791
405100013070208
405100013110625
405100013150041
405100013189750
405100013234958
405100013274958
405100013314875
405100013354833
405100013388750
405100013433833
405100013473791
405100013514541
405100013554166
405100013594375
405100013634750
405100013678208
405100013728583
405100013756000
405100013802625
405100013837000
405100013881958
405100013921750
405100013961583
405100014001750
405100014047791
405100014085666
405100014112625
405100014136458
405100014160083
405100014184166
405100014207916
405100014227416
405100014254250
405100014278416
405100014302625
405100329336250
405100329408958
405100329427583
405100329443750
405100329488083
405100329520875
405100329565041
405100329599833
405100329644458
405100329684625
405100329724291
405100329770541
405100329810416
405100329850416
405100329890291
405100329930125
405100329969875
405100330009333
405100330049458
405100330089250
405100330129166
405100330168791
405100330211833
405100330251416
405100330291208
405100330330458
405100330370125
405100330410000
405100330449666
405100330489583
405100330529791
405100330570000
405100330609208
405100330652916
405100330692333
405100330732291
405100330772708
405100330807458
405100330857000
405100330887250
405100330928375
405100330967750
405100331007333
405100331046583
405100331090166
405100331129291
405100331169375
405100331209500
405100331249000
405100331288833
405100331328541
405100331368333
405100331408541
405100331448666
405100331488333
405100331531291
405100331571291
405100331611333
405100331651041
405100331690666
405100331730625
405100331770750
405100331810916
405100331851333
405100331891125
405100331931125
405100331973708
405100332014041
405100332053708
405100332092750
405100332132250
405100332172541
405100332211958
405100332252083
405100332291583
405100332331458
405100332370666
405100332414500
405100332453791
405100332493458
405100332532958
405100332573000
405100332612208
405100332651875
405100332691958
405100332732041
405100332771916
405100332806125
405100332852958
405100332886666
405100332910458
405100332934333
405100332952791
405100332980000
405100333003750
405100333027250
405100333050958
405100333069833
405100333096458
405100333120041
405100333144791
405100333168416
405100333192375
405100333216166
405100333240041
405100333263791
405100333282625
405100333309333
405100333333125
405100333356791
405100333380583
405100333406250
405100333429958
405100333453791
405100333472833
405100333500458
405100333524083
405100333547666
405100333589208
405100333613000
405100333636666
405100333660250
405100333683791
405100333707291
405100333731041
405100333754625
405100333778125
405100333801791
405100333820541
405100333850541
405100333874375
405100333898125
405100333921625
405100333945333
405100333968833
405100333992500
405100334019541
405100334046166
405100334069750
405100334098666
405100334122458
405100334146083
405100334169625
405100334193166
405100334216750
405100334235500
405100334262416
405100334286208
405100334310083
405100334343625
405100334366791
405100334390708
405100334414708
405100334438250
405100334462083
405100334485833
405100334509541
405100334533083
405100334556875
405100334580833
405100334604500
405100334629208
405100334653250
405100334676916
405100334700458
405100334724125
405100334748375
405100334767458
405100334794166
405100334817666
405100334839791
405100334854541
405100334879500
405100334900375
405100334916875
405100334940000
405100334960958
405100334976791
405100335000125
405100335020666
405100335041458
405100335061958
405100335082666
405100335103541
405100335124458
405100335140666
405100335164333
405100335184958
405100335200916
405100335223666
405100335244166
405100335264500
405100335285041
405100335301000
405100335326291
405100335346833
405100335367541
405100335383208
405100335406916
405100335427333
405100335443333
405100335465958
405100335486625
405100335502583
405100335525458
405100335547250
405100335568208
405100335588500
405100335609166
405100335625166
405100335648625
405100335669250
405100335689958
405100335771250
405100335787625
405100335810416
405100335826750
405100335850041
405100335866333
405100335889958
405100335910708
405100335926708
405100335949750
405100335970416
405100335991875
405100336012458
405100336028666
405100336051416
405100336071916
405100336092458
405100336112916
405100336128916
405100336152500
405100336173166
405100336193833
405100336214875
405100336235583
405100336251625
405100336274916
405100336295583
405100336316291
405100336332708
405100336355833
405100336376500
405100336392583
405100336415833
405100336437458
405100336458416
405100336474500
405100336497541
405100336518083
405100336538708
405100336554375
405100336577666
405100336598125
405100336614375
405100336637291
405100336658791
405100336679541
405100336699958
405100336720375
405100336736916
405100336759750
405100336780625
405100336796750
405100336820000
405100336840666
405100336860875
405100336881958
405100336902333
405100336922625
405100336943083
405100336963458
405100336979500
405100337002708
405100337026208
405100337046500
405100337067125
405100337087541
405100337103250
405100337126708
405100337147166
405100337163208
405100337186250
405100337206708
405100337227041
405100337248625
405100337269166
405100337289375
405100337309750
405100337325416
405100337348458
405100337368958
405100337384916
405100337408208
405100337428833
405100337443500
405100337468375
405100337488833
405100337513750
405100337523250
405100337548500
405100337571291
405100337591791
405100337612041
405100337628041
405100337651041
405100337671666
405100337692958
405100501776291
405100501883916
405100501902000
405100501919083
405100501933875
405100501960500
405100502005750
405100502039500
405100502083875
405100502126666
405100502166541
405100502216000
405100502256416
405100502296583
405100502335875
405100502376375
405100502415666
405100502456250
405100502496041
405100502536791
405100502576583
405100502617416
405100502660958
405100502702208
405100502742375
405100502782583
405100502822416
405100502863916
405100502903833
405100502945916
405100502985541
405100503026458
405100503066500
405100503111791
405100503152000
405100503192958
405100503233291
405100503273958
405100503307000
405100503353583
405100503393541
405100503433958
405100503485500
405100503526708
405100503566291
405100503607458
405100503647208
405100503687500
405100503727541
405100503768416
405100503807666
405100503847791
405100503887625
405100503932625
405100503972500
405100504012916
405100504052083
405100504092666
405100504132166
405100504173916
405100504213500
405100504253625
405100504293333
405100504333916
405100504377500
405100504418583
405100504458583
405100504498708
405100504538250
405100504579291
405100504619125
405100504667708
405100504707333
405100504746708
405100504786500
405100504829916
405100504857375
405100504881125
405100504905416
405100504932916
405100504947625
405100504976541
405100505002291
405100505026541
405100505050166
405100505074250
405100505097791
405100505121833
405100505145541
405100505169166
405100505192750
405100505216708
405100505240500
405100505269625
405100505293083
405100505317166
405100505341000
405100505364958
405100505388958
405100505412916
405100505436500
405100505460458
405100505484333
405100505508000
405100505533375
405100505557666
405100505581333
405100505605000
405100505628833
405100505652708
405100505671291
405100505698875
405100505722791
405100505746750
405100505771750
405100505798666
405100505822291
405100505846541
405100505870333
405100505893916
405100505917916
405100505941875
405100505965250
405100505989708
405100506013208
405100506037458
405100506063125
405100506199791
405100506219291
405100506245000
405100506266125
405100506286708
405100506313500
405100506337791
405100506361916
405100506386125
405100506404916
405100506433000
405100506459166
405100506483166
405100506506916
405100506532000
405100506556000
405100506579916
405100506603708
405100506627416
405100506650958
405100506675416
405100506699208
405100506725625
405100506746291
405100506771500
405100506798291
405100506818791
405100506840208
405100506861125
405100506877583
405100506901625
405100506922625
405100506943500
405100506964750
405100506985458
405100507006000
405100507026750
405100507047250
405100507068166
405100507084500
405100507107750
405100507128666
405100507149250
405100507169791
405100507192083
405100507212583
405100507233291
405100507253750
405100507274625
405100507295125
405100507316125
405100507336666
405100507357583
405100507378041
405100507398666
405100507420291
405100507441375
405100507462000
405100507482541
405100507503333
405100507523958
405100507544750
405100507565333
405100507586125
405100507606750
405100507627750
405100507650916
405100507671333
405100507692208
405100507712958
405100507734291
405100507754833
405100507775708
405100507791916
405100507815833
405100507836500
405100507857416
405100507878791
405100507906000
405100507915708
405100507937750
405100507958375
405100507980833
405100508001791
405100508017875
405100508042500
405100508063208
405100508084208
405100508104791
405100508127416
405100508148291
405100508169000
405100508189583
405100508210250
405100508231041
405100508251625
405100508272416
405100508293000
405100508308958
405100508333541
405100508355083
405100508376500
405100508397041
405100508417708
405100508438166
405100508459125
405100508475416
405100508500208
405100508520833
405100508541166
405100508561500
405100508584375
405100508604958
405100508625500
405100508646125
405100508666541
405100508687166
405100508707875
405100508731041
405100508751041
405100508784250
405100508806625
405100508817583
405100508831041
405100508855875
405100508876791
405100508897583
405100508913625
405100508936375
405100508958375
405100508978791
405100508999250
405100509015083
405100509037750
405100509058291
405100509074833
405100509097791
405100509121958
405100509142750
405100509158791
405100509182083
405100509207708
405100509229875
405100509253666
405100509276458
405100509296958
405100509317416
405100509333666
405100509359291
405101558669458
405101868347291
405101868416041
405101890986791
405101893358333
405101893404875
405101893998375
405101928638916
405102009217708
405102212393250
405102215244125
405102234967750
405102581633500
405102581764541
405102723464625
405103207328458
405103895960083
405103981314750
405103981378375
405103981397000
405103981425166
405103981469708
405103981500500
405103981549416
405103981590166
405103981622416
405103981668208
405103981700875
405103981752958
405103981784791
405103981830541
405103981864916
405103981909833
405103981950833
405103981990541
405103982030583
405103982070291
405103982110541
405103982151541
405103982194875
405103982234875
405103982275250
405103982315750
405103982349666
405103982391500
405103982438125
405103982478208
405103982518375
405103982558375
405103982598625
405103982643916
405103982684625
405103982725166
405103982764875
405103982805583
405103982845875
405103982886500
405103982914416
405103982961916
405103983003500
405103983043208
405103983088583
405103983128041
405103983168791
405103983208708
405103983250041
405103983299041
405103983340208
405103983379291
405103983419500
405103983459625
405103983500500
405103983540375
405103983581041
405103983620875
405103983661458
405103983701166
405103987008625
405103987038333
405103987083916
405103987125416
405103987159416
405103987205333
405103987245500
405103987285625
405103987325500
405103987366958
405103987401375
405103987452833
405103987493375
405103987533166
405103989470208
405103989505375
405103989550000
405103989592083
405103989632125
405103989671875
405103989711833
405103989751833
405103989792500
405103989832291
405103996588166
405103996626916
405103996664208
405103996700375
405103996746583
405103996780708
405103996827083
405103996861166
405103996905791
405103996946416
405103996987333
405103997032333
405103997073208
405104003560333
405104003607958
405104003628083
405104003672625
405104003707875
405104003753208
405104003793666
405104003837000
405104003865208
405104003909583
405104010376791
405104011047000
405104011075458
405104011120833
405104011160291
405104011199458
405104011251375
405104011291166
405104011311958
405104011358791
405104011392250
405104011436958
405104011482291
405104017403416
405104017437750
405104017446500
405104017455000
405104017480000
405104017497041
405104017519041
405104017535833
405104017558416
405104017572750
405104023389125
405104023420708
405104023467208
405104023500583
405104029434708
405104029468958
405104029512333
405104029553875
405104029594875
405104029635125
405104029669166
405104029714708
405104029747375
405104035592250
405104035634791
405104035653125
405104035702791
405104035737125
405104035782416
405104041444625
405104041488666
405104248679666
405104248768958
405104736322000
405104736418625
405104736436125
405104736453000
405104736467791
405104736507916
405104736555916
405104736587791
405104736632750
405104736667708
405104736714125
405104736762458
405104736798125
405104736842875
405104736876333
405104736921375
405104736953750
405104736998125
405104737040000
405104737080041
405104737122166
405104737161708
405104737205041
405104737245125
405104737285833
405104737326625
405104737365708
405104737406458
405104737446833
405104737486291
405104737525791
405104737565541
405104737605791
405104737651125
405104737691875
405104737731166
405104737771666
405104737810750
405104737851416
405104737890375
405104737927375
405104737971083
405104738011416
405104738051291
405104738096041
405104738135666
405104738176166
405104738216166
405104738257333
405104738297250
405104738338083
405104738378916
405104738418875
405104738460791
405104738510541
405104738531708
405104738576708
405104738610500
405104738627916
405104738656041
405104738675541
405104738703083
405104738727250
405104738751125
405104738775166
405104738794708
405104738827666
405104738851250
405104738876916
405104738900541
405104738924875
405104738948958
405104740477083
405104740499833
405104740531416
405104740551250
405104740571833
405104740583083
405104740602000
405104740613500
405104740632500
405104740643750
405104740662875
405104740679333
405104740695583
405104740706791
405104740726625
405104740738708
405104740758250
405104740960666
405104740978083
405104741997458
405104812991916
405105210507333
405105960673625
405106677757708
405106677835291
405106677854875
405106677870583
405106677902208
405106677946500
405106677981833
405106678026708
405106678067708
405106678102041
405106678146750
405106678193541
405106678234041
405106678274291
405106678314333
405106678353458
405106678393208
405106986363500
405106989213666
405106989254958
405106989287708
405106989331375
405106989366208
405106989409208
405106989443083
405106989487458
405106989522291
405106989566708
405106989616958
405106989660625
405106989698250
405106989742375
405106989779416
405106989800041
405106989849583
405106989882708
405106989927416
405106989961125
405106990006291
405106990047250
405106990091416
405106990131791
405106990165791
405106990210291
405106990250416
405106990290625
405107141099500
405107141169500
405107141187083
405107141202958
405107141251500
405107141282041
405107141325750
405107141375291
405107141404833
405107141447875
405107141481708
405107141535083
405107141570333
405107141614000
405107141656250
405107142548958
405107142586000
405107142658416
405107142720416
405107142740708
405107142756500
405107142794208
405107142828625
405107142885500
405107144493750
405107497435250
405107497537375
405107497555625
405107497570916
405107907815166
405107907931708
405107907952333
405107907968875
405107907984500
405107908000416
405107908042791
405107908076000
405107908120833
405107908173333
405107908215916
405107908248500
405107908293625
405107908333958
405107908375125
405107908414833
405107908455625
405107908501750
405107908542000
405107908581375
405107908621708
405107908662041
405107908702958
405107908735875
405107908781833
405107908821416
405107908862500
405107908902416
405107908946541
405107908986291
405107909027041
405107909067708
405107909108500
405107909155166
405107909197333
405107909237666
405107909278541
405107909317750
405107909357875
405107909400333
405107909439916
405107909479916
405107909520291
405107909560458
405107909606041
405107909645625
405107909685916
405107909733291
405107909780541
405107909820541
405107909860625
405107909900416
405107909940291
405107909980500
405107910020500
405107910060875
405107910100666
405107910140791
405107910180250
405107910223291
405107910263708
405107910303541
405107910349666
405107910390041
405107910430375
405107910469791
405107910509916
405107910549375
405107910589583
405107910629458
405107910675625
405107910710458
405107910756291
405107910795541
405107910835750
405107910875125
405107910915125
405107910954583
405107910995041
405107911035125
405107911075125
405107911117041
405107911157541
405107911194333
405107911237541
405107911268458
405107911295583
405107911319833
405107911343750
405107911367958
405107911391708
405107911416041
405107911439916
405107911464166
405107911488000
405107911508500
405107911535083
405107911562291
405107911581291
405107911609583
405107911633666
405107911657291
405107911680958
405107911700875
405107911727833
405107911751916
405107911776125
405107911800041
405107911825000
405107911848583
405107911991958
405107912011958
405107912038875
405107912064875
405107912076833
405107912105916
405107912130041
405107912153958
405107912177708
405107912197333
405107912225000
405107912250166
405107912274458
405107912298416
405107912322625
405107912346208
405107912370375
405107912389791
405107912417791
405107912441916
405107912466041
405107912484958
405107912511541
405107912538375
405107912562458
405107912579250
405107912606833
405107912631375
405107912650541
405107912677916
405107912701833
405107912725708
405107912743291
405107912773833
405107912797750
405107912821666
405107912845500
405107912869833
405107912893666
405107912917625
405107912941750
405107912960083
405107912986291
405107913010041
405107913034791
405107913059041
405107913082791
405107913103583
405107913126208
405107913157666
405107913172416
405107913195791
405107913210708
405107913234833
405107913255458
405107913278041
405107913298708
405107913320333
405107913341208
405107913357541
405107913383000
405107913404125
405107913419958
405107913444791
405107913461041
405107913485750
405107913507291
405107913527958
405107913548375
405107913568791
405107913589416
405107913610083
405107913630750
405107913648416
405107913671500
405107913692500
405107913721583
405107913746708
405107913765375
405107913785375
405107913806291
405107913822125
405107913845666
405107913862125
405107913886750
405107913907500
405107913928000
405107913948666
405107913963541
405107913988958
405107914009708
405107914030500
405107914051166
405107914071791
405107914092333
405107914108708
405107914133375
405107914149208
405107914172125
405107914188416
405107914216541
405107914237375
405107914257916
405107914278458
405107914299125
405107914314958
405107914338833
405107914359416
405107914380166
405107914395708
405107914419125
405107914440916
405107914461875
405107914477125
405107914501500
405107914522458
405107914543500
405107914559875
405107914584250
405107914606791
405107914627416
405107914643125
405107914666625
405107914687458
405107914708250
405107914724083
405107914748708
405107914765041
405107914789458
405107914805666
405107959088041
405107959133666
405107959153583
405107959203458
405107959237500
405107959282958
405107959315708
405107959359958
405107959394375
405107959438333
405107959477875
405107959523250
405107959563083
405107959602833
405107959642625
405107959681916
405107959721958
405107959761916
405107959801625
405107959841000
405107959880166
405107959919625
405107959962333
405107960002291
405107960041750
405107960081833
405107960121125
405107960160625
405107960200166
405107960239791
405107960279125
405107960319333
405107960358916
405107960401125
405107960441000
405107960480708
405107960520750
405107960560916
405107960600750
405107960635416
405107960687333
405107960712333
405107960759875
405107960793250
405107960838166
405107960878416
405107960918458
405107960958666
405107960998125
405107961038250
405107961078041
405107961117791
405107961157500
405107961197250
405107961237125
405107961282083
405107961323458
405107961367000
405107961393666
405108003439750
405108003493375
405108003510166
405108003559708
405108092912916
405108094607041
405108287729833
405109186541250
405109186634541
405109186653541
405109186674708
405109186690500
405109186717083
405109186757500
405109186792083
405110261458666
405110261571541
405110261591166
405110778438250
405110796759000
405110796809250
405111185313708
405111185416916
405111185436958
405111185451875
405111185466875
405111185483041
405111185531875
405111185570000
405111185589833
405111495621208
405112105746250
405112550025416
405113230395208
405113742506666
405113748441250
405113865957416
405114153742541
405114666665666
405116510899791
405116918004833
405116918114291
405116918132916
405116918146958
405117331025416
405117405518291
405117569040833
405117570471875
405117940652166
405117981455083
405118453562458
405118760586333
405119990293208
405120709216208
405120979607000
405122347733083
405122454863500
405122650277583
405122724068166
405122851607625
405123880051375
405124293338666
405124598438875
405124598547250
405124598568041
405124598584041
405124598598708
405124598642916
405125314036833
405125420527583
405125449883000
405126037802291
405126037919291
405126054949791
405126648968250
405126649082125
405127570566333
405127640169291
405128704127375
405129206680958
405129206788291
405129206807583
405129206823708
405129206839125
405129206857458
405129206907333
405129206947708
405129206988833
405129207029916
405129207070166
405129207118500
405129207159541
405129207199833
405129207240375
405129207279958
405129207320583
405129207360291
405129207394416
405129207438791
405129207478625
405129207519125
405129207565041
405129207604458
405129622131916
405130542345041
405130726889125
405130855933625
405131253649916
405131975143625
405131975357166
405131975378000
405131975383708
405131975387791
405131975391166
405131975394541
405131975398166
405131975827750
405131975837208
405131975841583
405131975845416
405131975849500
405132585904166
405133116564291
405133116630166
405133119787875
405133260750583
405133440573333
405133469904416
405133509110416
405133513420583
405133945209333
405134638513708
405135992727875
405137501259833
405137662315708
405137782935416
405138526934083
405139958242291
405140066474416
405140087355000
405140675519208
405141231613041
405141903532375
405142210634958
405142210743541
405142291013833
405142440305833
405142873633625
405143440016000
405143458419625
405143490106500
405143677809583
405143703638750
405144259365958
405144976056416
405144996537708
405144996609541
405144996627583
405144996643666
405144996688125
405144996722916
405144996768333
405144996802916
405144996846541
405144996887250
405144996928166
405144996977416
405144997010833
405144997055666
405144997095625
405144997135041
405144997175458
405144997216458
405144997250500
405144997295041
405144997335125
405144997374750
405144997421750
405144997461708
405145193550625
405145203082375
405145691552208
405145691643958
405145765012000
405146408234000
405146486046583
405146617309000
405147436415041
405148149284125
405148661312041
405148661453208
405149483354791
405149705615416
405150575621541
405150575737458
405150575757541
405150575774500
405150575789000
405150575801833
405150575827875
405150575864875
405150575917125
405150575956250
405150589415208
405150897549625
405151529404666
405151529516375
405151529536250
405151529551125
405151529566416
405151529580583
405151529618416
405151529650583
405151529693833
405151548259166
405152044112333
405152044227541
405152044248833
405152086347375
405152761529333
405152761643458
405152761663416
405152761678666
405153679381666
405154398683583
405155216207291
405155726384583
405155726462750
405155726481541
405155726498416
405155726517625
405155726564333
405155726596750
405155857507958
405155941182666
405156062438458
405156754894250
405157368783208
405158184625166
405158601276916
405158601396875
405158601416583
405158601435041
405158601450666
405158601464000
405158601478375
405158601530708
405158601553041
405158631055958
405161058405125
405161058522583
405161058541583
405161058558291
405161058575541
405161877134250
405161877261750
405161877280875
405161877294500
405161877310500
405161877325916
405161877341833
405161877383333
405161877416083
405161877459000
405162691078000
405163304425958
405163304547583
405163304568958
405163304582625
405163304597291
405163304612208
405163304652875
405163714509500
405163714620625
405163714639666
405164020853291
405164840295500
405165308756208
405165850698541
405166178246500
405166178345583
405167406078208
405167457694458
405167506802916
405167706804416
405167836544125
405167904945333
405168674966833
405169141467125
405169960822458
405170067880500
405170095456666
405170267990958
405171291746583
405171446777666
405172114172291
405172624628750
405172711361875
405173032132583
405173954597291
405174261662541
405174671424833
405175291978333
405175292081625
405175461128208
405175637474750
405176309025083
405176617036666
405176690436625
405176690504000
405176690520500
405176690540708
405176690589916
405176737083375
405176784470500
405176830720583
405176845292541
405176959529666
405177949325541
405177949430458
405178255593708
405178255704833
405178255723750
405178255739500
405178255763333
405178255777416
405178255803916
405178255847791
405178255880791
405178255925375
405178255957375
405178325036458
405178325160708
405178325180708
405178516554166
405178516672416
405178516691458
405178516705041
405178516720041
405178516732833
405178664606291
405178664708750
405178664726166
405179894463166
405179894584375
405179894602625
405179894619541
405179894635958
405179894651875
405179894680625
405179894724625
405179894759166
405179894804000
405179894837583
405179894891666
405179894925791
405179894971291
405179895012166
405179895047041
405179895091291
405179895131000
405179895172250
405179895205375
405179895251083
405179895290708
405179895337000
405179895376416
405179895423416
405179895462916
405179895514875
405179895554625
405179895596083
405179895649166
405179895687875
405179895719708
405179895779583
405179895814083
405179895860333
405180302949833
405180303068708
405180410463708
405180410520458
405180410537583
405180541625916
405180796557083
405180811536458
405180811618833
405180811638750
405180811654583
405181636643166
405181941633000
405181941746958
405181941765875
405181941780583
405181941798291
405182454906541
405182455019958
405182660447666
405182660563708
405182716535708
405182716620583
405182716638041
405182716651750
405182716666125
405182716709333
405182716741666
405182716787291
405182716828166
405182716862500
405182716908166
405182716958708
405184091921958
405185210139291
405185210263375
405185210288208
405185210306500
405185210322791
405185210337041
405185210371916
405185467278291
405185467386375
405185469886625
405185839445250
405185839559541
405185839582541
405185839596250
405185839611333
405185839626000
405185839672041
405185839705916
405185839753958
405185839792041
405185839827250
405185839873291
405185839913125
405185839955375
405185839988500
405185840032625
405185840067750
405185840113125
405185840154416
405185840187875
405185840233000
405185840266708
405185840324125
405185840353625
405185840397958
405185840438500
405185840478500
405185840519125
405185840558875
405185840598458
405185840637791
405185840677750
405185840717500
405185840765750
405185840806875
405185842457416
405185842496041
405185842545958
405185842582500
405185842626500
405185842663500
405185842706375
405185842739666
405185842785333
405185842817375
405185842864541
405185842905791
405185842946583
405185842990000
405185843030750
405185843064166
405185843111208
405185843146000
405185843191916
405185843231916
405185843273083
405185843312333
405185843352666
405185843392500
405185843435500
405185843475333
405185843511500
405185843563875
405185843600166
405185843644750
405185843685083
405185843724958
405185843764458
405185843804333
405185843843333
405185843883708
405185843923625
405185843962708
405185844007375
405185844046958
405185844086833
405185844127000
405185844167750
405185844207000
405185844247958
405185844287500
405185844331375
405185844373375
405185844415541
405185844441208
405185844468291
405185844487833
405185844514791
405185844538083
405185844561375
405185844584958
405185844608208
405185844631541
405185844655833
405185844677166
405185844699708
405185844732708
405185844755916
405185844780500
405185844809208
405185844835208
405185844858250
405185844884916
405185844908166
405185844940250
405185844959583
405185844987291
405185845010916
405185845034625
405185845061333
405185845086250
405185845105208
405185845129625
405185845149416
405185845175250
405185845198666
405185845221791
405185845245083
405185845268625
405185845291833
405185845317541
405185845338333
405185845364958
405185845389416
405185845412958
405185845436666
405185845455333
405185845480916
405185845507166
405185845530625
405185845557166
405185845580583
405185845604166
405185845627125
405185845661875
405185845685083
405185845709250
405185845728083
405185845758916
405185845782208
405185845805458
405185845824083
405185845851125
405185845874583
405185845898250
405185845923625
405185845946791
405185845969958
405185845993541
405185846012666
405185846041416
405185846064250
405185846087708
405185846110708
405185846133875
405185846156166
405185846181458
405185846204666
405185846223875
405185846279458
405185846303833
405185846319541
405185846347708
405185846367041
405185846392416
405185846412750
405185846427875
405185846450625
405185846471166
405185846491541
405185846512416
405185846529791
405185846554750
405185846575000
405185846590375
405185846614125
405185846634375
405185846654708
405185846674875
405185846703291
405185846723500
405185846743333
405185846759916
405185846785708
405185846806041
405185846826333
405185846846250
405185846866083
405185846886375
405185846906875
405185846923375
405185846948208
405185846968833
405185846988750
405185847009416
405185847029416
405185847049500
405185847069875
405185847086416
405185847108500
405185847128666
405185847149125
405185847170500
405185847191875
405185847211708
405185847239208
405185847255291
405185847279833
405185847299875
405185847320208
405185847340541
405185847362000
405185847382375
405185847404291
405185847420000
405185847446791
405185847466750
405185847490166
405185847510375
405185847530750
405185847550916
405185847571041
405185847587625
405185847609041
405185847635291
405185847655333
405185847678708
405185847698666
405185847721625
405185847741708
405185847768875
405185847789250
405185847853333
405185847875000
405185847889458
405185847912375
405185847933041
405185847953291
405185847973750
405185847994000
405185848014333
405185848034458
405185848054666
405185848075958
405185848096333
405185848116458
405185848133416
405185848156208
405185848176125
405185848196583
405185848216875
405185848237291
405185848257666
405185848278000
405185848299541
405185848319833
405185848340500
405185848360875
405185848382250
405185848402541
405185848422958
405185848443041
405185848464625
405185848484791
405185848504791
405185848526583
405185848546750
405185848567208
405185848587250
405185848607458
405185848628416
405185848648958
405185848669208
405185848684500
405185848708458
405185848728958
405185848750250
405185848770583
405185848791666
405185848807375
405185848830875
405185848851291
405185848871250
405185848891500
405185848911541
405185848932625
405185848948875
405185848974416
405185848994625
405185849014791
405185849036791
405185849057000
405185849073333
405185849096375
405185858110083
405185858131833
405185858159250
405185858177375
405185858203625
405185858227250
405185858250791
405185858268583
405185858295250
405185858319000
405185858342500
405185858367208
405185871972125
405186003239083
405186003344916
405186003362916
405186003377125
405186003393625
405186003422708
405186003467000
405186003508041
405186003548541
405186003579958
405186003625041
405186003673166
405186003714375
405186003750125
405186003793208
405186003833375
405186003873708
405186003913291
405186003952333
405186003993083
405186004032208
405186004074708
405186004117916
405186004157916
405186004192208
405186004238125
405186004277708
405186004318791
405186004357625
405186004398625
405186004437916
405186004479625
405186004514708
405186004575000
405186004614875
405186004654958
405186004693916
405186004733958
405186004775500
405186004818666
405186004864916
405186004897416
405186004947416
405186004987250
405186005030916
405186005071458
405186005117833
405186005157708
405186005197333
405186005237083
405186005277541
405186005317250
405186005364250
405186005403666
405186005443458
405186005494708
405186005541250
405186005580750
405186005627750
405186005658791
405186005703541
405186005749833
405186005789500
405186005829666
405186005869250
405186005910291
405186005965000
405186006000708
405186006044750
405186006085000
405186006148666
405186013363625
405186013395625
405186013442125
405186013483583
405186013523208
405186013563375
405186013603041
405186013643416
405186013677416
405186013723125
405186013763666
405186013809583
405186013850041
405186013890000
405186013929291
405186013969041
405186014008000
405186014071750
405186014111875
405186014154041
405186014186458
405186014232750
405186014272708
405186014312458
405186014352583
405186014399541
405186014438333
405186014479166
405186014537500
405186014577666
405186014616916
405186014656750
405186014695875
405186014742583
405186014781875
405186014829291
405186014868750
405186014910000
405186014949458
405186014991833
405186015034041
405186015073750
405186015112750
405186015156416
405186015185916
405186015231875
405186015271041
405186015310666
405186015349875
405186015390250
405186015432833
405186015474875
405186015514833
405186015554291
405186015593833
405186015646083
405186015684750
405186015737000
405186015776625
405186015839833
405186015884708
405186015929875
405186156263916
405186257883708
405186753607083
405186753719125
405186753739000
405186925427958
405186946397458
405187370337916
405187474937458
405187475012666
405187475029791
405187475046541
405187475086750
405187475121416
405187475168041
405187475208333
405187475248583
405187475280375
405187475325083
405187475372000
405187475413000
405187475452458
405187475492833
405187475532250
405187475578583
405187475617958
405187475659666
405187475699458
405187475740041
405187475779875
405187475831333
405187475872500
405187524852458
405187524905625
405187524935875
405187881029250
405187881150125
405187881169833
405187881184666
405187881201416
405187881218041
405187881269333
405187931251000
405188496184208
405188656584666
405189318829791
405189728697875
405189728811333
405189728830500
405189728845208
405189728863000
405189728879500
405189728924625
405189728959041
405189729002750
405189729037666
405189729082458
405189729133250
405189729174041
405189729214791
405189729254666
405189729303500
405189729348791
405189729394708
405189729441208
405189729482833
405189729522375
405189729561916
405189729601791
405189729642250
405189729681875
405189729722583
405189729762000
405189729823791
405190031834833
405190031949125
405190031971166
405190441760875
405190849756416
405190977536041
405191176775541
405191176873416
405191260216958
405191875233708
405192052332250
405192696579416
405192856444166
405193513003833
405193923971583
405193924080166
405193924098791
405193924113041
405193924128083
405193924144083
405193924194541
405193924230041
405193924275083
405193924317041
405193924349500
405193924409291
405193924447041
405193924488666
405193924523958
405193924576958
405193924620625
405193924659916
405193924699958
405193924740333
405193924787041
405193924827750
405193924882041
405193924922791
405193924963250
405194009212791
405194009312750
405194009331666
405194015032833
405194015090458
405194336151833
405194336258500
405194336279250
405194743835083
405194743956958
405194743980500
405194743995458
405194744010333
405194744027041
405194744057291
405195049463583
405195049582583
405195049605083
405195144328208
405195144446416
405195144466583
405195144482500
405195241658166
405195241731000
405195241747375
405195241762583
405195241807916
405195241841541
405195241887500
405195241923083
405195241966583
405195242006375
405195242047000
405195662967208
405195663088750
405195663111000
405195663126666
405195663142666
405195663158833
405195663222375
405195663256708
405195663275291
405195663322250
405195663343625
405195663389958
405195663437500
405195663471458
405195663513375
405195663546083
405195663587500
405195663618666
405195663662041
405195663693000
405195663735208
405195663764250
405195663803750
405195663856041
405195663894875
405195663916166
405195663974500
405195663996583
405195664023666
405195664061208
405195664101125
405195664157041
405195664177500
405195664211791
405195664248333
405195664289208
405195664330250
405195664351458
405195664398166
405195664454666
405195664488166
405195664530416
405195664560416
405195664606791
405195664630833
405195664676791
405195664715625
405195664756541
405195664783541
405195664828125
405195664871833
405195664905791
405195664942625
405195664965166
405195665015291
405195665046083
405195665088375
405195665128625
405195665153916
405195665194375
405195665238708
405195665279666
405195665313166
405195665357791
405195665396916
405195665437333
405195665473125
405195665514541
405195665545500
405195665588166
405195665693583
405195665726125
405195665770041
405195665800666
405195665843666
405195665884250
405195665907416
405195665947791
405195665983083
405195666029958
405195666050958
405195666103541
405195666139875
405195666180333
405195666213250
405195666255125
405195666285916
405195666331833
405195666352125
405195666393208
405195666411833
405195666436416
405195666457833
405195666483083
405195666502250
405195666523458
405195666545125
405195666567583
405195666592916
405195666613250
405195666638166
405195666656666
405195666680833
405195666705375
405195666722416
405195666747916
405195666765583
405195666790500
405195666807625
405195666830791
405195666852458
405195666874250
405195666918166
405195666928625
405195666937250
405195666962625
405195666983875
405195667007333
405195667028208
405195667054666
405195667070000
405195667092541
405195667113416
405195667139958
405195667160000
405195667188291
405195667210625
405195667230958
405195667250875
405195667273791
405195667298333
405195667314208
405195667339500
405195667358875
405195667380250
405195667405458
405195667439583
405195667451250
405195667471000
405195667533250
405195667545125
405195667553166
405195667561583
405195667581833
405195667596291
405195667622166
405195667644666
405195667669958
405195667693666
405195667715583
405195667737458
405195667759791
405195667782375
405195667804083
405195667825458
405195667848791
405195667870625
405195667900583
405195667936000
405195667970458
405195667997083
405195668024791
405195668037583
405195668061958
405195668090458
405195668098500
405195668121708
405195668143333
405195668164541
405195668195125
405195668218333
405195668245458
405195668268916
405195668286750
405195668312333
405195668332583
405195668353291
405195668370916
405195668390750
405195668409583
405195668453041
405195668460250
405195668466291
405195668484958
405195668504250
405195668583500
405195668604458
405195668622000
405195668644208
405195668662666
405195668680916
405195668698500
405195668716541
405195668735250
405195668753666
405195668774625
405195668797708
405195668818208
405195668839500
405195668853458
405195668876291
405195668893208
405195668909583
405195668932666
405195668949458
405195668972916
405195668995791
405195669013250
405195669033541
405195669054291
405195669068708
405195669091500
405195669110583
405195669129750
405195669144708
405195669166916
405195669194125
405195669217125
405195669241291
405195669260416
405195669279708
405195669298750
405195669313166
405195669337750
405195669359583
405195669381833
405195669404291
405195669423083
405195669438291
405195669462041
405195669480875
405195669505833
405195669528958
405195669547916
405195669568625
405195669588000
405195669607041
405195669626083
405195669645333
405195669664458
405195669684583
405195669703625
405195669722708
405195669741458
405195669755333
405195669777291
405195669790708
405195669816125
405195669837375
405195669859708
405195669878625
405195669899583
405195669918541
405195669931750
405195669958166
405195669980375
405195670000291
405195670023000
405195670044958
405195670067416
405195670089500
405195670111750
405195670135875
405195670157958
405195670173375
405195670208583
405195670229416
405195670246458
405195670269166
405195670288708
405195670303625
405195670326916
405195670348791
405195670371375
405195670393833
405195670412375
405195670437125
405195670454375
405195670476833
405195670499416
405195670520708
405195670534250
405195670558083
405195670574458
405195670597625
405195670619583
405195670641916
405195670664291
405195670682791
405195670704333
405195670721916
405195670742708
405195670760416
405195670782500
405195670798583
405195670819125
405195670837625
405195670852625
405195670876375
405195670896166
405195670913333
405195670934333
405195670964250
405195670994333
405195671017333
405195671033875
405195671057375
405195671079750
405195671097833
405195671126583
405195671144375
405195671175291
405195671198833
405195671208375
405195671233708
405195671253000
405195671274291
405195671284375
405195671308125
405195671323083
405195671345333
405195671365000
405195671381291
405195671403791
405195671423833
405195671439583
405195671458208
405195671518375
405195671538333
405195671553666
405195671576833
405195671593625
405195671616916
405195671638875
405195671662041
405195671684750
405195671707291
405195671729666
405195671753291
405195671775250
405195671797958
405195671820083
405195671842291
405195671864458
405195671886708
405195671909041
405195671931541
405195671953958
405195671976625
405195672000375
405195672023416
405195672046083
405195672060750
405195672083875
405195672101583
405195672124125
405195672147125
405195672163916
405195672187666
405195672204250
405195672229583
405195672251291
405195672266666
405195672289041
405195672303875
405195672325583
405195672348791
405195672367750
405195672390333
405195672413250
405195672429833
405195672454875
405195672471333
405195672495000
405195672513125
405195672536708
405195672555500
405195672570125
405195672590708
405195672614916
405195672635833
405195672654666
405195672680125
405195672701625
405195672716291
405195672738875
405195672760916
405195672784291
405195672807208
405195672829708
405195672848708
405195672871000
405195672893958
405195672916083
405195672938000
405195672960458
405195672982708
405195673005208
405195673027541
405195673050041
405195673072416
405195673092250
405195673109916
405195673131958
405195673153916
405195673171708
405195673197458
405195673212666
405195673234583
405195673250250
405195673272625
405195673292375
405195673307291
405195673329708
405195673346500
405195673369875
405195673386791
405195673412958
405195673435625
405195673457208
405195673475250
405195673498500
405195673512791
405195673536208
405195673552750
405195673576500
405195673592916
405195673616083
405195673632416
405195673656458
405195673680583
405195673707041
405195673725541
405195673747208
405195673766333
405195673782250
405195673802416
405195673824166
405195673838833
405195673858791
405195673879166
405195673896958
405195673917916
405195673941625
405195673961083
405195673975291
405195673996708
405195674016625
405195674038958
405195674058791
405195674073166
405195674096250
405195674111708
405195674130916
405195674152208
405195674171916
405195674191458
405195674205791
405195674228000
405195674250125
405195674260666
405195674285041
405195674299708
405195674317666
405195674339791
405195674359625
405195674374875
405195674399666
405195674408041
405195674432208
405195674453083
405195674472583
405195674487625
405195674509500
405195674528875
405195674548250
405195674567541
405195674586666
405195674599458
405195674621750
405195674637416
405195674795458
405195674807083
405195674831083
405195674851416
405195674865250
405195674887583
405195674902375
405195674925625
405195674948333
405195674965916
405195674989125
405195675012500
405195675032541
405195675042875
405195675068083
405195675083958
405195675106750
405195675124166
405195675147458
405195675164375
405195675188083
405195675209875
405195675231375
405195675246250
405195675270791
405195675290416
405195675313625
405195675335416
405195675357125
405195675374708
405195675396666
405195675419041
405195675439416
405195675460458
405195675482000
405195675504833
405195675520041
405195675542000
405195675559083
405195675581333
405195675603083
405195675625125
405195675644041
405195675663250
405195675682333
405195675701541
405195675720666
405195675739291
405195675758291
405195675777333
405195675796541
405195675817458
405195675839666
405195675859291
405195675878041
405195675896916
405195675915666
405195675934541
405195675953541
405195675972416
405195675991083
405195676009916
405195676028958
405195676049291
405195676068666
405195676091166
405195676111541
405195676130458
405195676150458
405195676168708
405195676188250
405195676213958
405195676225916
405195676252500
405195676272625
405195676295333
405195676314708
405195676334916
405195676354000
405195676375458
405195676393000
405195676410666
405195676427166
405195676446958
405195676467375
405195870439750
405195870533750
405195870548916
405195870562833
405195870575333
405195870617375
405195870648333
405195870691000
405195870729208
405195870768041
405195870806583
405195870853000
405195870892125
405195870929958
405195870962708
405195871004208
405195871042083
405195871079458
405195871117583
405195871154625
405195871193291
405195871231541
405195871273041
405195871311666
405195871349666
405195871387000
405195871425166
405195871462083
405195871501166
405195871552708
405195871592541
405195871625416
405195871668750
405195871718958
405195871756333
405195871794875
405195871843875
405195871888625
405195871929625
405195871967375
405195872004500
405195872037208
405195872079416
405195872116791
405195872160208
405195872198625
405195872236875
405195872282291
405195872319000
405195872371750
405195872416333
405195872453208
405195872490833
405195872529291
405195872566125
405195872602916
405195872640208
405195872677541
405195872715250
405195872759250
405195872796583
405195872839000
405195872880916
405195872924291
405195872961833
405195873005916
405195873043750
405195873082000
405195873119041
405195873163750
405195873196708
405195873238541
405195873275708
405195873320000
405195873369000
405195873406833
405195873445000
405195873482250
405195873513916
405195873561958
405195873590083
405195873642083
405195873680791
405196072491916
405196891759333
405196939209833
405196939296625
405197050010041
405197201820625
405197281649750
405197281698458
405197611938166
405197612035125
405197663606958
405198512138625
405198512244791
405198512261458
405198512273208
405198667218916
405198667316666
405199145500500
405199193147041
405199760594833
405199760691250
405199792337708
405199958289375
405200020696125
405200167181791
405200171276833
405200477181791
405200496626416
405201094838916
405201396856208
405201396952000
405201704930416
405202015981791
405202372874750
405202713604833
405202755696625
405202755775291
405202755791250
405202755817375
405202755862083
405202755903125
405202755943291
405202755983166
405202756022208
405202756062083
405202756101541
405202756150125
405202756190583
405202756230083
405202756269416
405202756315875
405202756355000
405203959335750
405203959431916
405203959448666
405203959460791
405203959486166
405203959529416
405203959569250
405203959609458
405203959648500
405203959688583
405203959727750
405203959780958
405203959821500
405203959861083
405203959900416
405203959940333
405203959979833
405203960021166
405203960061541
405203960101833
405203960140541
405203960180166
405203960224166
405203960264250
405203960303041
405203960350250
405203960389541
405203960431666
405203960471041
405203960517375
405203960556916
405203960597000
405203960636458
405203960688125
405203960727250
405203960769208
405203960807000
405203960847291
405203960886208
405203960926458
405203960962166
405203961006875
405203961046750
405203961085916
405203961128958
405203961169625
405203961208875
405203961255333
405203961294250
405203961341166
405203961379875
405203961431916
405203961472083
405203961517541
405203961556833
405203961604750
405203961643583
405203961691083
405203961730375
405203961777958
405204677141208
405204858611083
405204858702666
405204858717625
405204858733958
405204858759333
405204858803833
405204858843375
405204858883791
405204858923000
405204858962708
405204859002250
405204859051708
405204859091083
405204859131125
405204859170208
405204859209041
405204859248041
405204859288708
405204859327791
405204859368291
405204859407500
405204859448583
405204859491666
405204859531416
405204859570750
405204859616958
405204859655708
405204859703000
405204859742291
405204859783458
405204859822125
405204859862458
405204859901750
405204859946916
405204859985666
405204860025791
405204860064875
405204860105041
405204860145583
405204860186125
405204860211416
405204860235208
405204860258083
405204860289166
405204860314291
405204860331625
405204860360416
405204860387000
405204860411000
405204860433833
405204860485416
405204860503041
405204860528916
405204860555041
405204860577791
405204860604625
405204860636875
405204860664541
405204860690166
405204860713541
405204860738875
405204860762416
405204860786541
405204863895000
405204863918625
405204863952083
405204863981666
405204864010291
405204864040250
405204864065708
405204864098208
405204864128625
405204864157708
405204864186083
405204864219166
405204864247791
405204864276416
405204864305541
405204864335791
405204864364375
405204864393541
405204864421916
405204864451916
405204864480666
405204864510958
405204864542375
405204864573333
405204864602416
405204864632166
405204864660666
405204864696166
405204864723958
405204864757208
405204864787041
405204864817500
405204864851791
405204864895041
405204864935458
405204864975583
405204865016625
405204865065708
405204865107583
405204865143916
405204865183958
405204865223083
405204865262333
405204865309166
405204865361250
405204865401250
405204865439791
405204865479541
405204865519000
405204865559708
405204865598291
405204865639625
405204865678708
405204865725666
405204865771708
405204865817291
405204865856333
405204865903166
405204865941625
405204865982333
405204866020583
405204866068666
405204866107666
405204866143375
405204866166250
405204866189750
405204866215041
405204866239833
405204866262250
405204866286041
405204866308625
405204866331833
405204866354541
405204866385416
405204866408166
405204866432500
405204866455791
405205049715166
405205049811875
405205049825833
405205188981750
405205189067625
405205189082166
405205189106333
405205189150416
405205189191083
405205702175333
405205702277208
405205702294166
405205702305833
405205702318500
405205702363250
405205702403791
405205702444291
405205702484000
405206006011166
405206006107500
405206006123833
405206080281625
405206522300833
405206522392166
405207336074041
405207523417250
405207669167083
405208973534583
405209384447000
405209443138416
405209443187000
405209443202375
405209443250166
405209443289916
405209443329708
405209443369500
405209443409041
405210695797916
405210695894875
405210695907625
405210695913833
405210695919875
405210695925750
405210695932833
405210695938833
405211008751750
405211008858541
405211008875708
405211008889916
405211008902250
405211008951791
405211008986583
405211009028875
405211009070500
405211009109250
405211009152041
405211009201125
405211009247791
405211009287333
405211009327458
405211009367250
405211009406791
405211009446000
405211009493125
405211009532375
405211009573833
405211740700250
405211745350541
405211842806166
405211842905375
405211842923041
405211842935833
405212662876875
405212974683625
405213583278166
405213704910333
405213704990625
405213705005250
405213705017375
405213705059541
405213705092958
405213705138500
405213705180250
405213705218250
405213705258166
405213705298708
405213705346166
405213705386208
405213705425541
405213705464458
405213705503625
405213705544125
405213705584291
405213705623791
405213705663000
405213705704083
405213705743083
405213705794416
405213710004000
405213710035250
405213710078916
405213710117375
405213710155833
405213710194291
405213710231875
405213710270333
405215112630916
405215946017875
405216130253083
405216130627333
405216130665666
405216238195250
405216238283083
405216552766125
405216552867041
405216552882625
405216552893791
405216552904833
405216552948791
405216552988958
405216553027375
405216553059875
405216553103458
405216553135791
405216553189833
405216572005583
405216668559500
405216668608791
405216668622666
405217371804791
405218225222000
405218225333708
405218225349875
405218225361291
405218225372541
405218225398916
405218225441291
405218337298666
405218337619125
405218337642208
405218337662333
405219102789958
405219184087500
405219228941166
405219957057125
405219957519458
405219957553291
405221845630291
405221845731000
405221974651833
405222141612875
405222904779083
405224437157791
405224437280750
405224437299416
405224744311833
405224760112375
405224760158000
405224760176916
405224783912166
405226960783833
405226960874208
405227016370625
405227016454125
405227016471750
405227016487833
405227016502083
405227016546833
405227016580833
405227016622000
405227016653666
405227016696666
405227016729000
405227016780000
405227016819416
405227016858791
405227016889708
405227717248708
405227717367875
405228005558416
405229250616625
405229388377375
405230069718333
405230685071625
405230718916833
405231912292958
405231977300166
405232629861500
405232943384333
405232943508000
405232943529833
405232943543958
405232943559083
405233038175250
405233859018625
405234780441333
405234874783041
405235189627416
405235598877125
405236315516083
405236622690541
405236929830875
405236939926250
405237428756958
405237583119541
405237715144875
405237831027500
405238570477000
405238570591291
405238570614250
405238580984625
405238875534291
405239286327791
405239592357375
405239660181208
405240311597375
405240311717583
405240336086458
405241028691916
405241435286458
405241435401500
405241640585041
405242769122708
405243381661833
405243407490000
405243407565083
405243407582791
405243556010500
405243556116583
405243556133833
405243556147541
405243556162083
405243556202333
405243556237541
405243556282666
405243556316833
405243556361833
405243556397125
405243556449291
405243556491791
405243556531916
405243556571541
405243556611875
405243556651500
405243556702958
405243556741250
405243556780250
405243556812583
405243556857375
405243556902666
405243556937166
405243556982333
405243557013250
405243557064458
405243557102750
405243557142041
405243557165125
405243557216250
405243557247958
405243557292166
405243557336541
405243557377125
405243557417250
405243557456791
405243557497000
405243557542583
405243557583750
405243557626083
405243557648166
405243557697583
405243557738666
405243557782750
405243557824208
405243557858125
405243557903416
405243557937125
405243557982833
405243558023041
405243558067625
405243558135083
405243558173750
405243558224125
405243558264916
405243558314708
405243558348916
405243558388958
405243558441625
405243847144791
405244201127916
405244201245541
405244201264958
405244201279875
405244815368750
405244815485666
405244815504666
405244815519750
405244815535125
405244815552541
405244815594416
405244815629875
405244815674541
405245182860583
405245736762041
405245736869666
405245736889000
405245736904041
405245736920458
405245736948708
405245736992458
405245737025916
405245940869041
405245940986041
405245941007208
405245941022625
405245941038750
405246760398750
405246807346208
405246807444166
405246846085083
405246846159041
405247874451583
405248300195041
405249012833000
405249012947500
405249426769083
405249426886125
405249426906416
405249426921166
405249426935916
405249426952791
405249426968500
405249427005875
405249427049625
405249427081083
405249427122750
405249427168833
405249427200458
405249427243541
405249427274083
405249427317416
405249427348416
405249427391125
405249427421666
405249427465125
405249427502208
405249427539583
405249427586875
405249427625583
405249427652083
405249427696833
405249427736708
405249427763291
405249427801916
405249427840375
405249427883666
405249427916625
405249427958458
405249428002125
405249428035208
405249428079333
405249428117583
405249428157125
405249428188833
405250857593875
405251162888125
405251249938125
405251250014791
405251250032666
405251250048208
405251250087625
405251250121666
405252498061791
405252528904458
405252528942791
405252528972291
405252529014416
405252529042000
405252529088666
405252529122208
405252529157958
405252529198541
405252529237833
405252529259625
405252529311375
405252529343125
405252529384000
405252529415208
405252529457833
405252529488375
405252529531583
405252529564000
405252529607583
405252529640041
405252529683250
405252529724916
405252529767583
405252529807875
405252529828916
405252529875416
405252529926416
405252529950125
405252529997583
405252530027708
405252530070208
405252530103375
405252530146416
405252530178958
405252530222000
405252530261750
405252530301125
405252530342500
405252530375041
405252530419500
405252530452625
405252530496375
405252530526208
405252530571583
405252530596750
405252532142333
405252532185708
405252532216791
405252532258458
405252532298791
405252532328833
405252532371583
405252532410750
405252532450541
405252532494458
405252532527916
405252532570416
405252532610833
405252532649875
405252532689083
405252532718500
405252532764583
405252532804125
405252536389458
405252536421000
405252536463958
405252536493583
405252536537083
405252536566916
405252536611500
405252536644208
405252536687833
405252536727291
405252536767000
405252536808625
405252536848416
405252536878041
405252536922541
405252536955416
405252536998083
405252537031500
405252537068750
405252537114708
405252537154250
405252537193375
405252692762958
405252695087625
405252695115708
405252695160291
405252695193291
405252695239875
405252695270375
405252695310916
405252695345666
405252695386916
405252695419958
405252695463333
405252695507166
405252695540375
405252695585083
405252695617750
405252750451375
405252750522625
405252750542416
405252750558291
405252750601958
405252750633541
405252750677041
405252750718833
405252750758333
405252750792833
405252750835541
405252750881000
405252750914208
405252750957500
405252750996916
405252751030125
405252751071708
405252751111625
405252751141291
405252751185500
405252751224833
405252751264625
405252751305541
405252751344958
405252751377041
405252751421416
405252751453791
405252751498083
405252751528333
405252751574208
405252751606416
405252751650958
405252751677291
405252751730750
405252751761083
405252751800958
405252751831083
405252751874416
405252751906708
405252751951583
405252751983791
405252752027166
405252752059333
405252752103041
405252752144625
405252752184208
405252752216791
405252752259791
405252752291375
405252752335416
405252752374625
405252752413833
405252752445125
405252752488500
405252752527666
405252752607958
405252752635250
405252752681666
405252752722000
405252752749541
405252752775125
405252752792333
405252752818875
405253010346541
405253010446416
405253010465000
405253010478791
405253010494416
405253010524500
405253010566958
405253010599208
405253010641583
405253010674291
405253010717291
405253010764791
405253010804916
405253010835541
405253521251875
405253521365333
405253521384916
405253521400375
405253521415708
405253521431666
405253521459958
405253521502166
405253521535125
405253521576833
405253521608416
405253521659000
405253521692708
405253521734458
405253521767666
405253521810416
405253521843125
405253521886416
405253521919833
405253521962916
405253522002875
405253522035250
405253522087166
405253522134416
405253522174083
405253522206500
405253522256208
405253522292541
405253522313416
405253522359041
405253522392541
405253522435291
405253522467458
405253522509791
405253522551833
405253522584416
405253522628083
405253522660375
405253522702541
405253522733666
405253522778125
405253522810708
405253522855541
405253522885250
405253522928666
405253522969958
405253523009666
405253523039750
405253523084583
405253523133416
405253523173916
405253523196291
405253523244166
405253523290333
405253523334250
405253523367625
405253523412916
405253523445291
405253523477291
405253523519583
405253523551708
405253523593458
405253523624833
405253523666416
405253523700291
405253523749375
405253523793333
405253523828833
405253523871833
405253523903416
405253523945958
405253523976916
405253524020375
405253524051333
405253524094125
405253524129166
405253524170541
405253524207666
405253524322916
405253524346166
405253524373833
405253524508583
405253524533208
405253524545250
405253524555041
405253524564833
405253524572916
405253524581625
405253524608416
405253524647208
405253524663250
405253524689291
405253524711291
405253524756875
405253524774708
405253524786041
405253524795375
405253524829250
405253524843083
405253524882041
405253524893416
405253524902500
405253524928708
405253524951083
405253524966625
405253524992958
405253525006125
405253525041375
405253525060041
405253525089083
405253525108291
405253525132791
405253525357708
405253525371208
405253525379750
405253525387375
405253525396166
405253525458500
405253525470541
405253525479750
405253525500958
405253525526375
405253525543500
405253525574250
405253525596875
405253525617250
405253525640000
405253525662375
405253525684791
405253525706458
405253525728541
405253525750541
405253525772583
405253525794541
405253525827416
405253525849916
405253525872500
405253525894541
405253525916625
405253525938833
405253525961333
405253525986500
405253526003833
405253526030250
405253526044375
405253526074083
405253526095666
405253526117916
405253526141083
405253526163000
405253526183416
405253526216791
405253526229416
405253526253416
405253526270666
405253526294000
405253526309041
405253526334416
405253526351583
405253526374083
405253526392500
405253526414541
405253526436125
405253526451375
405253526473583
405253526488500
405253526511458
405253526545916
405253542433625
405253542491958
405253542508583
405253542535958
405253542579208
405253542610750
405253542652208
405253542683166
405253542725500
405253542757125
405253542799875
405253542843291
405253542875750
405253542917875
405253542950541
405253542993000
405253543025875
405253543068208
405253543100166
405253543143875
405253543187416
405253543212916
405253543256500
405253543290791
405253543334000
405253543366208
405253543408916
405253543441000
405253543484125
405253543514541
405253543556458
405253543588875
405253543631041
405253543672791
405253543705458
405253543748666
405253543778833
405253543824583
405253543878458
405253543916333
405253543949708
405253543991583
405253544022250
405253544065375
405253544106125
405253544145708
405253544178208
405253544220791
405253544253083
405253544296208
405253544325708
405253544369750
405253544401583
405253544446208
405253544485375
405253544527083
405253544559000
405253544602708
405253544634000
405253544678166
405253544716833
405253544755666
405253544787833
405253544831625
405253544870916
405253544903375
405253544949833
405253544989416
405253545021208
405253545064583
405253545103583
405253545143083
405253545175250
405253545219625
405253545252166
405253545296166
405253545335333
405253545377208
405253545415750
405253545448583
405253545491166
405253545530833
405253545563125
405253545607291
405253545639750
405253545683583
405253545722583
405253545761833
405253545802541
405253545841541
405253545873916
405253545918291
405253545950291
405253545990958
405253546032833
405253546066458
405253546093708
405253546117416
405253546134916
405253546162458
405253546179541
405253546206500
405253546224916
405253546250291
405253546268875
405253546294291
405253546312500
405253546337875
405253546356666
405253546381833
405253546406041
405253546423375
405253546448625
405253546465833
405253546490916
405253546514625
405253546531458
405253546657291
405253546676458
405253546701500
405253546725041
405253546743916
405253546769083
405253546786333
405253546812166
405253546829333
405253546854041
405253546871708
405253546899583
405253546918000
405253546945083
405253547794541
405253547811166
405253547838250
405253547856875
405253547882125
405253547900000
405253547925250
405253547947375
405253547972416
405253547990083
405253548022000
405253548035875
405253548064041
405253548081708
405253548113750
405253548133083
405253548161583
405253548178958
405253548204625
405253548223541
405253548249416
405253548268291
405253548294125
405253548312916
405253548338458
405253548363000
405253548380333
405253548406583
405253548423708
405253548448833
405253548467291
405253548493166
405253548510250
405253548536041
405253548553250
405253548578958
405253548602916
405253548621750
405253548647125
405253548664250
405253548689458
405253548708333
405253548733791
405253548752416
405253548778375
405253548797208
405253548823458
405253548843625
405253548866791
405253548893458
405253548910666
405253548936250
405253548953708
405253548978833
405253548995791
405253549021333
405253549039750
405253549065208
405253549089250
405253549107791
405253549132666
405253549149583
405253549174875
405253549193416
405253549218958
405253549237291
405253549262708
405253549281166
405253549306916
405253549327000
405253549352833
405253549369958
405253549399208
405253549418125
405253549443583
405253549461958
405253549487291
405253549504416
405253549529958
405253549548208
405253549625666
405253549640333
405253549669458
405253549691708
405253549718916
405253549736833
405253549762416
405253549779541
405253549804750
405253549820625
405253549844541
405253549874791
405253549893250
405253549917500
405253549934666
405253549956833
405253549978166
405253550005083
405253550019500
405253550045250
405253550068208
405253550083000
405253550106416
405253550121083
405253550143041
405253550157750
405253550178833
405253550193166
405253550214958
405253550229541
405253550251750
405253550270791
405253550283708
405253550307666
405253550322458
405253550344208
405253550359916
405253550381458
405253550396000
405253550418375
405253550434583
405253550457083
405253550471708
405253550493666
405253550510916
405253550533125
405253550547625
405253550569375
405253550584000
405253550606208
405253550622083
405253550644000
405253550659333
405253550680958
405253550695625
405253550719458
405253550733958
405253550755916
405253550770416
405253550792375
405253550808208
405253550829666
405253550845416
405253550867500
405253550883375
405253550905583
405253550926125
405253550940750
405253550962708
405253550983208
405253550997583
405253551021000
405253551035500
405253551059958
405253551074500
405253551098000
405253551126916
405253551150833
405253551166166
405253551191208
405253551212958
405253551225625
405253551249958
405253551275083
405253551296458
405253551309791
405253551333000
405253551347916
405253551372791
405253551387750
405253551411750
405253551426416
405253551450125
405253551473333
405253551488291
405253551535833
405253551555916
405253551580333
405253551601375
405253551616416
405253551638791
405253551653708
405253551677875
405253551692708
405253551716416
405253565521500
405253565546625
405253595648875
405253640876666
405253929733916
405253929847291
405253929868416
405253929885208
405253929901708
405253929915250
405253929943166
405253929986875
405253930018666
405253930063750
405253930096875
405253930154833
405253930188875
405253930222166
405253930262916
405253930297000
405253930338916
405253930371250
405253930412583
405253930444583
405253930488625
405253930518375
405253930569666
405253930602375
405253930645750
405253930676416
405253930720625
405253930752666
405253930796583
405253930828125
405253930871458
405253930904458
405253930948791
405253930989666
405253931029666
405253931059083
405253931104458
405253931135958
405253931181958
405253931212958
405253931255375
405253931288541
405253931331541
405253931363708
405253931411791
405253931451208
405253931484250
405253931526625
405253931566833
405253931596291
405253931640250
405253931670250
405253931713958
405253931746041
405253931789500
405253931831500
405253931871250
405253931903208
405253931947041
405253931978208
405253932023000
405253932055333
405253932096375
405253932148000
405253932162208
405253932193625
405253932219500
405253932233666
405253932261625
405253932279000
405253932304166
405253932321416
405253932346708
405253932364375
405253932389541
405253932406791
405253932432333
405253932456625
405253932473958
405253932499708
405253932516791
405253932542791
405253932560125
405253932585500
405253932602833
405253932628166
405253932646791
405253932672416
405253932696625
405253932714000
405253932740541
405253932757625
405253932783125
405253932800375
405253932826083
405253932843291
405253932871500
405253932884833
405253932913833
405253932941625
405253932962333
405253932998916
405253933042291
405253933057375
405253933088625
405253933115666
405253933135208
405253933160416
405253933173375
405253933202916
405253933224041
405253933251958
405253933265208
405253933290541
405253933317333
405253933337958
405253933363916
405253933530666
405253933544333
405253933572833
405253933591291
405253933618958
405253933638541
405253933664375
405253933684041
405253933710416
405253933729500
405253933756166
405253933784416
405253933808041
405253933821458
405253933848500
405253933862541
405253933890958
405253933911416
405253933937250
405253933956708
405253933982958
405253934008458
405253934023041
405253934050083
405253934068791
405253934091166
405253934114916
405253934132833
405253934155083
405253934172333
405253934195541
405253934212750
405253934235875
405253934256583
405253934287000
405253934300625
405253934322208
405253934337833
405253934359500
405253934374625
405253934396208
405253934414458
405253934437333
405253934452333
405253934476375
405253934497958
405253934519083
405253934533666
405253934556250
405253934571041
405253934594833
405253934609541
405253934631458
405253934646083
405253934669250
405253934684291
405253934711208
405253934726083
405253934748625
405253934763458
405253934786541
405253934801291
405253934824291
405253934838875
405253934862166
405253934877125
405253934900750
405253966542541
405254136688666
405254279199458
405254279293750
405254456361000
405254516809958
405254563058708
405255061127458
405255365615750
405255668911166
405255711700666
405255977729833
405255977847916
405256215426458
405256229400041
405256433880708
405256474609541
405256654065625
405256818184791
405256846718000
405256846779375
405256846797416
405256846813500
405256846862666
405256846921500
405256846956208
405256847005291
405256847039083
405256847080291
405256847112041
405256847162875
405256847194500
405256847243916
405256847286791
405256847318333
405256847360791
405256847391541
405256847434291
405256847465375
405256847507416
405256847540958
405256847589166
405256847621833
405256847665541
405256847704500
405256847738208
405256847782750
405256847821666
405256847841958
405256847892291
405256847916625
405257246878416
405257821193625
405257907248625
405257907328750
405257907347958
405257907365291
405257907381041
405258023496708
405258640469041
405258949120416
405259310654208
405259310769916
405259310791083
405259765715708
405259765803166
405259765822000
405259765840166
405259765863958
405259765879750
405259765927166
405259765962458
405259766007625
405259768270000
405259937498291
405259937608291
405260764149958
405260766671041
405260766685958
405260766718833
405260766765125
405260859612875
405261167843291
405261667086416
405262007686750
405262007797041
405262069853541
405262532850541
405262532965375
405262838359791
405262838428916
405262838449166
405262838466125
405262838511875
405262838547916
405262838587750
405262838622083
405262838663750
405262838699791
405262838723916
405262838774625
405262838808041
405262838848541
405262838879458
405262838923000
405262838953583
405262838995625
405262839028750
405262839070500
405262839103125
405262839146750
405262839188916
405262839221833
405262839265125
405262839295500
405262839338333
405262839367958
405262839410416
405262839442291
405262839484625
405262839523833
405262839556500
405262839603666
405262839643041
405262839672583
405262839714916
405262839747791
405262839790708
405262839829875
405262839862458
405262839905208
405262839937500
405262839988583
405262840030750
405262840069791
405262840101000
405262840144083
405262840175875
405262840218375
405262840251041
405262840292708
405262840324375
405262840366583
405262840405750
405262840446125
405262840484958
405262840523791
405262840556458
405262840599208
405262840638083
405262840669500
405262840713250
405262840744083
405262840770916
405262840789208
405262840817041
405262840835583
405262840861041
405262840879375
405262840904875
405262840923083
405262840948875
405262840966083
405262840991666
405262841008750
405262841034291
405262841058250
405262841076875
405262841102458
405262841119708
405262841145083
405262841163916
405262841188958
405262841207541
405262841232750
405262841251125
405262841276500
405262841301125
405262841319666
405262841345416
405262841364208
405262841390000
405262841406916
405262841432166
405262841450583
405262848610458
405262889472250
405263348813083
405263376123500
405263404540458
405263404575416
405263404606250
405263404649458
405263404683166
405263404724291
405263404756833
405263404798625
405263404831083
405263404872666
405263404904625
405263404952666
405263404984208
405263405027750
405263405060791
405263405101333
405263405135500
405263405180041
405263405212291
405263405256666
405263405296125
405263405336000
405263405376916
405263405416625
405263405448625
405263779012750
405263954079958
405264043825833
405264081832583
405264085170000
405264085210041
405264085230416
405264085280000
405264085315791
405264085341458
405264085387625
405264085420833
405264085463166
405264085505291
405264085527416
405264085572291
405264085611166
405264085658958
405264085694458
405264085715000
405264085761125
405264085792083
405264085833833
405264085865750
405264085908291
405264085938750
405264085987458
405264086019625
405264086067250
405264086089916
405264086138125
405264086169500
405264086212083
405264086252291
405264086284250
405264086328708
405264086361583
405264086411541
405264086451208
405264086483500
405264086525541
405264086559375
405264086601541
405264086634041
405264086676208
405264086715583
405264086759708
405264086799291
405264086840083
405264086872375
405264086915791
405264086955291
405264086987833
405264087031375
405264087064083
405264087108250
405264087147208
405264087180208
405264087223458
405264087266708
405264087305916
405264087345541
405264087378291
405264087421083
405264087453625
405264087497541
405264087529500
405264087573208
405264087612583
405264087645000
405264096809041
405264096836958
405264096881750
405264096917375
405264096958625
405264096991083
405264097032583
405264097063625
405264097105958
405264097137625
405264097180583
405264097224000
405264097264458
405264097295083
405264097338958
405264097371750
405264097415458
405264097447333
405264097490875
405264097523375
405264097566750
405264097599500
405264097647833
405264097687375
405264097719500
405264097762375
405264097801958
405264097834416
405264097877958
405264097910625
405264097952875
405264097983833
405264098025875
405264098067333
405264098100250
405264098142791
405264098175208
405264098217375
405264098256875
405264098288958
405264098332875
405264098365125
405264098417083
405264098436833
405264098484125
405264098523416
405264098555625
405264098600541
405264098639916
405264098679541
405264098711500
405264098755500
405264098795416
405264098827583
405264098871916
405264098914750
405264098948000
405264098991750
405264099031291
405264099070333
405264099100166
405264099159500
405264099192208
405264099236083
405264099275666
405264099308583
405264099355916
405264099396083
405264099428750
405264099472791
405264099504291
405264099550291
405264099582916
405264099627916
405264099660750
405264099704625
405264099736791
405264099785250
405264099824625
405264099863708
405264099901375
405264099945875
405264099976458
405264100021208
405264100039958
405264100065458
405264100085458
405264100111583
405264100130083
405264100157125
405264100174541
405264108708583
405264145666708
405264183736458
405264251729000
405264272923166
405264471389083
405264579250833
405264884851541
405265005054083
405265038389791
405265167043958
405265177730000
405265500211666
405265644056000
405265745827250
405266284037458
405266284150625
405266284170375
405266284187125
405266284203041
405266284218666
405266284246500
405266284288083
405266284320541
405266284360666
405266284417833
405266284452458
405266284494750
405266284543666
405266284583125
405266284615958
405266284660291
405266284693541
405266284737416
405266284777041
405266284809375
405266284852000
405266284899166
405266284936083
405266284976291
405266284997166
405266285044250
405266285083625
405266285123416
405266285154583
405266285198750
405266285230708
405266285274250
405266285307000
405266285350458
405266285391666
405266285431458
405266285463208
405266285508458
405266285554041
405266285593500
405266285625625
405266285674166
405266285703875
405266285723166
405266285749125
405266285774541
405266285792000
405266285818500
405266285836666
405266285862416
405266285880958
405266285907500
405266285926083
405266285952958
405266285970208
405266285995500
405266286020875
405266286037958
405266286063875
405266286083166
405266286109041
405266286125916
405266286151375
405266286168708
405266286194125
405266286211291
405266286236791
405266286261833
405266286280541
405266286307500
405266286327708
405266286359958
405266286378750
405266286404666
405266286421750
405266286447916
405266286464875
405266286492083
405266286509166
405266286536375
405266286554250
405266286580000
405266286604208
405266286628041
405266286645125
405266286672541
405266286689791
405266286716458
405266286734166
405266286760333
405266286778416
405266286806125
405266286824458
405266286854000
405266286872500
405266286899333
405266286917958
405266286943416
405266286961875
405266286988625
405266287007291
405266287034375
405266287052791
405266287079916
405266287100291
405266287126583
405266287145208
405266287171791
405266287189875
405266287216375
405266287233625
405266287260875
405266287279250
405266287303875
405266287322541
405266287351375
405266287376500
405266287403208
405266287429333
405266422171416
405266422227041
405266422244333
405266422275166
405266422318666
405266422351583
405266422394791
405266422428333
405266422471666
405266422506083
405266422547833
405266422591291
405266422623166
405266422665666
405266422695666
405266422738333
405266422777375
405266422810083
405266422852541
405266422885250
405266422927958
405266422960541
405266423008833
405266423048541
405266423087708
405266423120291
405266498833208
405266498897208
405266508078958
405266508105291
405266687807416
405266828925833
405266984189166
405266984277416
405266984296208
405267957331875
405267957444208
405267957465291
405267957482250
405267957498833
405267957514250
405267957557416
405267957590291
405267957631791
405268698189250
405268698306625
405268698327000
405268698342333
405268698359000
405268698374958
405268698417166
405268698451333
405268727702125
405269188389708
405269188506333
405269188527625
405269188542458
405269188559833
405269188576208
405269188611041
405269188656833
405269188690458
405269188735166
405269188776958
405269188825541
405269188860750
405269188905791
405269188945458
405269188985416
405269189026458
405269189066458
405269189106083
405269189145833
405269189185708
405269189219666
405269189269125
405269189308875
405269189349000
405269189389458
405269189429791
405269189469791
405269189510125
405269189549666
405269189589875
405269189629958
405269189668958
405269189713541
405269189748333
405269189792208
405269189831916
405269189866208
405269298339500
405269904236500
405269904364416
405269904387041
405269904401333
405269904417875
405269904434250
405269904480416
405269904515916
405269904559958
405269904604333
405269904636375
405269904685291
405269904719333
405270108211958
405270189013333
405270294074916
405270294181541
405270294201375
405270726712625
405271745591833
405271797703750
405271862815291
405271866600791
405271872583375
405273385538750
405273454419750
405273454513875
405273454535375
405273454553666
405273454569416
405273454611916
405273454645291
405273454689541
405273454722750
405273454766375
405273454799708
405273454852166
405273454886000
405273454932375
405273454972208
405273455012708
405273455052666
405273455093375
405273455133208
405273455174375
405273455209458
405273455254916
405273455299166
405273455339208
405273455380833
405273455421166
405273455461875
405273455495958
405273455540333
405273455580250
405273455620000
405273455659000
405273455699375
405273455743333
405273455782958
405273455823416
405273455863541
405273455904791
405273455944375
405273455985250
405273456034541
405273456075458
405273456115166
405273456155958
405273456200666
405273456242541
405273467737000
405273467788000
405273467829458
405273467870750
405273467911708
405273467952833
405273467987541
405273468033708
405273468068208
405273468114958
405273468156541
405273468196208
405273468239875
405273468280875
405273468321208
405273468358250
405273468401500
405273468443625
405273468482125
405273474601125
405273474634000
405273474678666
405273474719666
405273474753833
405273474800166
405273474839958
405273474880541
405273483096041
405273483131166
405273483176000
405273483217541
405273483257375
405273483298041
405273483338458
405273483379333
405273483419416
405273483460083
405273483500291
405273483544708
405273483585500
405273483626333
405273483666458
405273487065583
405273487098916
405273487145333
405273487185541
405273487226333
405273487265750
405273487306416
405273487345958
405273487386291
405273487426166
405273487467000
405273487510583
405273487551250
405273487591625
405273487633375
405273487673166
405273487713958
405273487753750
405273487793666
405273487833791
405273487874666
405273487914166
405273487959083
405273487999166
405273488040625
405273488081000
405273488121583
405273488166958
405273488208041
405273488254625
405273497690583
405273497725000
405273497769250
405273497809291
405273497849708
405273497889833
405273497930208
405273497975541
405273498005791
405273498054625
405273498095083
405273498134250
405273498175541
405273498221083
405273498255375
405273498301916
405273498341916
405273498383708
405273502260833
405273502296000
405273502341833
405273502381833
405273502422333
405273502462083
405273502501750
405273579597000
405273579652041
405273579668750
405273579709125
405273579750458
405273579791708
405273579826166
405273579870666
405273579910458
405273579952083
405273579992250
405273580038791
405273580079791
405273580120333
405273580160541
405273580200541
405273580240500
405273580281166
405273743443125
405274616621291
405275092124083
405275946788000
405275946908250
405276252961083
405276253075083
405276253095166
405276253111333
405276253126166
405276253170458
405276253206208
405276253239500
405276253283875
405276253316791
405276253361541
405276253395250
405276253440791
405276253474125
405276253524250
405276253564750
405276253604916
405276253645833
405276253685458
405276253725916
405276253759875
405276253804833
405276253839708
405276253885833
405276253930666
405276368019291
405276412943750
405277685519000
405277849139083
405277857360208
405277857398625
405278812908166
405278831534333
405278900173541
405278964969000
405279004872083
405280762780333
405280762888708
405280762908750
405280762923500
405280762939416
405280762966583
405280763009583
405280763043500
405280763089333
405280763123833
405280763169541
405280763216291
405280763258750
405280763293666
405280763337208
405280763377083
405280763417125
405280763456750
405280763503500
405280763543708
405280763583583
405280763623250
405280763668875
405280763708666
405280763755708
405280763795333
405280763835708
405280763874958
405280763924208
405281885998083
405281886125125
405281886147666
405281886163625
405281886179666
405281886194833
405281886239083
405281886282416
405281886325750
405281886356625
405282192520625
405282499104083
405282499202083
405282499222583
405283118045375
405283419426333
405283551184291
405283551274291
405283551291041
405283551306458
405283551334416
405283551376208
405283551416958
405283551456291
405283551497375
405283551538625
405283551572541
405283551631708
405283551661916
405283551707458
405283551747958
405283551787583
405283551827583
405283551866958
405283551913083
405283551952500
405283551996625
405283552036000
405283552080875
405283552120916
405283552161333
405283552200916
405283552246541
405283552285541
405283552325250
405283552359708
405283552412250
405283552451833
405283552498375
405283552541750
405283552582375
405283552622083
405283552669041
405283552709416
405283552748916
405283552789125
405283552818375
405283552871583
405283552911250
405283552934000
405283552982500
405283553022625
405283553063000
405283553102791
405283553152000
405283553191458
405283553230208
405283553270250
405283553301833
405283553348291
405283553387875
405283553430583
405283553470416
405283553516333
405283553556041
405283553608250
405283553650125
405283553694208
405283553718333
405283553746750
405283553770125
405283553794083
405283553818708
405283553842666
405283553866083
405283553889750
405283553913250
405283553938875
405283553964333
405283553988208
405283554011583
405283554035125
405283554058583
405283554087250
405283829664333
405285238050208
405285559384000
405285559496333
405285559515333
405285559530625
405285559545041
405285559565500
405285559615250
405285559650000
405285559695791
405285559737708
405285559779375
405285559827416
405285559869291
405285559910000
405285559960125
405285560000541
405285560029000
405285560077958
405285560117625
405285560158416
405285560198916
405285560227708
405285560289375
405285560323458
405285560354958
405285560394833
405285560440041
405285560481291
405285560515625
405285560562375
405285560602083
405285560643125
405285560677541
405285560725208
405285560765583
405285560799208
405285560845416
405285560887333
405285560926791
405285560974375
405285561012375
405285561056166
405285561096875
405285561125291
405285561174833
405285561215291
405285561255250
405285561294458
405285561334250
405285561374041
405285561410291
405285561454791
405285561494166
405285561536125
405285561575541
405285561621666
405285561661916
405285561708625
405285561749583
405285561783125
405285561829333
405285561869541
405285561909166
405285561955708
405285561995458
405285562035458
405285562078750
405285562129083
405285562168916
405285562217708
405285562256625
405285562297083
405285562336500
405285562383750
405285562422500
405285562468916
405285562508708
405285562547166
405285562591958
405285562633916
405285562673125
405285562723541
405285562763333
405285562806166
405285562846041
405285562874125
405285562924208
405285562962583
405285562994750
405285563020291
405285563045250
405285563068916
405285563092375
405285563110916
405285563136166
405285563166250
405285563189791
405285563212708
405285563236000
405285563269083
405285563294458
405285563319541
405285563342833
405285563366625
405285563390208
405285563413791
405285563437166
405285563460666
405285563483916
405285563506083
405285563527125
405285563562291
405285563585416
405285563608833
405285563632416
405286492020250
405287267298083
405287267387041
405287267404791
405287267420666
405287267461375
405287267500875
405287267521291
405287267567958
405287267601291
405287267645666
405287267683500
405287267740125
405287267774000
405287267816291
405287267845500
405287595740458
405287714778083
405287769656333
405287874686208
405287874791833
405287874810291
405287874824458
405287874839000
405287874878708
405287874921000
405287874956166
405287875000958
405287875034083
405287875080708
405287875130916
405287875171708
405287875212458
405287875253083
405287875282375
405287875328791
405287875380083
405287875409750
405287875454125
405287875488333
405287875533791
405287875578458
405287875608500
405287875657125
405287875697958
405287875737750
405287875777416
405287875817291
405287875857166
405287875897041
405287875936791
405287875985958
405287876017500
405287876063625
405287876104500
405287876144625
405287876187000
405287876222541
405287876263750
405287876304791
405287876346000
405287876385750
405287876425791
405287876468791
405287876509625
405287876574416
405287876616708
405287876656041
405287876696541
405287876736166
405287876783291
405287876822791
405287876869750
405287876909375
405287876967000
405287877006416
405287877045875
405287877085375
405287877124833
405287877164583
405287877262958
405287877302541
405287877342333
405287877381875
405287877422041
405287877461500
405287877503125
405287877542625
405287877589000
405287877628791
405287877669208
405287877712583
405287877753333
405287877793125
405287877839833
405287877878958
405287877929291
405287877968916
405287878015333
405287878061583
405287878100916
405287878140625
405287878183125
405287878224416
405287878269208
405287878292916
405287878316875
405287878340583
405287878364625
405287878388416
405287878412041
405287878435541
405287878463750
405287878484750
405287878509791
405287878533500
405287878557208
405287878580708
405287878604166
405287878628041
405287878651500
405287878675041
405287878698708
405287878722166
405287878746291
405287878770500
405287878790833
405287878817458
405287878842083
405287878857916
405287878886333
405287878913541
405287878940250
405287878964458
405287878988083
405287879013583
405287879037166
405287879060708
405287879084000
405287879107541
405287879137958
405287879161625
405287879185250
405287879208791
405287879233833
405287879257333
405287879283125
405287879307291
405287879331250
405287879354833
405287879378458
405287879402000
405287879425833
405287879448875
405287879498416
405287879522083
405287879545666
405287879564416
405287879592791
405287879616375
405287879648166
405287879671791
405287879695291
405287879719000
405287879742583
405287879767750
405287879791625
405287879815291
405287879839125
405287879862708
405287879886708
405287879909958
405287879940583
405287879964416
405287879988083
405287880011666
405287880045541
405287880069458
405287880093416
405287880116791
405287880147333
405287880171083
405287880194791
405287880218250
405287880240208
405287880264875
405287880279250
405287880304458
405287880325000
405287880340916
405287880365458
405287880386625
405287880407166
405287880423000
405287880447916
405287880468333
405287880495250
405287880515708
405287880537416
405287880557833
405287880581083
405287880603833
405287880624500
405287880647041
405287880665083
405287880687041
405287880704666
405287880727583
405287880749125
405287880773375
405287880793791
405287880815958
405287880837833
405287880858541
405287880881916
405287880902416
405287880922875
405287880943250
405287880963833
405287880984208
405287881012958
405287881033541
405287881054125
405287881074458
405287881094750
405287881114958
405287881135416
405287881155875
405287881176458
405287881196791
405287881217208
405287881238916
405287881266291
405287881286833
405287881307375
405287881327958
405287881348541
405287881373541
405287881394083
405287881414458
405287881441833
405287881462458
405287881483125
405287881503291
405287881530708
405287881550875
405287881571500
405287881592208
405287881622041
405287881635083
405287881663791
405287881686333
405287881702208
405287881726416
405287881747208
405287881767500
405287881783500
405287881807666
405287881828041
405287881848250
405287881868708
405287881890666
405287881912250
405287881933250
405287881953333
405287881980666
405287882001208
405287882021791
405287882037750
405287882068666
405287882089083
405287882105750
405287882128916
405287882151500
405287882171958
405287882192208
405287882207416
405287882230166
405287882250625
405287882266625
405287882289625
405287882319416
405287882339833
405287882360041
405287882381541
405287882409416
405287882429750
405287882445166
405287882468333
405287882484750
405287882573625
405287882595375
405287882611583
405287882634458
405287882650583
405287882673750
405287882690083
405287882713500
405287882731500
405287882752583
405287882772833
405287882792041
405287882813458
405287882833875
405287882849500
405287882872625
405287882890333
405287882909750
405287882926000
405287882949041
405287882969125
405287882989791
405287883010500
405287883030833
405287883051125
405287883067083
405287883089791
405287883110083
405287883130458
405287883146291
405287883169083
405287883189208
405287883209416
405287883230500
405287883250833
405287883271166
405287883291541
405287883311875
405287883327625
405287883351041
405287883366625
405287883389666
405287883410166
405287883426125
405287883451250
405287883471833
405287883491958
405287883507708
405287883530833
405287883551208
405287883571375
405287883591666
405287883607375
405287883630125
405287883650375
405287883671916
405287883687833
405287883710916
405287883731125
405287883751250
405287883771583
405287883787375
405287883810375
405287883830750
405287883846416
405287883869208
405287883890958
405287883911583
405287883931875
405287883956125
405287883976666
405287883997000
405287884017208
405287884037333
405287884057541
405287884086458
405287884102583
405287884124875
405287884140708
405287884164416
405287884187583
405287884204791
405287884228416
405287884252208
405287884268541
405287884290791
405287884310916
405287884327583
405287884350875
405287884371125
405287884387083
405287884420833
405287884441541
405287893332166
405287893368666
405287893376375
405287893384208
405287893407125
405287893429750
405287893445166
405287893467791
405287893484125
405287893507791
405287893528458
405287893551500
405287893568291
405287893591666
405287893608458
405287893631791
405287893648458
405287893672041
405287893693083
405287893709250
405287893731916
405287893753208
405287893775583
405287893796083
405287893816541
405287893833666
405287893853583
405287893878625
405287893891333
405287893916583
405287893932875
405287893955791
405287893972916
405287893999208
405287894019625
405287894040791
405287894061125
405287894081875
405287894102333
405287894122875
405287894147333
405287894155416
405287894180166
405287894580208
405287896262583
405287896293416
405287896302375
405287896328333
405287896347791
405287896374958
405287896399625
405287896423583
405287896447458
405287896469416
405287896500083
405287896530166
405287896554000
405287896574291
405287896601166
405287896625416
405287896643958
405287896672083
405287896692708
405287896724333
405287896741750
405287896767041
405287896789875
405287896816500
405287896840625
405287896864250
405287913001000
405287913048291
405287913070875
405287913120916
405287913153958
405287913199083
405287913233458
405287913278791
405287933981083
405287934049666
405287934066166
405287934081750
405287935872208
405287943437208
405287943465125
405287943474458
405287975840541
405287976323583
405287983650625
405287984223125
405287986516916
405287997582833
405288004725125
405288011707458
405288022604791
405288030711583
405288123687458
405288124341833
405288124367875
405288124416125
405288124451625
405288124501958
405288124537291
405288124575333
405288124607791
405288124652750
405288124693125
405288124734916
405288124778208
405288124818791
405288124870250
405288124897958
405288124939750
405288124981791
405288125021666
405288125061958
405288125101625
405288125141500
405288125188916
405288125235166
405288125274916
405288125315083
405288125355041
405288125396166
405288125436083
405288130620041
405288134359375
405288134401375
405288134441875
405288134482500
405288134516708
405288134562250
405288134602083
405288134641416
405288134680875
405288134725333
405288134764875
405288134809500
405288134849541
405288134889666
405288134928750
405288134968041
405288135008083
405288135047833
405288135087750
405288135133416
405288135172666
405288135213750
405288135257208
405288135304166
405288135343958
405288135390208
405288135429250
405288135468625
405288135507541
405288135547875
405288135587458
405288135633625
405288135672708
405288135716750
405288135756583
405288135796541
405288135835750
405288135872125
405288135915333
405288135956083
405288135985583
405288136033708
405288136073583
405288136113500
405288136158041
405288136186125
405288136236500
405288136276583
405288136320125
405288136344125
405288136370541
405288136394000
405288136413000
405288136440875
405288136464208
405288141792666
405288141824208
405288141868166
405288141901041
405288141944500
405288141978625
405288142023500
405288142063875
405288142097875
405288142143083
405288142184166
405288142228208
405288142268583
405288142309125
405288142348458
405288142388458
405288444029666
405289570560541
405290180430416
405290180547916
405290180567500
405290180583000
405290180601375
405290180619375
405290180657750
405290180690375
405290180734333
405290180776000
405290180810291
405290180864750
405290180899666
405290180945375
405290180985041
405290181024416
405290181064791
405290181105083
405290181145708
405290181185541
405290181225250
405290181265875
405290181308458
405290181348541
405290181388333
405290181434166
405290181473291
405290181514083
405290181557750
405290181593958
405290181630041
405290181673333
405290181713041
405290181757875
405290181798625
405290181837583
405290181877958
405290181917250
405290181957708
405290181997708
405290182037750
405290182064250
405290182113833
405290182163458
405290182203875
405290182243416
405290182283166
405290182323666
405290182363791
405290182412166
405290182451500
405292635903958
405292687433166
405292805120958
405292805205500
405293047080750
405293047184541
405293047202916
405293047216916
405293047231750
405293047269458
405293047302750
405293047348208
405293047382250
405293047427166
405293047461166
405293047516500
405293047551625
405293047596916
405293461893791
405294311656833
405294311769125
405294786879291
405294786997625
405294787017708
405295096919916
405295138645250
405295143636625
405295912302375
405295912408875
405296015302000
405296019431916
405296223006375
405296223123208
405296936251416
405296936353958
405296936364000
405296936371375
405296936377750
405296936384000
405296936391083
405296936397416
405296936404750
405297068324958
405297068430000
405297068448791
405298063425750
405298481159875
405298619325666
405299091225708
405300009419750
405300009539541
405300009559583
405300726239916
405300851003666
405301015085500
405301793899958
405302568597708
405302568716916
405302568736875
405302724699208
405302858152166
405302895692958
405303037796916
405303068587416
405303068627166
405303068655333
405303068697000
405303491156583
405304104559250
405304206080625
405304393065958
405305743800625
405305743910791
405306254584875
405306372895666
405307177299250
405307377554166
405307893261375
405307893361958
405307893370666
405307893376166
405307933239125
405307933278333
405307933285416
405307952076000
405307995701708
405308009648166
405308009723333
405308009741916
405308009758916
405308009806208
405308009840500
405308009886208
405308009926958
405308009967541
405308010007750
405308010042291
405308010093958
405308010135125
405308010175000
405308010211416
405308010254416
405308010294458
405308010335000
405308010375250
405308010415125
405308010454166
405308010494291
405308010546166
405308010586291
405308010614000
405308010662833
405308010702250
405308010742750
405308010782875
405308010823500
405308010863458
405308010904166
405308010943750
405308010987708
405308058511375
405308058555416
405308058583916
405308058626458
405308058667416
405308058707333
405308058748541
405308058782625
405308058827416
405308058867291
405308058908291
405308058953000
405308058994125
405308059033708
405308059084708
405308059124833
405308059164625
405308059199375
405308059245458
405308059285541
405308059327791
405308059357458
405308059407208
405308059447958
405308059487875
405308059527541
405308059567541
405308059606666
405308059652708
405308059691958
405308059731250
405308059770916
405308059817958
405308059861125
405308059902041
405308059941791
405308059982958
405308060021791
405308060068666
405308060107916
405308060161791
405308060198416
405308060220041
405308060266458
405308060310541
405308060349833
405308060390083
405308060429000
405308060476916
405308060516000
405308060563041
405308060602458
405308060642541
405308060681333
405308060730375
405308060775125
405308060814375
405308060853625
405308514593375
405308514706291
405308514725833
405308514740250
405308514754500
405308514796958
405308514848708
405308514883916
405308514929708
405308514970250
405308515011833
405308515045125
405308515090958
405308515131000
405308515171666
405308515211375
405308515251500
405308515295166
405308515335916
405308515376416
405308515416458
405308515456791
405308515497875
405308515532625
405308515577791
405308515612916
405308515659291
405308515698458
405308515762625
405308515794541
405308515836875
405308515876958
405308515910333
405308515956416
405308515996041
405308516038833
405308516071166
405308516116500
405308516155916
405308516201375
405308516240833
405308516289750
405308516338833
405308516378250
405308516417291
405308516457250
405308516496916
405308516536958
405308516576500
405308516615833
405308516655208
405308516695291
405308516734916
405308516777416
405308516817500
405308516857500
405308516897541
405308516939208
405308516978916
405308517018958
405308517052291
405308517097791
405308517137583
405308517177375
405308517225958
405308517266500
405308517305958
405308517352750
405308517392416
405308517438708
405308517477791
405308517528333
405308517567666
405308517614791
405308517654000
405308517697083
405308517730708
405308517777000
405308517815958
405308517865125
405308517904708
405308517946000
405308517993375
405308518033208
405308518074666
405308518126416
405308518152208
405308518177833
405308521801833
405308521821166
405308521857291
405308532628791
405308537198875
405308537228791
405308537276041
405308537317333
405308537357333
405308537396958
405308537437250
405308537477166
405308537516291
405308537555833
405308537595791
405308537640083
405308537679291
405308537719291
405308537753541
405308537798916
405308537838875
405308537878958
405308537919500
405308537958500
405308537998083
405308538037208
405308538081208
405308538120375
405308538160041
405308538200125
405308545577416
405308545611875
405308545661333
405308545698000
405308545739958
405308545773833
405308545819416
405308545854125
405308545900583
405308545935375
405308555523125
405308555549125
405308555597500
405308555638208
405308555671416
405308555716166
405308555755666
405308555796166
405308555835416
405308555878500
405308555919166
405308555971416
405308583778875
405308583814083
405308583856583
405308703795083
405308703867291
405308703883791
405308703897416
405308703944333
405308703985416
405308704019583
405308704064875
405308704104666
405308704144958
405308704184458
405308704231958
405308704272208
405308704312958
405308704353708
405308711726875
405308711753000
405308711801666
405308711842833
405308711876500
405308711916666
405308711963125
405308712003166
405308712042375
405308712082500
405308717569666
405308717603666
405308717648625
405308717688916
405308717728833
405308717768916
405308717808458
405308717848666
405308717887958
405308717928250
405308717961708
405308718013250
405308724490291
405308724522125
405308724566791
405308724607083
405308724646708
405308724687041
405308724727041
405308724766666
405308724806416
405308724846750
405308731436333
405308731469333
405308731514291
405308732148833
405308732183958
405308732229083
405308732263458
405308732310875
405308732351583
405308732392541
405308732432333
405308732471791
405308732511833
405308732551958
405308732594500
405308732637333
405308732677666
405308732717500
405308732767833
405308732796458
405308732835166
405308732874833
405308732914666
405308732960791
405308732999750
405308733043666
405308733083916
405308733123208
405308758610250
405308758646833
405308758684125
405308758724791
405308758764708
405308758805166
405308758844333
405308758883583
405308758922958
405308758962625
405308759002583
405308759046708
405308759086750
405308759127625
405308759167958
405308759208000
405308759247375
405308759293791
405308759333541
405308759373791
405308759413791
405308759454125
405308759496625
405308759537458
405308759576458
405308759623291
405308759662208
405308759709375
405308759748625
405308759784333
405308759827333
405308759868125
405308759907083
405308759951541
405308759991500
405308760033416
405308760067666
405308760118333
405308760141208
405308760185500
405308760225166
405308760264250
405308760300833
405308760346083
405308760395708
405308760419041
405308760461875
405308760504458
405308760547958
405308760587958
405308760627083
405308760666833
405308760705916
405308760746375
405308760784625
405308760830250
405308760869541
405308760917166
405308760956875
405308760998958
405308761039000
405308761079208
405308761118000
405308761158333
405308761197458
405308761241375
405308761284666
405308761325083
405308761363583
405308761410000
405308761449416
405308761503875
405308761542708
405308761583625
405308761622875
405308761669166
405308761708500
405308761764000
405308761803250
405308761850041
405308761889166
405308761935375
405308761974041
405308762020666
405308762061833
405308762102333
405308762126541
405308762150750
405308762174000
405308762200083
405308762223125
405308762247291
405308762269750
405308762300333
405308762323083
405308762346541
405308762369458
405308762393083
405308762415875
405308762439625
405308762464958
405308762489458
405308762512958
405308762536166
405308762558750
405308762589333
405308762612541
405308762635125
405308762657583
405308762681666
405308762704958
405308762731166
405308762754458
405308762778500
405308762800916
405308762824500
405308762843541
405308762870791
405308762911458
405308762934750
405308762957958
405308762990291
405308763012875
405308778859250
405308778933291
405308778946375
405308778962375
405308779012250
405308779052916
405308779092958
405308779131958
405308779171500
405308779210000
405308779250166
405308779299375
405308779346291
405308779386250
405308779420208
405308779466916
405309961587041
405309961696833
405309961712000
405309961724166
405309961736250
405309961779375
405309961821041
405309961861000
405309961900208
405309961939875
405309961979375
405309962029541
405309962068208
405309962108208
405309962148875
405309962189750
405309962229083
405309962268708
405309962302875
405309962347750
405309962389166
405310037496750
405310763245541
405311287524208
405311786601583
405312194749083
405312194853291
405312237731041
405312237799875
405312237816083
405312237828875
405312356859875
405312356959333
405312356974916
405312356987625
405312357001333
405312357038250
405313018693291
405313206057208
405313206178541
405313206201166
405313206218750
405313206236458
405313206252708
405313206265875
405313206306875
405313206339750
405313206380500
405313206410958
405313206465958
405313935313000
405313935423708
405314860521625
405315880257083
405316021800041
405316021906416
405316021926458
405316021942916
405316021959208
405316021989416
405316022035166
405316294028625
405316338832333
405318338772416
405318338892375
405318338912958
405318338930125
405319213216583
405319213338000
405319213356750
405319213371333
405319213387000
405319213400541
405319238230583
405320061403208
405321291570208
405322025263583
405322739100666
405322739209875
405322975457000
405323971116166
405323971226250
405324380896791
405324688460333
405324688583083
405324688601250
405324688618041
405324688634958
405324688651833
405324688669083
405324688702458
405324688746333
405324688781625
405324688823541
405324688868750
405324688908083
405324688937666
405324688980958
405324689012625
405324689056583
405324689088375
405324689131666
405324689170416
405324689209458
405324689241916
405324689291791
405324689331125
405324689370250
405324689401625
405324689444625
405324689483875
405324689522875
405324689554750
405324689593958
405324689645625
405324689672208
405324689719291
405324689758291
405324689796791
405324689828875
405324689871625
405324689912875
405324689942541
405324689984791
405324690023541
405324690069416
405324690106000
405324690149125
405324690179125
405324690220500
405324690253500
405324690301625
405324690342375
405324690371500
405324690414208
405324690453250
405324690485541
405324690530208
405324690571833
405324690610291
405324690648750
405324690687916
405324690726583
405324690758125
405324690799666
405324690831083
405324690873208
405324690911666
405324690943458
405324690989583
405324691028416
405324691060375
405324691118958
405324691150458
405324691193500
405324691225208
405324691275916
405324691307958
405324691352500
405324691385708
405324691431083
405324691469583
405324691516583
405324691548583
405324691593125
405324691631500
405324691680083
405324691712750
405324691758208
405324691789000
405324691832041
405324691875208
405324691914166
405324691948333
405324691992208
405324692015750
405324692035416
405324762451541
405324762513583
405324762529625
405324762548375
405324762595916
405324762628125
405324762669916
405324762702375
405324762746125
405324762776625
405324762821541
405324762864791
405324762905000
405324762943791
405324762974708
405324763017708
405324763056666
405324763089250
405324763132791
405324763171833
405324763218916
405324763257875
405324763299791
405324763332083
405324763375166
405324763414166
405324763452708
405324763484458
405324763532291
405324763564833
405324763614666
405324763647000
405324763688333
405324763729541
405324763768208
405324763807291
405325097463375
405325097576000
405325711069416
405326324891583
405326841865916
405326965416791
405327071781125
405327555130166
405328374136875
405328878232000
405329604025000
405329651630041
405330015094500
405330834131750
405331137917583
405331280015375
405331280118625
405332164079708
405332164184875
405332164201666
405332470309000
405332470423208
405332470442166
405332470458208
405332470475208
405332470487500
405333802332750
405333802450750
405333966473791
405333966577041
405333966588708
405333966596000
405333966603333
405333966610083
405333966616291
405334417078208
405334417188666
405334722987708
405335030026208
405335030152833
405335950814583
405336770751208
405336770864208
405336845717708
405336845803208
405336845819708
405336845834625
405336845849791
405336845896500
405336845931666
405336845973416
405336846007625
405336846049416
405336846081416
405336846127333
405336846169916
405336846201250
405336846244375
405338408629666
405338408747833
405339024102416
405339024223291
405340048574375
405340048661375
405340048680458
405340048697125
405340048713208
405340048747125
405340048791041
405340048822750
405340048865375
405340048898833
405340048941666
405340048998791
405340458748250
405341788357250
405342167209791
405342506395375
405343223581833
405343942583666
405344004053208
405344004366250
405344004394625
405344004449375
405344004484416
405344004528041
405344004570416
405344846849833
405344897404041
405345563571708
405345986718666
405346601419875
405346683824708
405347322005541
405347322110791
405347322130625
405347322145958
405347322161625
405347322208291
405347322241916
405347322283041
405347322316500
405347322359708
405347322392875
405347322434375
405347322468166
405347322513333
405347322546541
405347322590000
405347322621625
405347322665125
405347322696833
405347322740750
405347322779541
405347322822125
405347322854500
405347322898916
405347322936291
405347322977750
405347323008958
405347323051500
405347323083625
405347323127791
405347323154958
405347323198375
405347323231583
405347323274583
405347323315000
405347323356333
405347323395291
405347323434208
405347323488083
405347323516416
405347323564083
405347323595166
405347323637041
405347323670458
405347323713583
405347323740875
405347323785875
405347323824750
405347323856375
405347323904208
405347323943375
405347323975541
405347324027250
405347324059625
405347324102958
405347324141958
405347324189875
405347324221791
405347324273458
405347324305916
405347324357083
405347324479291
405347324522208
405347324553166
405347324596041
405347324635000
405347324673666
405347324706041
405347324750541
405347324789291
405347324834041
405347324872625
405347324914916
405347324946416
405347324990541
405347325029500
405347325061916
405347325105750
405347325137416
405347325179333
405347325218875
405347325251166
405347325303166
405347325344083
405347325383208
405347325415041
405347325466708
405347325500666
405347325553041
405347325575750
405347325601208
405347325622125
405347325647000
405347325665291
405347325695166
405347325713750
405347325739875
405347325763166
405347325786500
405347325804958
405347325835583
405347325858875
405347325881958
405347325913875
405347325929250
405347325958333
405347325984458
405347326003916
405347326028958
405347326048541
405347326073583
405347326092458
405347326125958
405347326161541
405347326189708
405347326213083
405347326231291
405347326261416
405347326279708
405347326305208
405347326333666
405347326356916
405347326373541
405347326395708
405347326417333
405347326442958
405347326461333
405347326486541
405347326503125
405347326527333
405347326545083
405347326573375
405347326591666
405347326616875
405347326644500
405347326653500
405347326680958
405347326699375
405347326724916
405347326743250
405347326769083
405347326792333
405347326816041
405347326839333
405347326853416
405347326879583
405347326899833
405347326923500
405347326949125
405347326967500
405347326992916
405347327011250
405347327033250
405347327057000
405347327073833
405347327099166
405347327122333
405347327140000
405347327169541
405347327192833
405347327210208
405347327234291
405347327252625
405347327277750
405347327296125
405347327321541
405347327344875
405347327363000
405347327389125
405347327412833
405347327436500
405347327454500
405347327481708
405347327510750
405347327533458
405347327548708
405347327572000
405347327587291
405347327613625
405347327628958
405347327652250
405347327667875
405347327694458
405347327710041
405347327729500
405347327754000
405347327774291
405347327789958
405347327814125
405347327828125
405347327856916
405347327871000
405347327894958
405347327909958
405347327933250
405347327963916
405347327984041
405347524433916
405348034875250
405348034990458
405348035011291
405348035026750
405348035043000
405348035057333
405348035086833
405348035129625
405348035163291
405348035204791
405348035240666
405348035291791
405348035325458
405348035367083
405348035399458
405348035444416
405348035476416
405348035524416
405348035561125
405348035582875
405348035628250
405348035661458
405348035710375
405348547669791
405348726385750
405348726492708
405348726513125
405348728638625
405348728680875
405348728701500
405348728746083
405348728780166
405348728831583
405348728869833
405348728891791
405348728937791
405348728981541
405348729002208
405348729058291
405348729081791
405348729125750
405348729154208
405348729200833
405348729229166
405348729274416
405348729307750
405348729351750
405348729384250
405348729427333
405348729469416
405348729502875
405348729545625
405349058873958
405349058988791
405351109559041
405351739512000
405351739637708
405352237262208
405352237369375
405352249149791
405352249194375
405352249204041
405352249212750
405352249230000
405352249256083
405352249275166
405352249300625
405352249320125
405352249344250
405352249357750
405352249389625
405353160181250
405353976822208
405354690253708
405354846948500
405355714582208
405356840679375
405356845855875
405356845892541
405356845922125
405357560586916
405357560702750
405357560723458
405358889546666
405359299630083
405359434723583
405359434817250
405359557352500
405359557473375
405359557491000
405359557505291
405359557521666
405359557537291
405359557564666
405359557605875
405359557637375
405359557678625
405359557711208
405359557764916
405359557798000
405359557839958
405359557872750
405359557909583
405359557953708
405359557984166
405359558028041
405359913720541
405359913841916
405359913861791
405359913877750
405359913895291
405359913909875
405359913924416
405359913969208
405359914002166
405359914043500
405359914076666
405359914129750
405359914161916
405359914205291
405359914236083
405359914278583
405359914310125
405359914352708
405359914385291
405359914428875
405359914468083
405360003698791
405360003808416
405360003828041
405360003841875
405360003857291
405360003883000
405360003925791
405360003956416
405360003999166
405360004031166
405360004073083
405360004120375
405360004160250
405360004192166
405360004236208
405360004267958
405360004312708
405360004344875
405360004387541
405360004418208
405360004462166
405360004494333
405360004542416
405360004581208
405360004620416
405360004651958
405360004703000
405360004734750
405360004778541
405360004810083
405360004854791
405360004886833
405360005127083
405360005166625
405360005208291
405360005235416
405360005282375
405360005306375
405360005352958
405360005386250
405360005427416
405360005459333
405360005502208
405360005551625
405360005587583
405360005606666
405360005653958
405360053563625
405360053662416
405360053679875
405360053693208
405360053709416
405360053739375
405360053780166
405360053813541
405360053856458
405360053887166
405360053930416
405360053978083
405360054011041
405360054053833
405360054086291
405360054128583
405360054161875
405360054204500
405360054243333
405360054282291
405360054308625
405360054354125
405360054395416
405360054434375
405360054473125
405360054518125
405360054557791
405360054600208
405360054620750
405360054663541
405360054694291
405360054737458
405360054769250
405360054825666
405360054864625
405360054903458
405360054935458
405360054979708
405360055011458
405360055055333
405360055087166
405360055133500
405360055182083
405360055216208
405360055262708
405360055301708
405360055340291
405360055384416
405360055423000
405360055467000
405360055498958
405360055543208
405360055575500
405360055619541
405360055651458
405360055707041
405360055739250
405360055785500
405360055817958
405360055848208
405360055866291
405360055892291
405360055910333
405360055937625
405360055956041
405360055978250
405360056007291
405360056025458
405360056051500
405360056074666
405360056092625
405360056119458
405360056137208
405360056164375
405360323764666
405361042596166
405361042670083
405361042688916
405361084499916
405361348578125
405361348699333
405361348720416
405361348734958
405361348749041
405361348764125
405361348801083
405361348842250
405361348862166
405361348910458
405361348934000
405361348991666
405361349026041
405361349064875
405361349099541
405361349151583
405361349169250
405361349218458
405361349255125
405361349296583
405361349328125
405361349377208
405361349400500
405361349448291
405361349478375
405361349522083
405361349553041
405361349597875
405361349620958
405361349668208
405361349699333
405361349741541
405361349773791
405361349821166
405361349853416
405361349897458
405361349929833
405361349972000
405361350003458
405361350046541
405361350085833
405361350124916
405361350156541
405361350200000
405361350242708
405361350269666
405361350313750
405361350345083
405361350387666
405361350426083
405361350464833
405361350496750
405361350540333
405361350571333
405361350623625
405361350667208
405361350706041
405361350744541
405361350786666
405361350816083
405361350846791
405361350865125
405361350891291
405361350914500
405361350945666
405361350963916
405361350992916
405361351011416
405361351037833
405361351055916
405361351081708
405361351099708
405361351126875
405361351145250
405361351171500
405361351189708
405361351216916
405361351241125
405361351264500
405361351281000
405361351315208
405361351338541
405361351355291
405361351388833
405361351407416
405361351433708
405361351456875
405361351487375
405361351511250
405361351558375
405361351581250
405361351593375
405361351647250
405361351670125
405361351682541
405361351692916
405361351704708
405361351714666
405361351742250
405361351767625
405361351784791
405361351810625
405361351828958
405361351855583
405361351873666
405361351900083
405361351918541
405361351945041
405361351963208
405361351992750
405361352026416
405361352049000
405361352065625
405361352090708
405361352109000
405361352134791
405361352151541
405361352321958
405361352337958
405361352364250
405361352382458
405361352406916
405361352425625
405361352450875
405361352474208
405361352492000
405361352514916
405361352538666
405361352562375
405361352585958
405361352603791
405361352631250
405361352649416
405361352674666
405361352692333
405361352717666
405361352738166
405361352763083
405361352786041
405361352810041
405361352827958
405361352853333
405361352877750
405361352891833
405361352913666
405361352934041
405361352947916
405361352980125
405361352995500
405361353019083
405361353034791
405361353059916
405361353075750
405361353099000
405361353114291
405361353145208
405361353160791
405361353183833
405361353199500
405361353222875
405361353238250
405361353261708
405361353282583
405361353302833
405361353319875
405361353338625
405361353350541
405361353373000
405362063484208
405362063605208
405364111351458
405365033085750
405365033211833
405365290248250
405365290287666
405365290295291
405365290301000
405365290306833
405365290323083
405365290335333
405365290352875
405365290364916
405365290383208
405365290395916
405365290417000
405365290428500
405365290447000
405365290463333
405365290474458
405365290492708
405365290505208
405365290523583
405365290536083
405365290554125
405365290566458
405365290586166
405365290602666
405365290614916
405365290633083
405365290645250
405365290663291
405365290675750
405365290693833
405365290711125
405365290761375
405365290812958
405365290861708
405365290901666
405365290941083
405365290980625
405365291020250
405365291059875
405365291098875
405365291138250
405365291178625
405365291217916
405365291257083
405365291300416
405365291339625
405365291379375
405365291418958
405365291458583
405365291498250
405365291537166
405365291576666
405365291615625
405365291655291
405365291694958
405365291738375
405365291773041
405365306523291
405365306573083
405365306589416
405365306635875
405365306682125
405365306714208
405365306737458
405365306754125
405365306777416
405365306793583
405365306817125
405365306841125
405365306861666
405365306877958
405365306901083
405365306917666
405365306940500
405365306956708
405365306979833
405365316414375
405365316431625
405365316441916
405365316459875
405365316472541
405365316490666
405365316502333
405365316520833
405365316533166
405365316551708
405365316564500
405365316585125
405365316597750
405365316615916
405365316628375
405365316646791
405365316659000
405365316677291
405365316689958
405365316708458
405365316724875
405365316736375
405365316756583
405365316770416
405365316786916
405365316799500
405365316817625
405365335705916
405365335842625
405365335865333
405365335885208
405365335901541
405365335914750
405365335928666
405365335971208
405365336015833
405365336058500
405365336093291
405365336163500
405365336205541
405365336239458
405365336285166
405365336325833
405365336359333
405365336404000
405365336443083
405365336482583
405365336522291
405365336562208
405365359724875
405365359793916
405365359812083
405365359826708
405365359875875
405365359917250
405365359958125
405365359992791
405365360037333
405365360078375
405365360118500
405365360166375
405365360207083
405365360248541
405365360284416
405365360330375
405365360369916
405365360409333
405365360446666
405365360490500
405365854897083
405365857797500
405365857860375
405365857881458
405365857905958
405365857957208
405365857985083
405365858032833
405365858066083
405365858114166
405365858145208
405365858188750
405365858239583
405365858270666
405365859386583
405365865242958
405366088481750
405366088591958
405366088799208
405366569824541
405366569942791
405366878950500
405366879061916
405366879080958
405366879099708
405366879115916
405366879163041
405366879196708
405366879241041
405366879282000
405366879314916
405366879360916
405366879400916
405366879436208
405366879487166
405366879529333
405366879562041
405366879607916
405366879642500
405366879688250
405366879728541
405366879768541
405366879808500
405366879848416
405366879888041
405366879931291
405366879971375
405366880017625
405366880057041
405366880103750
405366880143041
405366880183166
405366880222333
405366880269416
405366880308541
405366880348416
405366880392958
405366880433250
405366880472166
405366880515000
405366880554375
405366880594791
405366880627958
405366880673958
405366880713208
405366880760166
405366880799791
405366880844916
405366880884666
405366880924083
405366880974500
405366881011125
405366881054416
405366881102625
405366881149875
405366881184083
405366881227291
405366881259958
405366881304916
405366881344333
405366881387833
405366881432500
405366881473500
405366881513083
405366881555166
405366881587291
405366881627375
405366881646666
405366881673958
405366881693875
405366881720375
405366881743750
405366881769375
405366881792750
405366881816583
405366881835333
405366881859958
405366881879500
405366881905750
405366881938166
405366881957833
405366881983958
405366882007666
405366882026875
405366890350083
405366890389583
405366890436833
405366890470625
405366890517875
405366890557500
405366890598875
405366890638791
405366890674000
405366890714583
405366890758166
405366890801541
405366953024708
405366953117166
405366953134916
405366953150791
405366953166208
405366953214458
405366953250083
405366953294666
405366953335666
405366953369416
405366953415291
405366953462250
405366953505750
405366953546125
405367387971125
405367388094916
405367388116833
405367388132125
405367388147416
405367388161583
405367388204166
405367388238125
405367388282208
405367388322833
405367388356791
405367388411208
405367901191500
405368007518291
405368414885625
405368415020750
405368978857375
405369334781875
405369947521958
405369947644250
405370254926708
405370255047791
405370974297208
405370974421208
405370974440291
405370974455166
405370974471375
405370974498166
405370974542083
405370974575708
405370974620333
405370974654666
405370974699625
405371384380250
405371384504375
405371428798458
405371428851625
405371601059583
405371601167208
405371601183708
405371601196583
405371601204250
405371680667083
405371680789041
405371752647875
405371752713083
405371752731375
405371752758666
405371752802083
405373020113666
405373020261083
405373020285083
405373020300791
405373020314041
405373020328708
405373020342250
405373020368250
405373020410291
405373020441250
405373020483291
405373028486000
405373049338500
405373536298083
405373839898125
405374038911083
405374039023208
405374866133833
405374866250458
405374866270666
405374866286291
405374866302291
405374866317000
405374866336458
405374866384041
405374866417083
405374866457916
405374866488875
405374866543208
405374866575625
405374866618291
405374866655125
405374866697083
405374866731083
405374866774458
405374866808500
405374866851333
405374866882583
405374866925500
405374866970250
405374867002791
405374867046666
405374867096458
405374916095333
405374959691000
405375785968583
405375786085416
405376194076208
405376194208416
405376256906833
405376301340166
405376722999125
405376723115250
405377115433583
405377197855083
405377628141541
405377754625541
405377851526666
405378024623416
405378129195666
405378857089791
405378886376125
405379127118125
405379130307541
405379921703625
405379921822583
405379921842541
405380271422791
405380390678916
405380404222000
405380882525958
405381221617125
405381929671416
405382085114250
405382645696416
405382942049708
405382942172416
405382942193750
405382942208000
405382942222458
405382976230291
405382981099000
405383089982625
405383570244750
405383631521541
405384082589791
405384696691333
405384766933916
405384767042125
405384767060750
405385730751416
405385730864125
405385745201250
405385867367541
405385902316333
405386844406375
405386844531583
405387356970541
405387370242250
405387663455541
405387701992041
405387975271541
405388173552500
405388738502458
405388834303958
405388919409500
405389198517708
405389609022833
405389784109625
405390326960000
405390459495666
405390782622291
405390880711041
405390952782041
405391555730958
405391566169791
405391863548500
405392273672041
405392273790083
405392273809791
405392307070875
405393911383916
405393911511375
405393911531291
405393911547375
405393911564458
405393911577541
405393911590708
405393911631666
405393911663833
405393911705416
405393911738000
405393911788416
405393911821125
405393911863500
405393911895500
405393911935875
405393911971083
405393912011625
405393912051291
405393912080833
405393912123000
405393912154958
405393912203000
405393912243958
405393912276083
405393912319000
405393912351333
405393912395083
405393912434375
405393912465708
405393912503458
405393912545666
405393912583458
405393912625416
405393912654708
405393912697166
405393912729041
405393912772500
405393912804958
405393912848666
405393912883458
405393912925083
405393912957750
405393913013958
405393913050625
405393913090125
405393913119750
405393913160750
405393913193083
405393913236166
405393913274833
405393913302166
405393913346166
405393913385208
405393913417375
405393913465875
405393913504541
405393913555458
405393913594250
405393913620291
405393913666541
405393913705291
405393913745791
405393913784916
405393913824125
405393913862791
405393913911625
405393913950333
405393913995250
405393914033875
405393914078708
405393914117166
405393914149666
405393914191791
405393914241750
405393914271833
405393914313000
405393914357958
405393914397041
405393914430083
405393914473000
405393914505958
405393914547916
405393914587416
405393914619333
405394734376125
405395035753541
405395035876916
405395206444583
405396065636625
405397085281041
405397085405625
405398169701250
405398169821083
405398169840833
405398169857000
405398621071750
405399442926083
405399460292958
405399608584625
405400156215958
405400251814583
405400775856291
405400775986125
405400776008250
405400776023250
405400776039875
405400776057916
405400776104208
405401179384708
405401289106750
405401896870166
405401896975708
405402101576500
405402101694250
405403068467833
405403536285208
405403536400541
405403639839208
405403639947833
405403639966791
405403639981375
405403639996708
405403682417416
405403687110916
405403767540916
405403783018541
405403953367458
405403985404583
405404251878541
405404299093500
405404356195791
405404379477333
405404403140625
405404513407750
405404588141708
405404757944916
405404982249583
405405113363666
405405290246333
405405686475666
405406069360250
405406300996500
405406304586875
405406304640333
405406304662708
405406304680833
405406304726791
405406304753041
405406304797125
405406304829791
405406304872500
405406304904916
405406304946458
405406305001166
405406305034916
405406305076541
405406305116000
405406305147666
405406305190166
405406305221083
405406305265500
405406305297625
405406305341750
405406305373750
405406305423250
405406305456333
405406305500291
405406305532333
405406305577875
405406305605000
405406305649666
405406305688625
405406305721291
405406305765541
405406305797625
405406305846250
405406305885375
405406305924416
405406305948916
405406305996041
405406306035500
405406306067750
405406306112458
405406306144375
405406306197250
405406306236125
405406306274875
405406306320250
405406306341916
405406306387500
405406306419583
405406306471000
405406306509708
405406306548666
405406306580250
405406306624291
405406306658500
405406306708375
405406306736541
405406306753250
405406306778708
405406306799583
405406306823000
405406306846458
405406306863166
405406306896500
405406306914541
405406306941541
405406306965375
405406306988916
405406307007458
405406307029583
405406307048250
405406307073416
405406307103333
405406307126500
405406307149958
405406307166708
405406307211875
405406307238125
405406307259500
405406307271416
405406307299708
405406307314083
405406307340083
405406307363583
405406307380958
405406811442125
405406811550083
405406980711458
405407326935500
405407327050916
405407327069750
405407327084041
405407327117541
405407327134208
405407327153250
405407327191291
405407327231750
405407327265208
405407327307750
405407327359375
405407327392125
405407327437166
405407327476291
405407327509250
405407327551041
405407327590083
405407327628958
405407327667791
405407327697625
405407327754500
405407352066500
405407375190666
405407375226041
405407406361166
405407406411791
405407406428291
405407406466625
405407406497875
405407406541166
405407406574000
405407406617291
405407406650083
405407406694291
405407406727041
405407406777458
405407406810208
405407406854583
405407406886458
405407406932250
405407406961583
405407407005500
405407407037583
405407407076583
405407407119375
405407407156375
405407407197541
405407407229833
405407407274500
405407407313333
405407442220666
405407840672541
405407840787916
405407840808291
405407840823708
405407840842291
405407840855791
405407840887083
405407840922125
405407840969833
405407841009541
405407841031916
405407841084000
405407841111875
405407841157416
405407841189208
405407841232541
405407841265250
405408349436333
405408349546291
405408349565750
405408349579416
405408349595583
405408349610958
405408349652791
405408349684708
405408349726708
405408349758666
405408349800375
405408349855041
405408349884833
405408349928541
405408349960916
405408350009875
405408369156416
405408415208791
405408681592916
405408681693375
405408681711041
405408681725208
405408702293500
405408821496625
405408821595166
405408821613250
405408821628541
405408821644083
405408821670250
405408821711875
405408821745625
405408821787875
405408821827375
405408821858125
405408866406416
405409270970250
405410805947541
405410814165291
405411114137083
405411114254500
405411114275458
405411114290458
405411114305750
405411114318416
405411114348583
405411114392250
405411114424875
405411114467291
405411114499208
405411114553541
405411114592541
405411114624541
405411114667916
405411114702166
405411114744708
405411114777000
405411114835166
405411114884541
405411114914625
405411114961958
405411307077708
405411463488333
405411463602041
405411463622375
405411609422708
405411934246166
405411934355583
405411934375041
405411934390750
405411934405333
405411934432041
405411934477333
405411934512750
405411934559041
405411934593291
405411934639500
405412054746166
405412210221083
405412210327000
405412210344000
405412210358250
405412210373375
405412211730791
405412211777375
405412211796916
405412211847500
405412211872625
405412211920500
405412211962916
405412211997416
405412212042333
405412212075208
405412212121166
405412212166875
405412212207250
405412212239791
405412212284833
405412212318541
405412212365333
405412212404500
405412212444291
405412212484458
405412212531875
405412251589750
405412752748750
405412752855833
405412769251958
405413369590583
405413369706833
405413369726500
405413369742666
405413369758500
405413369773500
405413369820250
405413369854125
405413369898458
405413369939875
405413369973750
405413370030458
405413370065166
405413370111375
405413370150916
405413370191041
405413370230583
405413370271250
405413370312208
405413370352875
405413370393166
405413370433666
405413673771458
405414086139208
405414086251833
405414086272833
405414086288125
405414086304791
405414086319000
405414086363750
405414086405791
405414086439166
405414086484541
405414086526416
405414086577458
405414086617916
405414086657625
405414086697666
405414086738083
405414594894833
405414769390666
405414769514833
405414769537208
405414769553250
405414769567333
405414769592458
405414769637375
405414769671666
405414769715875
405414799118958
405414799166583
405414799182541
405414799232000
405414799273666
405414799307416
405414799353458
405414957382541
405415208584583
405415208695791
405415208715000
405415208730333
405415208747666
405415208762916
405415208812375
405415208847333
405415208892375
405415208926666
405415236851083
405415236899500
405415236915166
405415620409166
405416544318625
405416544437916
405416544458375
405416544471750
405416544487791
405416544503458
405416544547291
405416544582125
405416544625708
405416544660083
405416544705833
405416544756916
405416544798875
405416544838875
405416544879083
405416544912708
405416544959041
405416544993333
405416545037000
405416545076708
405416545117916
405416545145833
405416545204166
405416545244708
405416545284833
405416950252458
405417073302250
405417073661208
405417073706833
405417073727625
405417073776208
405417073803375
405417073851583
405417073886625
405417073934125
405417073966666
405417074010166
405417074044291
405417074095333
405417074128791
405417074181083
405417074208583
405417074259666
405417074299791
405417074320583
405417074369833
405417074404708
405417082973125
405417083008875
405417083048416
405417083089208
405417083123458
405417083168958
405417083209916
405417083253833
405417083284541
405417083329708
405417083368833
405417083414500
405417083455750
405417083496500
405417083535875
405417083576291
405417083616541
405417083655541
405417083695541
405417083737208
405417083786625
405417083814916
405417083869208
405417083908875
405417083950083
405417084029625
405417084074083
405417085887875
405417086622125
405417088609041
405417105968791
405417106005250
405417106043666
405417106084458
405417106125166
405417106166041
405417106207833
405417106246791
405417106286583
405417106327291
405417106368000
405417106419583
405417106460291
405417106500833
405417106540958
405417106574333
405417106619958
405417106659500
405417106699458
405417106738666
405417106778791
405417106819166
405417106863125
405417106902791
405417106945125
405417106972500
405417107020000
405417107052791
405417107098708
405417107132458
405417107182416
405417107216916
405417107263625
405417107307541
405417107385916
405417107405458
405417107420333
405417107509916
405417107554458
405417107731125
405417107757333
405417107772250
405417107787375
405417107800875
405417107861166
405417107896750
405417107908666
405417107929875
405417107981875
405417110517750
405417110549166
405417110577541
405417110601208
405417110635125
405417110664875
405417110694750
405417110725000
405417110749291
405417110783500
405417110813125
405417110846500
405417110876916
405417131692916
405417131745250
405417131761625
405417131804458
405417131846000
405417131880333
405417131926500
405417131966000
405417132000875
405417132045500
405417132086666
405417132130416
405417132165666
405417132210416
405417132249500
405417132283833
405417132331333
405417132370583
405417132410458
405417132446000
405417132488875
405417132529333
405417132573333
405417132612291
405417132651625
405417132692708
405417132731791
405417132771916
405417132812708
405417132852166
405417132891458
405417132930916
405417132969958
405417133012666
405417133052708
405417133091750
405417133117958
405417133168000
405417133207291
405417133246916
405417133292750
405417133319583
405417133369125
405417133408625
405417133453875
405417462192750
405417462305833
405417462325166
405417462339958
405417462355375
405417600993208
405417601084083
405417601090916
405417601096250
405417601103041
405417601108750
405417601113583
405417601119416
405417601124708
405417601129875
405417601135500
405417601155583
405417601172166
405417601224875
405417601266083
405417770169875
405417822197625
405417996247916
405418114238458
405418465468250
405418467135958
405418998416333
405418998492916
405418998513375
405419036136250
405419295377166
405419308986291
405419381286666
405419535415458
405419557657666
405419648007208
405419921309750
405420010253916
405420155939125
405420536662125
405420589256875
405420590914625
405420944127458
405420944241208
405420944260333
405420944276208
405420944292250
405420944308291
405420944355125
405420944390833
405420944435416
405420944470541
405420944514625
405420944564041
405420944607333
405420944641750
405420944687000
405420944722416
405420944766750
405420944807958
405420944848208
405420944888791
405420944928416
405420944968500
405420945012625
405420945052791
405420993373041
405421455382125
405421870454500
405421870572083
405421870591750
405421870607750
405421870622625
405421870638166
405421870679500
405421870713083
405421870760041
405421870792958
405421870836458
405421870885625
405421870927166
405421870968000
405421871002333
405421871046833
405421871079583
405421871125750
405421871165833
405421871205291
405421871244958
405421871285041
405421871328666
405421871368916
405421871409791
405421871449208
405421871489666
405421871529708
405421871569666
405421871609333
405421871647916
405421871699833
405421871739625
405421871785458
405421871824833
405421871864166
405421871903500
405421871944375
405421871983125
405421872018083
405421872069875
405421872099833
405421872146166
405421872178875
405421872237000
405421872275875
405421872295041
405421872341791
405421872386166
405421872411958
405421872460708
405421872500833
405421872540625
405421872580041
405421872619958
405421872665375
405421872704750
405421872739250
405421872786041
405421872828708
405421872852750
405421872884125
405421872912250
405421872938166
405421872954500
405421872982541
405421873008750
405421873032333
405421873056083
405421873076791
405421873103208
405421873126583
405421873150208
405421873169125
405421873196125
405421873219666
405421873243250
405421873268416
405421873291958
405421873315625
405421873339291
405421873358166
405421873383708
405421873407583
405421873430833
405421873454583
405421873477625
405421873493541
405421873526083
405421873556416
405421873575000
405421873598291
405421873625750
405421873650250
405421873674416
405421873693041
405421873720208
405421873744541
405421873764250
405421873791333
405421873821000
405421873844750
405421873868375
405421873892125
405421873911041
405421873937125
405421873961291
405421873984833
405421874008333
405421874034333
405421874056666
405421874085250
405421874104833
405421874131625
405421874158583
405421874173250
405421874201500
405421874228166
405421874357791
405421874382458
405421874400458
405421874429000
405421874447291
405421874474416
405421874498083
405421874521875
405421874540875
405421874566583
405421874590166
405421874616166
405421874639875
405421874663208
405421874686833
405421874711291
405421874735041
405421874758583
405421874785666
405421874804041
405421874827166
405421874847875
405421874866291
405421874889708
405421874910166
405421874931583
405421874951875
405421874973500
405421874989208
405421875020416
405421875040583
405421875061166
405421875081333
405421875105250
405421875126583
405421875147333
405421875167708
405421875188166
405421875208708
405421875229000
405421875249583
405421875276250
405421875296791
405421875313375
405421875336208
405421875358958
405421875379500
405421875400041
405421875420500
405421875440958
405421875466791
405421875489625
405421875511958
405421879977916
405421886034041
405421892081583
405421899051458
405421904855791
405421910908166
405421918136958
405421925407041
405421931012416
405421940569375
405421943886458
405421949900875
405422176477333
405422253671750
405422391598083
405422391712541
405422391732958
405422391750125
405422536366416
405422635410041
405422783260375
405422909262583
405422919003416
405423192241750
405423294550000
405423348014625
405423915570083
405423915686625
405423915707375
405423928060458
405424281150541
405424302006625
405426245997708
405426246119166
405426246138083
405426455952041
405426456074250
405426456095958
405426456110583
405426480495125
405426515544166
405426985792750
405427036397458
405427076884458
405427223912875
405427224019000
405427236267041
405428010693791
405428105401416
405428185298333
405428669303416
405428844584958
405428915312125
405429051958041
405429600271750
405429801240166
405430164013625
405430164129291
405430200277000
405430571455000
405430571573333
405430571593666
405430571609875
405430571626166
405430571640625
405430571679958
405430571717291
405430571750958
405430571795333
405430571829708
405430571884791
405430571925666
405430571965375
405430572001166
405430572045875
405430572086083
405430572114416
405430572162375
405430572204333
405430572258375
405430572299333
405430572334541
405430572379916
405430572413791
405430572459458
405430572494458
405430572535166
405430572581083
405430572620958
405430572668500
405430572713791
405430572752875
405430572799250
405430572833541
405430572882708
405430572912916
405430572958125
405430572997375
405430573037708
405430573071791
405430573118083
405430573161166
405430573201458
405430573240625
405430573279833
405430573319541
405430573365458
405430573402083
405430573445291
405430573485208
405430573524750
405430573571916
405430573615000
405430573655625
405430573695625
405430573735375
405430573774458
405430573814541
405430573854083
405430573900583
405430573940000
405430573990833
405430574029750
405430574086041
405430574126125
405430574166166
405430574221875
405430574262041
405430574301375
405430574350000
405430574389500
405430574429333
405430574468958
405430574514625
405430574560916
405430574600708
405430574647208
405430574692250
405430574731833
405430574779458
405430574818291
405430574870083
405430574911833
405430574955333
405430574979708
405430575007500
405430575031083
405430575055041
405430575076500
405430575105041
405430575119666
405430575148916
405430575173000
405430575196666
405430575220166
405430575243875
405430575273708
405430575292916
405430575320875
405430575346500
405430575370291
405430575393833
405430575417583
405430575441291
405430575465125
405430575489000
405430575504541
405430575532791
405430575596833
405430575620708
405430575643916
405430575667666
405430575691291
405430575714875
405430575735416
405430575758625
405430575782625
405430575806208
405430575825708
405430575854833
405430575886333
405430575910166
405430575930291
405430575957166
405430575980833
405430576004333
405430576028041
405430576051375
405430576077041
405430576100541
405430576126208
405430576149500
405430576179833
405430576203291
405430576227250
405430576250708
405430576280916
405430576304666
405430576323750
405430576348666
405430576371916
405430576398833
405430576422625
405430576446625
405430576470166
405430576493625
405430576511750
405430576545166
405430576568958
405430576592458
405430576616041
405430576639958
405430576663500
405430576697708
405430576721875
405430576745708
405430576769250
405430576792583
405430576817291
405430576840958
405430576864708
405430576889083
405430576913833
405430576936916
405430576951083
405430576975666
405430576996125
405430577016708
405430577032458
405430577058958
405430577075708
405430577100208
405430577116625
405430577141458
405430577161875
405430577182416
405430577201500
405430577225083
405430577240916
405430577265083
405430577288250
405430577315500
405430577335875
405430577356500
405430577376833
405430577403791
405430577425250
405430577445833
405430577461791
405430577486208
405430577506625
405430577527291
405430577547416
405430577567833
405430577590166
405430577612625
405430577632791
405430577653375
405430577669166
405430577693916
405430577714125
405430577741250
405430577757958
405430577778500
405430577809333
405430577829666
405430577856625
405430577876916
405430577897875
405430577918250
405430577945208
405430577965625
405430577985708
405430578005958
405430578029291
405430578053833
405430578076916
405430578093666
405430578117083
405430578134250
405430578158375
405430578178833
405430578194083
405430578217041
405430578236625
405430578258708
405430578276041
405430578301958
405430578322250
405430578337875
405430578365583
405430578386166
405430578406875
405430578422958
405430578465875
405430578474083
405430578492458
405430578508833
405430578533750
405430578551083
405430578574125
405430578594791
405430578611416
405430578632166
405430578659416
405430578679875
405430578700291
405430578720750
405430578740916
405430578873166
405430578893583
405430578915333
405430578931250
405430578955666
405430578970625
405430578993875
405430579014500
405430579035000
405430579056750
405430579071125
405430579096333
405430579116708
405430579132625
405430579155875
405430579176458
405430579192375
405430579215291
405430579235541
405430579255833
405430579270958
405430579294125
405430579316708
405430579337000
405430579357583
405430579370750
405430579394791
405430579415333
405430579431083
405430579454416
405430579474875
405430579490708
405430579519041
405430579534625
405430579558041
405430579578291
405430579594166
405430579617291
405430579637708
405430579658208
405430579673500
405430579696583
405430579716875
405430579737833
405430579758000
405430579778375
405430579794208
405430579816750
405430579837500
405430579852625
405430579875416
405430579895708
405430579911541
405430579934666
405430579956166
405430579976666
405430579992375
405430580015125
405430580035500
405430580055750
405430580071333
405430580094166
405430580114541
405430580134916
405430580150208
405430580172166
405430580195166
405430580215416
405430580230958
405430580253958
405430580270083
405430580293166
405430580313416
405430580328791
405430580351166
405430580371458
405430580392375
405430580408958
405430580431583
405430580451958
405430580472291
405430580487833
405430580510458
405430580530791
405430580550875
405430580571000
405430580593500
405430580613416
405430580633958
405430580649833
405430580672708
405430580693125
405430580713250
405430580729000
405430580752291
405430580772458
405430580792708
405430580809375
405430580832166
405430580852208
405430580875916
405430580891208
405430580913416
405430580933458
405430580955041
405430580976375
405430581000208
405430581016875
405430581039125
405430581059375
405430581080000
405430581100333
405430581120708
405430581135791
405430581158708
405430581179125
405430581198833
405430582136625
405430582159041
405430582176500
405430582193000
405430582215208
405430582229833
405430582254041
405430582270250
405430582293666
405430582314500
405430582335041
405430582357041
405430582373458
405430582396708
405430643689958
405430643747500
405430643763875
405430643805125
405430643840250
405430643885375
405430643925166
405430643965625
405430644005625
405430644046291
405430644087125
405430644133708
405430644173958
405430644214416
405430644245208
405430644293791
405430644334333
405430644372375
405430644415708
405430644455791
405430644495625
405430644536083
405430644579041
405430644619208
405430644666750
405430644702125
405430644749375
405430644789041
405430644828958
405430644869000
405430644908875
405430644948750
405430644988708
405430645033458
405430645073958
405430663245541
405430978877208
405430978970416
405430978988041
405431030706291
405431030796666
405431030815500
405431030830041
405431030845375
405431030891875
405431030934625
405431030966958
405431031011875
405431031045833
405431031091416
405431388386666
405431905369458
405431905489750
405431905510125
405431905524625
405431905541458
405431905559125
405431905598333
405431905632750
405431905679000
405431905740500
405431905777208
405431905820125
405431905853750
405431905898750
405431905938125
405431905977791
405431906018291
405431906057708
405431906097916
405431906133000
405431906183708
405431906223250
405431906269458
405431906303000
405431906349291
405431906388666
405431906428500
405431906468291
405431906508333
405431906548041
405431906588166
405431906630833
405431906671208
405431906711000
405431906751041
405431906790541
405431906839541
405431906872583
405431906916916
405431906967583
405431907005000
405431907032708
405431907085458
405431907125416
405431907166000
405431907206041
405431907245875
405431907280916
405431907325250
405431907364375
405431907404291
405431907432000
405431907478583
405431907533166
405431907572416
405431907622333
405431907662125
405431907703041
405431907742958
405431907773250
405431907818750
405431907858125
405431907909125
405431907946833
405431907994541
405431908034541
405431908075125
405431908109000
405431908154333
405431908194000
405431908233583
405431908273125
405431908319541
405431908352958
405431908399125
405431908435083
405431908478916
405431908517958
405431908563791
405431908602958
405431908655416
405431908694375
405431908747041
405431908786375
405431908829541
405431908871208
405431908921833
405431908945500
405431908968791
405431908992416
405432309203708
405432825262375
405432825385333
405432825407458
405432825424666
405432825443000
405432825457541
405432825501916
405432825535208
405432825580416
405432825613625
405432825670916
405432825712708
405432825747166
405432825790416
405432825824083
405432825868791
405432825903458
405432825948500
405432825981791
405432826026958
405432826068041
405432826112250
405432826152541
405432826192416
405432826228458
405432826267375
405432826315000
405432826344958
405432826391166
405432826431375
405432826471875
405432826511208
405432826555958
405432826609125
405432826648833
405432826688375
405432826735333
405432826774500
405432826814708
405432826854541
405432826902041
405432826936208
405432826981791
405432827021666
405432827065041
405432827105125
405432827145541
405432827184875
405432827235000
405432827275208
405432827316625
405432827355666
405432827402416
405432827441125
405432827493125
405432827537208
405432827584375
405432827623750
405432827664916
405432827704375
405432827749500
405432827789125
405432827835208
405432827874916
405432827914916
405432827954291
405432828004041
405432828043833
405432828094708
405432828131083
405432828177208
405432828212041
405432828258500
405432828297750
405432828340083
405432828372208
405432828422000
405432828452583
405432828477125
405432828500833
405432828519041
405432828546583
405432828570458
405432828588666
405432828616375
405432828639625
405432828663333
405432828686875
405432828711916
405432828735458
405432828758791
405432828782208
405432828805666
405432828824375
405432828851333
405432828874875
405432828893041
405432828918416
405432828941583
405432828968125
405432828991625
405432829019541
405432829047000
405432829070708
405432829097333
405432888214125
405432942315458
405433232035416
405433233712000
405433869785500
405434108359333
405434315993375
405436510180333
405436606325708
405436714751791
405436714857166
405436714875000
405436714893416
405436714908791
405436735113750
405436735146708
405436735190000
405436735224916
405436735270416
405436735310583
405436735343250
405436735388416
405437035729250
405437532909500
405437533024125
405437838760875
405438577166041
405438652304250
405439170823833
405439170869791
405439170879041
405439266057000
405439443950583
405440249782375
405440249881750
405440249898416
405440249908833
405440249917333
405440277953666
405440278053125
405440278068708
405440278078833
405440278088791
405440278099500
405440278108541
405440278116083
405440278124458
405440278149375
405440278170125
405440278207875
405440278233291
405440278245750
405440278276583
405440278303125
405440278316666
405440278342916
405440278365583
405440278392541
405440278412458
405440278440750
405440278471000
405440278492625
405440278521000
405440278540250
405440278572541
405440278588166
405440278618166
405440278643625
405440278656208
405440278686791
405440278704666
405440278737875
405440278758750
405441014615875
405441014647000
405441014651208
405441014654083
405441014656375
405441014659000
405441014661375
405441014672791
405441014679666
405441014686791
405441014699458
405441014704875
405441014719125
405441014723833
405441014735291
405441014739750
405441014753041
405441014757333
405441014770708
405441014775000
405441014788791
405441014793083
405441014807541
405441014811625
405441014825250
405441014829500
405441014843041
405441014847125
405441014860958
405441014865125
405441116631583
405441423266000
405441423343333
405441423359000
405441423371791
405441423383458
405441423395208
405441423433875
405441423462791
405441423478333
405441423514875
405441423540375
405441423578541
405441423607250
405441423699750
405441423730541
405441423749791
405441423761916
405441423798833
405441423830250
405441423846125
405441423882166
405441423906708
405441423948041
405441423973875
405441424006875
405441579852916
405441579979291
405441580000833
405441580017375
405441580037000
405441580052625
405441580068333
405441580117000
405441580152750
405441580192875
405441580243583
405441580279375
405441580326083
405441580366875
405441580407333
405441580447708
405441580479916
405441580525250
405441580565000
405441580606666
405441580639833
405441580686125
405441580729416
405441580770333
405441580810583
405441580867125
405441580910541
405441580950750
405441580971083
405441581021166
405441581050583
405441581095583
405441581142000
405441581186291
405441581224750
405441581269625
405441581294291
405441581342708
405441581392291
405441581426375
405441581471541
405441581506333
405441581549666
405441581591291
405441581634666
405441581671250
405441581716416
405441581757250
405441581791500
405441581842375
405441581867208
405441581914375
405441581948416
405441581993375
405441582034458
405441582077625
405441582119250
405441582160208
405441582194166
405441582239750
405441582274000
405441582301291
405441582326750
405441582346833
405441582373625
405441582393833
405441582424041
405441582443958
405441582471958
405441582496166
405441582514500
405441582541083
405441582565666
405441582585250
405441582613291
405441582633708
405441582661333
405441582690583
405441582710333
405441582736708
405441582762166
405441582780916
405441582809208
405441582828333
405441582856750
405441582880875
405441582901041
405441582927875
405441582952291
405441715269291
405441878649958
405442344761250
405442963773000
405443371057333
405443371100208
405443371108166
405443371114666
405443371120833
405443371132666
405443371152041
405443371167458
405443371187500
405443371205833
405443371214083
405443371253458
405443371272333
405443371291208
405443371308083
405443371320458
405443371339958
405443371354125
405443371375000
405443371398541
405443371416250
405443371431416
405443523388250
405443620996250
405443621114708
405443621136541
405443621152875
405443621168500
405443621185625
405443621224666
405443621258708
405443621301791
405443621342916
405443621375458
405443621430625
405443621480833
405443634842250
405443634919708
405443634937083
405443634952416
405443634995458
405443635029000
405443635073375
405443635106833
405443635151333
405443635187125
405443635231416
405443635278333
405443635311666
405443635357291
405443635397333
405443635437916
405443635477666
405443635517625
405443635546041
405443635592166
405443635631708
405443635673916
405443635715750
405443635757000
405443635797208
405443635837750
405443635877083
405443635918416
405443636008625
405443636051916
405443636091750
405443636132333
405443636166083
405443636214375
405443636249166
405443636266625
405443636296708
405443636325916
405443636340916
405443636375541
405443708477000
405443708583458
405443708601666
405443708616833
405443708633083
405443708653791
405443708703875
405443708741958
405443708785125
405443708826958
405443708861916
405443708916000
405443708957000
405443708997708
405443709037500
405443709078625
405443709118291
405443709151750
405443709196375
405443709236375
405443709285583
405443709318125
405443709354250
405443709378833
405443709402958
405443709436375
405443709461208
405443709485333
405443709509166
405443709528416
405443709555375
405443709579625
405443709603916
405443709622958
405443709650541
405443709675375
405443709701041
405443737720458
405443737832666
405443737854416
405443737871000
405443737888458
405443737904500
405443737949750
405443737980083
405443738026708
405443738060916
405443738104875
405443738155541
405443738197166
405443738240458
405443738261375
405443738309250
405443738343625
405443738388416
405443738429958
405443738464250
405443738509083
405443738542791
405443738594666
405443738636125
405443738670083
405443738714291
405443738755250
405443738794875
405443738830166
405443738874375
405443738919791
405443738974875
405443739027458
405443739068000
405443739108208
405443739148541
405443739188541
405443739228375
405443739268458
405443739308208
405443739340875
405443739390875
405443739432333
405443739466416
405443739508166
405443739559458
405443739586000
405443739668708
405443739715750
405443739747041
405443739794916
405443739827583
405443739873708
405443739914375
405443739964875
405443740005625
405443740037333
405443740083541
405443740123833
405443740165708
405443740206083
405443740247291
405443740288625
405443740330000
405443740371125
405443740415291
405443740456125
405443740498625
405443740533250
405443740578375
405443740619541
405443740659833
405443740700083
405443740740291
405443740780833
405443740820500
405443740865541
405443740901458
405443742127125
405443742144583
405443742173208
405443742193166
405443742219625
405443742239250
405443742267333
405443742291916
405443742316125
405443742333500
405443742361083
405443742390416
405443742417125
405443742441791
405443742460583
405443742488208
405443742504666
405443742563833
405443742592916
405443742620666
405443742645416
405443742669000
405443742693250
405443742712708
405443742739666
405443742764125
405443742783333
405443742810625
405443742836666
405443742860125
405443742876458
405443742904291
405443742923541
405443742951333
405443742971333
405443742998250
405443743022500
405443743046333
405443743073416
405443743102500
405443743126583
405443743150750
405443743169375
405443743196625
405443743220625
405443743244500
405443743274125
405443743292000
405443743322875
405443743342000
405443743372666
405443743396791
405443743421083
405443743445250
405443743862375
405443743896000
405443743926750
405443743956500
405443743987625
405443744011791
405443744047875
405443744072708
405443744107708
405443744137375
405443744161708
405443744197166
405443744227250
405443744256791
405443744286625
405443744316125
405443750924875
405443856862916
405444028215083
405444195445208
405444597623541
405445111554041
405445111630541
405445111652416
405445111682250
405445111726666
405445111758625
405445111804041
405445111847958
405445111880208
405445111924875
405445111959666
405445112004500
405445112050208
405445112090875
405445112131083
405445112171708
405445112212541
405445112246083
405445112291875
405445112332375
405445112372500
405445112413250
405445112453791
405445112496166
405445112536250
405445112576625
405445112617000
405445112658000
405445112698250
405445112731625
405445112776625
405445112817041
405445112857166
405445112890666
405445112940000
405445112980541
405445113020666
405445113060708
405445113100625
405445113141166
405445113181166
405445113225708
405445113263541
405445113288250
405445113338083
405445113381041
405445113421333
405445113461833
405445113502625
405445113537208
405445113585541
405445113611916
405445113636500
405445113656625
405445113682625
405445113707166
405445113732291
405445113756583
405445113775500
405445113802833
405445113827166
405445113846125
405445113873500
405445113892541
405445113919125
405445113943375
405445113962125
405445113991083
405445114015250
405445114033916
405445114060291
405445114084458
405445114103750
405445114130916
405445114149833
405445114177041
405445114196125
405445114223166
405445114248208
405445114267625
405445114298791
405445114314166
405445114341000
405445114363625
405445114393041
405445114414875
405445114431708
405445114452916
405445114472333
405445114494250
405445114507083
405445114532583
405445114548416
405445114571208
405445114587541
405445114610791
405445114626208
405445114649166
405445114665541
405445114689125
405445114705875
405445114735083
405445114752708
405445114775125
405445114801541
405445114819333
405445114843250
405445114861333
405445114885375
405445114903583
405445114928250
405445114946500
405445114973166
405445114991166
405445115015375
405445115034000
405445115058083
405445115081000
405445115096375
405445331033333
405445331173250
405445331186875
405445331195625
405445331203750
405445331211958
405445331219500
405445331226916
405445331234583
405445331250041
405445331273833
405445331302958
405445331320666
405445331344416
405445331363541
405445331383000
405445331410166
405445331433666
405445331445125
405445331469083
405445331490125
405445331501500
405445331524583
405445331540083
405445331564875
405445331580958
405445331603000
405445331619500
405445331642291
405445331658708
405445331682083
405445331697625
405445331720708
405445331736125
405445331762458
405445331779583
405445331802625
405445331831833
405445331854166
405445331876750
405445331889041
405445331900625
405445331926250
405445331938083
405445331963625
405445331988958
405445332036750
405445332062458
405445332136958
405445332149166
405445436832916
405445436945333
405445436966375
405445436983708
405445437001083
405445437017833
405445437061208
405445437095500
405445437140250
405445437174833
405445493788125
405445493917541
405446651528541
405446840147166
405446845161458
405447263472958
405447327831750
405448843859875
405448996096375
405448996213875
405448996231583
405448996243875
405448996257166
405448996267708
405448996278666
405448996309833
405448996341875
405448996357958
405448996397375
405448996437083
405448996465125
405448996497916
405448996522083
405448996554333
405448996580375
405449318495958
405449318702375
405449318951041
405449319080916
405449319093208
405449319099083
405449319104500
405449319109375
405449319114583
405449319120666
405449319125875
405449319131500
405449319161541
405449319375083
405449319447791
405449319494500
405449319499125
405449319501750
405449319504000
405449319506041
405449319508000
405449319509958
405449319511750
405449319513708
405449319515625
405449319518750
405449319520875
405449319522750
405449319524583
405449319526333
405449319528125
405449319529875
405449319531625
405449319533375
405449319535125
405449319537708
405449319539541
405449319865125
405449320059500
405449320085625
405449320093916
405449320101041
405449320106041
405449320110958
405449320116375
405449320121625
405449320126458
405449320131166
405449320135875
405449320140666
405449320145541
405449320150083
405449320154708
405449320159291
405449320163791
405449320168375
405449320174958
405449320180208
405449320185000
405449320189833
405449320194500
405449320199125
405449320203666
405449320208333
405449320213791
405449320335833
405449320346000
405449320493583
405449320501958
405449320507125
405449320511916
405449320516583
405449320531583
405449320546875
405449320554500
405449320560250
405449320566875
405449320572166
405449320576958
405449320581916
405449320586916
405449320592208
405449320597041
405449320602541
405449320723125
405449320731291
405449320746875
405449320763708
405449320772250
405449320836500
405449320843666
405449320882000
405449320902041
405449320909583
405449321059750
405449321071916
405449321139291
405449321180916
405449321218333
405449321226000
405449321349500
405449321360708
405449321366333
405449321371333
405449321498291
405449321506958
405449321514833
405449321520333
405449321525000
405449321529833
405449321534583
405449321539208
405449321543708
405449321548291
405449321568458
405449321577416
405449322109583
405449322138000
405449322145416
405449322151041
405449322156708
405449322161875
405449322167500
405449322172666
405449322177458
405449322182458
405449322187166
405449322191916
405449322196708
405449322201500
405449322206041
405449322210583
405449322215125
405449322219666
405449322224250
405449322228750
405449322233291
405449322237791
405449322242291
405449322246791
405449322251291
405449819598750
405449819715375
405449934697458
405450233079041
405450312482250
405450843767000
405450893028541
405451363169875
405451461282291
405452076393000
405452105928916
405452380217416
405453099306916
405453099434083
405453162003625
405453162067208
405453162085166
405453162114041
405453162159541
405453162190750
405453162231916
405453162263791
405453162306791
405453611517916
405453611636250
405453611655583
405453611671041
405453611687625
405453611702125
405453611729541
405453611772458
405453611805458
405453611848000
405453611881375
405453611933916
405453611967958
405453612010708
405453612058958
405453612100208
405453612133000
405453612176958
405453612208708
405453612265125
405453612300875
405453612342291
405453612387125
405453612418875
405453612461250
405453612492333
405453612535333
405453612574916
405453612618875
405453612653791
405453612694875
405453630005250
405453630046958
405453630067791
405453630114000
405453630149125
405453630191541
405453649543458
405453649575625
405453649615541
405453649647541
405453649690625
405453649720791
405453651949708
405453651971458
405453652020208
405453652052416
405453652095416
405453652129333
405453652172750
405453652205375
405453652248041
405453652281083
405453652324833
405453652367833
405453652407125
405453652438000
405453652481625
405453652520875
405453652552041
405453652594541
405453652627208
405453652670750
405453652703166
405453652747916
405453657023666
405453657059750
405453657103958
405453657137416
405453657180666
405453657219541
405453706478708
405453706577500
405453706593750
405453706608083
405453706623375
405453706652791
405454019787000
405454019897291
405454019915958
405454019932166
405454019949708
405454019978791
405454020022583
405454020055708
405454020097666
405454020129208
405454020171916
405454020199083
405454020249625
405454020281041
405454020323500
405454020362583
405454020392833
405454020434958
405454020466625
405454020510875
405454020543375
405454020587208
405454020619458
405454020675416
405454020708291
405454020750833
405454020791041
405454020830416
405454020863000
405454020906333
405454020945291
405454020989000
405454021027916
405454021072750
405454021114791
405454021153833
405454021185916
405454021230708
405454021271750
405454021301041
405454021344833
405454021373333
405454021417291
405454021451541
405454021493125
405454021535458
405454021574208
405454021612791
405454021656041
405454021698833
405454021743958
405454021774000
405454021816916
405454021848916
405454021903375
405454021934958
405454021986000
405454022018458
405454022062666
405454022101166
405454022147583
405454022179541
405454022228958
405454022267666
405454022308083
405454022340083
405454022387333
405454022428500
405454022473375
405454022505708
405454022548333
405454022581125
405454022624041
405454022669333
405454022701916
405454022744458
405454022783375
405454022816125
405454022863666
405454022902666
405454022941666
405454022973416
405454023017791
405454023050875
405454023093833
405454023132708
405454023181125
405454023219791
405454023264625
405454023315958
405454023363916
405454023390750
405454023414333
405454023430791
405454023455625
405454023479333
405454023497916
405454023541291
405454023577333
405454023584625
405454530937416
405454531029500
405454837778833
405454937588583
405454981671916
405454981724875
405454981741541
405454981781125
405454981812166
405454981855166
405454981893375
405454981932000
405454981970208
405454982008166
405455038189625
405455177018958
405455759441000
405456375450833
405456375525875
405456375541666
405456375565708
405456375609208
405456375655375
405456375699958
405456578951541
405457195504750
405457807465958
405458116380666
405458116477791
405458164014958
405458322239416
405458831283250
405459241791833
405459292728500
405459654690083
405459685875166
405459685929541
405459685943833
405459685980833
405459686019500
405460777587666
405460793896208
405460948366125
405461145959041
405461907069958
405462070703166
405462221558625
405462221654291
405462723105416
405462807868375
405463236560708
405463309906875
405463310022250
405463310041708
405463310056083
405463310070875
405463310096666
405463310140875
405463341478666
405463341517875
405463341544541
405463341588041
405463341620875
405463341664083
405463341696500
405463341739125
405463646028000
405464259319166
405465225156958
405465592722250
405465998827958
405465998957666
405465998979041
405465998993833
405465999012291
405466312772750
405466808933541
405466809056083
405466809076208
405466809092333
405466809109000
405466809125291
405466809174125
405466809207958
405466809251291
405466809283958
405466809328875
405466809361208
405466809411666
405466809444541
405466809490375
405466809531166
405466984375833
405467303191250
405467406536625
405468357716541
405468372753583
405468497663458
405468497757416
405468497778208
405468497793750
405468497810166
405468497855041
405468497888333
405468497933041
405468497965333
405468498015166
405468498046625
405468498102791
405468498138083
405468498183791
405468498207083
405468498256416
405468498296791
405468498336833
405468498376666
405468498416166
405468498457166
405468498498333
405469278029166
405469394580833
405469394831041
405469394864250
405469427962916
405469565120583
405469709137833
405469709227375
405469709246166
405469709262708
405469709279166
405469709324833
405469709359916
405469709406000
405469709445750
405469709486958
405469709526791
405469709574083
405469709615083
405469996361375
405469996478708
405469996500833
405469996515666
405469996530291
405469996545125
405469996587458
405469996623875
405469996668291
405469996702541
405469996746666
405469996796166
405469996829583
405469996874625
405469996915541
405469996955958
405469996996375
405469997036250
405469997075916
405469997122625
405469997150166
405469997197333
405469997242291
405469997281958
405469997328333
405469997367791
405469997407541
405469997447875
405469997487041
405469997526750
405469997579583
405469997623125
405469997655666
405469997708750
405469997748083
405469997787791
405469997831250
405469997870083
405469997909458
405469997948791
405469997988083
405469998025583
405469999925416
405469999959833
405470000003916
405470000044375
405470000085041
405470000126291
405470000166000
405470000206083
405470000234500
405470050821083
405470307597500
405470714384250
405470714473416
405470714493125
405470911319250
405470911442208
405470911463416
405470911479000
405470911495583
405470911508500
405470911547333
405470911580208
405470911624375
405470911664458
405470911696916
405470911753375
405470911788625
405470989224125
405471164095166
405471296120666
405471296178583
405471296194541
405471296233166
405471296269541
405471296314375
405471296355291
405471296387250
405471501587333
405471836318000
405472965723291
405473349547333
405473986956000
405475420573875
405475420685666
405475420705250
405475420718958
405475500762458
405475832228250
405475832332500
405476026319500
405476755032541
405476781711958
405476846170916
405477653357041
405478286912541
405478293196958
405478799308333
405479413188125
405480543132125
405480719387666
405481256418625
405481256537791
405481345188833
405483108670000
405483108788875
405483108810291
405483108825875
405483108843083
405483108858041
405483108897500
405483108933208
405483108979000
405483109014208
405483109058875
405483109110208
405483109151250
405483109192125
405483109232125
405483125269166
405483920238125
405485202766000
405485560722041
405485560839041
405485560857250
405485967675291
405485967766083
405486173083041
405486480384666
405486732450416
405488323008083
405488323127375
405488588847541
405488605596416
405488619215041
405488642152166
405489552614625
405490120481000
405490120593458
405490120616125
405490120631833
405490120647583
405490120662208
405490131529541
405490131591916
405490131608041
405490269920666
405490780237500
405490780340875
405490780350750
405490780356875
405490780363000
405490780369541
405490780375166
405490780380208
405490780386750
405490780392541
405490780398041
405491497876208
405491654978083
405492010100083
405492625361250
405493238748916
405493238865250
405493238884375
405494005698291
405494571928708
405494726493208
405494726575958
405494726593875
405494726609958
405494726629000
405494726671750
405494726697916
405494726744166
405494726777166
405494726819708
405494726851500
405494726900916
405494726935250
405494726978333
405494727018208
405494727048666
405494727092208
405494727124750
405494727168125
405494727199125
405494727244250
405494727283333
405494727325333
405494727357583
405494727408375
405494727440541
405494727484083
405494727516000
405494727560375
405494727593833
405494727637500
405494727669416
405494727711750
405494727752833
405494727791333
405494729033916
405494729070125
405494729114458
405494729140666
405494729186708
405494729225833
405494729261791
405494729301500
405494729334000
405494729373708
405494729416291
405494729457625
405494729493458
405494729517083
405494729564208
405494729596750
405494729639958
405494729664916
405494729712000
405494729755791
405494729788083
405494729832666
405494729874500
405494729913708
405494729945666
405494729989875
405494730021958
405494730067750
405494730099791
405494730155958
405494730188041
405494730239166
405494730278416
405494730319416
405494730358458
405494730397458
405494730429625
405494730484125
405494730516166
405494730567958
405494730600083
405494730642791
405494730675083
405494730728125
405494730777791
405494730813625
405494730856916
405494730878958
405494730904416
405494730922833
405494730948666
405494730972333
405494730989083
405494731015708
405494731032500
405494731063375
405494731081666
405494731107625
405494731126166
405494731152666
405494731173208
405494731200208
405494731218708
405494731245750
405494731263666
405494731289541
405494731313750
405494731329666
405494731365041
405494731381000
405494731406166
405494731424750
405494731450125
405494731469333
405494731494375
405494731523833
405494731541125
405494731569541
405494731587833
405494731622041
405494731639083
405494731661666
405494731687666
405494731706583
405494731731791
405494731755541
405494731772250
405494731806083
405494731841583
405494731924416
405494731942833
405494731968125
405494731985375
405494732011250
405494732029583
405494732059291
405494732077625
405494732104416
405494732122333
405494732149125
405494732173166
405494732196958
405494732213666
405494732239541
405494732256500
405494732283875
405494732300583
405494732334708
405494732352916
405494732379291
405494732397583
405494732426750
405494732445125
405494732472541
405494732490750
405494732518000
405494732541333
405494732565416
405494732583916
405494732617833
405494732636208
405494732670625
405494732694583
405494732717875
405494732736750
405494732765375
405494732785208
405494732812708
405494732840583
405494732861125
405494732882125
405494732893250
405494732917583
405494732942375
405494732957250
405494732978958
405494732994250
405494733015916
405494733030666
405494733053000
405494733068041
405494733089875
405494733104791
405494733127125
405494733147416
405494733171958
405494733182666
405494733206833
405494733227541
405494733241958
405494733264916
405494733282416
405494733303541
405494733319875
405494733338666
405494733359416
405494733375041
405494733399041
405494733414583
405494733437625
405494733452125
405494733482166
405494733501625
405494733524125
405494733540791
405494733562250
405494733585333
405494733606791
405494733623500
405494733645041
405494733663791
405494733685458
405494733700875
405494733723416
405494733744458
405494733766083
405494733781625
405494733805500
405494733819875
405494733843083
405494733858625
405494733881583
405494733896041
405494733918291
405494733932666
405494733956208
405494733971500
405494733994708
405494734017125
405494734037500
405494734052000
405494734074458
405494734088875
405494734112791
405494734128250
405494734158250
405494734173916
405494734197791
405494734212208
405494734248541
405494734264625
405494734286875
405494734301500
405494734323750
405494734339416
405494734361416
405494734383916
405494734400000
405494734422041
405494734440916
405494737994833
405494738026333
405494738044708
405494738070291
405494738087458
405494738114166
405494738131375
405494738158083
405494738175083
405494738198166
405494738222666
405494738246666
405494738270666
405494738287958
405494738313750
405494738331541
405494738356833
405494738376416
405494738401833
405494738425250
405494738443541
405494738469041
405494738487000
405494738516208
405494738533333
405494738558791
405494738576958
405494738602333
405494738620583
405494738646041
405494738662916
405494738688125
405494738706500
405494738732000
405494738757000
405494738773916
405494738799375
405494738816333
405494738842291
405494738859166
405494738884875
405494738901791
405494738927083
405494738945208
405494738970750
405494738994750
405494739011708
405494739033916
405494739058666
405494739077291
405494739102708
405494739121166
405494739146541
405494739164666
405494739190208
405494739208625
405494739234166
405494739252791
405494739278666
405494739296833
405494739321916
405494739339958
405494739365250
405494739383291
405494739407791
405494739426375
405494739451541
405494739475666
405494739494083
405494739519666
405494739538333
405494739560750
405494739585208
405494739603208
405494739628791
405494739646708
405494739671166
405494739691125
405494739718708
405494739736125
405494739760875
405494739779333
405494739804833
405494739823416
405494739846583
405494739869833
405494739887958
405494739906458
405494739932750
405494739957125
405494739975375
405494740001041
405494774904833
405494774987916
405494775468458
405494921188041
405494942279041
405494942336750
405495051965625
405495057820083
405495491031500
405495618113750
405495618220958
405496417296000
405496417414666
405496823450833
405497129194541
405497439662791
405497509470708
405497516688958
405497875420833
405498052375875
405498052457750
405498052475083
405498052490750
405498052522375
405498052566875
405498052608333
405498052643083
405498052687750
405498052723083
405498052768625
405498052817125
405498052857916
405498052892583
405498052938291
405498052965583
405498053015500
405498053056458
405498053104625
405498053124458
405498053174500
405498053209208
405498053255541
405498053286000
405498053329708
405498053370541
405498059348083
405498388759458
405498435837458
405498441567666
405498546806458
405498773445666
405498820061125
405500344016916
405500494806125
405500816511875
405500816630333
405501225197041
405501943726666
405501943846791
405501943867458
405501943882250
405501943898541
405501943913541
405501943927250
405501943975000
405501944006916
405501944052041
405501944084000
405501944138416
405501981010416
405501981079333
405501981099041
405502252032125
405502252155125
405502269620833
405502372040833
405502764480916
405502877382583
405502889816583
405502889876250
405502889896000
405502889924625
405502889974500
405502890012666
405502890033000
405502890082750
405502890116833
405502890163000
405502890204750
405502890254125
405502890294416
405502890334416
405502890374875
405502890414666
405502890454708
405502890494541
405502890535125
405502916878250
405502916916125
405502916949250
405502916995416
405502972290083
405503002929541
405503003030500
405503048234875
405503146282833
405503170580291
405503482265250
405503482377916
405503504734375
405503504772916
405503504811958
405503504847375
405503504892458
405503504933833
405503504975000
405503604031708
405503604140833
405503649696958
405503661658500
405503662161000
405503852099583
405504101449083
405504101564083
405504119046875
405504608442458
405504608565625
405504608587291
405504608602625
405504608619125
405504608634916
405504608681750
405504608715083
405504608756583
405504608787791
405504608836416
405504608872916
405504608910666
405504716693958
405504716771583
405504716789166
405504719935541
405504777838750
405505320913750
405505321028958
405505371960458
405505386876458
405505508655875
405505731137291
405506452066708
405506452195875
405507782865458
405509215937625
405509216052125
405510031312875
405510149853541
405510397397833
405511159420541
405511159542000
405511159562458
405511159578375
405511159595208
405511159612000
405511159642625
405511159686708
405511159718208
405511159760416
405511159792750
405511159834250
405511159877500
405511159908375
405511159952416
405511159984791
405511160044416
405511160081875
405511160101125
405511160146000
405511160184875
405511160217250
405511160269291
405511160310791
405511160349541
405511160388458
405511160427083
405511569003458
405512184654833
405512592213583
405512592332333
405513308989250
405513309111500
405513719731791
405514607440125
405514607521833
405514607540208
405514607556458
405514762799000
405514888314833
405514984331708
405515459186166
405515459309625
405515459330958
405515459346708
405515459362791
405516069217208
405516118645625
405516687196833
405517303360666
405517303465458
405517303485333
405517303507708
405517303523125
405517303554666
405517386414083
405517387272208
405517429841000
405517429883000
405517429913083
405517457349833
405517590838958
405518020424541
405518028279250
405518533471666
405519865116833
405519891564958
405520172179125
405520480921666
405520784825541
405521116702666
405521221362500
405521482700291
405521812733833
405522318914416
405522731586458
405523036641583
405523344093625
405524571750416
405524571860750
405524650447458
405524773598791
405525334632541
405525911106833
405525911221333
405525911241333
405525911259375
405525911276041
405525957258250
405526120166041
405526227836375
405527234970375
405527243570916
405527243636083
405527547373541
405527547486708
405527547508291
405527547523166
405527547538291
405527547554750
405527849370333
405528683375750
405528683496125
405529385047166
405529565986833
405529566095250
405529566113541
405529566128333
405529566143375
405529566171000
405529566217041
405529566250416
405529566294916
405529566335625
405529999876750
405529999992833
405530000012375
405530000027375
405530000043500
405530000059041
405530000087708
405530000130083
405530000161500
405530000204166
405530000237958
405530000290208
405530716498833
405531132870625
405531132955916
405531132976375
405531132993125
405531133008791
405531133057208
405531133098750
405531133131708
405531133187291
405531133233375
405531133278666
405531432741375
405532047975875
405532048094916
405532085173791
405532090002666
405532090041500
405532090066416
405532090114125
405532090147666
405532090188791
405532090219416
405532090262125
405532090293250
405532090336333
405532090366458
405532090415958
405532090447541
405532090491875
405532094515083
405532094542291
405532094586791
405532094619333
405532094661708
405532094694791
405532094737708
405532094777541
405532094807958
405532094851125
405532094882458
405532094929125
405532094959208
405532095002208
405532095034750
405532095077791
405532095110041
405532095154833
405532095185791
405532095229666
405532095261375
405532095305416
405532095347375
405532095387083
405532095419458
405532096686416
405532096729958
405532096761208
405532096803583
405532096836500
405532096879750
405532096919916
405532096952166
405532096996583
405532097027166
405532097071708
405532097113708
405532097154000
405532097186000
405532097227708
405532097266916
405532097299750
405532097342000
405532097382375
405532097432833
405532097471416
405532097492000
405532097538833
405532097570125
405532097611416
405532097641916
405532097686041
405532097718875
405532097762000
405532097794750
405532097834208
405532097880625
405532097916000
405532097955208
405532097985250
405532098028500
405532098061458
405532098104750
405532098134666
405532098184958
405532098212208
405532098260875
405532098293958
405532098336291
405532098377208
405532098410291
405532098453125
405532098485750
405532098530708
405532098562916
405532098618375
405532098657875
405532098697500
405532098729625
405532098773291
405532098803291
405532098847291
405532098877125
405532098921583
405532098954125
405532098996791
405532099038291
405532099078375
405532099111041
405532099155083
405532099187916
405532099230625
405532099270125
405532099299666
405532099344375
405532099384083
405532099416500
405532099465250
405532099504833
405532099543875
405532099576041
405532099620625
405532099652916
405532099696625
405532099726833
405532099770000
405532099802500
405532099842041
405532099892291
405532099912333
405532099938125
405532099961875
405532099979083
405532100005916
405532100023416
405532100049583
405532100066875
405532100093583
405532100117791
405532100141666
405532100165666
405532100182833
405532100209500
405532100226750
405532100253958
405532100272416
405532100299708
405532100319041
405532107586666
405532107619458
405532107662291
405532107702083
405532107735583
405532107790958
405532107815666
405532107858208
405532107898458
405532107928291
405532107972791
405532108013750
405532108046833
405532108089291
405532108128791
405532108160500
405532108204916
405532108237333
405532108282500
405532108314291
405532108358833
405532108397583
405532108439041
405532108471833
405532108515791
405532108548500
405532108591750
405532108631000
405532108670458
405532108703125
405532108746875
405532108786000
405532108825208
405532108865916
405532108905291
405532108935416
405532108979000
405532109012041
405532109056458
405532109088750
405532109131208
405532109163958
405532109208166
405532109240375
405532109288041
405532109320250
405532109364666
405532109403583
405532109436541
405532109479083
405532109518708
405532109549041
405532109593166
405532109632125
405532109665125
405532109711333
405532109746208
405532109789291
405532109824958
405532109842083
405532109869750
405532109888375
405532109915458
405532109932583
405532109958875
405532109976041
405532110005125
405532110022541
405532110049416
405532110066583
405532110093375
405532110111875
405532110139208
405532110156375
405532110183458
405532110200875
405532110226500
405532110250583
405532110268166
405532110293791
405532110311166
405532110337208
405532110354625
405532110379625
405532110396833
405532110421916
405532110439166
405532110464500
405532110489833
405532110507958
405532110535333
405532110552541
405532110579833
405532110597166
405532110623916
405532110642416
405532110669541
405532110686958
405532110713666
405532110737833
405532110762041
405532110779333
405532110805833
405532110823166
405532110850375
405532110867875
405532110894458
405532110912041
405532110939000
405532110957333
405532110986208
405532111005166
405532111031750
405532111050166
405532111075916
405532111093250
405532111120333
405532111171041
405532111189875
405532111215666
405532111239833
405532111257125
405532111282166
405532111300583
405532111325791
405532111342833
405532111367833
405532111384875
405532111412458
405532111431000
405532111456291
405532111473458
405532111498666
405532111515833
405532111541041
405532111558125
405532111583625
405532111600625
405532111626250
405532111650541
405532111669250
405532111694291
405532111721250
405532111740166
405532111765750
405532111782791
405532111805541
405532111820583
405532111843083
405532111857958
405532111880125
405532111896250
405532111918291
405532111939125
405532111953666
405532111975666
405532111990583
405532112012583
405532112027291
405532112049000
405532112063708
405532112085541
405532112100291
405532112121625
405532112142458
405532112159125
405532112183000
405532112197875
405532112220125
405532112234791
405532112256541
405532112271333
405532112293291
405532112308000
405532112329708
405532112350291
405532112365041
405532112386750
405532112401291
405532112423458
405532112438208
405532112460333
405532112475208
405532112496750
405532112511708
405532346068083
405533383261250
405533383370458
405533896646333
405533896767458
405533896787208
405533896803791
405533896820250
405533896863166
405533896909083
405533897308500
405533903419708
405533910286541
405533916409916
405533922669458
405533929362208
405533934399041
405533940116666
405533941555500
405533947422166
405534077976833
405534078295166
405534079575083
405534080108666
405534081209500
405534081829500
405534081860875
405534083449750
405534085668875
405534085696291
405534087794583
405534087847708
405534089302666
405534090543375
405534090589125
405534145034875
405534146679375
405534146937083
405534193447666
405534195836875
405534195874250
405534196357208
405534196396083
405534388580458
405534395805041
405534395837958
405534395878666
405534395914083
405534395963958
405534395997208
405534396041666
405534396083125
405534396123208
405534396163541
405534396204125
405534396250708
405534396291000
405534396332208
405534396372291
405534396412333
405534525737166
405534525828833
405534525847041
405534644819375
405534923676500
405534959281250
405535630879375
405535630993791
405536557704750
405536864694291
405536864781750
405536864802125
405536864819166
405536864861250
405536864894416
405536864938166
405536864971083
405536865011666
405536865057625
405536865092833
405536865137875
405536865181916
405536865227333
405537783149291
405537783189458
405537783197125
405537783204083
405537783209416
405537783221625
405537783241166
405537783255958
405537783275500
405537783290208
405537783311208
405537783332416
405537783347041
405537783366458
405537783380666
405537783400083
405537783417583
405537783432916
405537783445291
405537783464166
405537783476750
405537783495250
405537783515375
405537783530250
405537783549666
405537783563958
405537783584333
405537783595666
405537783613125
405537783624541
405537783642125
405537783653416
405537783671291
405537783687750
405537783700000
405537783717666
405537783730000
405537783747708
405537783758958
405537783776625
405537783788875
405537783806375
405537783818791
405537783836541
405537783853750
405537783868250
405537783887208
405537783900916
405537783920541
405537783933625
405537783951666
405537783963666
405537783981375
405537783992708
405537784010833
405537784027125
405537784039208
405537784057166
405537784069208
405537784086625
405537784098583
405537784116291
405537784127583
405537784145333
405537784161541
405537784172583
405537784191000
405537784203291
405537784220958
405537784233083
405537784252041
405537784265875
405537784314916
405537784354375
405537784394458
405537784433958
405537784473791
405537784516625
405537784556500
405537784596083
405537784636083
405537784676041
405537784716041
405537784756291
405537784796375
405537784836166
405537784875791
405537784915708
405537784955750
405537784998750
405537785039208
405537785079333
405537785119500
405537785159041
405537785198458
405537785238416
405537785278166
405537785317375
405537785357958
405537785397791
405537785441750
405537785481833
405537785522041
405537785561708
405537785601708
405537785641333
405537785681333
405537785720875
405537785760666
405537785799875
405537785839583
405537785883583
405537785924708
405537785948833
405537785972583
405537785996500
405537879123958
405537879212625
405537879231500
405537879247958
405537879262375
405537879315625
405537879351875
405537879385083
405537879428208
405537879460916
405537879506583
405537879553458
405537879594833
405537879628875
405537879675208
405537879699875
405537879748458
405537879783708
405537879829708
405537884795041
405537892106666
405537892143166
405537903167625
405537903196791
405537903245708
405537903280166
405537903325125
405537903365916
405537903406500
405537903441666
405537903486166
405537903520500
405537903565041
405537903610625
405537903650625
405537903690583
405537903729958
405537903770000
405537903809750
405537903848791
405537903888375
405537903928791
405537903968291
405537904008250
405537904051791
405537907659625
405537907696666
405537907740500
405537907778791
405537907820500
405537907848916
405537907893250
405537907926708
405537907971375
405537914426375
405537914461291
405537914506041
405537914546750
405537914587458
405537914627083
405538042480916
405538078528916
405538236488541
405538236564291
405538236583625
405538236600333
405538236645583
405538236686750
405538236727958
405538236768083
405538236808791
405538236848625
405538236888458
405538236934250
405538236968916
405538237013875
405538237046958
405538237091458
405538237131416
405538237170958
405538237210916
405538237251166
405538237291291
405538237331250
405538237374916
405538237414833
405538237454666
405538237494666
405538237534333
405538237574000
405538237613583
405538237653458
405538237693166
405538237733041
405538237772416
405538237816708
405538237857500
405538908321875
405539040041125
405539040103916
405539040123541
405539040152000
405539040195083
405539040228583
405539040272333
405539040313458
405539040353500
405539040393708
405539040434458
405539040481083
405539040521666
405539040562125
405539040602000
405539040641666
405539319360375
405539319457833
405539319475083
405539319491166
405539319507166
405539319548666
405539319582750
405539319627958
405539319661458
405539319706833
405539319747333
405539319796041
405539319837166
405539319869500
405539319914041
405539319948833
405539319997166
405539320029833
405539320068291
405539320101666
405539320123083
405539320149291
405539320175333
405539320199791
405539320218625
405539320245541
405539320264916
405539320291916
405539320316291
405539320340416
405539320359083
405539320385958
405539320405125
405539320435333
405539320459666
405539320479041
405539320505666
405539625421916
405539932127666
405539932208708
405540550620458
405540656923583
405540657010083
405540801593208
405540974770041
405540974879916
405541571018625
405541753729166
405541753847416
405541753868500
405541753883916
405541753900416
405541753915916
405541753956500
405541753990250
405541754035333
405541754068333
405541754113250
405541754162750
405541754205541
405541754240666
405541754286333
405541754325791
405541754366791
405541754407125
405541754447458
405541754481583
405541754528583
405541754568250
405542290122250
405542290240833
405542290260166
405542290276041
405542290291500
405542290307125
405542290350333
405542290384208
405542290428541
405542290461916
405542290507500
405542290557708
405542373693875
405542373791208
405542373807875
405542373824083
405542373838541
405542373883458
405542373918375
405542373963708
405542373998875
405542374046000
405542374087333
405542374136166
405542374170416
405542374215333
405542374249625
405542374294916
405542374330333
405542374376000
405542374416125
405542374456916
405542374496708
405542374537416
405542374580500
405542374622291
405542374662416
405542374702750
405542374742958
405542374783583
405542374824166
405542374864291
405542374904166
405542374945083
405542374985083
405542375030583
405542375072125
405542375112750
405542375152541
405542375192583
405542375232875
405542375273458
405542375318375
405542375342791
405542375361833
405542375389500
405542375414958
405542375439250
405542375463416
405542375482583
405542375509166
405542375533666
405542375552958
405542375581125
405542375605208
405542375629375
405542375653291
405542375679416
405542375703500
405542375727375
405542375746625
405542375774250
405542375798166
405542375822250
405542375846166
405542375866041
405542375892166
405542375916500
405542375941458
405542375965791
405542375989708
405542376013750
405542376037958
405542376056041
405542376082666
405542376107625
405542376131666
405542376155875
405542376175208
405542376205791
405542376229750
405542376248916
405542376275791
405542376300166
405542376319541
405542376347666
405542376372000
405542376396000
405542376415291
405542376443333
405542376467500
405542376495416
405542376519208
405542376543541
405542376567458
405542376591375
405542376615333
405542376635291
405543623068083
405543926156208
405543926232125
405544233555458
405544233678458
405544417620250
405544747606000
405545281953916
405545423710916
405545546132958
405546588691625
405547208414166
405547317760291
405547924678208
405548807207458
405548807328000
405548807348500
405548807365291
405548807383625
405548807400291
405548807418458
405548807450666
405548807492375
405548807525750
405548807566458
405548807615541
405548807648500
405548807691208
405548807722791
405548807764583
405548907386916
405548907497500
405548907519583
405548907535250
405548907553500
405548907569833
405548907610000
405548907643000
405548907684375
405548907715375
405548907758416
405548907805000
405548907838000
405548907881166
405548907915375
405548907958250
405548907991208
405548908033333
405548908072958
405548908105500
405548908149666
405548908182333
405548908228833
405548908259166
405548908302625
405548908332916
405548908376750
405548908407458
405548908451583
405548908484541
405548908530583
405548908562875
405548908606000
405548908649416
405548971780000
405548971830041
405549253215750
405549253336250
405549253356041
405549253372166
405549253388291
405549253401791
405549253415833
405549253468541
405549253508166
405549253528916
405549253572791
405549253619166
405549253647750
405549253694250
405549253722458
405549253771625
405549253808541
405549253831166
405549253877708
405549253900625
405549253943958
405549253975333
405549254023291
405549254056916
405549254099041
405549361691541
405549361753541
405549968215041
405549968328666
405549968348750
405549968363541
405549968379541
405549968393541
405549968439875
405549968475166
405549968520625
405549968562000
405549968596875
405549968649791
405549968691291
405549968731166
405549968772000
405549968811833
405549968852416
405549968893083
405549968933916
405549968973583
405549969014333
405551810917916
405551810997208
405551811017875
405552527504875
405552836516833
405552851603000
405554269178958
405554269300250
405554269321166
405555498761041
405555498874458
405555498895208
405556167752291
405556829650250
405556843865916
405557443442875
405557443562083
405557443582625
405557443598541
405557443614666
405557443629541
405557443647291
405557443693916
405557443718833
405557443765708
405557443800416
405557443848583
405557443881458
405557443923250
405557443954083
405557443997208
405557444036916
405557444069958
405557444115375
405557444145291
405558163071333
405558163184458
405558163205541
405558163221625
405558163237666
405558163251875
405558163283541
405558163316875
405559219109125
405559365548208
405559365651083
405559365670166
405559365686750
405559365702958
405559365731125
405559696841666
405559696962500
405559696983291
405559696999000
405559697013666
405559697027000
405559697043625
405559697088125
405559697122416
405559697158041
405559697201833
405559697248958
405559697282125
405559697324125
405559697363791
405559697393541
405559697437000
405559697468958
405559697518375
405559697556458
405559697577958
405559697622791
405559697666125
405559697697291
405559697739916
405559697771958
405559697814458
405559697845625
405559697901458
405559697933833
405559697975958
405559698009000
405559698052791
405559698084750
405559698128125
405559698159125
405559698202833
405559698242208
405559698275333
405559698322041
405559698355583
405559698398416
405559698438041
405559698470833
405559698512166
405559698552916
405559698577750
405559698619750
405559698652166
405559698694583
405559698740625
405559698784458
405559698823583
405559698856125
405559698898208
405559698937458
405559698969625
405559699012500
405559699045250
405559699089333
405559699120958
405559699165375
405559699206000
405559699238958
405559699281416
405559699320958
405559699353458
405559699397625
405559699430125
405559699474291
405559699506666
405559699550500
405560205258750
405560205379458
405560205401166
405560205416208
405560205433958
405560205447125
405560205462291
405560205507250
405560205539625
405560205581875
405560205613000
405560205665291
405560205697916
405560205740750
405560205773416
405560205817250
405560205849333
405560205894708
405560925019250
405561235464375
405561235574041
405561235593000
405561235606916
405561235622375
405561642837708
405561642928833
405561642941791
405562255571458
405562289477666
405562289528000
405562289545458
405562289585208
405562289617708
405562289661375
405562289700125
405562289749500
405562404700041
405562975170666
405563382567833
405563382648208
405563587842333
405564061671000
405564157808208
405564157877083
405564157895916
405564157911333
405564157960291
405564157994541
405564158037791
405564158071958
405564158116958
405564158146416
405564158193833
405564158242000
405564158282541
405564158322541
405564158362958
405564158403041
405565330860333
405565518733583
405566448529875
405566865446791
405566865558791
405566865578958
405566865593958
405566865609416
405566865623583
405566865653208
405566865697208
405566865730041
405566865771500
405566865802000
405566865855791
405567171010458
405567579908041
405568501622458
405568568939875
405568758099291
405568836339458
405568918259291
405569241612166
405570960201625
405571369604208
405571369717583
405571677628958
405573486505166
405573826563583
405575049613958
405576285813791
405576387425208
405576900003958
405576900105416
405576900123750
405576900139458
405576900154250
405576900169625
405576900215541
405576900248083
405576900290875
405576900549083
405576900582541
405577929149250
405577929262833
405577929284250
405577929298958
405577929315250
405577929328833
405577929358500
405577929402333
405577929437250
405577929477291
405577929509708
405577929559500
405577929600833
405577929634250
405577929676250
405577929708291
405577929751666
405577929791166
405577929830208
405577929861583
405577929906208
405577929944916
405577929985833
405577930016291
405577930059041
405577930091041
405577930134750
405577930166125
405577930209833
405577930242333
405577930297791
405577930336208
405577930380041
405577930428166
405577930466708
405577930505583
405577930544166
405577930575708
405577930627750
405577930666125
405577930700750
405578055482375
405578055590416
405578055608958
405578055624291
405578055638750
405578055655250
405578055701625
405578055732708
405578055775333
405578055827583
405578055868000
405578055900875
405578055951208
405578055989166
405578056012250
405578056053166
405578056087208
405578056130666
405578056164083
405578056207375
405578056250208
405578056282416
405578056327458
405578056357208
405578056402166
405578056432125
405578056475916
405578056510208
405578056551125
405578056583208
405578056626583
405578056667750
405578056707375
405578056746291
405578056790208
405578056829000
405578056867708
405578056900333
405578056943416
405578056975416
405578057029458
405578057068291
405578057113708
405578057146250
405578057192791
405578057226875
405578057265791
405578057294625
405578057335833
405578057374458
405578057413333
405578057456666
405578057488666
405578057531416
405578057563458
405578057614666
405578057653250
405578057691875
405578057730208
405578057774833
405578057813458
405578057858208
405578057899791
405578058969500
405578059005291
405578059704041
405578059727750
405578059775916
405578059808833
405578059854625
405578059885833
405578059928833
405578059967958
405578059999791
405578060043916
405578060082625
405578060125666
405578060158250
405578060204875
405578060237291
405578063728916
405578063761958
405578063803916
405578063836083
405578063880791
405578063910541
405578063954250
405578063993041
405578064032166
405578109135083
405578109198625
405578109214416
405578109228625
405578109275916
405578109308791
405578109352416
405578109384583
405578109428166
405578109467333
405578109506416
405578109551333
405578109591125
405578109622958
405578109666250
405578109699208
405578109746333
405578109778458
405578109822250
405578109861375
405578109893208
405578109936458
405578109979083
405578110011041
405578110054625
405578110087041
405578110130541
405578110169375
405578110203333
405578110246083
405578110290541
405578110322625
405578110371416
405578110411958
405578110450458
405578110482916
405578110527083
405578110565791
405578110604833
405578110635750
405578110686750
405578110719041
405578110764958
405578110805041
405578110848250
405578110878083
405578438294875
405578741640583
405578741751333
405579356207166
405579663665041
405579706270083
405580380419500
405580576772333
405580997164916
405580997283583
405581199885458
405581200000291
405582535982583
405583555925041
405584844562125
405586017355791
405586422828625
405586603715875
405586643303875
405586649196000
405587108384875
405587445803250
405588469720958
405588525778916
405589188166750
405589996582000
405590176131458
405591030512708
405591030637208
405591338389125
405591338497541
405591850170083
405593490899333
405593795144958
405594206028791
405595126689875
405595542189083
405595542292000
405595542311583
405595542326333
405595542342000
405595542356291
405595542402166
405595542434541
405595542476583
405595542509666
405595542551083
405595542597125
405595542629791
405595542673416
405595542712541
405595542743583
405595542788000
405595542827916
405595542859666
405595542911208
405595542951000
405595542982708
405595543030291
405595543062583
405595543130583
405595543175375
405595543214708
405595543246916
405595543290375
405595543322416
405595543373125
405595543405833
405595543445166
405595543488458
405595543523625
405595543564791
405595543607416
405595543652333
405595543684625
405595543726791
405595543753333
405595543806708
405595543852250
405595543891416
405595543923666
405595543966000
405595543999333
405595544040041
405595544079208
405595544117916
405595544157666
405595544196166
405595544228708
405595544276375
405595544308500
405595544352541
405595544383750
405595544426083
405595544452041
405595544497833
405595544536666
405595544568708
405595544611458
405595544650208
405595544691583
405595544723458
405595544766875
405595544799000
405595544842166
405595544873791
405595544916833
405595544948500
405595544992666
405595545024625
405595545075708
405595545117083
405595545150291
405595545193125
405595545223541
405595545264958
405595545304208
405595545335875
405595545380458
405595545419791
405595545462041
405595545500458
405595545542916
405595545574666
405595545617750
405595545663291
405595545705416
405595545739666
405595545768500
405595545780375
405595545807958
405595545826416
405595545852666
405595545870958
405595545900166
405595545916833
405595545945041
405595545964666
405595545990500
405595844086416
405596867119666
405596867240166
405596867259000
405596867274791
405596867290916
405596867304583
405596867334041
405596867375750
405596867408250
405596867449833
405596867490125
405596924511833
405596924581833
405596924597375
405596924612291
405596924661666
405596924695500
405597378949875
405598305728291
405598305856458
405598305876750
405598305892041
405598305907875
405598305923916
405598305969333
405598306003708
405598306047791
405598306088083
405598306120791
405598306164166
405598306208708
405598306249833
405598306282958
405598306326625
405598306360791
405598306406416
405598306439166
405598306484125
405598306524833
405598306564708
405598306605416
405598306648166
405598306683500
405598506700250
405599005946833
405599154870166
405599637745958
405599637866375
405599637889750
405599637905291
405599637920333
405599637934000
405599637949916
405599637996166
405599638032416
405599638074583
405599638108041
405599638158250
405599638191416
405599638234541
405599638274291
405599638303333
405599638347125
405599638377916
405599638420000
405599638452166
405599638496166
405599638528541
405599638578000
405599638611583
405599638654416
405599638686375
405599638744875
405599638776166
405599638819208
405599638849833
405599638895041
405599638927416
405599638971916
405599639011083
405599639050375
405599639081833
405599639134791
405599639175583
405599639214750
405599639253916
405599639295500
405599639323833
405600145988833
405600552594541
405600552705666
405600552724625
405600552740083
405600552754916
405600552769333
405600552809125
405600552842000
405600576317500
405600702237250
405603011811125
405603011940375
405603088488708
405603169669916
405603169775208
405603523919500
405603638572666
405604242857625
405605223946583
405605543713541
405606188886250
405607413873250
405607413993125
405607414013166
405607414027250
405607569099208
405607569214958
405607926256708
405607926368583
405608234293625
405608234408666
405608234429000
405608234443666
405608234458916
405608234474250
405608234519125
405609667334208
405610076911125
405610588727250
405610896209541
405611070109041
405611070212500
405611070230541
405611070244666
405611070258916
405611070274000
405611080976791
405611081009750
405611081051166
405611081083958
405611081126041
405611157540666
405611157633541
405611157648916
405611157664958
405611157679416
405611157713083
405611157756833
405611157789750
405611157828250
405611157859750
405611157901625
405611157948500
405611157988666
405611158020375
405611158069250
405611158102166
405611158148375
405611158180958
405611158224750
405611158257375
405611158301333
405611158333041
405611158391250
405611158423125
405611158474666
405611158507583
405611158550666
405611158582916
405611158633666
405611158666208
405611158717750
405611158756625
405611158786500
405611158836750
405611158862333
405611158909333
405611158941666
405611158985291
405611159024625
405611159063083
405611159103458
405611159142500
405611159174625
405611159217708
405611159260416
405611159291750
405611159333625
405611159365958
405611159414583
405611159453250
405611159492458
405611159523375
405611159568750
405611159607583
405611159647875
405611159688208
405611159730958
405611159770166
405611159813875
405611159846125
405611159890666
405611159934541
405611159964791
405611160009708
405611160045375
405611160064416
405611160116458
405611160148250
405611160191208
405611160222833
405611160266083
405611160295916
405611160338333
405611160369875
405611160411791
405611160444125
405611160488291
405611160530250
405611160562541
405611160609041
405611160647958
405611160669000
405611160716500
405611160740375
405611160790375
405611160811791
405611160859583
405611160884666
405611160934000
405611160969958
405611161013125
405611161043458
405611161090791
405611161111041
405611161155916
405611161184250
405611161202833
405611161225958
405611161251791
405611161275500
405611161302791
405611161332000
405611161357416
405611161369416
405611161379750
405611161408875
405611161432083
405611161461916
405611161504666
405611161527916
405611161565916
405611161581625
405611161609583
405611161643250
405611161655083
405611161765833
405612176467708
405612176587333
405612738646625
405613251202041
405613417426125
405613445366833
405613767677958
405613850229416
405614283257500
405614535636666
405614535751625
405615504329583
405615595953500
405615596025708
405615596042583
405615596059041
405616016335500
405616253400958
405616253493375
405616253511750
405616253527500
405616941715416
405616941835541
405616941856083
405616941870541
405616941888833
405616941905125
405616941936250
405616941978375
405616942010750
405616942051958
405616942093708
405616942126041
405618491627333
405619291802875
405620887304416
405621706669833
405621706797541
405621706819708
405621706834583
405621706851458
405621706865416
405621706881375
405621706913291
405621706957083
405621706997166
405621707030583
405621707082666
405621707122958
405621707154333
405621813751958
405621813875333
405621813897500
405621813911666
405621813926500
405621813940708
405621813955000
405621813999083
405621814031750
405621814074208
405621814105541
405621815286000
405621815326625
405621815344458
405621815391083
405621815419666
405621815466708
405621815499708
405621815541041
405621815572333
405621815614375
405621815646958
405621815697666
405621815730333
405621815772625
405621815802708
405621815845958
405621815876833
405621815919541
405621815951916
405621815994333
405621816033500
405621816063375
405621816112291
405621817597500
405621817627375
405621817672291
405621817705500
405621821030041
405621821056208
405621863302375
405621867381875
405621867405166
405621867412625
405621867424208
405621867441083
405621867467000
405621867478208
405621867497083
405621867511750
405621867530250
405621867544333
405621867567583
405621867587500
405621867597250
405621867616208
405621867630291
405622672686750
405622672811500
405622672832250
405622672846416
405622672863000
405622672877125
405623043704166
405623043826000
405623389428041
405623389547125
405623389570541
405623594920125
405623749699458
405623865410500
405623984343833
405624114227833
405624426566416
405624761827791
405624981206333
405624981327708
405624981348041
405625265653583
405625677547416
405626053743583
405626053864833
405626068286250
405626576319083
405627178399875
405627368618958
405628609091708
405628609211083
405628609231625
405629130459333
405629130579833
405629130608958
405629130624791
405629130641500
405629215143250
405630251140583
405630704880041
405631482333125
405631787255166
405631787368250
405631998215583
405633116382000
405633155014625
405633157933916
405633157978791
405633157996416
405633158041125
405633158072916
405633158116875
405633158149375
405633158190458
405633158222666
405633158263541
405633158295625
405633158343625
405633158374791
405633158416291
405633158446750
405633158488166
405633158520083
405633158563083
405633158593375
405633158636250
405633158675125
405633158708125
405633158755333
405633158786916
405633158829416
405633158869333
405633158908208
405633158940291
405633158982625
405633159021958
405633159060833
405633159098541
405633159143041
405633159181166
405633159224041
405633159262916
405633159294958
405633159339166
405633159371416
405633159423333
405633159462458
405633159494500
405633159555125
405633159592958
405633159613416
405633159656375
405633159687791
405633159734791
405633159753083
405633159781250
405633159804791
405633159821583
405633159848250
405633159866875
405633159893041
405633159917291
405633159940958
405633159953875
405633159981458
405633160011041
405633160034875
405633160052583
405633160079083
405633160097000
405633160123416
405633160142916
405633160167083
405633160196458
405633160214833
405633160241500
405633160265041
405633160283500
405633160309875
405633160327291
405633160353291
405633160371791
405633160398250
405633160426916
405633160450291
405633160468416
405633160495375
405633160509833
405633160536583
405633160565625
405633160583666
405633304182125
405633356369291
405633628181375
405633628296791
405633708376250
405633856823333
405633906535750
405634347082625
405634494022458
405634594226541
405634643743041
405634643803750
405634661510208
405634700944333
405635369371416
405635533709083
405635571407958
405635752648083
405635903734833
405636496233666
405636510438125
405636569915375
405636686004833
405636869123125
405636965253916
405637106347625
405637724757625
405637724882458
405637724901250
405637733053791
405638133698583
405638160132750
405638306265166
405638749223416
405638904246041
405639465850791
405639582548416
405639657036333
405639977790875
405639977905750
405639977924125
405640119669875
405640488184041
405640576351500
405640576437208
405640720275083
405641004334208
405641411897500
405641821004791
405641911411250
405641985296708
405642537680833
405642926358750
405642980424875
405643036009833
405643115782375
405643130983708
405643665361125
405643719164333
405643840154333
405643840227541
405644278314958
405644352318875
405644862323791
405644862439916
405644929612833
405645213399791
405645356516375
405645612083375
405645685563291
405646019043458
405646142733208
405646633399041
405646633513041
405646740487625
405647452686541
405647861573333
405647914135750
405647942932208
405648099254375
405648207235375
405648310688458
405648310808041
405648310827041
405648540825750
405649094968666
405649133039958
405649809370583
405650217873166
405650334798375
405650336141125
405650400269416
405650400366750
405650831933291
405650942520666
405651451283125
405651552139541
405651959147791
405652170305875
405652676376041
405652676476041
405652676495333
405652747208250
405652787080083
405652967401125
405653499459416
405653604323708
405653907560416
405653917853833
405653917906291
405653917923875
405653917966333
405653918001583
405653918047750
405653918088250
405653947170000
405654312623041
405654312742375
405654312760125
405654312774833
405654312790208
405654312802916
405654621570250
405654928480958
405654928590750
405654928609833
405654928625125
405655023530250
405655135517000
405655201271875
405655203912541
405655203956166
405655204001291
405655204036333
405655204081208
405655204116041
405655204161000
405655204196125
405655204240625
405655204281958
405655204315791
405655204366250
405655204405791
405655204446250
405655204485875
405655204526125
405655204566291
405655204607125
405655204647375
405655204687875
405655204727375
405655204767416
405655204811916
405655204855000
405655235273291
405655848959708
405656232690375
405656367259000
405656771131833
405656846158500
405656968880291
405657286065250
405657594450625
405657594564416
405657646241083
405658206257791
405658513182458
405658622699666
405658654492333
405658781602208
405659193051583
405659944702416
405659944814125
405659944834458
405659944850208
405660052922500
405660053034750
405660053052750
405660053067291
405660053082375
405660053097666
405660053147416
405660053182666
405660053227500
405660053261333
405660053305583
405660053357083
405660053392083
405660053437041
405660053465416
405660053512083
405660053545708
405660053591791
405660053631416
405660053678291
405660053717541
405660084379875
405660459777416
405661381319166
405661381446625
405661994466375
405661994605500
405661994642166
405661994660833
405661994678250
405661994693166
405661994708250
405661994752583
405661994792250
405661994823791
405661994870041
405662425378333
405662537065291
405663092470500
405663172452375
405663531040541
405664861696666
405664881199916
405665269426583
405665580594333
405665682269250
405666561389208
405667215498833
405667215617625
405667248890333
405667344635166
405667354380541
405667419858291
405668793774000
405669267404166
405669572893750
405669760141958
405669760257250
405669848214250
405669848286458
405669848303291
405670394364833
405670591240833
405670674016833
405670785028666
405672131638750
405672224612958
405672609734208
405673667746583
405673667882333
405673667904750
405673667919541
405673667937041
405673667950875
405673667965625
405673668010666
405673668041125
405673668090083
405673668131208
405673668233166
405673668274541
405673668301791
405673668349833
405673999262208
405674896067958
405675415679791
405675415799958
405675415819916
405675415835375
405675415851166
405675415888583
405675415927333
405675415973208
405675416006166
405675416051125
405675416083791
405675416134791
405675416169333
405675416219333
405675416263750
405675416311916
405675416345000
405675416389708
405675416429208
405675416469250
405675416509416
405675416543583
405675416588666
405675416628625
405675416663916
405675416708333
405675416752625
405675416793750
405675416833708
405675416873625
405675416933541
405675416974708
405675417014666
405675417055416
405675417097458
405675417143375
405675417183083
405675417231083
405675417270041
405675417313333
405675417354000
405675417404208
405675417444083
405675417485083
405675417524458
405675417565291
405675417604083
405675417652250
405675417678416
405675417727083
405675417767291
405675417807000
405675417850416
405675417897125
405675417936416
405675417979416
405675418009833
405675418054583
405675418094416
405675418133875
405675418173458
405675418213500
405675418252208
405675418303166
405675418342958
405675418390916
405675418431083
405675418470458
405675418524041
405675418564250
405675418608458
405675418647583
405675418688583
405675418727916
405675418772666
405675418812250
405675418852833
405675418891791
405675418944666
405675418984041
405675419026500
405675419060125
405675419105458
405675419147208
405675419184000
405675419220416
405675419244541
405675419267833
405675419286000
405675419314125
405675419337666
405675419368083
405675419391708
405675419415500
405675419438166
405675419465708
405675419492333
405675419512083
405675419538625
405675419562583
405675419586083
405675419609750
405675419633208
405675419664333
405675419688333
405675419711833
405675419730875
405675419760208
405675419787916
405675419812291
405675419835708
405675419859666
405675419877708
405675419904041
405675419928125
405675419951375
405675419983500
405675420007000
405675420026958
405675420183625
405675420205916
405675420232208
405675420256250
405675420275083
405675420301708
405675420325666
405675420349250
405675420373208
405675420391583
405675420418708
405675420446125
405675420470000
405675420498041
405675420521666
405675420545333
405675420569916
405675420588750
405675420616333
405675420636166
405675420663041
405675420692208
405675420715791
405675420739166
405675420763875
405675420787208
405675420810708
405675420834375
405675420858208
405675420881833
405675420912458
405675420935875
405675420962041
405675420986458
405675421007541
405675421030208
405675421050750
405675421081750
405675421101375
405675421129958
405675421155875
405675421170500
405675421195041
405675421217083
405675421237375
405675421257666
405675421278125
405675421298458
405675421314708
405675421337958
405675421358375
405675421378958
405675421399333
405675421420083
405675421441333
405675421462333
405675421482541
405675421499041
405675421521875
405675421542500
405675421558583
405675421591416
405675421607625
405675421632000
405675421652625
405675421678541
405675421699125
405675421719708
405675421739916
405675421770333
405675421790500
405675421811375
405675421831833
405675421853583
405675421869541
405675421902458
405675421925458
405675421950750
405675421966541
405675421990458
405675422011041
405675422027708
405675422052041
405675422072750
405675422093125
405675422118458
405675422139791
405675422160250
405675422180583
405675422198458
405675422217541
405675422238041
405675422258458
405675422278833
405675422299208
405675422326250
405675422347708
405675422369125
405675422389500
405675422418125
405675422445791
405675422461875
405675422484333
405675422505125
405675422521166
405675422544875
405675422565208
405675422594375
405675422612000
405675422635083
405675422651625
405675422676083
405675422696250
405675422717208
405675422737625
405675422759416
405675422781291
405675422801625
405675422823000
405675718368250
405675718485166
405675718504458
405675718519833
405675915777250
405675915887916
405675915906125
405675915920541
405675915936291
405675915951458
405675915999875
405675916042666
405675916076416
405675916120500
405675916154958
405675916210625
405675916245416
405675916290500
405675916330833
405675916371250
405675916399375
405675916446416
405676229062666
405676229176583
405676229197125
405676229211458
405676229226791
405676229248208
405676229297875
405676229333291
405676229376541
405676229411916
405676229457458
405676229509416
405676229550666
405676229590833
405676229630625
405676229671041
405676229710500
405676229751333
405676229790916
405676229837583
405676229872458
405676229919541
405676229965500
405676229999250
405676230044083
405676230083958
405676230123125
405676230162750
405676230202083
405676230255458
405676421194791
405676421309000
405676421329208
405676421344541
405676421360583
405676421376833
405676421421541
405676421463875
405676421497000
405676421542750
405676421577375
405676421630916
405676421665583
405676421708750
405676421749333
405676421789125
405676421829208
405676421868958
405676421908958
405676421948583
405676421989250
405676422029166
405676422073458
405676422108208
405676422153916
405676422193500
405676422233250
405676422267000
405676422325083
405676422364250
405676422410208
405676422464750
405676422495125
405676422543833
405676422578500
405676422624291
405676460115916
405676460162333
405676460178666
405676460228208
405676460268875
405676460308625
405676460348958
405676460388791
405676460429208
405676460469416
405676460502875
405676460554166
405676460594208
405676460633750
405676460672958
405676460713000
405676460753541
405676460793083
405676460832875
405676460872375
405676460911833
405676460952166
405676460996416
405676461036458
405676461076333
405676467267291
405676467301666
405676467345166
405676467384875
405676467424625
405676534624750
405676534681750
405676534698750
405676534739416
405676534780625
405676534815083
405676534860333
405676534901208
405676534935416
405676534981041
405676735346791
405676842456583
405676843750333
405677355075375
405677355195291
405677355215333
405677355229208
405677355244833
405677355260583
405677355294375
405677355340333
405677355376041
405677355422083
405677355462416
405677355512541
405677355553541
405677355588375
405677355633875
405677355665750
405677355711958
405677355752375
405677355784666
405677355829291
405677558436541
405677558551000
405677763680250
405678688071208
405678862286500
405679404911791
405679466678208
405679815488666
405679815602041
405679815616583
405679815626458
405679815637625
405679815647708
405679815657250
405679815673750
405679815710791
405679815735250
405679815768583
405679815807083
405679815832916
405679815866083
405679815891375
405679815926583
405679815963666
405679816003750
405679816044333
405679816084375
405679816125375
405679816165041
405679816222958
405679816257166
405679816303791
405679816337583
405679816382583
405679816423583
405679816457708
405679816502416
405679816538166
405679976543583
405680835039666
405680835147750
405682239413875
405682239524125
405682239542875
405682239558333
405682239574916
405682239594333
405682239644500
405682239678416
405682239723291
405682239758000
405682239806125
405682239854083
405682239896375
405682239942875
405682239983166
405682240022583
405682240062791
405682240102333
405682240148291
405682240188625
405682240228708
405682240268041
405682240331041
405682240370708
405682240411625
405682240451041
405682240491125
405682240530833
405682240578041
405682240617666
405682240664166
405682240705833
405682329967250
405684213574083
405684522881875
405684749089416
405684750066208
405684750094083
405684750142958
405684750178208
405684750221041
405684750261541
405684750302875
405684750343541
405684750384250
405684750417208
405684750470625
405684750507375
405684750553250
405684750585958
405684750631166
405684750672583
405684750712416
405685219898625
405685274764750
405685313868208
405685464942916
405686262905458
405687285935291
405687286051958
405687286072333
405687286087458
405687286104416
405687900287625
405688618501916
405689539412250
405689576812541
405690673591000
405690673710875
405690673731625
405690673747083
405690673763291
405690673778500
405690673816916
405691383492666
405692611825333
405692626608375
405692831111875
405694152985916
405694153034083
405694153042000
405694153047833
405694153053541
405694153065625
405694153073458
405694153079458
405694153098666
405694153109958
405694153122250
405694153143708
405694153153208
405694153171541
405694153183500
405694153205083
405694153216833
405694153233166
405694153244291
405694153271416
405694153283625
405694153309250
405694153329875
405694153341791
405694153354291
405694153379333
405694153408416
405694153428375
405694153447250
405694153455583
405694153474500
405694153482541
405694153500875
405694153512916
405694153529250
405694153540916
405694153557166
405694153573583
405694153584916
405694153605500
405694153616833
405694153633250
405694153644541
405694153660791
405694153677416
405694153688583
405694153705291
405694153716333
405694153733166
405694153744166
405694153760791
405694153771708
405694153788583
405694153799500
405694153816208
405694153833250
405694560181333
405694560275541
405694560294333
405694560315125
405694560330541
405694560360541
405694560403166
405694560436375
405694560477583
405694560508208
405694560550750
405694560602375
405694560634541
405694560677166
405694560717125
405694560749166
405694560793291
405694630813333
405694967461041
405694967564041
405694967582333
405694967597416
405694967614208
405694967629333
405694967676625
405694967712416
405694967753583
405694967788000
405694967830625
405694967878500
405694967912458
405694967953875
405694968000166
405694968033125
405694968079750
405694968113125
405694968155916
405694968195333
405694968225250
405694968269500
405694968309208
405694968339125
405694968381958
405694968414541
405694968456916
405694968499916
405694968530291
405694968582375
405694968621708
405694968661041
405694968690958
405694968734666
405694968768125
405694968811958
405694968843583
405694968887958
405694968919666
405694968965500
405694969007458
405694969040416
405694969089791
405694969128791
405694969170250
405694969212458
405694969230166
405694969255500
405694969272750
405694969298291
405694969312041
405694969342583
405694969360833
405694969386500
405694969410375
405694969427500
405694969453958
405694969472583
405694972129708
405694972153416
405694972184958
405694972207958
405694972241000
405694972264666
405694972298250
405694972327583
405694972350458
405694972381875
405694972411291
405694972441625
405694972471583
405694972495458
405694972528375
405694972552083
405694972583916
405694972607791
405694972641000
405694972664416
405694972698583
405694972722333
405694972759333
405694972794666
405694972819708
405694972851416
405694972881000
405694972904458
405694972936250
405694972960083
405694972993041
405694973016708
405694973049666
405694973072916
405694973110000
405694973140541
405694973168500
405694973184583
405694973215708
405694973239166
405694973273458
405694973302958
405694973332541
405694973354083
405694973387458
405694973418125
405694973441000
405694973473083
405694973498291
405694973530416
405694973554250
405694973585416
405694973615000
405694973638458
405694973671625
405694973695333
405694973731208
405694973760541
405694973807583
405694975254416
405694975299666
405694975311875
405694975324625
405694975360375
405694975378666
405694975411708
405694975429208
405694975463708
405694975494208
405694975511750
405694975550833
405694975575041
405694975607208
405694975636875
405694975659083
405694975690166
405694975713458
405694975744166
405694975773750
405694975795458
405694975828916
405694975861208
405694975887666
405694975929833
405694975962750
405694976005500
405694976045333
405694976077625
405694976121375
405694976153333
405694976197708
405694976230166
405694976278291
405694976309750
405694976354291
405694976386333
405694976430708
405694976463208
405694976507291
405694976540125
405694976584125
405694976616125
405694976659458
405694976700166
405694976731083
405694976774000
405694976801250
405694976846166
405694976888166
405694976932041
405694976952541
405694976991708
405694977023875
405694977059583
405694977111416
405694977135791
405694977182625
405694977201208
405694980465583
405694980491458
405694980514500
405694980546333
405694980570625
405694980602333
405694980632083
405694980654083
405694982324916
405694982370416
405694982403416
405694982446500
405694982486166
405694982518333
405694982562333
405694982601250
405694982634291
405694982677125
405694982717416
405694982765958
405694982793291
405694982835041
405694982868583
405694982910416
405694982950166
405694982983708
405694983020833
405694983065250
405694983097583
405694983140583
405694983182541
405694983214666
405694983258250
405694983291250
405694983334291
405694983366916
405694983410125
405694983440291
405694983484500
405694983517583
405694983560750
405694983602000
405694983635250
405694983677541
405694983717208
405694983747125
405694983789875
405694983822458
405694983865125
405694983897625
405694983940708
405694983966875
405694984016375
405694984049208
405694984091708
405694984123458
405694984165208
405694985523583
405694985547666
405694985561875
405694985589333
405694985609041
405694985639083
405694985656708
405694985681416
405694985699041
405694985723458
405694985740875
405694985766541
405694985783916
405694986187000
405694987266875
405694990130583
405695044448458
405695044532583
405695044550041
405695044565666
405695044580750
405695044628208
405695479198208
405695500632708
405695500678250
405695500695250
405695500738458
405695500765291
405695500811583
405695500845375
405695500887041
405695500920375
405695500961458
405695888110708
405695888172583
405695894228083
405695894265250
405695894306625
405695894338958
405695894380791
405695894411375
405695894453666
405695894485791
405695894528625
405695894561416
405695894604708
405695894647125
405695943167166
405696814826750
405696978851500
405697171736500
405697414802500
405698038793625
405698552062041
405698552146041
405698552165250
405698552182416
405698666383875
405698959929083
405698960022541
405698960041416
405698960063916
405698960079833
405698960121750
405698960156166
405698960197500
405698960230958
405698960272541
405698960303958
405698960354666
405698960386000
405698960427833
405698960460375
405698960501958
405698960535041
405698960578416
405698960610000
405698960653791
405698960688833
405698960727375
405698960777625
405698960809958
405698960850583
405698960883750
405699004634250
405699004716875
405699004735625
405699004750625
405699004765375
405699004809750
405699004856583
405699004897291
405699004918333
405699004955916
405699004977875
405699005040250
405699005073458
405699005106500
405699005170166
405699005204916
405699021677791
405699022802625
405699022829708
405699025335166
405699025373000
405699025415000
405699025446166
405699025489333
405699025520666
405699025562541
405699025593208
405699025636208
405699025662916
405699025711458
405699025748708
405699025787833
405699025826583
405699985086875
405700496491583
405700591748375
405701110438416
405701731049833
405701850063166
405701850189208
405701850206708
405701850219500
405701850233500
405701850243541
405701850283541
405701850322500
405701850360625
405701850398875
405701850436083
405701850483458
405701850521875
405701850554125
405701850596458
405701850635875
405701850667791
405701850713208
405701850744250
405701850785666
405701850823041
405701850855666
405701850902625
405701850941166
405701850978166
405701851015666
405701851052500
405701851090791
405701851128000
405701851172541
405701851208958
405701851254375
405701851292041
405701851340958
405701851378583
405701851417041
405701851454458
405701851491708
405701851528625
405701851572666
405701851609875
405701851663750
405701851701125
405701851734208
405701851776250
405701851813291
405701851851208
405701851889833
405701851933875
405701851965791
405701852013541
405701852049958
405701852087541
405701852134166
405701852173541
405701852215458
405701852254666
405701852283833
405701852306083
405701852327750
405701852350000
405701852371833
405701852393750
405701852415583
405701852434250
405702544072250
405702544137375
405702747199500
405702747299333
405703773402208
405703773522166
405704087540041
405704257546666
405704852355791
405706232694083
405706232822583
405706232841916
405706232858000
405706232873333
405706232888458
405706232922250
405706232966583
405706232998083
405706233041416
405706233072875
405706233116916
405706233148833
405706233191000
405706233223083
405706233266666
405706233308583
405706233348500
405706233380375
405706233432416
405706233471375
405706233511208
405706233549583
405706233582708
405706233624416
405706233663083
405706233695125
405706233743583
405706233775333
405706233819583
405706233858541
405706233897125
405706233929041
405706233975250
405706234004791
405706234047458
405706234079208
405706234124291
405706234165666
405706234205125
405706234243250
405706234292833
405706234338458
405706234374375
405706234414458
405706234434375
405706234481583
405706234520291
405706234552583
405706234599250
405706234638041
405706234682000
405706234720875
405706234760333
405706234799250
405706234838958
405706234871666
405706234914875
405706234953458
405706234998208
405706235039291
405706235074041
405706235118166
405706235156708
405706235189041
405706235242375
405706235281000
405706235324916
405706235367166
405706235407083
405706235438750
405706235495291
405706235533750
405706235576750
405706235608708
405706235655333
405706235693708
405706235719833
405706235772125
405706235810791
405706235854041
405706235897208
405706235936916
405706235975500
405706236016500
405706236046208
405706236085916
405706236109250
405706236132583
405706236156041
405706236182625
405706236205833
405706236228958
405706236246291
405706236276541
405706236294916
405706236320166
405706236338625
405706236365250
405706236383541
405706236410083
405706236426666
405706236451625
405706236481875
405706236500000
405706236530625
405706844344166
405706986974125
405706987090541
405707526652916
405707871354291
405707871466000
405707871485666
405707871500041
405709507185083
405709507298000
405709815656458
405710121241208
405711146149083
405711146272791
405711146294916
405711146309541
405711256084875
405712315420833
405712315540541
405713092065458
405714373304041
405714937184291
405716368091750
405716502676375
405716747556458
405716845630333
405716845698541
405716845714625
405716845730083
405716845774791
405716845806708
405716845850291
405716845883791
405716845927875
405716845960583
405716846002583
405716846050833
405717494349500
405718928100083
405718928220666
405718928239958
405718997978708
405719315809250
405719345692333
405719392765916
405719849374833
405721181766833
405721181890625
405721181910750
405721299475208
405721299601250
405721299620666
405721299635375
405721299652083
405721299666500
405721299680750
405721299723416
405721299775041
405721299807041
405721299849208
405721299881541
405721299923833
405722001708333
405722001821458
405722001842208
405722001857333
405722001878541
405722001893583
405722001935666
405722001956708
405722002001083
405722002033125
405722002074583
405722002127000
405722002181083
405722002212458
405722002255125
405722002294666
405722002326958
405722002380708
405722002413750
405722002457000
405722002489000
405722002537375
405722002568708
405722002611208
405722002643208
405722065518458
405722065581208
405722099507125
405722216672916
405722822398750
405722822519000
405722822538375
405722822552666
405722822569000
405722822583791
405722822608208
405722822656708
405722822689000
405722822731041
405722822760916
405722822813833
405722822846541
405722822889750
405722822921625
405722822965333
405722822998500
405722823040375
405722823072958
405722823116208
405722823154833
405722823193166
405722823234833
405722823273833
405722823300291
405722823344416
405722823383583
405722823422916
405722823468416
405722823507833
405722823554541
405722823594291
405722823616708
405722823658875
405722823695500
405722823737125
405722823768500
405722823810458
405722823849541
405722823881541
405722823924958
405722823957083
405722824002166
405722824033958
405722824089291
405722824128083
405722824166833
405722824198750
405722824243333
405722824275791
405722824325458
405722824364000
405722824402833
405722824441166
405722824485708
405722824528208
405722824561750
405722824604250
405722824643125
405722824681833
405722824727291
405722824765625
405722824804708
405722824841333
405722824893458
405722824931958
405722824980958
405722825019208
405722825064375
405722825097041
405722825140083
405722825178333
405722825210083
405722825252166
405722825290583
405722825321916
405722825365458
405722825406000
405722825438208
405722825481250
405722825507750
405722825553916
405722825585750
405722825636791
405722825677333
405722825723500
405722825746375
405722825772333
405722825797791
405722825815958
405722825843083
405722825861500
405722825888000
405722825906041
405722825939458
405722825957458
405722825983041
405722825999875
405722826025875
405722826049541
405722826073041
405722826091416
405722826124791
405722826143166
405722826191291
405722826220875
405722826241958
405722826268791
405722826297666
405722826310791
405722826345208
405722826374083
405722826386541
405722826413916
405722826433875
405722826458666
405722826482416
405722826591291
405722826610583
405722826637708
405722826651583
405722826679500
405722826697125
405722826722750
405722826741500
405722826768583
405722826792208
405722826809208
405722826837291
405722826861083
405722826879541
405722826904791
405722826928375
405722826944958
405722826971541
405722826989166
405722827015833
405722827034208
405722827056166
405722827084458
405722827102958
405722827128416
405722827146041
405722827172583
405722827190041
405722827215250
405722827233708
405722827258750
405722827277041
405722827302291
405722827320333
405722827348916
405722827366000
405722879245916
405722893624791
405722950492000
405723332889458
405723441432916
405723644070083
405724050981416
405724192685666
405724767994166
405724881500250
405725282071791
405725584093291
405725891726375
405726403860541
405726403985583
405726404004708
405726404018875
405726404034041
405726404064583
405726404081416
405726404097250
405726404142166
405726404175833
405726404214083
405726404274625
405726567620833
405726628648875
405726628761083
405726628780000
405726628797708
405726628812916
405726628827666
405726628871000
405726628902416
405726628945166
405726628977625
405726629019541
405726629064791
405726629097416
405726629141125
405726629172708
405726629217750
405726629248458
405726629291375
405726629331416
405726629363666
405726629407583
405726629438000
405726629485375
405726629523791
405726629564208
405726629594083
405726629637083
405726629675958
405726629707791
405726629751833
405726629790875
405726629829500
405726629869583
405726629910875
405726629949708
405726629987958
405726630026375
405726630052208
405726630096916
405726630136666
405726630169000
405726630220791
405726630259375
405726630279416
405726630329458
405726630361458
405726630404166
405726630442916
405726630474708
405726630513875
405726630556250
405726630597541
405726630627916
405726630671625
405726630704666
405726630752791
405726630791750
405726630824000
405727223906583
405727224023541
405727224041875
405727224056250
405727224071708
405727224087166
405727224115958
405727224159958
405727224192541
405727224237083
405727224273291
405727224324708
405727224357250
405727224401291
405727224433333
405727224475708
405727224508041
405727224552500
405727224583916
405727224646916
405727224679125
405727224722291
405727224754166
405727224797708
405727224829125
405727224876250
405727224908041
405727224951000
405727224983000
405727225036791
405727225075916
405727225114916
405727225147125
405727225189875
405727225228583
405727225261083
405727225303708
405727225342583
405727225373916
405727225419416
405727225458541
405727225490416
405727225542708
405727225578541
405727225617708
405727225644416
405727225688208
405727225727125
405727225759083
405727225802666
405727225841208
405727225889416
405727225927708
405727225966791
405727226005333
405727226049208
405727226087833
405727226128666
405727226160666
405727226203333
405727226247458
405727226286666
405727226322416
405727226365666
405727226404125
405727226443708
405727243678958
405727529113791
405727697393500
405728144132750
405728187657958
405728700725166
405728700839875
405728700858875
405728908167583
405728908284708
405728908303666
405728908318041
405728908333875
405728908348958
405728908393166
405728908436625
405728908471958
405728908517958
405728908552166
405728908608875
405728912452708
405728919502625
405728926455458
405728933421625
405728939405291
405728949277875
405728949305041
405728949353208
405728949395000
405728949428958
405728949474708
405728949515791
405728949555416
405728949588166
405728949633458
405728949673250
405728949719125
405728949759291
405728949799958
405728949839458
405728949879875
405728949908541
405728949955041
405728949996250
405728950035833
405728950075041
405728950121916
405728950165791
405728950205958
405728950246000
405728950293541
405728950333458
405728950372916
405728950413541
405728950453708
405728950493500
405728950533333
405728950573083
405728950617958
405728950657583
405728950701916
405728950741500
405728950782875
405728950822166
405728950867916
405728950907708
405728950947750
405728951001291
405728951039375
405728951076791
405728951107916
405728951153333
405728951176791
405728951194000
405728951221708
405728951245208
405728951268708
405728951292041
405728951315916
405728951339458
405728951364708
405728951388916
405728951412333
405728951435833
405728951468541
405728951492125
405728951515875
405728951539125
405728951569583
405728951589166
405728951613250
405728951639333
405728951662791
405728951686458
405728951710083
405728952521625
405728952547083
405728952566583
405728952594083
405728952617708
405728952641208
405728952664916
405728952688333
405728952708041
405728952733541
405728952757541
405728952782916
405728952806666
405728952829958
405728952848708
405728952875833
405728952894625
405728952921166
405728952940958
405728952967125
405728952990666
405728953014208
405728953038541
405728953062916
405728953086583
405728953115250
405728961705666
405728961746916
405728961787333
405728961827333
405728961872416
405728961911916
405728961952416
405728961991833
405728962018666
405728962067541
405728962107291
405728962158208
405728962197416
405728962238000
405728962271250
405728962321750
405728962361416
405728962416833
405728962439666
405728962486125
405728962521958
405728962565000
405728962608750
405728962648208
405728962688125
405728962737375
405728962776375
405728962817041
405728962856458
405728962896125
405728962935166
405728962981625
405728963007625
405728963061625
405728963102208
405728963142000
405728963182125
405728963215375
405728963269375
405728963308708
405728963335958
405728963384833
405728963410958
405728963465416
405728963507375
405728963536750
405728963581416
405728963620833
405728963678083
405728963718833
405728963771375
405728963808250
405728963851750
405728963890583
405728963930458
405728963975375
405728964015333
405728964054666
405728964089416
405728964133791
405728964178375
405728964218250
405728964253708
405728964299500
405728964352541
405728964398458
405728964447375
405728964533375
405728964578000
405729078068833
405729137728083
405729680001875
405730601436833
405731113854333
405731113984250
405731114007000
405731114020625
405731114035958
405731114052250
405731114078000
405731114118916
405731114159500
405731114201083
405731114241166
405731114292791
405731114333583
405731114716708
405731933620708
405732081935541
405733162746208
405734069930166
405735115877791
405735221642416
405735620680416
405736645862625
405737568126000
405739012649041
405739012778000
405739012798791
405739012814041
405739012831000
405739012843375
405739012869875
405739111144583
405739111231166
405739512535791
405739540151958
405740124912666
405740537795583
405740715261791
405740730915833
405741662133583
405742069878083
405742081826708
405742786723666
405742985776333
405743180716125
405743200669625
405743306722791
405743466828291
405743810839791
405743810957958
405744323553583
405744839604666
405744839716333
405744839737916
405744980648458
405744982393125
405745457256083
405746678826166
405746678936666
405746709800875
405746735835916
405746844003875
405747600204333
405749239683125
405749239801416
405749239822208
405749239838041
405749239854583
405749239870583
405749239912833
405749239945541
405749239990125
405749240023541
405749240067166
405749240115541
405749240157166
405749240197833
405749240232375
405749240277291
405749240317833
405749240351833
405749240398166
405749240431375
405749240471208
405749240516916
405749240560541
405749240594541
405749240640875
405749240680500
405749240727125
405749240766291
405749240807000
405749240841416
405749240886708
405749240926416
405749240965291
405749241009125
405749241049583
405749241089250
405749241129666
405749241169125
405749241210833
405749241250750
405749241291083
405749241331000
405749241372583
405749241412291
405749241457875
405749241497500
405749241543875
405749241582958
405749241623166
405749241657666
405749241724375
405749241764125
405749241803041
405749241842041
405749241881583
405749241921041
405749241962458
405749242002833
405749242037125
405749242060458
405749242084083
405749242108916
405749242139458
405749242162833
405749242187083
405749242205708
405749242230125
405749242260708
405749242283875
405749242308458
405749242331625
405749242359208
405749242388166
405749242408541
405749242435166
405749242472041
405749242495458
405749242519250
405749242542541
405749242566041
405749242589375
405749242609916
405749242636708
405749242664250
405749242688833
405749242716541
405749242741833
405749242766375
405749242788083
405749242807791
405749242833833
405749242864208
405749242887708
405749242911125
405749242934500
405749242958208
405749242977291
405749243007958
405749243031500
405749243060541
405749243087166
405749243114083
405749243137208
405749243292916
405749243314583
405749243332708
405749243360375
405749243385208
405749243399416
405749243428125
405749243451916
405749243470791
405749243497291
405749243522416
405749243548500
405749243572916
405749243590750
405749243617958
405749243641125
405749243660916
405749243687000
405749243706291
405749243731791
405749243752166
405749243777958
405749243802958
405749243826833
405749243850250
405749243874916
405749243898666
405749243922083
405749243945750
405749243971041
405749243993125
405749244013666
405749244033958
405749244056250
405749244072833
405749752340958
405749752449583
405749752468666
405749752482458
405749752496541
405749752527458
405749752569333
405749752609833
405749752645041
405749752690500
405749752732291
405749752784083
405749752826125
405749752859583
405749752916333
405749752949875
405749752990958
405749753023000
405749753065958
405749753106416
405749753140041
405750159821666
405751900202041
405753132420583
405754562461583
405755007068750
405756612158666
405757123926000
405757124040833
405757124062250
405757124076916
405757737667416
405759376843291
405759376955208
405759787511666
405759787631375
405759787652041
405759787667333
405759787683666
405759787700250
405759787744500
405759787779500
405759787820916
405759787854125
405759787896416
405759787930416
405759787976916
405759788006583
405759788050000
405759788084958
405759788125708
405759788165208
405759788204416
405759788236291
405759788279583
405759788312333
405759788356458
405759788397666
405759788431333
405759788473875
405759788513000
405759788544583
405759788589166
405759788622666
405759788664875
405759788704083
405759788743791
405759788775000
405759788825333
405759788858041
405759788901666
405759788934416
405759788978583
405759789011708
405759789056041
405759789083333
405759789130500
405759794423750
405759794459916
405759794503166
405759794542291
405759794575000
405759794619208
405759794658333
405759794690750
405759794733666
405759794766166
405759794810375
405759794852541
405759794891958
405759794931083
405759794970291
405759795009583
405759795049000
405759795081666
405759795125583
405759795164875
405759795205166
405759795238000
405759795286583
405759795325833
405759795365541
405759795404875
405759795444416
405759795477500
405759795522541
405759795554958
405759795599250
405759795631875
405759795675541
405759795716375
405759795756291
405759795795750
405759795834750
405759795867666
405759795916791
405759795953833
405759795973958
405759796019708
405759801880083
405759801910791
405759801960083
405759801993000
405759802039583
405759802076125
405759802096750
405759802143708
405759802177958
405759802218916
405759802250500
405759802299125
405759802330583
405759802395583
405759802441250
405759802461291
405759802478208
405759802525291
405759802549166
405759802596625
405759802629708
405759802674875
405759802717041
405759802751416
405759802793916
405759918735833
405759918841208
405759918858333
405759918873875
405759918888458
405759918933375
405759918962625
405759918996333
405759919040458
405759919063791
405761832913041
405763781641333
405763781763166
405763781783666
405763781799583
405763781814666
405763781830250
405763856833916
405763856916000
405763856932750
405763856948208
405763856963125
405763857011291
405764494474208
405764494587375
405764494608291
405764494624583
405764494640791
405764494654208
405764494683750
405764494726833
405764494759208
405764494796250
405764494839416
405765168884625
405765168992833
405765169012125
405765169027583
405765169043958
405765169058500
405765169100083
405765169136416
405765169176125
405765169208541
405765169250791
405765169300083
405765169332125
405765169375916
405765169408083
405766237380333
405766237508666
405766324506125
405766648288250
405766648403666
405766648421416
405766648437916
405766648456458
405766648475375
405766648517500
405766648549875
405766648591625
405766648624958
405766648667208
405766648700458
405766648747916
405766648782458
405766648823333
405766648855166
405766648898500
405766648937708
405766648969458
405766649013250
405766649046041
405766649086500
405766649121083
405766649165291
405766649209916
405766649242916
405766649285416
405766649318000
405766649360541
405766649405166
405766649437208
405766649480666
405766649512541
405766649564916
405766649603958
405766649645708
405766649684708
405767262793708
405767262921500
405767262940416
405767262955916
405767262970833
405767262984458
405768186982958
405768187083666
405768187103541
405768187118125
405768187134125
405768187150541
405768187195583
405768187248875
405768187289916
405768187322541
405768187363166
405768187396875
405768187439666
405768187479833
405768187511750
405768323209833
405768323325958
405768323345291
405768323359416
405768323374375
405768323388375
405768323418791
405768323462000
405768323494291
405768323535583
405768323567750
405768323621708
405768323653625
405768323697458
405768323730166
405768323773166
405768323803250
405768323846875
405768323879291
405768323922916
405768323955291
405768323998125
405768324039750
405768324079541
405768324112916
405768324155541
405768324188250
405768324232416
405768324265166
405768324307791
405768324348000
405768324377166
405768324418916
405768324462125
405768324501875
405768324533083
405768324575666
405768324607250
405768434987333
405768836619500
405768964688291
405769034123208
405769923513250
405769923630958
405770334124541
405770743585666
405771357468916
405772483585166
405773201493250
405774325756125
405774738503541
405774793950708
405776172583875
405776172702958
405776888315750
405776888432166
405776888452708
405776888468541
405776888484708
405776888500000
405776888520833
405776888570541
405776888601916
405776888643583
405776888677125
405776888727958
405776888761625
405776888804083
405776888836041
405776888879083
405776888910791
405776888953791
405776888986208
405776889028125
405776889057958
405776889101333
405776889142833
405776889182958
405776889214958
405776889259041
405776889291333
405776889335750
405776889368500
405776889412541
405776889451166
405776889484083
405776889527666
405776889576458
405776889608875
405776889651916
405776889683333
405776889734041
405776889766000
405776889806875
405776889843791
405776889887291
405776889926416
405776889970875
405776890012708
405776890047125
405776890088791
405776890132291
405776890171000
405776890218250
405776890248833
405776890292250
405776890338791
405776890372583
405776890414875
405776890453541
405776890492000
405776890531250
405776890563583
405776890607458
405776890646041
405776890684708
405776890722958
405776890765791
405776890804375
405776890852125
405776890891166
405776890931458
405776890963666
405776891008750
405776891047625
405776891236291
405776891274666
405776891294833
405776891342250
405776891372750
405776891415250
405776891454416
405776891486416
405776891530708
405776891560833
405776891605708
405776891646875
405776891686458
405776891715916
405776891767833
405776891806583
405776891841000
405776891886166
405776891910416
405776891936458
405776891953791
405776891980625
405776892004333
405776892024041
405776892050416
405776892068375
405776892095458
405776892112125
405776892145708
405776892163625
405776892190250
405776892208333
405776892235583
405776892259500
405776892278875
405776892303875
405776892334500
405776892352958
405776892379958
405776892396583
405776892423666
405776892442125
405776892469333
405776892487833
405776892523375
405776892542208
405776892569041
405776892587291
405776892613625
405776892631875
405776892659125
405776892677750
405776892705541
405776892723958
405776892749625
405776892773916
405776892797375
405776892813916
405776892840291
405776892858250
405776892889333
405776892906000
405776892934083
405776892950500
405776892977708
405776893000708
405776893026208
405776893053041
405776893066125
405776893091083
405776893107833
405776893134875
405776893151875
405776893178500
405776893197083
405776893223500
405776893243666
405776893276500
405776893294833
405776893321208
405776893339541
405776893366500
405776893389708
405776893408208
405776893433791
405776893479208
405776893497458
405776893524666
405776893547958
405776893576625
405776893594625
405776893621541
405776893639000
405776893665875
405776893682625
405776893710125
405776893734333
405776893752916
405776893778500
405776893798958
405776893822000
405776893839708
405776893862625
405776893877791
405776893900833
405776893915041
405776893945625
405776893966083
405776893982625
405776894004708
405776894032750
405776894054958
405776894077500
405776894094041
405776894117083
405776894132625
405776894154333
405776894171625
405776894196916
405776894215291
405776894234166
405776894253125
405776894276708
405776894292333
405776894314500
405776894335958
405776894356333
405776894370375
405776894392708
405776894408458
405776894430750
405776894446000
405776894468875
405776894484166
405776894510833
405776894526583
405776894551291
405776894566916
405776894596875
405776894612083
405776894629208
405776894652458
405776894666500
405776894696416
405776894717791
405776894738208
405776894752083
405776894782583
405776894799291
405776894818666
405776894854916
405776894870500
405777707207541
405778118778041
405778831535833
405779241460333
405779241575666
405779253212416
405780572387833
405781036821666
405781036945166
405781036964833
405781036978791
405781036994458
405781037007833
405781037025833
405781037074208
405781037106916
405781037149625
405781037180791
405781037227375
405781037274708
405781803059250
405782215647833
405783848911958
405783849011000
405789788308500
405790506130291
405790506250625
405790709918083
405790866854958
405790866958750
405791031434708
405791224097041
405791281956500
405791310977000
405791311023000
405794193216875
405794193353000
405794193374458
405794193391708
405794193406375
405794193420625
405794193434916
405794193455375
405794193503041
405794193529500
405794193576250
405794193625083
405794193657375
405794193698791
405794193731375
405794193773250
405794193812583
405794193851458
405794193883791
405794193927333
405794193959916
405794194005250
405794194050833
405794194089750
405794194121875
405794194164958
405794194197125
405794194241583
405794194273666
405794194315833
405794194354833
405794194394000
405794194580416
405794194618833
405794194639875
405794194685125
405794194717750
405794194759750
405794194792333
405794194835916
405794194866500
405794194910083
405794194942291
405794194992875
405794195025291
405794195068875
405794195107666
405794195146625
405794195178666
405794195230916
405794195261666
405794195305583
405794195344541
405794195388708
405794195430083
405794195469833
405794195508500
405794195542083
405794195584291
405794195623625
405794195655375
405794195699791
405794195744250
405794195783041
405794195821875
405794195862958
405794195894958
405794195946250
405794195965916
405794196014416
405794196053041
405794196072375
405794196116333
405794196147541
405794196196916
405794196262958
405794196314958
405794196354375
405794196398541
405794196431208
405794196473208
405794196506250
405794196548416
405794196583166
405794196624250
405794196656500
405794196698583
405794196744250
405794196774958
405794196806791
405794196823583
405794196848791
405794196865500
405794196891958
405794196908958
405794196934833
405794196953375
405794196984541
405794197004875
405794197031541
405794197049750
405794197076833
405794197093791
405794197120041
405794197137166
405794197164250
405794197182250
405794197208333
405794197226875
405794197256208
405794197274583
405794197301708
405794197320000
405794197342333
405794197368041
405794197391958
405794197408708
405794197444625
405794197461625
405794197488125
405794197512541
405794197532250
405794197557458
405794197582833
405794197599333
405794197630708
405794197669916
405794197757083
405794197771208
405794197799250
405794197817416
405794197842416
405794197859333
405794197885541
405794197902541
405794197928083
405794197945041
405794197970375
405794197995291
405794198012208
405794198038125
405794198056458
405794198084208
405794198101208
405794198127458
405794198145041
405794198171083
405794198189208
405794198216291
405794198240458
405794198260708
405794198285916
405794198304666
405794198329708
405794198353208
405794198369916
405794198396458
405794198413208
405794198446416
405794198464375
405794198493416
405794198507625
405794198535166
405794198564250
405794198580958
405794198606458
405794198624375
405794198649625
405794198668083
405794198693500
405794198710333
405794198745458
405794198769291
405794198781708
405794198808083
405794198824333
405794198846041
405794198858541
405794198882458
405794198896916
405794198919458
405794198933750
405794198958333
405794198972750
405794198994791
405794199009833
405794601500583
405795012734083
405795012851000
405795012872250
405795012887250
405795012903916
405795012917458
405795012944000
405795012985125
405795013016166
405795013058250
405795013089208
405795013142750
405795013173375
405795013215416
405795013245750
405795013290083
405795013321000
405795013365000
405795013396416
405795013439291
405795013469958
405795013514708
405795013565083
405795013606083
405795013626583
405795013665708
405795013696125
405795013739166
405795013772041
405795013812791
405795013844083
405795013886708
405795013919416
405795013967833
405795014001041
405795014044166
405795014077583
405795014119208
405795014158166
405795014187458
405795014233708
405795014256208
405795014305166
405795014345500
405795014380625
405795014415583
405795014446791
405795014487125
405795014502666
405795014526750
405795014551708
405795014569166
405795014593875
405795014610791
405795014636083
405795014660375
405795014679125
405795014711291
405795014751166
405795014773416
405795014801791
405795014815458
405795014843041
405795014858333
405795014886458
405795014907375
405795014941041
405795014954375
405795014985083
405795015002666
405795015028125
405795015046333
405795015071833
405795015090875
405795015115833
405795015134791
405795015160125
405795015186416
405795015204583
405795015230541
405795015247291
405795015273250
405795015290333
405795015316666
405795015333416
405795015360125
405795015377458
405795015544083
405795015562625
405795015583500
405795015609791
405795015628208
405795015653708
405795015671166
405795015696333
405795015713541
405795015738875
405795015757750
405795015786333
405795015810000
405795015826791
405795015853208
405795015870791
405795015896625
405795015913250
405795015940291
405795015958875
405795015984250
405795016002583
405795016030916
405795016048541
405795016075250
405795016093875
405795016120958
405795016139166
405795016165875
405795016184333
405795016211500
405795016229625
405795016252125
405795016277125
405795016295458
405795016322333
405795016340250
405795016374000
405795016419375
405795016436291
405795016458000
405795016478375
405795016492541
405795016516500
405795016531000
405795016555291
405795016569583
405795016591791
405795016607083
405795016631541
405795016645625
405795016670291
405795016684375
405795016715708
405795016731541
405795016754625
405795016768875
405795016791416
405795016807041
405795016829916
405795016850625
405795016871041
405795016885208
405795016908250
405795016923625
405795016955291
405795016971000
405795016992916
405795017008208
405795017034250
405795017049708
405795017071833
405795017087041
405795017112583
405795017123166
405795017145708
405795017166166
405795017180666
405795017204833
405795017219791
405795017243458
405795017262541
405795017274708
405795017298166
405795017314333
405795017334083
405795017355583
405795017370000
405795017391416
405795017414333
405795017435041
405795017455666
405795017471583
405795017500791
405795017521166
405795017536166
405795017558541
405795017573833
405795017597250
405795017612541
405795017641291
405795017656833
405795017680166
405795017697375
405795017717250
405795017733333
405795017755041
405795017775166
405795017790458
405795017813291
405795017839166
405795017855083
405795017876583
405795017890750
405795017921916
405795017942375
405795017962750
405795017976708
405795018004583
405795018019500
405795018042208
405795018056333
405795018079500
405795018094916
405795018118083
405795018132208
405795018157416
405795526088458
405795612124125
405795612233333
405796341739416
405796649814083
405796958665375
405796958776500
405796958797250
405796958812583
405796958835666
405796958849708
405796958866583
405796958914458
405796958947750
405796958989000
405796959020166
405796959074083
405796959108125
405796959150875
405796959182875
405796959224375
405796959265208
405796959297958
405796959356458
405796959390333
405796959434000
405796959466250
405796959509416
405796959541250
405796959587666
405796959626833
405796959659916
405796959703166
405796959742250
405796959783500
405796959816625
405796959859166
405797264558666
405797264670708
405797264689875
405797264705375
405797264720875
405799209102791
405799231483291
405799231805500
405799231837000
405799231886625
405799231924958
405799231944916
405799231993583
405799232017833
405800643288583
405800685459583
405800999473500
405801003095250
405801019333250
405801021287333
405801021321958
405801021358458
405801021400958
405801021429666
405801021476750
405801021511000
405801021550250
405801021583541
405801021626500
405801021660250
405801021707791
405801021747208
405801021779541
405801021823000
405801021855166
405801021900625
405801021932333
405801021976041
405801022015083
405801022055791
405801022085333
405801022131666
405801022165208
405801022209500
405801022248375
405801022280041
405801022322250
405801022361208
405801022393375
405801022435583
405801022480083
405801022512083
405801022561291
405801022600291
405801022639208
405801022684375
405801022716708
405801028007458
405801028045375
405801028077583
405801028121625
405801028153125
405801028195958
405801028228458
405801028272416
405801028304875
405801028348250
405801028377708
405801028428791
405801028461666
405801028500041
405801028544041
405801028587083
405801028623166
405801028645875
405801028690208
405801028722750
405801028764333
405801028806791
405801081231041
405801081326166
405801081344000
405801081358041
405801081373583
405801081402875
405801081442125
405801081483333
405801081528791
405801081563625
405801081588791
405801081643166
405801081674916
405801081716916
405801081750625
405801081793666
405801081832375
405801081864875
405801081908833
405801081940500
405801081984000
405801082014208
405801082066291
405801082098541
405801082141958
405801082188958
405801082221750
405801082260708
405801082281500
405801082328333
405801082367625
405801082401041
405801082448041
405801082542083
405801082573208
405801082616333
405801082656500
405801082688666
405801082731500
405801082764291
405801082816000
405801082854625
405801082893375
405801082930458
405801082978791
405801091344166
405801100072083
405801100116708
405801100136333
405801100181666
405801100207208
405801100251625
405801100285041
405801100325708
405801100356750
405801100398541
405801100431708
405801100478625
405801100511416
405801100562125
405801100593125
405801100635875
405801100666625
405801100707833
405801100736541
405801100779666
405801100810333
405801100858166
405801100897666
405801100937166
405801100975750
405801101014541
405801101053791
405801101090875
405801101134666
405801101167208
405801101208958
405801101247250
405801101278916
405801101325708
405801101364083
405801101402583
405801101441458
405801101480000
405801528613375
405801528733125
405801528752250
405801628695000
405801702997125
405801843890125
405801846397041
405801846408208
405801846424625
405801846433500
405801846451708
405801846460125
405801846478916
405801846488000
405801846506083
405801846517166
405801846534250
405801846546833
405801846564250
405801846575125
405801846592041
405801846602833
405801846629416
405801846646333
405801846655708
405801846673625
405801846684750
405801846701166
405801846717125
405801846727916
405801846744750
405801846755375
405801846772916
405801846783583
405801846800833
405801846811500
405801846829166
405801846839750
405801846857041
405801846872791
405801846883833
405801846902250
405801846915625
405801846961541
405801847002250
405801847034250
405801847077416
405801847109375
405801847151458
405801847190333
405801847232208
405801847271000
405801847309666
405801847341416
405801847383291
405801847421750
405801847460375
405801847491333
405801847534416
405801847575166
405801847603791
405801847650000
405801847688625
405801847720833
405801847763583
405801847795416
405801847838666
405801847870833
405801847913583
405801847952875
405801847998708
405801848042958
405801848074875
405801848106958
405801848118708
405801848135666
405801848146208
405801848163000
405801848173708
405801848195000
405801848204083
405801848222083
405801848232875
405801848251583
405801848262250
405801848279500
405801848291166
405801848307875
405801848318541
405801848335708
405801848346333
405801848363416
405801848374041
405801848391291
405801848427083
405801906288333
405801985355041
405802050512833
405802069995083
405802124430250
405802487746708
405802487872333
405802690962541
405802719374416
405802836571750
405803015575375
405803064728208
405803153390208
405803297375125
405803578638833
405803612987916
405803920295208
405804233810375
405804265618750
405804422092333
405804493717875
405805150767083
405805215999166
405805240330125
405805255542833
405805255584958
405805255601708
405805255647833
405805255681750
405805255723750
405805255756875
405805255799166
405805255831125
405805255872583
405805255905416
405805255955541
405805255985791
405805256030625
405805256062208
405805256129125
405805256166958
405805256186041
405805256234541
405805256265625
405805256308541
405805256341833
405805256389791
405805256420833
405805256463458
405805256496083
405805256539166
405805256571791
405805256613625
405805256653375
405805257483291
405805257514708
405805257555916
405805257589041
405805257632250
405805257671458
405805257704166
405805257747250
405805257780041
405805257825291
405805257864583
405805257906666
405805257946083
405805257985541
405805258017791
405805258061583
405805258100500
405805258132583
405805258174750
405805258214000
405805258245291
405805258289958
405805258331083
405805258370250
405805258402083
405805260242333
405805260275875
405805260320375
405805260352708
405805260396791
405805260428708
405805260479291
405805260518166
405805260557750
405805260590208
405805260634458
405805260675833
405805260708208
405805260751333
405805260790333
405805260822708
405805260867208
405805260905625
405805260931208
405805260977416
405805261009666
405805261060125
405805261100708
405805261140375
405805261179125
405805261217958
405805261250083
405805261294416
405805261326333
405805261370416
405805261402208
405805261452833
405805261492291
405805266378458
405805266408958
405805266452333
405805266484541
405805266527958
405805268223375
405805268257000
405805268299791
405805268348791
405805268385666
405805660682416
405805668305708
405805698703083
405806162333125
405806307553541
405806456613875
405808266579833
405808266702416
405808266723541
405808266737708
405808266751875
405808266767000
405808266808083
405808266843458
405808266887958
405808398492875
405808398578250
405808398593541
405808398608875
405808448455791
405810884382750
405811503682333
405811806220000
405811806326708
405811806345083
405811806359958
405811806374291
405811806412416
405811806458416
405811806494125
405811806541000
405811806585208
405811806631958
405811806666583
405811806714458
405811806748916
405811806793750
405811806834583
405811806874333
405811806915166
405811806956083
405811806989333
405811807034041
405811807075041
405811807118041
405811807158541
405811807198625
405811807234916
405811807278250
405811807319166
405811807359000
405811807406625
405811807442250
405811807487208
405811807527291
405811807573583
405811807613416
405811807662208
405811807701583
405811807748416
405811807788250
405811807840541
405811807880291
405811807942833
405811807983125
405811808022833
405811808063250
405811808103375
405811808138416
405811808184500
405811808224541
405811808272208
405811808317791
405811808358333
405811808392041
405811808438166
405811808478083
405811808519958
405811808561916
405811808606291
405811808629875
405811808653666
405811808684416
405811808709791
405811808729333
405811808756750
405811808780416
405811808810333
405811808834166
405811808857875
405811808881166
405811808905583
405811808936833
405811808962750
405811808986625
405811809007125
405811809030625
405811809054250
405811809079916
405811809103708
405811809134291
405811809157958
405811809181625
405811809200291
405811809230041
405811809253666
405811809277416
405811809300958
405811809331458
405811809354916
405811809378833
405811809403041
405811809426791
405811809449916
405811809474041
405811809499291
405811809523500
405811809547250
405811809572750
405811809596666
405811809620375
405811809639000
405811809677666
405811809701375
405811809725000
405811809748500
405811809774375
405811809793083
405811809932708
405811809952458
405811809978458
405811809994000
405811810023500
405811810042583
405811810070125
405811810089500
405811810117416
405811810141291
405811810164666
405811810192875
405811810211833
405811810240125
405811810264041
405811810282916
405811810309583
405811810333583
405811810357333
405811810380833
405811810411541
405811810434916
405811810457666
405811810484875
405811810508916
405811810532625
405811810556666
405811810581333
405811810602166
405811810622375
405811810642958
405811810658166
405811810681500
405811810703125
405811810724875
405811810745125
405811810774666
405811810795166
405811810815791
405811810832083
405811810855083
405811810877041
405811810897750
405811810918375
405811810950666
405811810971458
405811810999291
405811811016166
405811811036666
405811811057750
405811811078250
405811811098666
405811811114583
405811811138750
405811811159458
405811811181375
405811811202083
405811811222625
405811811242833
405811811269625
405811811285708
405811811309916
405811811330375
405811811347541
405811811370375
405811811391708
405811811413250
405811811435125
405811811455625
405811811476041
405811811496666
405811811517000
405811811533041
405811811557750
405811811578125
405811811598708
405811811622666
405811811645125
405811811669541
405811811684791
405811811707375
405811811728125
405811811748625
405811811776750
405811811793083
405811811816958
405811811837500
405811811864541
405811811895916
405811811919125
405811811941833
405811811963125
405811811983750
405811812006458
405811812026708
405811812051541
405811812073750
405811812096583
405811812119000
405811812142000
405811830556208
405811842584541
405812317132333
405812327704375
405812336147166
405815696509875
405816006056583
405816104087541
405816286280416
405816286390750
405816286411250
405816292473083
405816315048916
405816315123958
405816315140458
405816315167916
405816315748166
405818667470333
405818667579916
405818975336500
405818975425375
405818975443791
405818975460083
405818975475666
405818975526250
405818975561625
405818975606916
405818975647708
405818975688458
405818975733291
405818975769291
405818975811791
405818975852000
405818975891750
405818975931875
405818975972333
405818976012500
405818976052666
405818976093041
405818976133250
405818976173458
405818976216958
405818976256541
405818976296666
405818976336791
405818976376250
405818976416208
405818976456083
405818976495833
405818976536000
405818976576083
405818976615958
405818976660416
405818976700791
405818976740541
405818976780208
405818976824458
405818976863041
405818976904208
405818976938458
405818976983166
405818977023666
405818977057750
405818977114000
405818977160791
405818977187541
405818977199291
405818977227625
405818977252000
405818977270166
405818977296500
405818977320583
405818977339583
405818977365791
405818977391166
405818977415458
405818977439500
405818977463541
405818977482541
405818977509125
405818977533208
405818977552000
405818977578958
405818977602750
405818977621791
405818977650791
405818977675166
405818977694583
405818977720833
405818977744875
405818977768791
405818977792625
405818977816708
405818977840500
405818977864500
405818977888541
405818977913458
405818977937500
405818977956583
405818977983458
405818978002583
405818978029541
405818978053541
405818978077666
405818978106083
405818978130250
405818978154250
405818978173333
405818978199833
405818978223833
405818978247791
405818978271541
405818978295458
405818978319208
405818978343166
405818978367958
405818978391541
405818978415791
405818978439666
405818978463750
405818978481125
405818978507750
405818978531833
405818978555875
405818978575166
405818978602583
405818978627875
405818978652083
405818978676125
405818978700166
405818978718791
405818978745416
405818978769583
405818978793458
405818978812833
405818978839750
405818978942416
405818978961625
405818978988541
405818979003875
405818979036666
405818979054125
405818979088125
405818979109458
405818979134041
405818979150875
405818979173416
405818979195625
405818979211166
405818979234375
405818979249875
405818979273208
405818979288583
405818979311916
405818979333916
405818979356000
405818979378000
405818979391291
405818979418083
405818979434500
405818979458000
405818979474750
405818979498083
405818979514791
405818979538375
405818979559458
405818979575875
405818979599333
405819066118333
405819066213666
405819066230833
405819066247666
405819066263333
405819066305208
405819066339416
405819066382250
405819066423958
405819066458375
405819066503916
405819066551583
405819066592958
405819066634375
405819066674416
405819066717333
405819066767250
405819066807583
405819066849125
405819066889375
405819066929833
405819066969416
405819067014500
405819067054666
405819166506750
405819588341416
405819610107458
405822356335875
405822459387000
405822459499041
405822459518416
405822459533000
405822459547708
405822459562791
405822459612250
405822459646000
405822459690666
405822459724875
405822459769291
405822459815583
405822459850916
405822459895833
405822459936250
405822459976541
405822460016708
405822460050291
405822460095708
405822460136125
405822460176500
405822460216583
405822460260083
405822460300625
405822460341125
405822460381625
405822460421833
405822460462000
405822460502291
405822460542416
405822460582875
405822460622916
405822460656708
405822460711083
405822460750125
405822460770791
405822460820083
405822460854041
405822460898125
405822460938208
405822460978125
405822461018250
405822461066041
405822461086208
405822461141000
405822461182250
405822461215583
405822461260083
405822461300583
405822461340750
405822461380333
405822461420250
405822461461250
405822461500958
405822461540541
405822461582541
405822461622458
405822461662791
405822461702750
405822461743208
405822461783458
405822461823916
405822461863958
405822461909500
405822461949916
405822461990416
405822462036958
405822462077458
405822462117458
405822462158166
405822462198125
405822462238333
405822462278458
405822462318875
405822462359041
405822462418375
405822462459041
405822966659708
405823107774375
405823310708708
405823579978958
405823991693750
405824920432833
405824921231541
405825006671291
405825006785916
405825006804875
405825006819875
405825006836041
405825006858166
405825006899291
405825006933666
405825006977500
405825007010416
405825007055000
405825007107291
405825007149250
405825007184666
405825007229541
405825007264083
405825007311208
405825007343541
405825007389500
405825007423125
405825007469541
405825007509666
405825007555666
405825007595833
405825007636000
405825007675750
405825007717083
405825007757041
405825007797583
405825007837041
405825007877416
405825007916750
405825007957958
405825008002416
405825008043708
405825008084500
405825008125041
405825008165916
405825008206375
405825008246125
405825008288833
405825008321333
405825008367875
405825008421541
405825008467208
405825008503166
405825008527083
405825008550958
405825008575041
405825008593125
405825008620750
405825008640500
405825008667250
405825008687333
405825008714833
405825008743375
405825008768166
405825008789083
405825008815000
405825008838833
405825008858416
405825008885458
405825008910208
405825008927583
405825008954791
405825008978791
405825009012500
405825009036125
405825009048125
405825009074500
405825009090458
405825009119541
405825009136125
405825009165458
405825009192083
405825009215333
405825009227416
405825009259083
405825009281000
405825009307708
405825009324041
405825009354000
405825009373250
405825009403000
405825009423333
405825009475208
405825009505375
405825009528916
405825009541041
405825009586625
405825009611708
405825009623333
405825009634708
405825009663875
405825009684958
405825009724041
405825009738375
405825009756833
405825009783250
405825009803125
405825009834000
405825009872375
405825009920916
405825009934833
405825009956625
405825009984333
405825010005291
405825010032250
405825010052333
405825010080750
405825010100541
405825010136750
405825010156708
405825010185416
405825010206166
405825010234458
405825630794875
405825630918708
405825630938666
405825630954458
405825630971500
405825630986208
405825631015125
405825631061375
405825631094583
405825631139750
405825631174625
405825631231125
405825631265791
405825631311125
405825631344625
405825631391541
405825631432708
405825667317833
405825809090333
405825809146000
405825809163458
405825809203166
405825809238333
405825809284416
405825809318416
405825809364375
405825809399583
405825809444916
405825809486458
405825809534666
405825809569958
405825809615791
405825809655500
405825809695875
405825809730208
405825809776166
405825809816083
405825809857500
405825809897500
405825809939375
405825809983125
405825810023958
405825810063958
405825810104666
405825810144291
405825810180875
405825810229500
405825810266541
405825810306958
405825810337041
405825810380541
405825810424416
405825810464000
405825810504041
405825810543958
405825810578333
405825810623000
405825810662958
405825810702458
405825810741625
405825810782458
405825810822375
405825810865875
405825810906083
405825810946791
405825810986625
405825811027250
405825811068083
405825811120166
405825811153916
405825811193208
405825811232958
405825811272500
405825811317208
405825811357875
405825811397875
405825811437666
405825811478541
405825811518208
405825811559000
405825811598541
405825811639541
405825811679916
405825811721000
405825811764291
405825811803875
405825811837416
405825811918625
405825811932541
405825811946583
405825811993750
405825812033250
405825812073666
405825812107541
405825812157875
405825812193833
405825812213000
405825812239833
405825812263750
405825812282791
405825812310083
405825812334208
405825812358208
405825812383125
405825812407125
405825812431000
405825812449916
405825812481333
405825812505208
405826347161708
405828087227458
405828164639291
405828496653416
405828496733541
405829114139375
405829724784291
405830236866875
405831466522500
405832491792375
405832801022916
405834435452166
405834946789416
405835667200250
405836893061375
405837507958916
405838535653416
405838641036958
405839042677333
405839353145625
405840377978875
405840683027708
405840683093541
405840683113833
405841296667666
405841603325333
405842217341750
405842934263791
405843032314166
405844060504708
405845699714458
405846826876333
405846826995916
405846827017208
405846827038750
405846827055916
405846827070000
405846827112166
405846827145500
405846827186458
405846827217458
405846827260916
405846827290833
405846827333916
405846827365583
405846827408458
405846827440958
405846827485166
405846827527625
405846827557708
405846827601166
405846827631958
405846827674333
405846827707666
405846827750083
405846827780875
405846827824250
405846827856291
405846827898833
405846827940833
405846827973458
405846828016208
405846828048708
405846828092625
405846828125500
405846828169750
405846828200916
405846828244958
405846828275916
405846828319375
405846828360166
405846828399875
405846828429625
405846828473333
405846828503625
405846828560375
405846828598541
405846828619458
405846828663875
405846828693791
405846828736833
405846828778458
405846828811208
405846828854875
405846828887083
405846828931166
405846828961333
405846829006208
405846829037250
405846829080916
405846829106916
405846829133625
405846829157791
405846829181875
405846829199041
405846829225416
405846829242666
405846829269791
405846829288333
405846829313666
405846829331041
405846829357833
405846829374875
405846829403583
405846829420833
405846829447166
405846829465208
405846829491166
405846829508583
405846829535416
405846829552583
405846829579125
405846829597708
405846829624875
405846829649791
405846829668875
405846829694625
405846829714041
405846829739333
405846829758791
405846829784250
405846829808458
405846829826625
405846829852291
405846829869458
405846829899166
405846829916541
405846829942958
405846829961458
405846829989083
405846830005166
405846830031916
405846830050958
405846830076000
405846830099916
405846830117000
405846830144000
405846830161416
405846830188458
405846830205791
405846830232625
405846830249875
405846830276416
405846830293458
405846830320875
405846830338000
405846830375208
405846830400000
405846830413583
405846830438916
405846830467500
405846830481291
405846830508833
405846830528583
405846830670083
405846830691750
405846830717041
405846830735500
405846830760708
405846830778916
405846830804750
405846830822291
405846830848833
405846830866291
405846830892708
405846857742833
405846857770916
405846857814875
405846857855125
405846857887458
405846857929291
405846857969166
405846858000916
405846858043708
405846858082791
405846858115833
405846858164666
405846858198750
405846858236666
405846858291583
405846858308833
405846858358375
405846858383166
405846858470625
405846858508041
405846858533333
405846858551083
405846858585583
405846858620000
405846858666833
405846858692875
405846858743625
405846858781458
405846858802666
405846858843333
405846858875416
405846858919083
405846858953500
405846859001791
405846859042041
405846859074583
405846859119833
405846859152833
405846859197083
405846859236000
405846859275375
405846859306416
405846859350375
405846859380208
405846859429000
405846859453750
405846859500500
405846859532791
405846859576791
405846859616500
405846859648833
405846859692583
405846859732875
405846859763625
405846859808500
405846859851958
405846859892250
405846859931541
405846859971000
405846860009833
405846860049833
405846860080083
405846860123583
405846860155833
405846860200000
405846860231333
405846860279791
405846860318708
405846860352791
405846860395708
405846860430333
405846860473291
405846860512791
405846860551750
405846860584958
405846860629416
405846860663375
405846860716833
405846860739083
405846860775666
405846860794833
405846860820291
405846860844583
405846860862166
405846860887166
405846860907708
405846860933583
405846860957333
405846860981708
405846861005208
405846861022500
405847337535500
405847952578291
405848263439083
405848263548375
405848263568166
405848263582916
405848263598500
405848263614541
405848263645000
405848263687291
405848263718708
405848263760208
405848263791500
405848263842916
405848567602916
405850614269375
405850921385458
405851059460083
405851945957458
405852357566291
405852663526750
405852850239666
405852850339833
405852874596541
405853687140041
405853687254916
405854096353125
405855201535333
405855201650000
405855201669916
405855201685541
405855201700250
405855260271458
405856861166375
405856861281750
405856861302250
405856861317291
405856861333166
405856861352833
405856861370291
405856918760583
405857268864250
405857465937916
405857514228000
405860342371750
405860489034875
405861200793583
405862288327916
405862697962833
405863139113500
405863620083416
405864028469250
405864136613083
405864169680375
405864206305833
405864467923916
405864539659541
405864580259791
405865053952666
405865063846166
405865069644666
405865264558000
405865403835166
405865599702291
405865599912583
405866114847541
405866590063791
405866897067000
405868124332083
405868535083541
405868793228166
405869456391791
405869493077875
405872265862458
405872732938625
405872899477000
405872899586791
405872899605083
405872899619583
405872899636083
405872899650916
405872899691500
405872899719625
405872899766291
405872899797583
405872899840625
405872899887416
405872899919291
405872899961375
405872899992625
405872900036375
405872900066708
405872900110958
405872900143125
405872900186583
405872900216750
405872900262125
405872900303500
405872900337416
405872900380000
405872900420458
405872900450333
405872900494500
405872900526250
405872900569541
405872900602166
405872900645583
405872900678625
405872900722125
405872900766208
405872900805791
405872900838083
405872900882875
405872900915458
405872900959625
405872900992458
405872901036916
405872901068750
405872901112166
405872901153291
405872901186291
405872901228875
405872901269291
405872901302000
405872901344125
405872901375916
405872901419458
405872901451250
405872901495625
405872901528458
405872901577416
405872901610083
405872901653583
405872901686083
405872901729875
405872901762166
405872901806250
405872901845375
405872901885458
405872901917916
405872901962041
405872902002375
405872902041833
405872902074500
405872902118416
405872902151125
405872902193750
405872902226375
405872902269583
405872902301750
405872902346125
405872902379083
405872902425625
405872902458541
405872902503083
405872902533166
405872902577416
405872902610125
405872902672791
405872902712333
405872902740875
405872902780291
405872902813125
405872902838875
405872902857708
405872902884000
405872903019291
405872903038583
405872903063000
405872903087250
405872903099166
405872903126583
405872903144041
405872903169833
405872903187333
405872903214041
405872903231333
405872903259541
405872903277583
405872903303875
405872903321083
405872903348166
405872903365625
405872903392250
405872903409458
405872903436000
405872903470500
405872903493041
405872903524250
405872903539083
405872903566666
405872903589333
405872903614875
405872903633750
405872903658875
405872903676708
405872903707333
405872903727875
405872903753666
405872903781416
405872903800333
405872903825000
405872903843958
405872903868500
405872903887666
405872903912708
405872903931541
405872903956875
405872903981375
405872903999250
405872904027875
405872904045333
405872904071750
405872904089250
405872904116083
405872904133458
405872904160375
405872904177833
405872904204916
405872904222458
405872904249125
405872904273375
405872904297583
405872904314666
405872904341166
405872904359583
405872904386791
405872904404000
405872904430500
405872904447750
405872904474333
405872904491708
405872904519958
405872904537208
405872904563250
405872904580416
405872904606791
405872904624875
405872904650541
405872904668041
405872904695125
405872904726208
405872904741875
405872904770541
405872904787708
405872904807916
405872904831333
405872904848041
405872904869958
405872904885041
405872904907291
405872904928375
405872904943000
405872904963833
405872904985250
405872904999958
405872905021666
405872905036500
405872905058583
405872905083666
405872908521416
405872908542416
405872908568916
405872908587291
405872908613250
405872908633333
405872908659583
405872908682791
405872908708166
405872908727541
405872908753291
405872908778000
405872908795291
405872908821875
405872908839916
405872908866666
405872908883875
405872908908958
405872908930583
405872908956958
405872908975583
405872909003333
405872909028666
405872909048041
405872909074791
405872909093583
405872909120625
405872909144291
405872909161791
405872909189291
405872909207416
405872909234166
405872909251416
405872909281250
405872909298791
405872909324583
405872909341791
405872909369125
405872909387625
405872909413166
405872909431416
405872909458291
405872909476791
405872909504458
405872909528833
405872909552958
405872909565666
405872909593833
405872909617916
405872909635083
405872909662250
405872909686250
405872909703541
405872909730458
405872909748916
405872909776666
405872909795291
405872909822708
405872909840041
405872909867458
405872909886416
405872909911708
405872909929458
405872909954375
405872909972708
405872909998250
405872910023125
405872910040500
405872910066416
405872910084916
405872910114375
405872910133208
405872910159250
405872910186458
405872910207083
405872910232875
405872910258208
405872910277083
405872910303166
405872913020708
405872913036875
405872913072708
405872913095000
405872913126875
405872913148791
405872913179833
405872913219333
405872913243250
405872913273958
405872913296750
405872913330333
405872913353958
405872913385166
405872913414541
405872913437583
405872913468625
405872913492416
405872913523541
405872913547666
405872913579291
405872913603333
405872913638041
405872913661208
405872913702166
405872913725666
405872913757125
405872913780875
405872913812750
405872913836625
405872913868083
405872913890750
405872913922416
405872913945875
405872913977458
405872914008083
405872914031250
405872914063000
405872914092541
405872914115208
405872914146041
405872914175125
405872914198375
405872914230500
405872914254625
405872914286458
405872914318125
405872914340750
405872914372541
405872914395416
405872914427500
405872914451000
405872914483416
405872914504958
405872914538458
405872914561125
405872914593916
405872914627416
405872914666708
405872914686125
405872914722208
405872914751791
405872914775541
405872914809125
405872914838291
405872914867541
405872914889208
405872914920541
405872914950875
405872914975041
405872915006583
405872915029333
405872915060208
405872915083625
405872915115333
405872915137250
405872915169250
405872915193000
405872915224416
405872915255250
405872915277041
405872915309000
405872915338041
405872915359583
405872915392000
405872915415875
405872915447250
405872915470000
405872915501541
405872915524875
405872915558833
405872915588291
405872915609791
405872915641375
405872915664750
405872915696041
405872915725416
405872915748958
405872915780708
405872915804958
405872915836416
405872915870000
405872915898833
405872915928375
405872915949666
405872915980083
405872916003333
405872916035750
405872916065083
405872916088833
405872916120708
405872916143166
405872916177958
405872916201375
405872916233125
405872916256791
405872920586833
405872920636708
405873764374875
405873764493625
405873764514625
405873764530666
405875293377958
405875907073083
405877341057833
405878570382208
405878613751958
405878646438625
405878978805041
405879285825708
405880823181583
405880823299416
405880823319166
405880823334750
405880823351291
405880823366666
405880823408041
405880823441791
405880823486583
405880823527166
405880823567875
405880823614750
405880823657375
405880823690416
405880823735000
405880823776583
405880823817125
405880823856833
405880823897166
405880823936625
405880823976666
405880824010958
405880824060708
405880824101208
405880824141541
405880824181166
405880824221833
405880824260958
405880824301333
405880824341458
405880824381541
405880824421375
405880824461083
405880824509958
405880824550083
405880824589416
405880824630083
405880824670500
405880824706291
405880824749791
405880824791375
405880935697333
405880935812208
405881335774791
405881335884916
405881335904000
405882255995208
405882668064958
405884201564875
405884245632250
405884367030125
405884541590250
405885415019791
405885739159208
405885739273458
405886660094625
405887376031208
405887682899458
405889322576208
405891061979500
405891165221375
405891205965208
405891677156458
405892294173166
405893110067875
405894749481958
405894749598500
405894749619250
405894749634708
405894749652458
405894749668791
405894749685750
405894749733250
405894749765833
405894749806708
405894749838666
405894854339958
405895772245958
405895772344500
405895772363125
405895772379500
405895902992791
405895942447333
405896595682625
405896729266000
405896842381750
405896842492208
405897206764083
405897206879708
405897232855666
405898743210583
405899313566000
405899971262750
405899971387291
405900790180083
405901200320500
405902531619500
405902531735041
405902531755541
405902531774291
405902940443875
405903554983791
405903555097208
405903555117041
405903694017166
405903783065500
405904682042291
405904682160500
405904682181541
405904682196625
405904682212333
405904682228166
405904682267541
405905371335541
405905371458583
405905378639333
405905378676000
405905378716541
405905378750291
405905378794625
405905387148375
405906219838541
405906276925958
405906277022791
405906277047041
405906277063333
405906277077750
405906277091291
405906277105750
405906730754000
405907039380291
405907039494916
405907039514958
405907039529541
405907039545291
405907548856750
405907960379500
405907960508708
405907960530708
405907960548791
405907960567583
405907960582208
405907960629416
405907960664458
405907960709333
405907960744125
405907960789500
405907960830083
405907960864458
405907960909458
405907960954083
405907960995166
405907961028833
405907961073666
405907961108708
405907961154333
405907961194041
405907961234250
405907961274208
405907961314166
405907961353833
405907961399000
405907961438083
405907961490291
405907961530291
405907961570291
405907961610750
405907961657750
405908268704375
405908268820791
405908268840000
405908268854041
405908268869916
405908268885125
405908268928583
405908268964833
405908269009000
405908269049375
405908576227291
405908576333541
405908576352625
405908576367875
405908576384250
405908576415666
405908576458291
405908576492625
405908576538958
405908576573833
405908576628000
405908576664375
405908576709833
405908576745250
405908576789958
405908576830041
405908576869916
405908576912041
405908576951291
405908576997666
405908577038416
405908577079500
405908577125416
405908577167166
405908577208291
405908577243375
405908577288000
405908577336000
405908577369708
405908577414958
405908577455666
405908577502958
405908577542666
405908577588708
405908577628500
405908577668958
405908577696541
405908577744416
405908577784666
405908577813125
405908577860083
405908577900541
405908577940416
405908626845041
405908691974291
405908693281458
405909086270458
405909225057416
405909597450875
405909597571166
405909799194791
405909899232458
405909966276250
405910622223125
405911340257416
405911359827083
405912473226125
405912625114208
405913282763791
405915945380250
405916078005875
405916457993000
405916867025125
405916892501500
405917018783500
405917691163875
405919325231500
405919325334166
405919325347208
405919325357375
405919325364666
405919325371708
405919325379000
405919325385541
405919325392083
405919325414333
405919325431708
405919325465500
405920145168291
405920145291916
405920145313250
405920145328458
405920145344458
405920145372875
405920145417500
405920145452083
405920145497958
405920145539583
405920145574375
405920145620041
405920145667166
405920145708208
405920145741916
405920145787750
405920145821333
405920145866666
405920145906250
405920145946250
405920145973166
405920146033208
405920146045708
405920146098625
405920146138500
405920146177458
405920146217250
405920146256458
405920146295541
405920146334416
405920146376791
405920146415208
405920146462583
405920146501791
405920146554166
405920146593000
405920146636916
405920146674750
405920146713625
405920146753000
405920146792458
405920146831791
405920146872166
405920146911583
405920146962916
405920147015500
405920147055333
405920147095833
405920147136166
405920147174875
405920147215916
405920147254583
405920147299125
405920147338083
405920147378125
405920147416166
405920147462500
405920147502291
405920147541833
405920147581208
405920147620750
405920147659500
405920147700625
405920147739166
405920147789625
405920147828791
405920147888250
405920147927750
405920147966583
405920148005583
405920148046000
405920148085041
405920148124875
405920148164500
405920148205708
405920148245041
405920148286916
405920148329708
405920148371250
405920148409625
405920148456708
405920148495333
405920148540250
405920148587333
405920148627666
405920148668916
405920148719333
405920148758041
405920148782333
405920148806708
405920148830208
405920148867208
405920148890083
405920148914375
405920148938666
405920148962875
405920148995708
405920149018541
405920149042458
405920149061916
405920149088958
405920149112083
405920149134375
405920149161666
405920149185583
405920149208458
405920149232208
405920149254958
405920149285208
405920149308125
405920149331916
405920149354791
405920149381333
405920149406541
405920149431541
405920149591333
405920149612250
405920149631333
405920149656500
405920149681000
405920149703958
405920149726916
405920149750833
405920149773291
405920149796500
405920149820333
405920149847375
405920149870791
405920149893250
405920149917416
405920149940291
405920149964375
405920149987458
405920150011166
405920150031083
405920150058375
405920150080875
405920150106708
405920150130000
405920150153458
405920150176541
405920150199333
405920150229416
405920150239583
405920150270500
405920150293333
405920150326125
405920150348916
405920150371416
405920150387541
405920150415500
405920150438500
405920150462250
405920150485250
405920150509250
405920150531791
405920150556291
405920150581000
405920150605291
405920150628250
405920150652125
405920150676375
405920150697291
405920150716666
405920150736958
405920150756500
405920150777166
405920150796791
405920150819208
405920150839083
405920150859750
405920150879583
405920150897166
405920150913875
405920150938708
405920150959125
405920150986958
405920151008458
405920151028500
405920151052541
405920151072125
405920151092208
405920151111416
405920151132375
405920151151750
405920151172041
405920151191875
405920151219541
405920151239208
405920151259666
405920151281416
405920151301541
405920151321083
405920151342333
405920151361875
405920151391416
405920151409041
405920151431125
405920151451041
405920151472250
405920151491708
405920151514875
405920151534333
405920151554875
405920151574500
405920151591958
405920151614958
405920151642333
405920151661625
405920151680000
405920151702333
405920151722458
405920151744083
405920151764708
405920151784291
405920151805375
405920151825166
405920151845125
405920151864708
405920151884958
405920151904416
405920151924958
405920151951125
405920151980208
405920152006500
405920152027375
405920152049208
405920152063166
405920152087375
405920152106916
405920152127416
405920152146750
405920152167708
405920152187083
405920152211541
405920152240166
405920152260291
405920152280083
405920152301083
405920152320375
405920152340125
405920152356625
405920152380125
405920152399750
405920152419916
405920152493708
405920152517750
405920152536958
405920152556958
405920152577375
405920152597583
405920152617250
405920152637666
405920152657500
405920152678083
405920152697791
405920152718041
405920152739958
405920152759166
405920152778500
405920152798250
405920152818125
405920152837750
405920152857833
405920152877458
405920152896750
405920152916416
405920152936166
405920152957791
405920152977750
405920155221750
405920155237708
405920155261291
405920155281833
405920155302583
405920155322625
405920155342916
405920155362958
405920155382875
405920155403041
405920155419916
405920155446083
405920155466000
405920155486083
405920155506333
405920155526000
405920155546250
405920155566125
405920155585666
405920155605500
405920155625583
405920155645541
405920155668250
405920155688291
405920155708458
405920155728291
405920155748291
405920155768541
405920155788500
405920155809625
405920155829166
405920155849250
405920155886208
405920155906208
405920155926041
405920155946208
405920155962916
405920155986583
405920156006916
405920156021708
405920156044958
405920156064333
405920156084625
405920156106791
405920156127125
405920156147250
405920156166708
405920156185041
405920156201875
405920156224750
405920156245666
405920156265666
405920156285291
405920156305583
405920156327666
405920156347500
405920156367041
405920156387000
405920156406708
405920156426833
405920156447000
405920156466916
405920156486458
405920156506291
405920156525875
405920156548125
405920156567625
405920156587125
405920156607666
405920156626916
405920156646666
405920156666875
405920156683166
405920156706958
405920156723458
405920156746708
405920156769208
405920156788875
405920156808750
405920156829000
405920156848291
405920156874041
405920156894125
405920156917416
405920156937291
405920156956958
405920156977041
405920156999666
405920157019291
405920157039416
405920157059333
405920157079583
405920184404291
405920188299708
405920195140166
405920206571166
405920206605458
405920206651750
405920206691708
405920206731750
405920206772541
405920206812208
405920206852541
405920206892458
405920206932916
405920206973208
405920207018416
405920207059000
405920207098541
405920207139125
405920207178875
405920207218875
405920207258208
405920207299416
405920207338541
405920207379458
405920207418791
405920207463166
405920207503000
405920207548250
405920207587166
405920207639041
405920207678875
405920207724750
405920207763500
405920207804041
405920207843791
405920207890083
405920207936625
405920207973875
405920208017291
405920208054250
405920208094125
405920208135166
405920208175166
405920208221875
405920520324291
405920520417916
405920520434375
405920520447416
405920520472125
405920520514458
405920520550000
405920520595916
405920520636458
405920520676291
405920520717291
405920520768208
405920520809583
405920520854083
405920520893666
405920520927333
405920520980833
405920521012208
405920536824916
405921062483583
405921062582958
405921062600166
405921062614416
405921062628375
405921062672250
405921062711500
405921062750458
405921062790208
405921062828500
405921062868625
405921062920833
405921242032208
405921242116916
405921334275375
405921334366791
405921334382375
405921890315458
405921890416458
405922194202375
405922194291125
405922194305750
405922194318916
405922194373208
405922194405458
405922398393666
405922504930458
405922505296750
405922505342583
405922505382583
405922505413625
405922540668875
405922604551750
405922604600250
405922604614166
405922604663625
405922604704375
405922604744500
405922604784041
405922604824583
405922604863916
405922604904083
405922604943833
405922604991958
405922605032291
405922605072083
405922605111708
405922605151875
405922605191541
405922605238291
405922605278166
405922605319833
405922605359041
405922605399625
405922605442875
405922605483541
405922605523208
405922605562875
405922605602208
405922605642750
405922605682166
405922605729583
405922605782333
405922605822583
405922605861708
405922605906625
405922605946583
405922605987000
405922606026166
405922606066541
405922606105750
405922606146500
405922606200250
405922606230833
405922606271333
405922606309500
405922606355083
405922606394833
405922606429916
405922606471708
405922606515416
405922606554958
405922606598541
405922606637375
405922606685125
405922606723458
405922606762708
405922606806125
405922606854000
405922606893375
405922606940083
405922606979083
405922607031041
405922607070500
405922607117458
405922607156666
405922607203791
405922607242916
405922607285708
405922607325583
405922607366666
405922607406166
405922607453375
405922607492083
405922607538125
405922607577000
405922607623333
405922607662083
405922607709250
405922607752916
405922607799291
405922607838291
405922607877541
405922607916333
405922607968000
405922608006291
405922608057916
405922608096291
405922608148708
405922608186833
405922608240458
405922608290125
405922608324958
405922608340458
405922608356458
405922608371541
405922608387916
405923281226375
405923674182208
405923820128916
405924547994000
405924548090166
405924548106250
405924605122125
405925577828166
405925577923333
405925577939166
405925577950708
405925577962833
405925578010666
405925578046708
405925578089416
405925578143708
405925578183250
405925578225000
405925578270291
405925578310625
405925578350125
405925578390708
405925578431166
405925578469375
405925578508333
405925578548625
405925578588125
405925578622041
405925589605500
405925589638458
405925589682375
405925744945625
405925851038291
405926401933208
405926604007208
405926904475416
405926904576750
405928234009250
405928774109583
405929770274541
405929770365666
405930179610875
405931100567625
405931100665708
405931821279875
405934993956833
405935299369916
405935402819541
405937757128583
405937757223583
405939191512666
405940419579291
405940727848375
405940727937291
405940727952416
405940727969708
405940728018375
405940728051916
405940728097083
405940728137458
405940728176541
405940728216333
405940728255791
405940728295666
405940728341833
405940728383583
405941033910333
405941034011375
405941231445250
405941231545375
405941409319333
405942364894166
405943901535291
405945052309000
405945052432666
405945052453208
405946051512500
405946073762708
405946874337625
405947341339625
405947972352708
405948168391583
405948649254583
405948649369166
405948860902166
405949636201083
405950204002333
405950204111333
405950204130125
405950204146041
405950204160125
405950204176458
405950204216875
405950204250166
405950204291750
405950204325625
405950204367333
405950204415333
405950204447208
405950204489875
405950204521875
405950204564458
405950204607791
405950204644666
405950204664166
405950204701458
405950204742750
405950204774750
405950204823958
405950204851291
405950204896125
405950204928916
405950204971375
405950205003958
405950205041416
405950205086750
405950205118291
405950205162291
405950205193666
405950205251041
405950205282916
405950205328291
405950205359833
405950205403625
405950205433375
405950205476166
405950205508000
405950205558791
405950205590708
405950205635541
405950205678375
405950205717333
405950205746500
405950205798083
405950205827541
405950205872250
405950205904291
405950205955125
405950205987333
405950206032541
405950206064125
405950206121291
405950206144708
405950206193625
405950206224041
405950206267250
405950206306291
405950206335541
405950206388083
405950206420333
405950206465791
405950206496041
405950206538250
405950206557083
405950206583666
405950206612416
405950206624666
405950206648333
405950206667875
405950206692291
405950206715500
405950206733541
405950206758958
405950206782750
405950206801458
405950206826875
405950206845875
405950206870875
405950206900166
405950206918250
405950206940375
405950206966500
405950206984916
405950207010291
405950207034875
405950207053458
405950207079083
405950207096958
405950207124000
405950207142083
405950207167875
405950207188833
405950207209750
405950207240416
405950207258625
405950207287166
405950207306166
405950207331333
405950207349541
405950207368208
405950207395833
405950207414083
405950207451458
405950207470000
405950207503541
405950207521708
405950207556916
405950207574625
405950207600958
405950207619333
405950207646458
405950207672041
405950207707208
405950207841250
405950207866125
405950207884833
405950207910833
405950207928000
405950207955125
405950207972125
405950207995791
405950208019791
405950208037875
405950208062833
405950208088375
405950208106791
405950208137916
405950208156458
405950208182125
405950208200375
405950208227416
405950208243416
405950208268333
405950208296791
405950208315125
405950208351333
405950208369833
405950208397083
405950208415166
405950208437083
405950208465333
405950208476625
405950208499583
405950208515375
405950208538500
405950208567416
405950208590958
405950208606541
405950208628500
405950208642833
405950208668083
405950208683750
405950208708833
405950208729083
405950208743416
405950208765458
405950208781250
405950208805333
405950208832916
405950208847250
405950208870500
405950208884750
405950208907416
405950208923166
405950208951916
405950208966375
405950208989916
405950209005500
405950209028625
405950209043833
405950209074250
405950209087458
405950209109833
405950209137291
405950209152583
405950209180041
405950209199916
405950209218750
405950209233333
405950209257083
405950209271583
405950209293625
405950209308000
405950209331250
405950209346833
405950209369958
405950209390208
405950209416791
405950209437166
405950209457583
405950209471791
405950209495291
405950209520750
405950209540958
405950209561750
405950209577000
405950209598333
405950209617000
405950209638708
405950209659375
405950209673708
405950209696250
405950209711583
405950209741875
405950209757500
405950209781041
405950209796500
405950209826875
405950209847125
405950209867583
405950209881833
405950209905250
405950209919583
405950209943041
405950209964958
405950209980458
405950210002000
405950210024166
405950224536958
405950968242833
405950968356958
405950968377375
405951004089291
405951070767041
405951070841458
405951070863583
405951070880000
405951070895166
405951070941541
405951070973958
405951071015708
405951071046916
405951071090791
405951071123416
405951071176291
405951071209166
405951071252125
405951071283916
405951071326166
405951071358833
405951071404333
405951071435791
405951071477916
405951071510333
405951071552958
405951071596958
405951071636208
405951071682041
405951071715916
405951071760500
405951071792916
405951071836916
405951071876125
405951071914916
405951071953916
405951071993208
405951072033791
405951072077958
405951072103958
405951072154708
405951072193625
405951072212208
405951072256458
405951072295500
405951072328083
405951072372125
405951072411541
405951072453000
405951072487875
405951072529166
405951072561041
405951072605166
405951072643958
405951072682625
405951072721375
405951072754166
405951072796916
405951072836000
405951072878208
405951072917125
405951072957458
405951072988791
405951073038541
405951073065041
405951073109041
405951073151541
405951073190375
405951073229666
405951073268416
405951073318125
405951073356958
405951073400625
405951073439625
405951073478375
405951378149916
405951378251625
405951378269916
405951378284791
405952195544541
405953014715791
405953014846125
405954140598000
405954859562875
405955986665750
405955986789583
405955986809458
405956905958083
405956906079541
405956906099916
405957069014708
405957463753458
405958135373208
405958135497750
405959056416125
405959056541125
405959056561291
405959056576583
405959056593750
405959056607375
405959056622916
405959056663583
405961308824125
405962190101041
405962539007333
405962868571750
405962893917458
405962955216708
405966157466791
405966736713125
405967042716416
405968477969833
405968587563041
405969808658291
405969808775166
405969808797833
405970118477041
405970118587916
405970118598750
405970118605291
405970118611500
405970118622750
405970118629833
405970118636375
405970118642458
405970118648041
405970118653000
405970118657666
405970118662625
405970118667916
405970118672791
405970118677958
405970118694250
405970118712375
405970118726125
405970118743750
405970118757166
405970118774416
405970118792458
405970118804208
405970120802083
405970120831083
405970120839750
405970120846875
405970120866583
405970120877291
405970120897666
405970120910916
405970120929583
405970120943000
405970120961750
405970120977666
405970120997208
405970121011958
405970121030750
405970121043375
405970121063000
405970121076583
405970121096166
405970121108708
405970121128208
405970121140791
405970121162375
405970121175000
405970121194750
405970121208583
405970121227958
405970121240666
405970121259458
405970121274333
405970121292375
405970121306041
405970121322666
405970121341333
405970121357291
405970121378750
405970121388458
405970121410791
405970121426083
405970121445500
405970121464916
405970121483791
405970121492625
405970121512125
405970121527750
405970121551625
405970121564625
405970121584666
405970121597375
405970121617083
405970121629833
405970121648750
405970121662291
405970121682208
405970121694958
405970121714583
405970121733000
405970121745541
405970121765208
405970121777750
405970121797000
405970121810583
405970121829916
405970121843041
405970121862375
405970121876208
405970121895541
405970121914625
405970121927083
405970121950583
405970121970625
405970121989708
405970122002375
405970122024875
405970122037333
405970122059375
405970122071791
405970122094583
405970122107916
405970122127166
405970122141416
405970122162166
405970122174791
405970122194500
405970122206875
405970122226458
405970122238875
405970122258875
405970122278791
405970122291208
405970122310791
405970122329125
405970122342333
405970122361916
405970122375750
405970122394416
405970122407791
405970122426791
405970122439291
405970122460500
405970122473083
405970122492833
405970122505333
405970122525750
405970122538208
405970122558000
405970122570333
405970122590041
405970122602625
405970122622166
405970122640541
405970122652958
405970122672125
405970122685958
405970122705208
405970122718958
405970122738375
405970122751791
405970122836208
405970122848000
405970122869208
405970122882208
405970122901000
405970122913750
405970122932791
405970122945375
405970122964750
405970122977291
405970122996458
405970123014500
405970123032458
405970123045125
405970123065166
405970123077750
405970123097000
405970123109458
405970123128916
405970123141333
405970123161333
405970123173791
405970123195125
405970123207583
405970123226875
405970123239375
405970123259041
405970123271500
405970123290708
405970123303041
405970123322916
405970123335458
405970123355000
405970123373208
405970123385750
405970123405375
405970123418791
405970123438083
405970123451166
405970123472583
405970123487416
405970123506125
405970123580083
405970123622750
405970123633833
405970123649000
405970123674458
405970123688375
405970123710375
405970123721000
405970123745916
405970123760458
405970123783416
405970123795833
405970123820791
405970123844500
405970123859000
405970123881291
405970123895250
405970123918083
405970123933666
405970123956041
405970123969958
405970123993166
405970124008250
405970124031375
405970124052916
405970124068125
405970124090541
405970124106416
405970124129125
405970124144708
405970124178166
405970124193625
405970124216583
405970124233750
405970124255750
405970124268750
405970124292166
405970124307541
405970124330458
405970124345500
405970124368583
405970124389708
405970124404416
405970124426875
405970124441916
405970124464708
405970124490541
405970124505500
405970124529208
405970124544250
405970124566875
405970124582125
405970139055125
405970139124041
405970139132083
405970139138875
405970139146000
405970139152791
405970139159541
405970139164625
405970139170416
405970139175916
405970139186791
405970139206958
405970139217875
405970139236250
405970139247583
405970139266625
405970139278916
405970139296791
405970139315083
405970139331041
405970139338958
405970139357708
405970139375750
405970139383875
405970139401333
405970139412958
405970139429916
405970139441916
405970139458666
405970139470333
405970139487208
405970139499750
405970139516458
405970139533166
405970139544500
405970139561166
405970139572250
405970139589666
405970139601125
405970139617916
405970139629250
405970139646500
405970139657916
405970139674791
405970139691666
405970139702833
405970139719791
405970139731041
405970139747500
405970139759666
405970139777416
405970139788625
405970139805750
405970139816833
405970139834500
405970139851208
405970139862166
405970139879541
405970139890958
405970139908458
405970139919541
405970139936875
405970139948375
405970139965041
405970139976458
405970139993083
405970140009916
405970140021041
405970140039416
405970140047500
405970140069166
405970140082166
405970140101375
405970140114333
405970140132958
405970140145708
405970140164958
405970140183458
405970140196000
405970140215625
405970140228250
405970140247250
405970140260125
405970140279625
405970140293333
405970140313833
405970140328458
405970140348166
405970140366375
405970140379041
405970140399333
405970140411958
405970140431875
405970140445458
405970140465000
405970140477541
405970140497291
405970140510166
405970140529250
405970140547125
405970140561000
405970140580458
405970140593916
405970140613625
405970140626875
405970140645750
405970140659125
405970140678583
405970140691250
405970140711125
405970140731500
405970140744125
405970140763875
405970140776250
405970140796083
405970140808708
405970140828333
405970140929583
405970140945500
405970140964916
405970140979208
405970140998333
405970141016541
405970141025125
405970141046041
405970141059041
405970141077666
405970141090416
405970141111750
405970141124583
405970141144458
405970141157458
405970141177083
405970141189625
405970141209333
405970141221958
405970141238750
405970141254666
405970141270583
405970141293333
405970141310750
405970141324416
405970141343291
405970141357166
405970141377166
405970141389541
405970141409458
405970141422000
405970141441791
405970141454166
405970141473666
405970141493250
405970141507041
405970141526625
405970141539291
405970141558833
405970141571125
405970141590666
405970141604333
405971652806833
405971652892666
405971991112083
405972507537875
405972507651000
405974050579500
405974723522125
405974748765000
405974748864333
405975142299291
405975648788541
405976156833291
405976566496125
405976976495208
405976976614125
405977283457791
405977340981666
405978313208291
405978313348000
405978313377125
405978313392875
405978313407500
405978313424166
405978313437916
405978313452416
405978313493041
405978313531833
405978313557416
405978313622041
405978313656333
405978313697666
405978313730833
405978313774250
405978313837583
405978717079625
405979126875000
405979127005125
405979127024541
405979127039375
405979639836833
405979653848041
405979654201833
405980253331416
405980253404291
405980971756041
405980971862458
405982813966791
