105417
53292
54916
100458
86000
62584
39917
18542
33458
45917
46334
55375
105167
136167
54625
101000
86708
57959
28042
12500
23209
46208
27000
27250
57166
52750
57166
56791
35625
55250
30708
58209
43208
54083
44708
53250
55458
50708
91084
74583
53625
36000
18542
17250
22125
16083
22209
29291
20208
28750
28833
15083
23875
20250
21667
23791
29750
25500
9000
23125
16709
21541
22208
23000
22833
15125
21458
16625
21250
16458
21708
27500
16875
22792
16833
22125
22875
16500
21334
16750
21417
21791
22875
23041
21792
23000
16667
21417
21166
16583
21209
35417
24541
21500
15625
22250
25000
16541
34125
17375
22167
18584
21917
16375
18250
22209
16625
22625
22458
16583
21500
23167
22458
14709
21291
16667
21250
16500
21500
22833
17583
21292
21125
22792
23792
15959
22500
14750
9458
13042
9500
13041
9458
13083
9625
52958
89792
76500
55334
32166
13292
22875
25667
24417
8750
20375
11334
22417
15333
21708
16792
21333
16667
21709
15083
21291
22334
21667
23208
16541
21333
22084
16542
21542
14750
21375
22500
16208
21500
22625
22833
22291
16625
21500
21208
16291
21292
16042
21625
14792
21208
22625
22958
16541
21250
22250
16208
21041
21666
21917
16458
21542
22625
22750
16583
23000
15291
15584
9500
13125
9542
12959
9584
13417
14125
8458
12958
9500
12958
13084
9625
12875
9334
12917
13000
13083
9417
13417
9708
13042
8458
21875
10000
13208
9458
13042
13875
9334
12875
9208
12959
9417
14375
13125
17208
6417
13500
9875
13000
14125
8625
13000
8375
12834
9209
13042
9500
13042
14250
14167
8667
12875
9583
13167
8459
12958
13292
13375
9375
13000
14083
8500
12917
13291
9417
13042
9542
13208
9750
13000
9292
13041
9542
12792
14084
10000
12917
13916
14334
12958
7959
11208
8042
11208
8292
11667
8333
11458
8250
12500
11542
11667
8250
11125
7916
11166
8125
11292
11458
36042
25916
17500
22000
16542
26958
17125
53125
108792
98000
76917
56167
36625
17250
22917
19000
21833
15917
22292
16750
21708
15167
50084
91792
77625
57541
37459
19458
53541
109625
96459
76916
67875
55917
58750
105625
90375
65834
52708
60459
100167
80500
54500
39375
24292
10000
16625
12208
16292
12125
16333
11167
54042
54125
46417
41709
105375
97791
86125
74916
64208
45500
33666
20208
8083
58375
55666
55500
53750
54000
111750
97792
76292
56916
36333
15792
23542
17708
16542
22084
21917
15083
21500
20958
21500
16791
24584
16917
21541
23208
16791
21750
16625
21250
16750
21375
17334
21708
22625
21000
16042
35709
28542
13041
21541
16542
21375
21375
16375
22500
17917
23209
15417
21792
23208
16417
21209
22167
16875
21417
16542
21416
16291
21541
21375
21833
15625
21334
16791
21292
16250
21667
16541
22167
22334
21500
16500
23166
14750
14959
9584
12875
9458
13084
14084
13125
13209
13167
9542
13000
9333
13042
9625
13125
9459
13084
9584
52916
53583
97291
52583
47417
59917
49875
41875
55541
46958
52792
39209
49291
53750
41667
50041
89834
83250
70833
54542
36917
20167
8125
18375
18625
6416
52208
38291
50000
42500
45625
46708
52584
30417
47000
80208
63583
51500
37625
44833
54125
38166
52834
34375
55292
53750
53208
52916
36458
51958
48917
52750
85542
34666
52417
55792
46417
62292
39625
57375
37792
54125
52375
53875
36458
54459
45084
38042
52791
34917
14792
22541
18541
22625
19083
21625
15000
21625
21916
58000
93792
53000
50875
72208
53792
32375
10875
23666
19042
23167
24916
18334
23625
60958
38709
39416
49709
63709
55792
49959
54042
53584
52833
52125
54875
51709
54666
96334
79375
57458
35541
13959
46292
44042
46292
55208
49834
40417
48417
53958
58584
49334
44167
51625
28083
45000
53375
55708
45791
58583
42083
49375
30042
13625
23917
16958
23417
28833
27167
18584
23375
18334
23292
24125
48500
59833
85792
55625
85916
51333
39958
44209
26208
18542
28166
19916
23417
23917
24042
24584
23958
23875
18458
17625
24500
26875
18958
23708
18333
30792
24333
16583
22584
22958
24042
23625
23083
23250
23500
23250
23084
23542
23250
23083
23000
23833
19125
17541
24333
18042
23333
23458
19666
23375
15250
19208
14208
14875
10542
14000
15167
7000
14083
15125
10792
14042
14875
14125
15209
15458
14875
10667
13959
14958
10792
14125
15042
15125
14125
14791
10500
14000
14916
15416
15291
10583
14208
13125
14792
18125
18333
8333
15417
9709
14125
14208
14084
14125
14000
14167
15250
13917
13750
13875
14042
13916
13750
13792
13916
13875
13959
19000
19875
16125
14708
18209
19667
17875
11333
10500
6792
9500
10292
14750
6041
10625
12042
12416
7292
10750
11000
11833
12958
34167
24041
24084
23417
22958
22875
23291
22750
22666
22875
22792
22958
24750
19083
23042
22916
23125
22583
23791
23500
23042
23458
23208
23000
23000
22833
23000
22834
23167
22917
23416
23333
23042
22958
22750
22583
22875
22959
23000
23041
22667
18167
19458
23083
22792
22916
22791
23000
32125
19125
23791
23209
23333
23125
23208
23333
18500
29166
22458
23750
23250
26375
23708
23167
23208
22916
26583
25250
23750
23083
22875
22833
23292
22875
22958
23000
17625
22000
24375
24208
23542
23292
23125
23792
22958
23166
23000
22875
22708
22958
22917
22958
27625
54125
73750
52500
27375
18709
23750
23291
22958
23250
23125
23042
23250
23042
22833
23333
23125
22750
23250
22666
23125
22791
22833
23084
22792
22958
23250
22583
23208
23084
22833
32000
18833
23375
23333
22834
23291
23000
23167
23084
21292
17625
23541
23041
23208
23042
22666
22958
23333
22708
23042
22959
22791
23125
22916
22958
23250
23041
22958
22625
22916
22959
22750
23083
23042
22833
23042
22833
22750
22875
22750
32500
13750
23917
22958
23167
22833
22666
23000
22958
24375
22792
22625
23083
23042
22834
23083
22709
22792
23208
24250
24750
13916
13917
14042
13833
13959
14083
14000
14125
13834
15041
14000
14125
13709
14000
14042
13959
14000
14000
14166
13958
13750
13709
13875
14042
13833
13833
31583
50875
55542
35167
14209
23916
24792
23709
23333
23458
22875
18042
25250
11333
23167
22875
24000
23542
22667
22875
23208
23208
23208
23041
23042
23208
22625
22917
22625
22792
22500
22958
22667
22834
22875
22959
23125
22833
22917
22875
23000
22834
25792
22750
22750
22750
22875
22625
22708
23000
23625
13834
13834
13958
9125
14042
15750
15959
15000
14792
13916
13792
13875
13958
14000
13791
14000
13916
13791
13792
14167
13625
13833
14000
13792
14000
13916
13625
13834
13667
13792
13750
13834
13792
13792
13834
13875
14042
13875
13959
13917
13875
13667
13959
13833
13917
13750
14042
13875
13792
13791
13833
13750
13792
14000
13792
13791
13833
14000
13792
14042
13792
14000
13833
13917
13625
13958
13791
13834
14083
13833
13917
13833
13667
13708
13750
13666
14083
14000
14417
15083
14083
15375
12458
18333
15458
12125
12292
12000
12125
12000
12042
12375
12000
12125
12167
11958
12042
12084
12042
11916
12208
12125
12125
12167
12125
12167
12042
12084
12167
12458
12167
12083
12000
44584
42666
33333
42250
52250
55416
53916
52416
51583
57209
57791
70667
31083
27125
26750
28708
37000
31208
11084
23708
17875
23542
18834
23250
17291
23084
23458
23375
23083
22417
23125
39958
24417
25167
23667
23167
23333
23250
23208
22750
22500
23334
23125
23250
22917
23042
23125
22709
22750
22959
22958
22625
22792
22959
22875
22708
22917
22958
22583
22750
22875
22916
23084
22917
22667
23209
22792
22667
31000
15875
23000
22792
22416
22541
32000
16791
23833
23375
22875
22792
22833
22750
23125
22958
22708
22583
23000
23084
22833
22792
22791
22833
22500
23208
22584
22917
22709
23875
23709
22583
22625
23042
22875
22583
22833
22625
22667
22667
22833
23000
23666
28959
24209
18167
22750
22375
24125
23333
23875
19083
25333
32542
26000
25292
26209
25125
23958
23375
18125
23042
23292
17625
25125
25125
23417
18375
18416
22958
22917
23125
23041
22958
22958
23208
23292
23250
24917
26959
37667
19333
23750
23667
23000
22959
23166
25167
21542
26333
24833
23833
18042
24292
20666
14167
14125
14083
14000
13875
13958
13958
14000
13916
13959
13792
13875
13917
13917
17875
18292
14333
14125
14041
13875
13917
14041
13750
13917
14041
14042
14292
19375
17709
17375
16958
17125
17167
17125
17208
17208
17125
17000
17500
17250
17125
17208
17167
16916
17208
17291
26625
18583
23417
22833
22833
22792
22791
22583
23125
23333
22792
29834
25583
23459
23083
18541
19917
22875
22708
22916
22834
22833
22917
23292
23125
23250
23083
22833
22333
22833
22875
22833
22834
23000
22625
23083
22791
22666
27625
25041
55333
72417
52291
29042
16792
27917
19083
25083
23875
23750
23250
23166
23459
24375
23000
23333
22666
22833
23042
52208
82250
60750
68625
45875
23583
17334
23208
23417
23583
20375
21667
13083
20542
29250
23292
24916
23958
18083
26500
20209
23709
23375
22917
23042
23375
23083
23250
23000
22917
23208
23459
23250
23166
23041
23083
22916
22917
23083
22833
22875
22834
23083
23000
23125
22958
22292
22958
22792
22792
23125
25334
26250
24791
23041
23292
22959
22750
22750
22875
23333
26583
23584
24584
14000
18250
19458
12875
14167
13917
14125
13958
14000
14000
14083
13959
13792
15542
10541
14041
14083
13917
13917
14042
14208
14292
13958
13750
13792
13792
13959
13709
13875
13875
13875
13959
14250
15958
13875
13875
13958
13917
14000
14042
13958
13916
13833
13833
13750
13834
13875
13875
13791
13875
13958
18959
7833
13875
14041
13834
14041
13875
13916
13875
13834
13833
13958
13791
13917
13916
14083
13834
14042
14042
14292
14083
13834
14083
14125
13792
13834
13834
13916
14083
16333
13834
14083
12666
12083
12167
12292
12250
12291
12250
12167
12250
12250
12000
12125
12083
12125
12291
12166
9208
9042
12667
14834
9709
12500
12541
13458
14209
9792
12625
12250
13291
13250
12916
12375
12042
12166
12209
12209
12167
12458
12167
12125
12208
12209
12250
12208
12292
12250
12250
12000
12208
12292
12125
12041
12375
12292
12208
11041
12541
12334
12167
12083
12292
13167
12125
12292
12167
12292
12250
12208
12208
12375
12208
12250
12208
12375
12209
12292
12167
12125
12250
12209
12083
12333
12084
12000
12125
12208
12166
12250
12208
12292
12166
13208
13334
12292
12167
12291
12083
12291
12042
12250
12167
12250
12250
12375
12208
12125
12000
12042
12125
12250
12250
12208
12167
13375
12375
12250
12167
12292
12083
12000
12083
12125
12250
12084
12125
12250
12083
11958
12084
12208
12208
12084
12250
12250
12334
12458
12250
9417
12833
12334
12167
12167
12208
12042
12083
12208
12542
12125
11916
12125
12375
12084
53458
49167
55625
58625
46500
53542
50917
55917
21333
64250
43750
47084
68000
51292
53458
81708
63084
42250
22750
54917
79334
46958
70459
52708
56708
49125
40667
55125
31000
26542
19917
23292
17750
23167
17416
23417
22041
25667
18125
23958
22208
25875
16667
23042
23750
23500
24583
16542
23125
17875
23208
27333
10958
52667
56125
34416
41583
42291
43583
58083
87917
72250
50250
29584
13541
24250
17833
23292
24709
18500
23292
17458
22875
24250
23666
24167
23125
23125
23334
32417
18417
19042
24209
17625
23583
23542
24083
23750
18209
19417
23917
24125
24792
23334
21708
16959
23750
24584
22958
23458
23333
23042
23125
28833
20375
25208
18166
23291
23625
23583
23125
23417
22916
23417
23750
23958
23875
23459
23375
23250
25333
10958
22833
22875
23625
23375
22750
23167
22833
23458
22917
23167
23292
24208
23000
23041
31875
27667
25708
18083
23500
17958
23250
24292
23584
17917
17333
26875
11333
23958
18000
22750
24458
23750
23709
23125
23500
23583
23041
23000
23166
22792
23417
26958
21875
23833
24292
23292
23500
22917
35791
24791
28209
19583
23250
23250
23042
22667
23292
22916
23208
23083
23625
23667
23750
23458
24250
22875
23125
22625
27833
24333
18125
22958
23292
22708
23125
22875
22959
23875
23000
23250
22958
22958
22958
23583
23000
22667
23042
23500
25666
12875
20458
21166
23334
24375
23583
23625
23375
23584
22750
22833
22667
23250
27834
30333
14708
23500
18416
23416
24208
24291
23416
23834
24209
18208
23708
23000
23542
23125
23583
24000
23875
24084
23375
23584
23541
23209
23375
23334
23917
24125
24333
24000
23916
23625
23541
23625
23875
23458
25208
18166
23167
23958
23250
25417
27125
18125
22958
23292
23167
23041
23459
23292
23333
23000
23542
23375
23209
23083
23209
23875
23250
23500
23125
23083
23250
23416
23334
22667
23250
22792
23125
22500
22833
22750
22958
23250
23250
23291
22875
23042
23166
23000
23917
24084
23333
23125
24084
23958
24042
14334
14084
11084
11042
17583
7292
15042
15542
18334
9375
17542
15167
15250
16833
15208
16083
10833
14167
14208
10542
14000
15083
15125
28000
19750
23750
24542
23834
23583
16292
23000
23500
23208
58041
88583
41583
54958
35667
45208
30125
45292
33666
44916
56333
45875
56125
38708
16625
23958
18709
23500
24500
24750
24709
24500
23500
18417
24875
16666
23042
23916
24625
18000
22792
23584
23500
28833
30500
21917
31584
20417
18750
23833
19125
23250
18334
23000
61167
40333
17625
23583
27416
19000
23459
31125
25708
17458
24750
23625
25042
22917
23167
23709
22875
23125
22959
22875
23083
23250
22791
23916
17458
23375
23500
23167
23000
23250
22833
22708
23042
29208
20542
23334
22792
23625
22917
23041
22791
22875
22959
22792
22917
22833
22833
22750
23333
22750
22625
23292
22791
22917
22750
22834
22791
23000
23000
23333
23041
18334
23000
22708
23166
22750
22500
22792
22833
22834
23125
22708
22833
23166
22250
14292
14166
14041
13958
13958
13917
14083
13959
13958
13875
13750
13916
13959
13917
14000
13417
14208
13959
14041
13834
13917
14000
13917
14416
15083
13791
14084
13792
13958
14375
13916
14042
16542
13833
14000
13792
13875
14125
21083
25458
23417
23125
22666
22792
22792
22917
23000
30542
26208
18750
28375
9833
23250
18875
23208
22916
22958
23042
22750
23250
22958
24166
22666
22875
23000
23083
22375
22875
23041
22917
24625
22625
23166
23291
23042
22584
22583
22917
22500
22667
22667
22625
22792
22708
23042
28750
17750
23750
24417
18500
23125
23416
22875
17750
23917
25750
23375
24417
24750
21167
25333
18333
23000
28667
24417
23375
23375
23125
23250
20292
23000
23084
23042
23042
23125
23292
22958
23292
26875
17667
22959
23209
23000
23000
22875
26542
18958
23750
23583
24833
21667
22834
23625
22875
22792
22875
22584
17750
24125
22958
23208
22750
22667
23000
22916
23000
28833
18417
23208
18458
22959
23292
23042
23125
22792
22875
22958
22958
22708
22875
22291
22584
23167
23041
22875
22917
22584
23042
22500
22416
22834
23125
22750
22875
23041
22958
27500
20000
23250
22958
23083
22958
22584
23250
23083
22459
22916
18375
15583
13916
13875
13834
13875
14042
14000
14042
14125
14000
13959
13875
13958
13709
14042
13750
13916
13834
13917
14083
14000
13875
14000
13792
13875
13833
13625
13916
13958
13750
13959
13917
13750
13750
13708
13875
14875
13916
13791
13917
13792
14000
13917
14666
13917
14042
36584
23834
25334
14542
15083
9167
13625
14250
7666
13542
9208
12375
12458
13292
9125
12625
13417
8625
12625
12458
29000
13250
13708
11167
11041
11542
11583
11000
10917
11000
10959
10958
11083
11000
10958
10792
11083
10917
10958
10833
11125
10875
10833
11000
11458
11000
11000
10875
10833
10917
11000
10958
10750
10834
10750
10875
10875
10792
10750
10833
11042
10917
10875
10875
10958
10792
10792
11041
10917
10833
10791
10875
10791
10875
10708
10792
10958
10875
10875
10958
10916
10750
10834
10875
10917
10917
10958
10708
10791
10583
11541
10959
11375
10750
10917
11000
10750
10916
11000
10917
10750
10833
10875
11000
10875
10792
10916
11542
11583
11667
11708
11667
10958
10833
10833
11000
11459
11000
10958
11041
10875
10625
10833
11084
11083
10833
11875
11750
11834
16542
18083
8375
12000
7167
10792
11917
15917
12625
4625
10667
7708
10792
11667
11833
6292
9375
9792
11334
7958
11125
7333
10917
13667
10667
13250
4208
10958
7750
10833
12584
12125
7084
10666
11500
11792
8708
10708
11083
11458
11208
10542
12250
11750
11292
7041
10625
10958
10709
12041
11333
11250
10792
11541
11208
12125
10667
11250
10583
11375
10750
11250
10583
11167
10667
11791
11416
12416
11708
12250
13667
39375
18292
25000
24916
18458
23375
22875
22917
23000
22875
23500
23250
23041
26416
22208
23083
23250
23166
22875
22750
23083
22917
23458
23250
21292
20625
23833
23167
22833
22833
23000
23125
27333
23375
22833
23042
22709
23334
22792
23416
23125
23084
22958
23000
23166
23167
22750
23125
22834
22958
23125
22875
23250
22834
22792
22708
23292
22834
23334
24333
23125
23000
23458
22708
23000
23959
23166
22792
22917
22584
22917
26083
21416
24375
23667
18625
24292
23375
23375
23042
23167
23333
23375
23292
22959
23041
23125
22792
22917
22666
23208
23042
31625
24083
23166
23250
23042
29041
17250
23417
23334
23500
22958
22666
23083
23083
23042
22750
23458
23000
22708
23084
22875
22792
22791
22834
22833
22958
23416
20917
30209
12834
24000
23292
23875
22958
23458
23375
23167
23125
17083
23000
23291
22750
23041
23083
22917
22750
22708
23166
22792
18250
21792
23958
23083
22875
23000
22833
23417
20833
23208
22750
23083
23209
23416
23125
23083
23041
23000
22750
22625
23500
22875
23125
23375
22708
23125
22834
22833
23000
22875
22875
22792
22958
43209
35166
17875
34000
11791
25209
17291
23500
23583
23375
23000
18042
23584
23250
23250
23375
24583
22958
22833
23167
22958
23292
23167
23250
22833
23000
22667
23333
22958
20083
21208
25792
15750
23875
23625
23292
23209
22833
23041
22750
23083
22959
27250
52042
46792
57459
83208
62417
37375
13042
23833
23542
23083
23000
23208
23084
23375
28125
56542
77208
56042
31583
20750
24083
24083
23709
23750
23333
23459
22958
23167
22959
23084
22833
22917
18041
30417
21500
23750
23416
23375
22959
17708
25709
18709
9459
17000
13833
10917
14125
14125
14166
14208
13875
13917
14042
14000
14041
14042
14000
14000
13834
14083
14125
14000
13792
14583
14292
14625
13834
14583
13875
13917
14084
14250
14375
13958
13917
13958
13750
13750
13917
13875
13958
13875
14042
14083
13917
13875
13958
14041
13833
14000
14000
13834
13792
13958
14084
13792
14041
13916
13834
13959
13917
13917
13417
14209
14083
14167
13792
13958
13916
14042
13959
14041
14000
14041
13917
14125
14000
14042
13958
13959
14250
12416
12292
12125
12167
12166
12250
11959
12250
12209
12084
12125
12083
12125
12167
12250
12333
12208
12083
12167
12250
12084
12375
12208
12125
12125
12375
12292
12083
12166
12209
12167
11958
12000
12125
12000
12208
9209
10917
9333
14584
14208
14291
13000
12375
12083
12375
12125
12125
12125
12083
12125
12208
12000
12208
12000
12875
15875
15959
12375
12416
12250
8125
8625
9166
13583
13667
14167
14625
13084
16750
6291
14083
12208
12125
12166
12333
12208
12042
9583
12125
12458
12417
17000
10292
12667
10166
10959
13083
12459
12291
12500
12417
12458
12417
12500
9000
12375
12250
12250
12250
12250
12375
12250
12208
12334
12125
12292
12625
13792
12834
12291
12208
12167
12375
12125
12292
12542
12292
9125
12166
12333
12292
12375
12209
17250
16834
12417
12334
12333
12375
12333
12459
12250
12292
12167
12250
12250
12417
12333
12417
12250
12250
12375
12084
12250
12250
12334
12334
12250
12291
12166
12625
9666
8959
8709
12292
43667
41667
18500
23709
23750
23583
18209
23291
23084
23125
23208
23417
23250
23084
23250
23000
23292
23583
22875
24583
22917
22959
23167
18083
21583
23916
22917
23083
22708
23042
22833
22917
22958
23583
23833
23167
23000
23209
22791
23625
17542
22583
22750
22875
22625
22667
23125
22833
23166
22834
22875
22708
22500
23166
22709
22958
22625
22750
23083
22792
23000
22667
22708
23292
30375
28209
23291
26167
13959
23541
26916
26625
31083
27500
27625
50000
63083
30250
43500
28792
25708
27708
53958
55542
69084
47792
23625
24208
23541
23250
21375
28542
29958
27208
24209
43375
50000
28625
18917
23750
24333
23209
22875
23417
23000
23500
23792
24167
23875
24042
23291
23000
23042
22875
23250
22875
17333
18041
23208
26292
12791
23667
23167
22500
22958
23000
22750
22833
23250
22500
22750
22791
23000
22875
25709
14708
23500
22792
22875
23792
22791
22792
22917
22667
22875
23000
22667
22834
22750
22750
23208
22792
22875
23542
23209
22833
22541
22750
22500
22750
22792
23084
22667
22750
22833
17416
24917
20083
14042
13875
13917
14000
13959
13833
13875
14084
14000
13833
13791
13834
13875
14083
13958
13792
14083
13750
14000
13917
14041
13875
14000
14041
13958
13958
14000
14167
52625
51500
39750
41125
19334
24000
25042
23417
18083
23209
23291
23292
23000
23042
23083
22584
22875
22958
22958
23000
22833
23042
23041
23084
23167
23166
22958
23041
22750
22917
22792
22958
22834
23167
23459
23542
22834
22917
23042
23042
22875
23500
23208
23292
25333
18167
21875
20708
15125
14125
14000
13875
13959
13875
13916
14083
14000
14084
13792
13875
13791
13875
13875
13791
14167
13833
13917
13917
14208
13791
23750
13542
11292
14792
6708
10667
7750
10708
12125
10875
7542
10750
13209
8166
11708
51583
51208
45292
51791
57041
68167
46875
22500
25709
18459
23458
23708
23583
23042
22875
22958
23500
23166
22958
29750
12875
23583
23250
23333
23041
23125
22708
23458
23042
22792
23083
23000
22916
22792
22500
23041
22833
23083
23334
22750
22875
22917
23084
23458
23333
22958
24333
23000
22834
24084
23208
22625
23375
23166
23209
22833
22792
22833
22875
22917
23333
23000
22625
23250
23292
23083
22750
17417
24625
22625
14333
14375
13916
14084
14125
13875
13791
13959
14084
14083
13917
14041
14083
14084
14000
14167
14125
13917
27042
12375
14000
14167
14042
14083
14167
14083
14125
14125
14292
14167
14250
14000
14083
13959
13958
14167
14083
55916
79166
58666
35000
11042
23667
24792
24459
23167
23125
23083
23500
23042
23666
22875
23083
22959
23083
23042
22917
22875
23083
23125
32833
13500
23917
24958
23459
23709
22959
18417
23375
23333
23416
23458
23125
23084
22916
23000
23125
23125
22958
23125
23250
23250
23667
22917
23083
23083
22833
23250
23083
22666
18000
17958
23083
23375
23208
23167
22750
22959
23000
23000
23417
24583
13083
22958
23084
23000
22959
23167
22917
22750
22584
22750
22625
23042
22958
23000
22834
22917
22833
22791
22584
22709
22792
23208
22667
17916
25500
17208
23375
24625
23084
23333
22875
22833
23000
22958
22875
23291
22750
17250
25042
20292
14084
13834
14041
14000
13917
14083
14042
14042
13959
14083
13875
14042
13917
14000
13958
14083
30000
27375
25750
29375
48125
38459
40708
34166
19500
24292
23291
23083
23292
23000
23042
22750
22959
23167
23083
22875
23125
22875
22709
22792
22542
22666
23875
22916
22750
22833
22833
22791
22625
23250
23084
22792
22875
22834
22834
22542
22750
22584
22958
22875
23084
23084
19334
15625
15959
15125
13958
13875
13833
13875
13834
13917
13833
13916
13750
13959
13708
13792
13833
14000
14000
13875
13875
13750
13875
13792
14041
13917
13917
14833
13833
14000
14083
13833
13917
13959
13833
14042
14125
13959
14000
13791
13958
13709
13833
13833
13834
13875
14000
14042
41459
43458
53750
54041
46750
55125
54750
37375
34500
40791
40959
56750
46833
24916
28042
11250
23708
18333
23416
18500
23042
23250
16417
23000
18041
23542
23375
23333
24209
24708
24500
23458
23417
23667
37084
28250
21333
18583
24125
18833
23542
24625
25208
24292
24042
30375
17208
24000
24250
24583
18666
23458
18125
23208
23542
23417
23333
23167
29167
19917
23792
24042
23500
23208
23334
23166
23417
22708
23042
23250
25667
24041
24709
23458
23083
23334
23500
23042
23458
23458
22708
23833
23875
23458
22875
23417
22875
22917
23541
23333
23125
23209
24792
18875
27125
36334
56334
81000
63042
41708
20541
24833
20208
23417
18167
23167
18041
23292
18042
22875
23334
43875
45375
26958
26666
20833
46959
34875
28333
13458
23375
25250
18375
23167
24333
24875
23333
23250
23500
23375
23583
23792
23250
23291
23334
23084
23208
23166
23458
23333
23041
23166
23208
23125
24083
23042
23041
23875
23167
23167
23334
23041
23083
23000
23458
23709
22917
23541
31625
11500
23000
23625
23208
22833
22916
23000
22708
23708
22875
22958
22542
23334
22708
23042
22792
23083
23375
22916
23041
24834
10416
18417
13958
14708
13959
14834
10417
13917
15084
10542
14125
15125
10625
13917
14791
14042
14041
14167
14417
14833
10500
13792
14625
15084
10542
14167
14209
14167
44000
50541
34750
14500
45417
57625
31959
12667
23875
23250
18583
23208
23625
24166
23542
23500
23875
39417
32500
45000
55292
93791
34500
34542
49208
43792
55083
26708
42833
54250
43000
43958
34708
28458
36709
53584
53000
54458
82208
57250
55125
92167
52125
81167
60833
39750
40917
21709
24125
17417
23833
32208
20792
19125
28125
31042
55250
43625
53791
73584
56083
35083
14291
24583
17708
23542
17792
23125
24084
21416
21625
16667
23875
24083
23125
23500
23000
17792
25916
22916
26833
23417
23709
23333
23625
23250
23625
22875
23541
22834
23292
23834
23500
22917
23333
23166
23500
22583
23542
23000
23458
22875
23458
23125
23083
22500
23042
22875
23334
23333
23708
22916
23000
36416
19458
24208
24125
22833
22959
23166
23625
23333
22917
22833
23334
23791
17875
25000
14750
14875
10708
13792
14958
14750
10375
14125
15166
14125
15000
14166
13958
14875
10500
14084
13792
15291
14250
15041
14250
14084
14250
14000
15041
14708
14917
10625
14000
13916
15208
14042
15042
14041
14750
14625
10667
13792
15125
14625
15208
14584
15083
14667
13958
46542
36583
27875
20833
23666
18500
23709
24792
17959
26542
53875
42625
51625
80958
62208
41417
21500
24583
25000
24750
18209
23167
24750
18375
23250
23459
17917
23208
23167
23292
24542
23084
23834
23000
24459
23167
23667
22750
23000
23125
22959
22917
23667
22750
24792
23250
23042
23417
22916
23334
23625
22917
23209
23916
24000
23333
17917
26250
18500
8542
14042
10542
13792
15209
10666
14166
15125
14875
19958
6042
13958
14084
14042
13834
13917
13834
13792
51208
55417
76042
54917
30458
18125
23500
23000
17792
30250
16000
23583
23458
24291
22917
23375
22750
23167
23000
22667
22958
22917
22917
23375
23917
23083
23041
22750
27458
23583
23375
23042
23208
23000
23250
22959
22958
23042
22708
23041
23125
22750
22875
27542
24541
23000
22875
22917
17375
22917
18125
20875
24333
22917
23083
22625
22709
22584
22792
22833
22750
22875
22625
22792
23000
22708
22875
22625
23625
27292
19458
23042
22750
23084
23250
26250
20542
23500
25166
22792
23000
23042
22750
22875
22833
23000
23167
25875
23166
23458
22666
22916
22959
27833
14417
24875
25667
18208
22917
23166
23083
23125
22625
22917
23292
22917
22875
22916
22875
23291
20875
30667
26500
34541
28167
18250
23375
23209
21625
17083
23584
22750
22583
22958
23333
22667
22875
22583
22792
22875
22625
23083
22666
23125
22583
22709
22833
22542
22834
23042
22958
22750
22791
22500
22708
22583
22625
22833
22708
29959
24791
23042
22917
22875
22792
24333
23625
23500
22875
22750
22500
22792
22792
22625
22708
23000
22833
23250
23167
27666
13792
13875
13834
13709
13833
13833
13875
13792
13959
13959
13917
13916
13791
14125
14083
10125
12750
16458
13708
14041
13959
13917
14000
13834
13833
14042
14042
13916
13750
13875
13959
13875
13958
13666
14708
13834
13750
13834
13875
13750
14041
13666
13917
14083
13917
13834
13792
13833
14000
13875
12708
16042
14250
14042
13916
13875
13875
14000
15500
13958
13833
14000
13959
13875
13958
13917
15584
14084
14042
13917
13875
14042
14125
28583
20250
31750
25209
24916
23208
22958
23000
22375
23000
22750
23250
22958
22792
22750
22875
22917
22792
22833
23208
22833
22584
22958
22875
22709
22750
23417
22917
22916
22666
22917
22667
22917
23166
23042
22958
22875
23125
23000
22833
22750
22750
23042
22916
23084
22709
25584
19000
24625
25625
19875
30250
23791
22833
22959
23209
23041
22667
22875
22792
22833
22791
22500
22833
22750
22708
23375
22750
22917
22959
22708
22875
22833
22667
22666
22625
22667
23125
22958
23042
23000
22875
22750
22709
23291
22958
22834
22917
23042
22916
22791
23083
23625
25875
18875
14083
13916
13916
13959
13791
13833
13959
14000
13875
13875
13875
13792
14083
13958
13959
13875
14125
13958
13917
13792
13709
13875
13875
16333
15000
14083
13958
13917
14000
14000
14000
13875
13875
13958
14084
13833
13792
13875
13917
13834
14042
13708
14083
14042
13875
14083
13917
13833
13750
14083
13875
13750
14084
13833
13750
13916
14125
14042
14291
13958
14209
13875
13833
14042
13875
13750
13708
13916
13833
14000
13875
14083
14041
14000
14042
13750
13958
13959
14000
13875
13750
13917
14250
14083
13250
12459
30584
38417
36792
14416
23625
23791
27916
18625
23583
22833
23000
22875
23083
22958
23292
32209
15000
23625
30500
16625
23458
24125
23250
56250
87916
67667
40958
16209
24042
18041
23208
22625
23125
22750
23333
23042
22666
17833
51041
56667
34458
12084
23916
18459
23083
23167
22709
22917
23084
23000
22833
23125
22625
22875
22833
22667
22708
22750
22917
22917
22750
22917
22834
22875
22958
20291
23833
23250
22750
22750
23000
22625
23083
31959
11542
22917
22708
17167
23500
22709
22833
22958
22708
22959
23042
22417
22917
22792
22750
22709
22584
22541
22708
22667
23375
23042
23083
52292
57041
72708
51792
26750
18875
23375
24250
23208
50833
54792
76250
48917
41875
31750
23833
36583
56292
76750
51750
54333
67834
47375
18375
42709
42417
48750
26333
23708
24625
18375
23417
23667
23500
22791
23000
31459
21083
23375
30959
23416
28125
21625
24209
23208
22916
22625
27584
17292
23625
23500
23292
23292
25500
23250
23000
23791
23458
22791
23125
23083
22875
23042
22792
27209
23792
23542
23083
22959
22875
22834
22833
23125
22583
23042
23125
22958
21459
22834
22708
22958
22667
22917
22875
31292
13000
24500
24375
24292
24000
24333
25000
23458
22792
23166
23250
22959
23000
23125
40875
31125
17875
24084
28708
17083
23625
23333
23292
23334
23000
23042
18666
27125
27292
23417
23125
23125
22958
23042
23125
23083
23042
22875
23000
23042
23250
22958
23000
29000
26875
23875
23042
23166
22709
22875
23291
23458
23125
23250
34209
12750
23750
24500
18500
23250
23209
23166
23125
23166
23208
23833
22708
23375
37250
12584
29791
26334
18875
23125
22792
22916
23542
22917
23208
23166
23042
23000
22625
22834
22917
23084
22625
23541
23000
23584
22833
22833
23708
22333
23167
23292
23041
23459
23208
24167
23083
22833
18416
26541
15125
14000
13875
13875
14000
14042
14041
13958
13916
13834
13833
13625
13792
13792
13750
14041
14166
15875
19083
15792
35375
46833
48458
35709
32000
31333
28958
27750
26291
26542
27292
24083
14167
23500
22750
23167
23000
23167
22917
23000
22834
23542
22834
22958
23083
22750
23083
22708
22833
22625
22709
17709
23125
22834
22958
22708
22958
22833
22792
22833
22709
22750
22875
22833
22667
22750
23333
24000
11000
23041
22667
29583
57417
72041
51834
18750
53083
55958
77750
27875
17833
22208
23416
18250
21708
15666
21333
21625
21542
21458
21500
21625
21375
21417
21791
21500
22292
21584
21708
21459
21416
21792
21667
21334
21500
21542
21750
21250
21375
21250
21709
21583
21541
21417
21417
21375
21541
21250
25792
16958
22208
28959
17416
19333
11666
22333
22459
21583
21875
21667
21750
21792
16958
33917
29625
11666
21875
22125
21834
21375
21792
21291
21750
21417
21666
21417
21750
21334
21292
21459
21584
22625
21709
21750
28292
8958
21625
22625
21666
20000
17458
22250
16833
21750
21625
21875
21167
21375
16125
23708
19417
21667
21541
21708
21209
21625
21333
21458
21292
21583
21292
21250
21416
21458
21167
21541
24750
17291
29208
9417
22000
21708
22083
21500
21250
21958
21292
21584
21750
25833
21792
21958
22041
21666
21709
21625
21417
21625
21875
21500
21500
21666
21625
21667
21500
21375
21459
21708
21583
21292
21458
21792
21375
21542
21500
21333
21333
21750
21458
21375
21458
21375
21625
21292
21334
21500
26625
16584
21667
21125
21667
21333
21750
21125
21208
21458
21583
21625
21458
21083
21667
21500
27959
9792
25166
23167
21625
22209
24709
30292
15375
22750
23083
22625
22833
15542
21750
22750
22000
21667
22209
21708
21708
22042
16791
21625
21500
22167
21834
40375
59208
89750
69625
43375
13709
24125
24708
23334
22959
23208
23334
23500
22750
22666
22834
22875
22625
22834
23000
22916
22750
23083
22792
23083
23042
23125
23750
22875
22708
22708
22708
22708
22500
22583
22875
23084
22625
22875
22584
19458
28333
19625
23166
22917
22917
19375
55500
39292
56917
51917
51625
56042
88791
25209
42541
63083
47750
27625
9000
21959
16500
21834
47625
36792
29667
12542
23792
17792
23709
18500
23083
23542
24583
23791
23417
33542
23500
28333
20584
23084
23458
18209
23167
23375
23250
22917
24000
27958
25375
11834
23583
23584
23125
23042
22834
23625
22917
23500
23167
24083
23625
23250
23167
31041
10458
23625
18375
23292
23750
22917
23541
23250
23542
24500
16334
9750
14084
10584
14209
14208
15042
14000
10542
13917
10500
13917
14875
15083
10750
14125
14833
15042
14041
14167
10250
13959
14833
14083
10500
13833
14167
14125
14916
14000
14209
15042
15042
14750
15041
14667
10625
14000
14708
14292
14958
14083
14667
13917
10500
13875
15167
14750
10459
14042
15208
14834
13958
14083
14375
14292
14375
14125
14625
14125
15125
14583
14083
12375
16959
37084
12750
24167
18750
23625
16667
23250
24958
18125
22917
23584
23166
24333
23250
22833
23500
23292
23041
23416
23041
22833
23042
23209
23125
23250
23250
23416
23125
23416
22917
23125
23334
23000
23000
22667
22750
10667
23000
22875
23083
22959
23083
22709
23042
23000
22792
22625
23292
22708
23167
22708
22959
22625
23334
22667
23125
22500
22708
22708
23042
22625
22792
22792
23084
22583
23000
22709
23125
22917
22875
22500
23083
22708
22750
22750
22959
23042
23042
22750
22917
23625
23583
14125
14750
14000
14625
14000
14958
14834
14167
14209
14917
13958
14875
13958
14625
14292
15000
14125
14709
13958
15042
13959
15000
14125
14792
13875
14250
13875
14833
13958
13917
14125
14875
14708
14959
14250
14792
14916
14791
14250
14125
14083
26417
17750
22917
23459
24291
22791
22958
23208
31250
19125
23625
24209
24792
24333
24125
23750
18416
10791
6416
9583
6250
9584
6042
9584
6167
9584
6750
9750
6750
9542
6792
9584
6292
9584
6667
9458
7000
9542
9583
6792
9500
10417
6209
9500
6708
9583
6750
9500
10542
10375
6417
9500
6833
9458
6834
9458
6917
9542
6667
9542
10958
7541
26792
22958
22875
22959
22958
22875
22958
23000
23041
22708
52959
27375
23333
23417
25583
25958
23542
52541
49875
30167
14791
56125
90750
69542
45084
19333
23875
23875
23583
24917
30333
18583
23125
23084
22792
23000
22834
23042
22917
22791
22833
23042
45291
60250
39500
15833
23833
24125
23083
22917
23333
23083
54250
45250
49292
30000
56875
25666
24792
23750
23459
23250
23375
22959
22750
22958
18000
22875
23250
22792
23458
18375
26542
16208
22958
22667
22875
22791
22916
23125
22708
22916
23167
22958
22833
22791
22959
22625
22500
22917
22833
22833
23000
22791
22750
22542
32125
23667
23542
23041
24166
30500
39084
34500
11666
23333
23709
22834
23375
22750
23041
22917
23000
23583
23125
18250
25958
11208
22875
23208
23250
22708
23041
23125
53125
75875
49000
24500
24458
18250
23042
22958
23083
23084
22917
23834
22791
23042
22708
27833
18334
22834
23042
22625
22875
22917
23083
23500
23000
23125
22625
22750
22750
22916
22834
22916
23125
23500
23208
23000
23000
22708
34583
27833
17083
24042
23167
22916
23416
22833
22667
22875
22709
23166
24291
19167
13875
14042
14083
14042
13916
14000
14000
14042
14042
13875
13916
27750
24625
23000
25542
19250
24291
23250
22541
22917
22875
23250
23166
23000
22958
23042
22750
23042
23125
23917
23167
22917
22959
22750
22709
22666
22958
22667
23042
22916
23000
23125
23125
22542
23375
22417
22875
22500
28625
25000
22917
23125
23000
22792
54041
40875
39250
55458
54292
43208
51125
56417
74375
52750
27875
27000
18375
23542
23459
23250
23167
23125
17917
25917
19417
23208
22958
23125
22792
22875
22833
23000
23167
23125
23208
22750
22750
23083
22708
29041
19041
24042
23042
23125
30250
24125
23041
22833
22917
22708
22875
22917
22833
22958
22750
23125
23125
22875
23167
22583
23041
22917
22291
22875
22958
22708
23125
17500
23125
22792
23167
22583
22792
22708
22875
22792
22708
17500
26084
19583
22917
22792
22500
22666
22833
22750
22792
22750
23542
22750
22834
22917
16958
24084
21916
13834
14125
14084
13792
14167
13916
14083
53125
74458
52917
27917
19750
31291
27167
29875
14000
24750
17500
23083
25750
24041
23917
25583
27458
27292
17083
23334
24708
23667
20458
25083
24291
23333
37708
15208
23958
23334
23000
23333
22667
22834
22750
22792
22916
23000
22916
23125
23041
22792
23042
22791
22750
22917
22917
31333
18834
23625
23542
23000
22958
22708
22875
23042
26125
25708
23209
22709
22916
22958
23208
23166
29334
31833
19500
23917
23542
23667
23125
23500
22916
23250
23375
23083
23125
23500
23417
22875
22917
23250
23000
23125
23000
22958
23167
23291
23000
23125
26542
24042
23375
22875
23334
23167
22708
22875
23083
22958
23250
22166
23875
23084
23375
22959
22917
23000
18250
24000
23041
23458
23292
23083
23167
23125
23166
25958
26208
23625
23250
24333
24625
23500
23125
22916
23208
22667
22833
23000
23208
26084
23333
21959
23166
22833
23042
23084
23084
22750
23083
23333
23125
22917
22792
22750
22750
22917
23042
22958
22542
23125
22791
23041
27750
17583
23625
19167
23208
22625
22917
23042
18166
29792
27375
23917
23833
22833
22959
23000
22833
22917
22875
22667
23083
23083
23083
23042
23167
22625
22875
23167
22750
23333
21917
21542
24417
25958
25291
20375
19500
25333
21917
34709
20291
23167
23167
23167
22750
22959
22875
22917
22709
22833
23125
26291
27875
25041
23541
23333
23042
22833
22708
23167
22959
22959
22833
27167
24667
23250
18625
26083
23459
22792
22750
25625
23125
22750
32167
26167
24291
23125
22917
17708
27667
23584
18291
20959
23917
22833
23125
23333
22833
23042
22625
22958
22917
22792
22625
17709
24958
23375
22541
22833
22750
22666
22458
22625
22583
22875
22584
22750
23042
22500
22417
22875
22833
22917
22917
22917
22875
22709
22750
22875
22667
22833
31334
24292
22875
23000
22667
30625
23917
23375
23333
24292
16792
23458
32458
20291
22958
23167
23208
23000
23084
22792
22791
22625
23083
23250
23292
24791
23792
23750
23667
23084
23000
22959
22833
22834
22958
22833
23000
19541
29666
25917
25833
25666
27166
26834
26292
42334
31500
26625
18459
23459
23708
23125
24208
23209
22875
23083
22667
22958
23167
22958
22791
25375
29292
23542
20417
23417
20292
23875
23125
29917
13000
20833
23750
23292
25375
23667
27959
13167
24625
25042
27875
22417
29875
15041
27917
25334
24834
23750
37667
14291
23209
23041
24541
23375
23208
22833
23209
27875
18250
23750
24666
23417
23167
23583
23166
23791
23750
24458
19416
23208
23459
38166
13708
25917
10250
23791
24500
23292
23209
23167
23042
22958
23542
22958
23250
23042
23334
23125
22792
22792
23166
28625
18042
20083
19084
17625
13875
23458
14791
19167
19125
17875
7667
14375
14083
14167
14459
14083
14000
13875
14083
14000
14250
14042
14042
14875
14000
14000
21916
9541
10166
17541
10666
14041
14208
14125
13833
13959
13958
14042
13917
14084
13833
19750
8541
14500
14250
14084
14042
14084
13750
14000
14208
14250
12709
14083
14084
14125
13875
14125
13916
14000
15000
14084
18916
18417
12708
14250
14000
13958
13959
14208
13916
13959
13791
13458
11292
17000
17916
14250
16042
9000
22459
26584
16750
5584
12167
12708
8041
12083
13000
5291
14583
6875
13041
5500
10916
11792
11583
7875
10958
10917
10959
11084
10833
11709
14500
12625
10916
11000
10792
10959
10833
10834
10792
11000
10792
11042
10709
10875
10750
10792
10792
10875
11125
15542
45208
56791
80625
60250
36709
13584
24083
23667
23250
23250
28959
38167
51417
90083
70541
45125
21083
28041
18416
23958
23000
22667
23459
22833
22917
23083
23083
22667
22958
22916
23333
22583
22791
22833
22708
22625
22834
22750
22959
22584
22667
22916
22833
22875
22667
22791
22625
22583
22875
22791
22833
22542
27458
23667
22709
22667
24208
15542
23375
22875
22958
22959
23208
23125
23083
25333
28750
17625
14042
13750
14125
13792
13750
16708
14125
14083
13959
14083
13666
14459
13792
13875
13875
13792
13750
13916
13875
14084
13791
13833
13917
13791
13833
13750
14125
14042
13958
26583
10500
18166
11708
18750
16125
13958
14000
14000
14125
14833
18625
14000
15167
17250
9875
14833
14042
13750
13875
15833
14250
13959
13792
14084
17541
6959
16375
16459
11042
16750
14458
11541
15542
14208
14084
14708
17834
21959
26500
17375
6750
16125
15583
18458
12500
13542
10791
13000
12791
12250
12041
12125
12000
12084
12125
12083
12208
12083
12667
12041
12000
11917
12000
11959
12000
12291
12166
12083
12125
12042
12000
12000
14834
12083
12875
12166
11916
11917
11875
12042
12000
11917
12042
12083
55125
54542
22625
46333
52292
43167
55125
61084
57666
47375
58375
40084
54208
59916
53792
53875
93750
76417
52500
22625
50750
83542
64834
40042
13541
37750
54167
54042
55209
37542
54125
65791
50666
53750
63166
41709
18291
22500
16583
21750
21791
21166
21375
21459
37209
22375
53958
84291
65125
58417
48917
52916
66541
46500
22916
40041
72334
62833
50416
37167
25666
14000
52708
39709
53667
60750
32583
54625
52292
57833
52708
33042
45042
44167
63625
42958
18250
22083
22917
30667
12750
21708
23041
22333
21750
21833
21208
21375
21250
21416
22083
19958
15084
21583
21750
21500
21834
15542
22625
21334
21500
21667
21542
21250
21416
21333
21209
23084
21375
21333
21041
16541
21708
21583
21333
21000
21292
21167
29667
26875
17333
22250
22291
17917
21542
23458
19750
13833
13292
13000
13084
12958
13250
13125
13042
13041
13291
12958
13083
12833
13125
13625
13708
13084
13000
13584
13375
13834
13750
14083
14250
13916
14292
13833
13833
13250
13209
13208
18125
14125
16291
7875
13500
11292
15125
10416
13583
13708
11625
14042
9625
14625
11625
17708
15708
5583
13125
13291
13209
13834
14333
13125
13125
14750
13167
14083
13333
13250
13000
13000
12917
12958
13875
13125
13000
13083
13083
13125
13000
13042
13250
12917
12917
12958
9333
13041
13416
13250
12666
14333
11834
11458
11958
10125
11291
11291
11458
11292
11292
11334
11500
11292
11542
11333
9042
11166
11541
11375
11500
7000
11250
11542
11334
11500
11292
11292
30000
15125
21375
21292
21708
21250
21458
21458
15709
21334
21875
21667
21125
21458
21334
21250
21542
21416
21542
21250
21208
21292
21458
21084
16000
21542
21333
21333
21250
21166
21417
21167
21416
61709
56125
52417
84333
66000
42583
16042
49958
66292
35167
27750
17333
23541
23208
23083
22958
23458
22958
22792
22833
23083
23000
22709
23375
23042
22792
22833
22750
24709
22917
32250
22000
24750
53792
79125
54875
28000
18500
24250
23208
23042
18375
23250
23042
24042
22750
22791
22709
22667
22500
22625
22708
22917
22542
22709
23250
22708
22625
32000
24125
26833
24542
22917
24000
22791
22958
23250
34333
9875
22792
22916
22833
22958
22625
22667
22625
22709
22750
22458
22750
22834
22667
23125
17458
22916
22750
22875
22625
26792
10459
22875
22625
22750
23250
22875
22959
22875
22917
22584
23042
18375
23959
22708
23000
27375
28000
18542
24042
23000
24792
25708
13667
13750
13709
13958
13834
13875
13875
13792
13875
13792
13833
13959
14167
13875
13958
18750
14083
33459
25500
25333
25125
38041
19958
24584
15042
23125
22917
24291
23334
23125
17667
21458
23042
22959
52584
51166
58000
91583
73333
46042
21583
23708
23625
51958
83667
63250
38625
14750
23875
23541
24000
23125
23208
23042
23125
27792
20083
26000
16750
23667
23917
23250
23791
22167
24084
24125
23167
17708
26125
23750
23209
23083
22583
22875
23291
23125
23208
33000
23500
23500
22958
22917
22916
18333
26750
14291
15833
16792
17584
11250
15917
15041
14833
18208
10334
14167
14042
14166
13958
13958
14042
14167
14000
14084
14208
13917
13834
14125
6709
16666
17041
19042
16583
9625
14083
14041
13959
14125
14292
14000
14250
13959
14125
13833
14084
13708
14208
14000
10333
21958
10625
17250
15083
14083
14458
14125
8833
16042
14917
14416
14000
14250
13959
14042
13916
13959
14125
14250
13958
11750
10375
13542
14375
14166
14084
18041
14542
14250
14125
14167
14208
13958
14291
14125
14250
14250
14459
14084
10459
10375
15292
14250
10125
16500
14500
14166
14125
14291
14250
14000
14167
13834
13959
14209
14166
14208
13792
14125
14166
14000
14166
13958
14208
13959
14042
14167
13917
12416
16041
17916
17166
17292
17458
17333
17375
17375
17042
17292
23209
15500
17833
17375
17084
17416
17292
17333
21000
18375
17833
17584
17291
17167
17208
17083
17209
13417
13250
24125
16083
13583
17625
13667
17333
17625
18708
13208
17291
17250
17417
13500
17083
17250
18166
17208
17333
17417
17208
17209
17125
17208
17000
17166
17083
19000
24541
22833
22750
22708
22834
22875
22708
23084
22666
22792
22875
30750
24667
22750
22875
22958
23042
23334
22917
22959
22959
22834
23042
22625
23166
22542
22708
23000
23292
23250
17958
26958
57375
55375
54792
92666
74916
51584
29333
21209
36166
10875
25208
17833
23417
16584
22916
18209
23375
23125
23917
23375
23875
23666
18125
23084
24625
24000
24208
23417
22916
18125
23333
17750
22959
24042
23083
22959
23208
23250
22667
23209
23042
23417
22834
21500
28083
56333
92750
74834
52917
32916
13541
21209
19625
25458
25250
14625
23709
24292
18167
22750
18042
22917
16917
23083
24583
23000
22959
23292
22833
22959
22959
18375
23875
23125
23083
22875
23583
23125
23166
22750
23416
22708
23291
23125
17042
29291
24167
28334
16750
23125
23250
23167
22667
23542
22166
36791
35625
15458
23416
24083
23583
23583
21750
28542
44042
32709
29167
39667
39834
21250
23666
18625
23417
17959
22875
24667
24333
18000
23500
22917
25708
18709
22750
24042
23125
23542
28875
14625
22666
23417
26041
18666
23125
23292
26000
18083
23167
18500
21916
26917
20750
19541
24375
19583
23666
24792
16833
30541
17459
23042
23791
24000
27416
18208
24625
28666
15250
25375
20292
23250
18500
23625
14708
23750
17417
25750
12750
23292
23500
23583
23958
23083
22875
23083
23083
23542
23250
23625
23041
23042
22916
23666
23167
23000
23083
22500
23000
23834
23083
23208
26875
24458
23292
23250
23000
23917
26667
18125
22959
23250
23416
23708
23417
26792
18208
38625
12375
23416
30833
15417
25042
17292
22625
23208
23459
23041
22791
23333
22833
23042
22917
24458
19917
28250
12750
24208
18375
23042
23584
23292
23750
17250
22666
24167
24250
23166
22958
22875
29042
19958
23833
18333
23625
25083
16458
23000
23958
24208
24000
23667
23708
18125
23333
23750
23083
22791
23375
23125
23417
23333
23000
23459
23333
27250
10167
23542
23041
23583
23041
23333
23250
23208
22917
23458
23292
23667
20625
23959
23459
23959
23250
23292
23291
23250
23041
24333
25333
17709
22958
23791
23500
23500
23208
23292
23042
23333
23125
23125
23000
23042
23500
23209
52958
89916
75125
53334
32416
52291
95292
79750
56709
36750
17625
22792
16500
21750
16250
22667
10667
23417
15666
21375
23042
17041
21333
22792
23000
22375
22584
21417
23083
23167
15291
21250
22875
22667
16500
21000
22792
21667
21625
21750
22791
22708
22917
21917
16875
21541
22833
21708
22542
38208
53500
53500
26834
40125
39667
19791
17458
22250
23166
22542
15375
21708
21958
22083
21916
27666
18750
22583
17125
20000
22125
21959
21792
22250
17375
22000
21875
23000
24250
22000
21958
22791
21209
21250
21833
18792
23125
16041
21584
26042
18583
23542
24084
20125
21291
21167
23000
15083
22083
22250
23125
24000
23959
16875
25083
13042
22125
8833
13208
14375
14125
13458
13833
13500
13125
13166
13250
13250
13167
13000
13250
13166
13208
13083
13000
13125
13917
13709
14333
13000
13166
18917
12500
16291
16417
16167
16292
16084
16125
15916
16041
16000
16208
16125
38125
961834
944459
917666
891542
867958
837500
812125
51542
86875
68125
44958
20958
22875
22583
15625
21958
21834
16542
21750
21958
22000
21458
21917
21375
21958
21459
21667
21291
21667
21834
21625
21542
21583
21708
21708
21375
21667
21459
21417
21625
21917
21500
21666
21459
21625
21541
21625
21458
21333
21333
22375
23959
17166
21917
21292
21208
21334
21667
21541
21667
21125
21375
21333
21375
21000
21250
21167
21167
21916
16042
21875
32917
51541
69834
55250
38083
33167
12875
22125
23667
23417
16875
21750
22958
21834
21834
21834
21959
22084
21958
21875
21208
21333
21500
21333
21834
21542
21750
21667
53125
47250
66458
46542
25000
15625
25250
17500
41958
44458
33459
40041
28250
51542
53166
52334
53208
78042
56459
32833
13042
24292
23542
23625
23458
23416
23250
24042
23167
23167
23083
22791
23041
23208
23041
23000
22916
22917
23375
22833
22958
22833
23125
22708
22959
23000
23041
22792
23208
23917
22875
23458
24042
22625
22833
23042
25417
17083
23542
23041
23209
22875
22875
22916
23000
35667
19208
23875
17500
23208
23625
23417
23459
22625
23458
21750
21000
23833
26250
28459
24375
23083
22875
21458
23875
23000
22833
23000
23042
22875
22916
23125
22958
32000
27125
33292
24500
23458
23250
22875
22875
22916
23000
23042
23208
23000
22750
22833
23458
27167
23709
23667
22958
25750
23875
23625
22834
18125
23333
23042
23167
23000
23208
22958
22792
24084
25417
24208
22916
22834
23166
22917
22875
23000
23042
23167
32167
21333
23250
23083
22792
22792
23333
23375
23166
23000
22917
23125
23167
23042
22875
23166
23000
22916
22875
22709
22792
23000
23375
23000
23917
19958
13959
13792
14416
19125
17250
15042
14125
14334
14000
13958
14041
14000
13958
14042
14084
13959
14041
13917
13917
13708
13958
14000
14417
13959
14000
14084
14000
13958
13959
15959
17625
17291
17584
17167
27625
17416
23750
51875
76542
46666
53416
47084
53834
57000
86708
55459
47167
65583
44333
19042
24125
25042
24000
23291
23333
22750
23125
23333
23500
23250
23209
23792
23125
23083
32791
15250
23375
23459
17250
31000
23625
25833
17959
23209
22916
23250
22834
23041
22709
22792
22709
23125
23042
22625
22959
23417
33542
36750
14208
23958
23500
23583
23167
23458
22875
22875
22958
23125
23209
22959
22875
23167
22875
23125
22917
22625
22875
23334
23083
23000
23084
22875
23417
23000
23000
23167
22833
22917
23083
22917
23292
22958
17917
20792
23167
23125
22875
31709
24708
23208
23083
23250
22958
23291
22584
23125
23041
22791
22917
23041
23250
23000
23334
22833
22875
23084
22792
22875
22833
22958
22792
22792
22792
22958
22792
22833
22750
22958
22584
23959
23209
23250
25041
20875
24417
24625
23084
23208
22875
22917
23041
17292
24667
23666
14125
14042
14125
14042
13875
13834
13833
13917
13917
14084
13959
13875
14125
14000
13875
14000
13834
14000
14084
14125
41625
31584
19834
29500
26125
29625
52917
71708
34333
22875
24000
24584
23541
17667
34750
30625
26042
29583
17000
22458
30208
12500
23458
23167
24125
24583
23333
23083
23042
22792
23417
23000
23125
22791
22125
22959
23000
22584
22750
22875
22958
32375
19417
23583
22958
22750
22875
23250
22917
22709
22917
22791
23167
22709
24791
22584
22959
22708
23250
22541
22750
22750
22958
22334
22666
24667
23833
23208
22833
22833
22833
20292
22917
23042
22833
23167
22875
23583
22959
22916
22667
22875
22708
23667
18083
13875
13916
13875
13834
17375
14125
13792
13792
14042
14000
13958
14000
14000
13791
13792
13958
13875
13833
13834
14167
13958
13792
13750
13834
13833
13959
14000
13792
13875
13792
14000
14000
13791
13875
13750
13750
14000
14125
14000
13959
13875
14042
13916
13917
14000
13833
13791
13875
30458
16458
14250
13875
13958
14000
14000
13792
13833
13959
13875
13834
14041
13875
13959
13708
13792
13958
13791
13959
13916
13708
13958
13792
13917
13916
13834
14333
13959
13917
14000
10542
12667
12125
12250
12167
12125
12292
12250
12084
12125
12209
12167
12042
12125
12125
12167
12250
11958
12166
12458
12250
12166
12166
12084
12042
12167
12166
12125
12041
12167
12167
12334
11958
13000
12208
12042
12083
11958
12209
12208
12041
12291
12125
12083
12084
12250
12042
12083
12166
9583
14375
13291
12417
12208
12250
12125
12042
12083
12042
12125
12292
12250
12125
12208
12084
12125
12291
12208
12166
12083
12208
12125
12167
12167
12166
12250
12292
12083
12250
12208
12083
12125
12125
12333
14417
10417
12917
12791
12583
12209
12292
12083
13917
12958
12375
12166
12250
12083
12167
12167
12166
12125
12125
12209
12292
8709
11292
12167
12375
16042
8334
11792
14584
12958
12167
12292
12292
9375
12167
12459
12084
12083
12166
12208
12083
12166
12041
12375
12209
12083
12166
12250
12334
12167
12208
12167
12083
12167
12291
12375
12083
12042
12500
12250
13542
15541
12917
11958
12292
12292
12209
12125
12167
12250
12250
12250
12334
12292
12167
12125
12166
12167
12084
12167
12083
12167
12208
12250
12417
12125
12000
12083
12417
10417
13250
12167
12125
12208
12208
12208
12125
12250
12542
12291
12208
14375
14708
12292
14208
12167
12166
12167
12250
12125
11958
12208
12042
12125
12250
12208
12125
12125
12500
12167
12250
12291
12250
12167
12209
12125
12167
12250
13334
12500
12209
12167
12167
12208
12250
12209
12125
12125
12167
12334
12292
12291
14000
14041
12333
12166
12125
12375
12125
12208
12208
12083
12125
12209
12333
9125
12125
12250
12167
12208
12209
12292
12333
14084
13958
11292
13375
12208
12167
12250
12166
12167
12208
21250
14084
13334
9208
12500
12417
12541
12542
12500
10583
11167
12667
13250
12333
30375
28292
32250
12083
23625
23209
23167
22917
23042
22875
23083
23125
18500
23292
22791
23000
22792
23167
23000
23125
22917
22833
22917
22666
22750
23125
23000
22916
22791
22583
22958
22709
22583
22791
22792
28500
14417
37750
26875
16791
23375
23125
23333
23542
23083
22958
23083
22792
23291
23084
22917
23291
22625
22833
23000
22708
22667
22750
23417
23166
25542
23541
23166
26917
26542
26333
23625
23000
23334
22833
17292
22458
23083
25958
23167
23000
22958
22833
23167
31875
15250
23333
22917
22833
23250
22791
22667
23042
22750
23416
42167
42417
20459
24166
23708
23084
23209
22833
22792
24917
23916
23375
22958
23000
31834
13250
23583
23292
23000
22958
23208
22667
23750
23542
29292
19458
23250
23250
23208
43500
42250
20167
18667
22708
23375
26750
26958
18750
25625
24500
25500
30834
32042
14000
24041
23375
23375
23042
23167
22917
23333
23292
23083
23209
23250
22833
23041
23125
23292
23000
22750
23042
23667
23250
23166
23042
23041
23833
25667
23041
22875
23084
23000
22958
22917
23083
23042
22916
23042
24083
27958
20625
14084
14125
14000
14083
14166
14000
14042
17667
14291
15084
14875
14083
13917
14000
13958
14083
13916
14125
14083
14292
14042
14042
13958
13917
14083
13916
14041
13958
13875
14000
14250
14042
14000
14125
14083
13917
14125
14084
13958
14125
13958
13959
13917
14000
14000
14041
14000
13959
13875
14000
13917
13792
14084
14041
13958
13875
14000
13916
13958
13875
13917
14125
14000
13958
14375
14042
13875
13834
14000
13834
14000
13875
14041
13875
13916
14000
14417
14000
15333
16458
15459
9334
12417
12375
12333
12125
12375
12291
12292
12125
12250
12125
12166
12334
12250
12167
12333
12292
12291
12208
12292
12250
12250
12334
12875
12292
12167
12333
12375
12167
12083
12250
12250
12250
12375
12250
12416
12250
12292
12208
12333
12417
12333
12417
12375
12083
12541
12167
12375
12250
12292
12083
12250
12250
12250
12166
12333
12083
12458
12250
12291
12125
12250
12084
12250
12250
12166
12250
12333
12292
12250
12291
12291
12084
12167
12250
12209
12125
12167
9375
14416
12500
12208
12125
12166
12250
12125
12250
12000
12250
12208
12250
12208
9292
9625
14791
15542
9500
14250
12250
12334
12292
12250
12417
12000
12125
12292
12334
12125
12458
11750
11292
10083
9500
12458
12208
12250
12208
12208
12250
12166
12250
12250
12208
12167
12166
12167
12291
12125
12209
12083
25959
13208
12208
12125
12209
12334
12208
12125
12000
12000
12250
12166
12458
12250
12209
12208
12208
12083
12250
13792
12625
13250
12333
12250
12333
12083
12208
12166
12041
12000
12250
12167
12208
12209
12375
12125
12083
12084
12041
12083
12125
12250
12042
12125
12292
12417
12250
12166
12041
12291
12084
12084
11958
12167
12125
12166
12250
12250
12041
12250
12250
12166
12333
12167
12250
12834
12208
12167
12458
12084
12208
12083
12000
12167
12166
12083
12125
12084
12125
12416
12208
11000
12375
12333
12417
12333
12292
12250
12167
12208
12250
12167
12250
12083
12209
12292
12166
12083
12083
12125
12000
12166
12166
12208
12250
12084
12333
12209
12042
12292
12041
12166
12209
12209
12333
12333
12041
12167
12125
12208
12084
12084
12125
12208
12084
12291
12167
12125
12458
12167
12209
12125
12083
12292
12084
12125
12166
12125
12208
12291
12084
12292
12208
12125
12208
12084
12167
12166
12209
13167
13333
12250
12333
12084
12084
12250
12333
25666
23875
23083
22542
22542
23083
22916
22917
22625
23209
22750
26042
25500
25833
23792
23250
18333
21250
20625
29208
24084
23167
22917
22791
23375
22958
22875
23000
22875
17292
28000
24291
22542
22834
22792
23000
23042
22875
22708
23041
22709
23167
22709
18250
24833
25334
25583
23416
23000
22833
22834
28709
24750
22792
23208
22667
28166
24541
23041
22542
22750
22542
22792
23000
22916
22875
25583
22542
22792
22750
17250
20583
18208
23208
22583
22917
22792
23083
18292
23500
22125
14000
16375
18583
10625
13959
14125
13917
14166
29083
25792
18667
23375
23292
27416
18625
23083
23000
23000
22917
23167
22959
23084
25792
11791
30542
25375
23834
31375
25166
23500
23416
22958
23250
22792
21000
31875
27000
24625
23042
23292
23416
26667
23458
22875
23000
22708
23083
22916
17750
20833
20917
23125
22667
23042
22833
22833
22792
23125
22667
22792
24709
23000
22958
23125
22583
22917
22750
22958
23166
23083
23000
22625
22542
22667
23042
23041
22792
22750
22875
22916
22792
22708
22916
22500
22834
22916
22833
22875
23250
36416
27125
9792
23625
23334
23167
22834
23375
23042
22667
22958
23167
23292
23000
23125
29209
23375
23125
23250
23041
22875
23000
22375
23583
23125
23084
23167
23083
22791
23083
22708
23208
22791
22791
23041
23000
23042
23166
23042
22791
22875
22625
23125
23000
22750
22834
22542
22959
22875
22917
23250
23041
22583
22916
22875
22708
25708
26083
24250
23250
22917
23042
22792
22958
22708
22958
23917
22750
23166
22875
22958
21083
21084
13792
14042
13916
13958
13958
14167
21833
7500
17583
24791
18917
18875
17625
17792
14500
17375
17125
17375
28042
23833
23000
23042
23042
23208
21709
21084
22833
22959
22958
23459
23083
23167
22792
22708
27542
24375
23166
23083
22875
22750
22958
22750
23042
22958
22625
22750
22833
22958
23000
22791
22584
23125
22792
22875
22792
22875
22958
22834
22959
17416
24667
22417
24541
23167
17708
23125
23125
22917
22834
22667
22583
23083
22750
29209
21334
19333
20875
23625
23292
22917
22709
22917
22792
18125
24959
18542
13708
15959
16167
15250
13958
13959
14041
13875
13833
14167
13917
13959
13875
14125
13875
13875
13958
14000
13917
13916
13917
14250
13875
13916
14000
13875
10791
15167
13875
13875
14041
14167
14084
13958
13875
13875
13792
14000
13917
13875
14000
13791
14042
14041
13875
14042
13833
13750
13833
14000
14625
14125
13833
13958
13875
13875
14084
14000
13875
13750
13875
14000
14000
13792
13750
14083
13917
13917
13750
13917
13875
17125
16833
14000
13791
14000
13792
11292
11042
14458
10833
12250
12083
12167
12291
12167
12042
12000
12166
12083
12916
12833
12416
12125
12125
12291
12041
12125
12083
12208
12041
12084
12250
12333
12083
12125
12250
12292
12208
12250
12042
12042
12084
12167
12208
12292
12166
12250
12000
12167
12250
12292
12000
12250
12208
12208
12042
12083
12250
12083
12250
12250
12041
12250
12083
12209
12083
12167
12167
12375
12208
12333
12166
12125
12291
12083
12459
12125
12125
12167
12042
12292
12209
12042
13416
12250
12208
12167
12125
12125
12167
12125
12125
12250
12041
12167
12167
12250
12250
12209
12208
12167
12083
12125
9958
8625
15583
12917
13333
12834
12292
12208
12125
12166
12250
12125
12166
12375
12083
12125
12084
12042
12084
12166
12125
12208
12125
23250
9208
12250
12042
12208
12125
12250
12042
12125
12084
12291
12125
12333
12208
12375
12333
15916
8041
12083
12208
12167
12334
12209
12292
12208
12208
12083
12166
13167
13459
14458
12875
12500
12417
12291
12167
12542
12458
12500
14250
16416
10875
13250
14667
14333
14208
14125
14250
14167
14083
17291
15500
14125
13958
14042
14042
14167
16667
23500
14458
16208
14042
14208
14167
14084
13917
14167
14042
14000
14000
13958
14084
14333
14042
14250
14000
14125
13959
14000
14083
14125
14125
14042
14208
14083
13917
14083
13917
14000
13958
13958
13958
13916
13917
14083
14000
14000
14166
14042
14083
14042
14000
13959
13792
14083
14208
15458
15042
14041
13958
13917
13958
14084
13959
14375
19209
18167
17500
17250
17292
17209
17292
17125
17959
17375
17542
17375
13000
17666
17208
17250
17375
17292
17125
17375
19625
17250
17250
17333
17333
17250
17208
17167
16958
17125
17125
17166
17084
17208
17125
16792
17917
17250
17166
17125
17125
17167
17125
17166
17084
17083
17083
17291
17416
23167
21958
11292
20834
19750
12250
17333
17084
17583
17333
17167
17208
17167
17250
17125
17292
17125
18167
14833
19792
19292
13084
17750
17250
17291
17125
17458
17292
24167
20292
9625
18000
16375
15458
14333
13750
13833
13875
13958
14042
14625
13834
14125
14042
13792
14083
13958
14000
13916
13834
14125
13833
14166
13917
14000
14041
14000
13917
14000
13834
13958
13959
13958
13917
13875
13916
13917
13875
13958
13875
14000
14708
14167
19042
14584
11292
14959
15083
14041
13833
14041
14083
13833
17250
14417
14125
14042
13834
14084
14084
13833
14000
13959
13792
14125
13959
13958
14042
14000
13833
13959
13958
15625
14583
14041
13958
14000
13792
13916
15042
12333
15333
25625
16417
21708
21666
21667
21291
21458
25833
23333
23250
23084
23000
23166
22833
22458
27125
24291
23167
22292
23708
23000
18542
27292
23792
23084
23125
23000
22916
23083
23208
23000
22958
22958
23250
22750
22958
22750
22791
22833
20875
18208
24125
17416
24333
21041
24583
22792
23042
22791
22750
23250
27375
19958
23208
22875
22959
22792
29167
16917
22833
22959
22917
22833
23083
22959
22916
23084
22792
23250
22750
23041
22833
22709
22959
22958
22667
22666
22917
23000
22708
23208
21083
22916
23083
22875
22917
23208
27084
30792
27250
26125
18625
15583
16625
16125
15167
14000
13959
13959
14042
16625
12542
15875
16458
16250
15625
16583
15000
14208
14334
14000
14083
13833
13833
13834
13875
15042
17958
15250
13958
13917
13958
14125
13917
13834
13917
13916
14042
13959
13916
13958
15250
13958
13958
13916
13875
13750
13791
13958
13834
14000
13709
14000
13917
13917
13667
13709
13917
14000
13875
14125
13875
14000
14041
13792
13959
14000
13792
13750
14041
13875
13875
13750
13875
14042
13833
14000
14083
13916
13959
10667
10083
14458
12291
12166
12000
12334
12042
12208
12041
12292
12125
12167
12125
12209
12125
12250
12000
12167
11916
12208
12125
12166
12083
12125
12166
12125
12250
12209
12250
12167
12125
12209
12166
12250
12166
12042
12208
12166
12125
12208
12000
12125
12125
12000
11916
12208
12042
12084
12084
12333
12292
12042
12208
12125
12208
12000
11917
12083
12125
12125
12333
12084
12125
11959
12125
12042
12125
12083
12125
12208
12167
12375
12125
12084
12042
12041
12125
12084
12167
12042
12042
12125
12250
11958
12084
12208
12167
12166
12125
12084
12167
12000
12084
12083
12208
12083
12458
12125
12083
13250
12875
12167
12167
12083
12250
9791
9000
9459
9417
14042
14458
12292
12000
12209
12125
12291
12042
12166
12167
12167
12125
12167
12166
9000
12083
12084
12166
12125
12125
12750
13042
12084
12209
12125
12125
12167
12083
12125
12334
12041
12250
27958
18458
23250
23834
20458
22833
23500
23250
23125
23291
31375
24209
23083
23208
22916
23208
22500
23000
22708
22791
23000
22750
23250
23000
23041
23042
23041
22709
22666
23250
20542
23167
22708
23084
22750
23125
22667
22875
22833
22791
22667
22542
22667
22958
19833
20208
13833
13833
14125
13750
13791
13708
13917
13792
13792
14042
13834
14000
13959
14000
14542
13917
13875
13750
13959
13875
13917
13917
13958
14000
13875
13917
13709
13875
13916
13917
13916
14875
14000
14042
25791
23083
23166
23000
22916
23166
23125
22833
22834
22666
23167
23042
19833
23917
23500
22875
18209
23083
23125
23041
24334
22958
25041
23000
23209
23125
23125
22500
22750
22875
22833
22583
22750
22875
22709
22875
22750
22708
25709
22875
22834
22875
22625
22750
22833
22917
22750
23000
22708
22875
22792
23208
25167
22959
22667
23000
22708
23000
22583
23458
25291
22916
22625
22750
22792
22625
22959
22709
22791
23041
22708
23167
22750
29250
24583
22667
23000
25333
22958
22750
19958
23042
22709
23042
23000
22625
23333
22958
22834
23125
22750
22791
23000
22667
23083
22792
22792
22625
22667
22875
22667
22875
23208
23041
23292
22500
23375
22875
22541
22625
22625
22541
22667
22667
30834
23709
26875
21416
23167
22542
22792
23084
22833
22750
22542
22958
24250
23000
22792
23084
22709
23209
22958
22958
22542
22750
23708
14125
13791
13959
13916
13958
13833
13875
13750
13916
13667
13833
13916
14041
13958
13834
13625
13875
13875
13750
13750
13667
13958
14000
13750
13792
13959
13917
13833
13916
13792
13875
13875
13750
14000
13834
13959
13959
13833
13958
13000
13708
13792
13875
13750
13917
14125
13291
13167
13208
13208
13000
13125
14083
16208
14250
13875
14167
14000
14167
15500
13875
14041
13708
13958
13834
14084
13750
13709
13750
13709
14000
14000
17625
6083
24083
22834
25292
22292
25625
25625
32250
23375
18375
23208
22791
22917
22667
22917
22583
22750
23083
22667
22667
23125
22792
22834
22750
22625
22584
22583
22791
23084
22667
22625
22500
22583
22584
22542
22625
22500
24875
22542
22917
22583
22667
22666
22625
22875
22583
17500
24500
23209
22458
23417
22834
22625
22583
22625
22542
22542
22292
20375
23875
25417
13875
13875
13750
13792
13875
13875
13833
13958
13875
13917
13750
13917
13917
13625
13750
13791
13709
19208
17458
14167
13583
13875
13875
13958
14000
13959
13708
13791
13959
13833
13875
13708
13917
13792
14042
13875
13834
13875
13708
15458
14042
13959
13750
13917
14083
13708
19333
14291
13875
14167
14083
13750
13959
14083
13875
13875
13917
13917
13750
14042
13792
13917
14000
13792
14125
14084
13958
13959
13958
13916
13958
13792
13958
13792
13958
14042
13958
20959
26375
18750
30250
10625
29791
25041
21750
22667
22959
22875
22584
23084
22834
22875
22834
22625
22625
22709
22625
22791
22666
22833
22792
22959
23000
22792
22625
22875
23000
22667
23167
22667
23083
20209
26375
23833
23208
23875
25084
23583
18250
19833
22709
23000
22875
22542
22875
23125
22959
23000
22667
22541
22750
22792
22666
22875
22750
22625
23083
22750
23083
22667
22625
23041
23125
18375
23333
22875
22750
23208
22750
22916
22584
22708
22875
26083
23917
22792
23042
22917
23333
22791
22792
22458
22875
23000
22709
23250
14917
13917
13875
14166
14083
14000
13917
13917
13916
13750
13833
14000
13958
14000
13958
13959
14208
13959
13875
13875
13958
13750
13833
13792
25708
23583
26208
23375
22750
22750
23041
22708
22917
22500
22792
23167
22833
23750
23000
22667
22625
22834
22667
22333
22833
22666
22625
22625
22583
23000
22833
22834
22666
22708
22875
23084
22916
23084
23041
23000
22916
22875
22875
22667
22750
22916
22709
23000
22500
22625
26834
25959
16833
23333
22917
22833
23334
23125
22958
23042
22667
23250
23084
23042
22834
17542
11042
15209
17375
14959
14917
14583
16541
14500
17292
13792
15709
14208
14375
14500
17541
18416
7791
14791
14875
14666
14584
14166
14042
14709
16125
10584
14000
13875
14458
14125
14125
13667
14041
13958
13875
14000
14000
13916
13875
13834
14042
26917
23041
22667
22875
25416
23292
27417
25500
23292
23083
22542
22917
23417
25375
23000
21042
24250
21542
28667
29708
30125
26666
24542
26792
24625
25625
24458
25833
23708
24625
24000
25333
22917
16416
15917
22292
22542
23208
20042
8958
19667
20708
17250
22709
22458
22708
22125
21792
26417
23750
21750
30042
24792
20750
22500
23167
21833
21542
22000
21875
21791
21750
16916
16291
18208
22000
24208
16875
24542
16792
21583
21875
21875
21750
21500
21833
20959
21333
21416
21583
21458
31208
8667
25417
17167
21666
27042
22250
21916
21291
21625
21500
21500
21167
21542
21125
13375
21792
22042
23333
24875
16917
21667
27584
14708
22208
22083
22333
21583
22416
22417
22042
25625
11084
22416
25209
30959
24875
15667
21875
21625
21834
21542
22667
21709
21625
21375
21541
24375
23041
21375
21917
21500
21750
21083
25291
49583
27916
16666
21708
21458
19417
29916
24375
22375
21917
21500
21708
21333
21250
21291
21834
24041
22583
21833
21416
21416
16583
21833
22416
21167
21417
21417
24042
22625
21625
21208
21750
21542
21625
21375
21625
21291
21208
21750
21417
21250
21542
21750
21541
20042
22334
22083
21750
21625
21708
21625
21584
21583
21375
21583
21750
21458
21625
21542
21375
21209
21292
21792
21709
21750
24625
22958
22125
29250
23750
16917
21666
21333
21916
21459
21541
21542
21375
21291
21458
15792
17084
23541
8292
21667
21416
21333
21959
21875
21292
21084
21209
21292
21042
21375
21167
21333
21541
19625
21375
21333
21166
21125
21208
21667
21333
21542
21500
21583
21375
22416
21292
21250
21416
21375
21292
21250
21458
21333
21416
21667
21291
21375
33458
21167
22167
22125
21709
21875
21833
22000
22334
22250
22084
22459
21833
22084
22042
21792
22083
31208
27209
27833
19083
23125
22833
23750
24875
26667
25292
17000
25416
11375
22959
23583
22292
21792
21708
21500
21541
21792
21583
16708
25250
8750
22125
22083
21750
21500
21709
21708
21750
21459
21417
21291
21125
21500
21833
21334
21667
21625
21291
21542
21583
21708
21792
28625
19166
22042
21667
21667
21625
15583
19916
22416
21791
21500
21459
21250
21708
27791
23709
30417
14584
22583
22250
21750
21708
21959
21708
26500
23958
24083
22166
21750
21875
21625
21708
21541
21625
21541
16333
24625
23667
22042
21708
21667
22042
35625
65541
22084
28709
19125
22375
16875
22041
23000
21959
22833
21375
21375
21417
22042
21584
21375
21834
24625
26875
21042
27042
26625
25167
53125
30709
28167
28667
25375
19500
24416
18291
23000
23875
23042
23292
22833
23959
25292
14666
26792
12083
23250
23417
23167
22792
23000
35250
24833
24625
23167
23000
23459
23042
22750
22708
23000
23125
25666
26167
24458
22958
22792
23000
22875
22959
22916
22875
23042
23125
22833
25959
24083
23250
22917
22958
22958
22833
22875
22959
22667
23041
23417
22958
23083
23667
23417
28083
25500
23208
23125
23042
23000
22875
22833
22750
23000
22958
23000
23583
22791
23166
22875
22500
22750
22916
22750
23083
22791
22750
25833
23583
22959
23167
34834
12416
23208
18041
26250
11084
23000
24250
23375
24083
24875
23667
23292
22917
23208
23333
23208
23167
27500
24041
25708
28959
25916
16375
22958
22875
23000
17208
23917
23708
22792
22916
23000
22791
22750
22875
22542
17500
25625
23708
21500
23375
23750
23083
22959
17917
23584
25250
24875
23166
22834
22916
22792
23042
23000
23500
23041
22833
22958
18541
27209
32292
22708
23042
26333
23459
22792
22958
22917
24583
23666
22958
22709
22917
22959
24083
22958
22792
22542
22792
22667
22791
23084
22917
22625
23666
27375
18208
23792
22959
22917
23167
22875
22833
22750
22625
22917
19750
21833
23334
23125
25584
23125
23166
23125
23209
24500
23125
22916
22666
23000
22875
24208
23000
23125
23084
22750
22917
23000
22875
22916
23041
23000
23250
22875
22792
22625
22916
22834
22917
22958
22541
22750
22875
23375
22792
22958
22958
22625
16708
31125
15459
24000
26667
24417
23500
16834
23042
23791
22958
22833
34584
21042
24125
23083
22958
22833
22833
16584
23041
23333
25083
24083
23958
22917
23000
22417
23042
22625
23041
22791
23084
23000
22833
22917
23000
26584
23416
27958
23625
22708
23417
23416
22833
23042
23083
22958
23041
22875
23125
23250
22833
22917
22875
22750
22875
22791
23000
23125
22958
22791
22958
22666
22583
22750
22792
22625
21125
23416
23083
22833
28875
14291
23333
23042
23250
23083
22958
22917
23083
22875
22708
23125
23209
22708
22917
23041
22666
22792
22875
22625
22750
22542
23125
23042
22667
23083
23000
22875
23042
23042
22750
23125
23167
23000
23167
22834
23042
22708
22667
17375
39084
27208
21083
23541
23291
22750
23292
23167
23041
22959
22875
22959
23000
23000
23125
23333
23042
22791
22958
23208
23166
22833
22791
22791
23042
22875
22958
22792
23042
22917
22625
23084
23000
23041
22750
22916
22958
23166
23083
23709
23125
22875
23167
23125
22875
22958
31500
17083
23000
23500
23125
23084
22750
27375
18500
19833
23625
23166
23083
22875
23500
22250
25208
18708
28917
11208
26084
25083
23584
23250
23209
22917
23625
23750
23250
23042
22791
22917
22917
23459
23084
22667
22708
22625
22709
22542
22583
22583
27208
24166
29250
17833
22709
23167
22833
22916
23000
22791
23042
17250
30584
25291
23125
23333
18875
22750
22625
22667
13958
23584
23375
23041
22666
36125
25542
23584
24292
24167
24208
23041
22958
23083
22667
22667
22708
23042
22583
22792
22584
22584
22833
22834
23166
22791
22958
22917
22666
23000
22708
22875
22792
23250
22416
25042
24459
22833
22916
22667
23125
22833
22709
22834
22833
22958
23167
22791
22667
22750
22666
22583
22958
22708
22750
22917
23083
22875
22833
22834
28042
14375
13750
14792
14459
13833
13875
13875
13917
14042
14083
13833
13959
14042
21875
23625
22875
23500
23209
27375
23208
23209
23000
23041
22917
23333
23000
22833
22875
22958
26792
23208
23000
23083
23208
30292
23666
22792
23000
22667
22875
23125
23084
22708
22625
22959
22667
22667
22792
22625
22458
22791
22875
22833
22834
16834
22791
22833
22667
22625
22584
22625
23334
23167
23083
23083
22667
23000
22833
23042
22833
22708
22875
22917
23000
22625
22791
22625
23917
24166
23000
14209
13708
14041
13917
14125
13958
13791
14083
13750
13958
14000
14209
13916
13833
13916
14125
14167
13959
13875
14000
14000
13750
13833
13958
13917
25709
23083
22958
26708
24125
23667
23250
23750
22750
22792
23125
22959
23000
22542
21416
24125
26000
24208
30292
20750
18334
23917
23959
23500
23375
23000
23250
22958
22917
23166
23000
27541
24041
23000
22833
23125
22791
23042
22750
22917
22959
22917
22833
23083
29916
24750
23167
22958
23042
22875
23083
22916
22833
24750
22916
22917
20625
22792
24209
13834
14000
13917
13916
13791
14125
13916
14041
13875
14042
18959
21000
23292
23375
23167
22875
22916
23000
22708
24125
24125
21459
23500
22791
23083
22916
22875
23125
22834
22750
22667
22708
22667
22792
25167
23333
23167
23291
22791
22625
23166
22750
23084
22917
23000
23209
27417
21209
23375
23375
23209
23125
22750
23041
23041
27959
25333
23375
23416
22958
23042
23917
23000
23166
23166
22833
22875
23292
22917
23125
22792
22958
22958
22875
22958
32584
28208
12541
24125
23333
20375
23791
23000
23250
25875
23750
23417
23042
23459
23458
23000
22792
23125
22833
22917
22958
27625
19125
14041
14041
14209
14209
14042
14000
13875
13917
12875
14667
14167
14083
14167
13875
13958
13917
14000
14042
13875
14083
14042
13916
13916
14000
13958
13875
13875
14000
13917
13958
13917
14125
20416
15917
14750
14250
13958
14166
24792
11292
17292
17333
17167
17542
13584
18792
17167
16875
17375
13625
13584
18625
22416
19667
18500
17500
17375
17083
17125
17042
17209
16958
17083
17125
17042
17209
17125
16875
17000
17041
17166
17209
17042
17334
17125
17000
17083
16875
17208
16958
17500
17042
17416
17000
16917
17208
17041
17125
17000
16958
25209
21708
17209
17333
17125
17334
17292
17125
17041
17000
17084
17125
17208
17208
17375
17167
17292
17208
17000
17125
17042
17125
17083
17042
17166
17209
17084
17000
17208
23917
13125
14000
13875
13917
13875
13709
14042
14042
13833
13959
13834
13875
14000
13958
13792
13958
13917
13875
14083
13875
13916
13917
14000
13791
13875
13958
13916
13750
13959
14000
13875
14083
13667
13917
13750
14000
13417
27125
25250
24666
16959
23709
25667
26750
25875
23708
23125
22833
23000
22875
23041
22833
22916
22458
23042
20125
20875
23250
22667
16667
20334
22583
23250
22792
23208
23375
23042
22917
22917
23041
22833
22750
22917
22834
22666
22750
22750
23083
22958
22667
22541
22666
21458
25708
23375
18458
23083
22500
22917
22708
22500
22708
22958
23084
22875
22958
22667
22542
23042
24958
23375
29917
13542
26333
20084
27833
19291
23500
25250
26542
22459
27292
11333
23458
23000
22625
23125
22625
22875
23209
23333
23167
23042
22708
22875
23042
22834
22583
22458
22625
22667
22833
23166
23250
23042
22917
23041
22917
23000
22583
22708
22750
23000
22917
22959
22625
22500
22750
22834
22542
22584
17750
22500
23583
23083
22917
22750
26916
22958
22791
18125
20708
14042
13917
14042
13875
14000
13875
18917
15709
12791
14125
14292
13833
13958
13958
14083
14125
13959
13875
14042
14000
13959
14000
14000
14125
13875
13917
13958
13958
14167
13792
14000
13959
13792
13833
13916
13833
13875
13959
13917
13958
13916
13834
13959
13875
13750
13750
13834
13958
14000
13917
13792
13125
13125
14792
13959
13833
14042
13834
14250
13958
13834
16333
14084
13917
14000
14000
13916
13917
14041
13750
14000
13208
10709
15333
16208
14834
12125
12041
12083
12125
12208
12167
12208
12125
12125
12084
12125
12083
12125
12042
12167
12333
12041
12250
12291
12083
12041
12250
12125
12042
12125
12042
12208
12084
12167
12125
12125
12208
12250
12291
13542
12291
12000
12167
17292
5792
14167
15584
10291
16042
12500
15083
11000
14042
10333
14083
10209
13917
9625
14084
14041
14208
13959
14084
14375
16583
17250
19208
11250
15583
14792
13458
16833
17584
10500
14250
14958
20208
14500
10500
11125
12833
15209
15417
14417
13916
14083
13875
14167
14125
14416
15541
13833
14000
13875
13959
14250
14000
13833
14209
14333
14041
13833
13959
13875
14125
13875
13916
14000
14000
14041
13916
13958
14041
14084
13959
13834
14000
14000
13959
13958
14041
13875
14167
13833
13875
13959
13959
13917
14041
13916
14042
14000
14125
13792
14166
13750
13916
14000
13917
13958
14083
13834
14000
14125
15417
14292
18708
8958
14208
14083
14000
14083
13959
13791
14125
14042
14083
14000
14125
14042
14083
14042
14167
14291
14167
14125
14416
13792
12333
12084
12292
12500
12208
12125
12125
12208
12250
12292
12166
12250
12291
12208
12250
12250
12250
12209
12333
12333
12333
12208
12208
12292
12166
12084
12000
12125
12125
12208
12125
12375
12292
12083
12167
12166
12083
12125
12167
12084
12166
12166
12333
12000
12166
12333
12209
12167
12208
12125
12083
12209
12167
12333
12916
15333
12458
12250
12250
12250
12167
12208
12167
12250
12250
12250
12209
12166
28459
15500
23250
23250
22750
23125
22625
22792
22917
22875
22875
22916
22625
22833
22833
22875
22583
22542
22875
22916
22792
22750
22959
22708
22958
22875
22875
22917
22750
26167
24125
23000
23458
28333
17458
23125
23083
22792
23209
23000
22875
22625
23042
23083
23416
23000
22875
23042
22500
18375
21542
21458
23458
22959
23042
23333
24875
25417
23417
23125
22958
22750
22583
22875
22625
22500
23375
22583
28500
24625
22750
22875
22750
22625
22708
22708
22875
22917
22667
23125
22959
22667
22708
22959
22584
22500
22750
22875
22958
23083
22625
22875
22875
22625
22709
22792
22750
22625
22750
23459
22667
26375
13958
13959
13834
14000
13834
14000
14000
13958
13917
10875
10292
20708
7792
14959
13375
13959
14000
13750
13834
13958
14083
13833
13959
14042
13667
13958
14083
24875
24625
31584
24125
23666
23375
23083
25375
30583
23625
23084
22583
23292
22917
22750
22708
22917
22833
23083
23500
26541
18583
23333
22750
22917
18250
21875
23084
22958
22958
22959
23167
22917
22875
22916
22583
23042
22958
22833
22834
23000
22958
23084
22875
22666
23208
26375
24291
23209
23459
23792
24083
22959
23000
22958
22916
22916
23375
23125
23000
24000
22666
22917
23000
22791
23000
22708
22750
23000
22833
32333
25500
23333
23000
22750
22709
22792
21250
24083
18958
22708
17084
22875
22666
22709
22500
23000
22833
23375
22584
23292
22834
22916
22708
22750
23000
29958
23750
23000
23000
23250
23375
17792
23042
22875
22750
22708
22833
23083
24292
23250
22916
22916
23209
23042
22792
22709
23000
22792
23042
23208
22750
22750
23083
22583
23208
23875
24250
21625
14166
13958
14167
13833
14083
13875
13875
13917
14000
13917
13916
13834
14083
12209
15583
13583
17291
26292
21500
24167
23334
23166
23000
25666
24916
19000
9333
33417
31708
19584
23375
14334
4917
10917
11917
7250
27750
27958
18125
31625
18375
23167
23916
22958
23083
23000
27333
8625
24625
46792
27917
18042
22500
16875
22375
21875
22625
22875
23417
15833
21458
16083
21708
21958
21666
21584
21667
21292
33833
28583
11500
21959
16166
16584
24833
10000
21542
16500
21708
21917
21959
21875
21625
21917
21416
21584
21333
21125
15917
24584
22333
23625
17875
16709
18458
18834
20458
21625
17333
24208
22750
21791
11542
21917
21500
23125
22166
21625
21375
21667
21833
21375
21209
21500
21708
21334
21709
24333
22250
21750
16208
21500
21667
21416
21500
21709
21333
21375
21750
21416
21250
21125
21458
21375
21541
26500
16750
21792
21500
21583
21667
21833
21584
21541
21583
17125
23875
22416
22458
22125
21709
21417
21584
21666
24291
16750
21583
21542
21708
21917
21333
21500
21333
21458
21459
21667
21542
21542
21625
21750
20250
22500
21666
21958
21250
21625
21667
21417
21708
27042
23667
21750
21709
21583
21584
21500
21750
21333
21708
24916
15250
21667
21292
21416
21583
21875
21708
21083
21375
21417
21500
21958
22041
21834
21541
21292
21500
21417
21834
17542
21542
21792
24375
23375
24834
20208
22333
23458
22000
22583
21667
29209
25459
26250
21292
26584
25375
15625
22250
24167
20250
19583
21750
21541
21584
21542
21375
21500
21375
22125
21625
21833
16666
22750
23334
22000
21375
21333
21417
21459
21208
21750
21417
21333
21541
21333
21500
21500
21500
21250
21417
15292
20250
23875
16666
21625
16500
24333
24708
22958
21708
21375
21333
21667
21458
21667
21625
21583
24166
22167
22000
16167
21583
21500
21833
21291
21458
21250
21583
21500
21292
21459
21333
21583
21375
21334
21750
21416
21583
21416
21375
21917
24042
22167
22000
21292
22375
21292
21500
21541
19625
25291
9000
22125
21917
24584
12875
22000
22542
21541
27917
22000
21333
26542
9333
21875
21459
21375
21375
21584
21792
25750
24375
29416
21750
21541
21416
21583
21500
21417
21625
21375
21584
21666
21417
21709
21583
21666
21416
21375
21292
21458
21459
21375
21875
21292
21250
21666
21667
21500
20375
39333
28500
40167
39416
17167
22416
17250
22292
22334
17125
21958
17042
22083
22000
22042
22500
21375
26167
17958
22000
22000
21833
22375
22000
22041
21875
21584
21959
21500
21583
21584
21708
21541
21625
21292
21917
21625
21708
21791
21500
21458
21708
21791
21333
27750
24791
24166
15042
9959
13416
14208
14167
8834
13209
13625
14125
13375
13458
13334
13458
13250
14209
13167
13458
13000
13958
13417
13625
13125
13875
13209
13333
13083
13750
14667
9167
13500
14292
9708
13292
13209
13958
14208
14166
13250
13292
13375
13959
13250
13458
28875
12041
20625
25125
24625
20291
25542
15625
21833
22125
21875
22000
21250
22500
21542
16459
21542
21833
23041
25000
17083
21625
21333
21667
21500
21750
21500
21375
21500
21125
21583
21667
21625
21667
21500
15709
22834
22500
22458
21917
22083
21833
21916
22458
21583
23208
27791
25333
21709
22458
21833
21917
21792
21458
21792
21750
21583
21916
25459
15500
21375
22875
22250
21500
21750
21750
21375
21542
21334
21542
21542
21500
19250
12542
18709
11792
21959
21584
21459
21667
21875
20167
24083
28375
27750
21542
30708
28250
27000
18542
23417
22959
19583
32000
21292
23250
23167
22792
23000
23709
22834
23291
22916
18292
22625
25042
23834
23250
23084
23083
27542
20334
23333
13000
23042
22958
23084
24333
25250
23584
27292
21500
24250
27916
20291
23541
18625
26125
24041
23125
22792
23416
23292
23042
23667
23208
22542
23042
25084
22959
23166
22833
24875
27292
20084
23500
26333
24416
23125
22875
23125
29875
17459
24041
23417
23166
22834
23042
22875
22791
22834
18000
22125
18333
23041
22834
22917
22792
23125
23041
22875
22791
22959
22750
22875
23000
22834
22666
16834
23208
22792
40875
50042
77208
48459
24458
24958
24250
23250
24375
23084
23334
23375
27583
50166
30125
29333
10333
23042
23583
24500
22875
22917
22959
22791
23000
23042
25083
25625
22875
23000
22667
23208
27334
11583
23625
22917
23625
23125
22834
22958
23000
22750
22583
29042
23584
25625
26750
25125
28334
44125
40666
31959
54125
40958
46542
33167
41750
38000
41875
31042
30625
51333
36583
32625
21917
23792
23250
23458
23166
17209
25541
16833
52209
37833
40500
26292
12167
23042
16459
21708
22875
16875
21666
17042
21667
31875
30250
52833
29458
57250
77583
56250
22041
22959
22250
17875
21917
15208
21666
23125
21875
22250
16791
21792
21791
22208
21833
21625
21375
30917
20250
23583
17084
22000
22125
22792
22375
21959
21959
21958
21792
22459
22250
21958
22167
21791
22042
22416
21792
22250
22166
47917
37250
30334
13084
27666
40083
48417
29000
29125
25000
24542
15708
21958
16791
21541
15208
21250
16709
21791
24000
21625
21708
21375
28042
21750
23916
14792
21667
21916
21666
23250
28500
16750
21833
21583
21375
21708
21417
21542
31625
22417
23167
22500
22041
16875
21708
21709
21750
21292
21625
21667
21292
21333
21667
22000
21875
21416
25167
16917
21500
21292
21417
21500
21542
29042
12458
22417
17167
21916
26334
15500
22041
23208
21833
29125
10416
22125
22625
26667
17000
27292
19083
22458
20875
22750
15417
24958
22917
22209
22917
9542
21458
21958
21541
21416
21458
21666
21625
21958
10584
21375
21708
20375
26041
22458
15417
22250
21833
22542
21667
22125
22042
21750
21542
22083
21833
21791
21750
26375
24584
15250
22000
21667
21375
21292
21375
21625
21375
21458
21500
21792
21625
22250
22000
28333
16250
20959
22625
22166
21458
21625
21500
21333
21417
21375
21458
21709
21375
21375
21250
21458
25375
24125
23417
22250
22125
21584
21458
21750
21333
24083
22625
22000
22417
9333
21375
21709
21750
21750
21542
21500
21417
21167
21542
21458
21417
21292
21416
21500
21250
21708
21459
21542
21291
21459
21667
21250
21542
21625
21500
21167
21167
21458
25167
24250
23625
22708
22667
25625
29000
11583
22750
23500
22208
21792
20666
26875
26208
23459
21916
8959
21208
21666
21750
21917
21375
21667
22500
17292
24958
10250
16375
21750
24250
26833
15250
21875
22958
22958
21833
21875
21500
21834
21667
21875
21833
21167
21542
21542
21333
21667
21416
21791
27375
17167
21917
22834
22958
22708
29750
17208
21250
22084
22125
22250
17708
21666
21375
21459
21834
21792
21708
21625
21292
21792
21667
21500
21292
21500
21584
21416
21667
21292
21666
21541
21625
21208
21417
21167
21334
21208
21375
21291
21250
21292
21541
28500
26875
26416
8541
21708
22833
21708
21667
21625
21500
21459
21625
27458
26166
27208
17208
22000
23791
22250
23083
26542
16000
21792
26958
18083
23500
24375
17292
21708
22625
25625
16541
21959
21917
21541
23916
23875
23041
21791
21792
21583
21834
20709
22333
22708
21625
21459
21417
23958
22458
21709
21500
21459
21667
21416
24792
25375
16042
21458
16750
24208
23833
22334
22500
21458
21334
21458
21375
21583
25333
22084
22167
21750
21417
21500
21666
21583
21584
21250
21583
21666
21417
16209
19917
21709
21417
21500
21541
21083
21500
21292
21750
21500
21416
21375
21458
26500
20166
21833
21667
26625
21500
22667
35042
33500
17708
22166
33875
30541
9334
21833
22833
22583
22291
16625
20416
21458
21542
21792
21375
22083
21417
21666
21292
21417
21333
21708
26250
25417
22500
15625
21875
23250
16541
21750
21667
21833
21917
21834
21792
27291
22667
10042
22000
22833
16875
21667
21542
21417
21666
21750
22083
21417
21750
21792
22291
21416
21500
21417
21750
21375
21542
21708
49917
68625
36958
53084
53917
40208
37041
15458
23833
23584
23042
23167
22792
22875
23041
23042
23375
33208
18125
24000
23667
23500
22792
22792
23041
31250
28292
17875
23458
23209
23000
23083
23041
22709
17209
26000
23625
50500
46417
55083
32959
27875
29125
40584
38792
31125
51292
49042
62125
41250
15792
24125
23667
23209
22833
17292
26750
18125
24000
24667
22875
23458
23208
23750
23000
22750
22958
23000
22709
24042
23167
23541
23166
23042
22750
23083
22666
22709
22750
22958
23125
23042
22875
23084
22833
22791
22750
23000
22750
23125
22875
23292
17792
25292
16916
14167
13958
13791
14125
14042
13916
14667
15583
14250
14042
14000
13666
13834
13792
13959
13792
14125
13833
14083
14167
37625
20542
24125
24792
24709
24792
23166
23250
18000
22875
23084
23125
23584
23291
23083
22916
22875
22875
22875
22917
23083
22792
23291
22916
23208
17416
25292
25584
23625
23041
22917
22958
23125
23250
22333
34166
48916
28708
13375
23625
24375
24000
18041
23125
22792
22917
24291
23250
28333
18625
23583
23125
22834
22917
23167
23000
23042
22791
22875
23167
22875
22875
21833
53333
49834
39500
31334
53292
85708
47041
45458
27708
11542
22541
23541
22458
22292
33708
20083
23916
23459
23125
23209
22625
23166
22625
22750
23083
23292
23000
23000
23042
22917
22959
23000
22792
23208
22833
23042
45167
32125
22416
23708
24250
19125
23250
23250
22959
23334
23583
18542
23666
23334
23084
23209
49833
28875
27916
10667
23042
23334
23750
23541
23125
23167
23917
22875
23417
23291
22958
22917
23000
23166
22834
22708
22917
22833
22833
23167
22834
22750
27417
14584
22958
22792
22541
23042
22708
23083
22875
22875
22667
22708
21666
23084
22708
22875
23000
22917
22792
22791
22959
25667
23083
23250
22833
23458
23041
23625
18625
23084
23167
22750
22833
42209
25459
29125
23167
24875
17959
23000
23208
23125
22917
23583
23458
18375
27959
22959
15333
16833
19959
10333
14208
14084
14250
14334
15583
15542
16250
14250
14042
14042
13917
14083
14125
17000
13541
12500
16000
8125
14167
14084
14041
14042
13959
13750
14208
50917
64917
43625
19416
23542
24375
23375
22750
23542
23042
22916
23333
33125
19125
23584
22917
23416
23125
22916
23083
23209
22875
23084
23291
23125
23083
21167
30875
21208
24500
25250
13750
24084
27541
30167
13333
21625
27625
188500
172000
98500
70708
47375
22500
107500
81833
58167
34000
11250
20875
35291
10875
28625
19000
86625
61667
38542
13667
26708
23125
25958
26000
24625
25125
25041
24000
24334
23750
23375
25125
23333
25750
26000
16791
24958
27292
16750
25709
25750
18083
23584
18625
25458
18625
23125
22750
23083
22875
24125
14834
14292
14083
14000
14083
14042
13917
13917
14000
15459
15083
14125
14042
14041
14083
13958
13917
14041
14000
14042
13875
13959
14083
14000
14167
14125
13959
14042
13833
14042
13708
13917
13917
15708
13917
14042
13875
14167
14167
13833
13750
14083
13834
14042
14042
13917
13875
14084
14041
14125
14000
13875
13917
14042
13875
14042
13833
14000
13833
14708
14000
13875
17750
14083
14000
14042
13875
14167
13792
14042
14125
17291
11416
28500
25084
23583
23166
23750
22875
22875
22875
22417
23000
22584
23208
22709
22708
22583
22833
22417
22708
22958
22750
22750
22500
23000
22625
22791
22584
22708
22500
22542
33375
23542
23250
23042
22959
22750
22834
22709
22834
23000
23542
23500
23959
29791
16875
23333
22583
22792
23041
23083
22625
22667
22666
23125
22834
22542
23167
22875
22958
22834
22667
22792
22667
22917
22750
22666
23042
22958
22666
22792
23083
22667
23000
49500
75416
52500
42042
60625
42167
11000
23708
24584
23667
23541
23375
23667
23167
23167
22959
23041
22958
23375
26750
24791
23083
22917
23166
17541
26042
15417
23667
22958
22958
23083
22917
22875
22666
22875
22916
22750
22958
22792
22750
22833
23375
22750
23042
22708
22625
22709
22750
22791
22708
22542
22834
23208
22667
22917
22750
23000
23000
22917
23333
22958
24042
23000
22875
22916
22750
23208
22791
22834
22583
22833
22709
22833
18583
25167
18542
15833
13917
13791
13833
13542
13875
13875
13833
13959
13834
14000
14250
13875
14208
13833
14542
17208
10083
14042
19958
8292
15458
13000
14334
14250
14125
16125
16458
14084
16209
14375
13083
15792
15083
15208
14875
14166
16583
17334
10542
14083
14208
13917
14166
14042
14125
14125
14167
14041
14167
14041
16708
14416
14167
14000
13917
25542
28792
45792
51333
52083
80916
60500
34500
12084
24083
23458
23250
53416
88500
67459
41834
12208
23667
23541
23375
24833
23334
23042
23208
23208
22958
22875
22708
22958
21250
23042
23000
23250
22792
23125
24542
22917
22750
23083
22750
22875
30583
10458
23458
23333
23375
22875
12792
23125
22750
32125
24667
23166
23458
29792
27500
23459
10166
23125
23333
23292
23208
23542
27417
20000
23167
22959
22791
23041
25833
23166
22958
22875
23041
22500
22958
22708
22500
22958
22625
23208
22875
23000
27375
24167
23625
22625
22875
22834
23167
22875
22833
18292
28167
14166
23458
22792
22833
22833
22500
22958
22792
23125
23041
26666
23583
22917
18083
23000
22958
22875
23125
23375
23333
23167
23000
22791
18292
24916
24166
22792
22667
22750
22917
23000
23041
23292
22709
23292
23375
30792
19042
24792
23833
23250
23042
23750
25583
25250
26500
19458
24250
23083
23083
22959
17000
23250
22875
23041
23334
23375
23084
23458
23000
23125
23125
23125
23208
23166
22916
23250
23084
22833
23167
18042
23834
23209
23125
22792
23208
23042
23125
22958
23083
23250
17708
24333
21291
15708
14167
14792
16417
14250
14167
14125
14333
13958
14042
14041
14042
14000
14041
13916
14041
14000
14000
14125
14208
14041
14084
13917
13959
14000
13958
14000
14042
13958
14167
14084
14416
42625
46417
32958
17667
23209
23375
22959
23125
23042
23125
22875
23250
22666
23167
23291
22875
23000
23041
23042
23125
22750
23042
23250
22833
23208
22959
22708
23125
22958
23042
23125
22959
18209
25958
29250
23208
23042
22875
23250
36333
42708
34875
42209
41042
49917
33542
55791
54625
41042
35542
39750
21042
23583
18792
23333
24000
23833
23583
23833
24291
23083
23334
23042
23375
23334
24208
23375
23791
23875
23625
23333
23333
23208
23459
23333
22667
23333
23084
23000
23209
23542
23917
23750
23166
23041
19875
23042
23375
24375
24292
23667
23375
23250
23166
23167
23375
23084
24041
23459
23792
23750
23167
23334
23625
23250
23291
23333
23250
23041
23000
23041
22708
22708
23125
23125
23125
22750
23375
23000
22958
23125
22625
23166
23333
23333
23125
26875
21167
24292
16541
22708
23583
18375
23584
20708
14750
10625
14375
15209
15084
10542
14042
15042
15375
15167
14834
10542
13958
14208
14875
15208
15291
15125
14916
15167
14791
10625
14291
15292
14250
15000
14708
10625
14042
15167
14708
15333
10625
13958
14167
14000
14083
14291
14750
14792
14500
14833
14792
15000
14875
14791
14042
14208
14792
15083
14750
15083
14917
10500
14041
15250
14791
14042
14250
19583
18667
10458
14083
15250
15667
10833
14167
15083
14083
14959
10625
13875
14125
14541
14792
14958
14917
14792
14875
14958
14167
15666
13583
8250
12250
13291
8875
12292
12917
9000
12250
12167
12958
8125
12334
13000
8959
12292
9083
12125
12958
9125
12292
12375
12417
13000
13375
13417
11625
50625
32125
28542
49625
29916
49833
51875
54542
89500
72041
32500
30084
43959
60917
43000
23792
17416
29500
56209
100084
81625
58708
36250
16125
23750
17292
23375
24042
23125
23250
24583
24375
23625
23208
22875
24542
23209
24416
22625
23958
23000
23334
18125
21959
23041
23208
22667
22750
34500
22459
30875
23250
23542
22959
23291
23334
23584
22750
23500
17833
25834
18458
22959
19708
23209
22834
23375
23333
23375
22708
23458
23125
23000
22833
23375
22750
23208
23209
23375
23000
23292
22792
23000
22792
22958
24833
18583
22625
23042
22959
18334
15750
15417
10792
14083
7375
14167
14709
10625
21791
18250
7667
14375
14542
18417
12959
17291
18792
14541
17291
17375
22292
12792
19083
24042
23375
10083
17375
14042
17291
17791
17292
17625
18334
17791
13333
17250
17958
17375
18000
17542
18333
17375
18041
17375
17500
17375
18167
17291
17541
17167
17542
17250
17292
17083
18375
22125
10208
13250
8584
12208
12958
8208
12167
12292
12167
13417
13166
13250
12334
13333
12917
9208
12209
9250
12333
9125
12166
12833
15125
17666
5917
14416
9750
14166
10291
14167
15375
15250
10709
14166
14167
14292
15042
14334
14917
14167
15125
14000
14167
14042
15166
14167
14917
13917
10625
14292
15000
16375
35500
27209
18166
23417
23167
18708
23000
23167
24167
23500
23292
23167
23083
23500
23209
23125
23084
23416
22708
23333
23167
22875
23042
53208
90458
70625
49166
28291
31292
23584
18417
23584
25125
24375
25875
20917
23250
19292
25625
10500
23334
17708
22917
22792
23833
23000
24667
23250
23375
23208
24209
22792
24250
23292
22917
22792
22584
23750
22917
23333
23958
23000
24291
22916
23166
22833
23083
23041
23458
23084
23250
17459
24417
18750
21208
14208
15333
14834
14083
14000
14750
10750
13792
14750
10500
13875
15000
14875
9375
14208
15125
15083
15291
10583
13916
14209
14667
14000
15125
14042
14041
13958
14417
13958
14042
15000
14209
15333
13958
14000
14250
13916
14750
14166
14000
14084
14208
14042
10542
13958
14834
14792
15084
13875
14875
13834
14667
13917
14709
14125
14125
14750
15084
10542
13958
14708
14459
10750
14042
14875
14917
10709
13834
14917
15125
16416
9541
14125
15208
9542
12500
12833
8167
12375
14125
13292
12167
12333
8291
12166
13375
12958
8917
12125
13208
12292
8958
12167
13166
13334
9083
12291
13208
13042
9083
12000
13458
12250
12167
12042
13292
13000
12417
12166
13209
12208
13375
12167
12958
9042
12083
12833
8042
12167
13333
9000
12250
12125
8959
12250
13083
9083
12167
12250
12292
12042
13500
12333
13083
13000
9083
12083
13083
12084
13125
12292
12917
12875
9000
12166
12917
13208
12334
12209
12916
12208
13000
30041
15208
23709
23625
23291
23125
23125
23167
23333
23084
22958
23500
23041
22792
23166
23209
23500
23125
23375
23417
23000
22958
23375
23208
23375
23083
23375
23125
23208
22959
23250
28625
11917
24125
23291
23000
23000
19167
23083
22917
23250
25458
23541
17667
11083
14042
14292
15125
10375
13917
15125
15250
19334
18875
18291
17458
17375
17417
17417
25958
18583
22875
25166
24208
23541
23042
22791
23084
22916
23250
24291
27000
17959
23041
23583
23167
23459
23208
17708
24125
20833
25000
23750
24209
23458
23541
10042
22959
23625
23416
22958
18750
24041
27584
24625
28583
20542
23375
23917
23459
23208
23209
23500
23375
23417
22750
22709
22833
24917
23958
23166
23458
23042
23041
18292
23375
22833
22750
23000
23542
50042
31667
26500
12125
21792
15375
50750
75125
59541
39458
22666
18375
22334
15875
22625
23584
15416
21959
22625
15250
21375
23416
16375
21708
16792
21416
22875
16666
21583
21834
16625
21417
16083
21416
22875
16875
21667
22500
16458
27542
18292
22583
14791
21833
22833
16333
21625
22041
16000
21459
16750
21709
16834
21250
22958
21625
21625
22750
22875
16250
21500
23458
21500
16792
21375
16917
21000
16625
21375
16541
21458
22792
21708
22000
22000
16667
21334
22708
21791
16542
21083
22833
22083
23083
21625
22875
21875
16708
21250
21791
12542
16834
24708
9666
13209
13208
8542
13125
8750
13125
14667
11000
13333
9333
14708
7667
13292
8750
12916
9708
13084
13375
14125
8833
13208
9750
13417
9291
13042
8708
13084
8792
13292
9833
13083
8750
13042
8584
13167
9834
9834
9250
13792
16125
14291
15208
9417
13083
9709
13250
13833
8792
13291
9500
13208
8625
13083
9791
13291
8584
13042
9792
13083
8666
13041
13500
9875
13167
13542
9458
13125
9583
13000
9666
17167
7084
13000
9666
12916
13583
8625
13292
9333
12542
8500
11500
20959
8208
14375
7167
12958
11333
11542
8416
11458
12375
7500
11417
8250
11500
7334
11541
7417
11500
7875
11458
7583
11292
7292
11417
7458
11500
12292
7458
11584
8666
11458
8375
11542
7417
11417
7417
11500
11458
7375
11458
11708
8375
11459
12250
11625
11750
11834
49625
97500
79584
57334
34875
12417
23584
18583
23250
18000
23375
23291
18208
22875
17959
22833
18333
29042
12584
23209
23459
23667
23417
23166
22958
23792
23375
24541
23334
22666
23125
23500
22833
23333
23208
24000
22833
23333
23167
23167
22917
23041
22750
23084
22667
23209
22917
23916
23208
23125
23166
23000
22917
23583
23375
23375
18583
19209
31291
16875
24250
23333
23542
23292
23125
22708
22959
22875
23000
22834
22917
22750
22959
22667
22833
22917
22750
22625
25167
36542
33250
47042
53833
97209
80208
57625
35417
15167
23792
24708
17000
23333
18542
23833
18459
22959
23792
25042
22250
27000
16417
23250
16875
23250
23792
23417
18125
23125
24208
23333
23000
23333
23167
23167
23667
23250
23417
23292
23459
23375
23583
22917
23500
23166
25667
18208
9625
14084
14792
14792
10417
14125
15000
14166
15292
14041
14041
15041
14125
14459
14041
14750
14750
10625
14084
15000
14042
14875
10583
13834
15041
10542
14250
15000
11167
13583
53125
39709
37292
39375
21209
24083
17167
23417
18375
23334
29792
37750
46333
45458
55667
54000
50042
29042
15500
54167
51250
75167
56208
97042
80792
60208
40208
22458
15791
22208
17834
21833
14834
22458
16916
21333
16459
21583
16834
21333
14917
21125
22750
15334
21792
16541
21542
22875
17042
21292
22833
16584
21875
23125
23167
21709
22041
16667
18750
22167
22458
15833
26792
24750
11125
21667
23667
22459
9208
21500
16459
21583
22875
22000
22459
16833
21583
23375
22250
23208
22333
16917
21583
23084
21500
22875
22792
16208
16500
22542
14917
21333
16916
23709
25208
23125
22125
16833
21000
16333
21333
16500
21375
17250
17709
14208
13167
8750
13125
9625
13084
8541
13084
8500
13041
8583
12917
13458
9208
13000
9666
13083
8542
12958
9708
12958
9750
13125
13167
13166
13958
8500
16250
9708
15208
9625
13041
8500
13167
8542
12875
8417
13083
8583
12917
13292
9583
12917
8500
13041
9542
13000
9709
13125
9583
13083
13125
9542
13291
9500
13166
9625
12959
8500
13208
8584
13084
9667
13125
9583
13042
13209
9750
13208
13292
9667
13084
9667
12959
8625
12958
9834
13292
8667
13042
14125
9625
13166
13416
11000
11750
7416
11333
8375
11458
7625
11292
7417
11292
7250
11375
11416
8125
11375
12042
7625
11500
7416
11458
7417
11292
7500
11541
7500
11417
8458
11375
7208
11333
7959
11500
7209
11292
11500
12250
7500
11541
7416
11459
12083
7541
11333
8333
11250
11458
8209
11333
8083
11375
7416
11417
7458
11250
8292
11417
11583
12250
7709
11375
7250
11416
8125
11500
7250
11250
11750
13667
11375
11584
8000
12958
5458
11500
7417
11500
7375
11417
11541
7709
11459
7333
11416
8208
11375
7500
11333
7292
11375
11583
8209
11542
11625
11875
11542
8292
11708
7625
11292
7167
11334
7292
11458
7334
11375
11541
7291
11458
12500
15083
5500
12042
7917
11708
7625
27625
46458
89750
71750
47792
26875
17917
23375
25708
26250
19750
25167
17750
22958
17917
23125
23209
23500
23375
23000
17583
24000
23833
22709
23041
23375
22959
16541
15958
23000
23541
23583
23167
23958
46417
31917
12792
24834
9917
23334
24958
17833
22958
24666
24292
23375
23667
24250
23333
28542
37708
36208
17667
28041
18375
23083
23666
18375
23250
24625
23584
24292
18083
23000
23167
25667
13334
27625
20209
23708
23500
23459
23708
23334
23083
23167
16250
23125
25709
23791
35583
36750
26125
18541
20625
23166
18042
23334
24417
23750
23375
23750
23291
22750
23709
24416
23250
32666
23791
18458
23166
18292
23041
23750
23292
23083
23250
22958
23083
22792
23292
33666
17500
23375
25333
24541
23917
24291
24500
23583
23042
22875
22792
23334
22959
22792
23500
23583
23625
23917
23000
24042
23500
11250
22791
23334
23084
23084
23917
26167
25834
23125
22791
23083
23667
23042
23458
23125
23125
22625
23333
23125
23000
22959
23458
22917
22916
22792
23250
22875
23167
23416
23208
23041
22916
22875
23125
23375
23208
23042
22875
23084
22833
23041
30291
12375
22708
22709
24166
19500
23542
23083
14000
14750
14542
10166
14042
14792
14917
15208
14666
54417
92291
32625
29000
11333
21666
16167
22084
17666
21958
15083
21625
22958
22042
22083
17250
21750
14750
21833
16500
21625
15833
21292
16583
24542
22625
21834
22333
16458
21375
22875
16792
21292
16500
21250
21416
22417
16167
25833
14792
21792
21250
22375
16375
21417
22708
21375
21917
22958
22459
22792
22041
16333
28333
8583
18042
21208
21583
22583
22750
14875
21167
22750
16916
21500
23125
16584
21375
21500
16375
21542
9542
24500
18709
22416
16250
21375
29250
25000
17583
21458
22667
16667
21125
22125
16666
21500
23166
21500
22708
22166
12000
22875
19750
6250
13083
13917
8792
13167
13333
13333
13333
14375
15375
10000
13083
9416
13167
14208
9167
13000
18375
11875
14334
13291
9625
13166
8667
13000
13291
13250
19542
15750
16500
12042
16042
10625
15959
12292
15959
10958
16000
16000
16750
10792
16042
10709
15958
12084
16000
8042
19708
17417
16417
17125
10958
15834
12333
16000
11875
16084
12083
15875
17166
16125
12167
16125
12083
16125
12208
11292
14750
13792
16625
13167
13125
13250
9584
13042
8708
13375
15250
5833
13083
9000
17875
18708
8041
13584
14166
8875
13250
14250
8750
13042
13125
14417
9083
13000
8625
13292
9625
11875
14250
9375
12917
14083
8583
13083
8500
12959
8625
13000
13333
14084
8667
16042
7125
15708
14125
16292
9625
13084
9083
13166
9500
13291
13334
9667
13125
9709
13042
9375
13250
9667
13167
9792
13000
8541
13125
8750
13083
8750
13042
9667
11292
13208
5541
11750
14125
8916
17000
9166
16958
17833
24959
15625
21750
16875
21667
22666
16375
21542
16750
21625
18500
23166
26083
8792
21417
16750
16292
21834
16875
21750
17167
21375
22000
16375
21209
15083
21333
16958
21209
23417
19750
23791
15750
21459
16667
21542
10084
21250
16667
21542
16583
21417
21750
21500
22542
16500
21458
19833
17667
21792
16166
24459
9000
22875
9458
21666
14917
21375
21875
16917
28708
23917
24459
10666
21542
17917
21583
16709
21750
21667
16833
21667
17208
25125
23000
15375
21500
16875
21334
22584
21709
16500
21167
22500
22417
16709
21417
23083
23000
17041
21542
21417
29250
24292
16459
21417
16875
18708
21625
16333
26583
32458
28084
19666
24875
10708
22542
21791
14833
21292
22875
17083
21541
16000
21542
27541
21625
26542
11542
21500
16833
21458
16875
21750
16542
21458
22584
9917
21541
16292
21500
22000
15167
21750
21666
22625
16291
21667
16708
21334
16667
21500
16834
21583
16334
21417
22916
16959
21584
22584
16583
21375
24500
24084
28375
24917
31416
11333
21500
16792
21375
16709
21708
16750
19792
17000
26625
12750
22000
16667
21625
22375
22625
17125
21542
24000
16208
21458
16584
21375
16416
21500
9625
21125
23083
16542
21458
16958
21291
16666
21459
22958
25334
16875
21709
14750
21541
17083
21458
16833
21417
22125
16625
17625
22125
22584
16583
21792
22000
17083
21709
22917
23125
16541
21667
16125
21542
23041
16375
21458
21917
22917
22000
16583
21584
21250
16625
21583
24125
16708
21833
16833
21458
16791
21250
22959
16958
21334
21334
21792
22500
16667
21625
16750
21583
23084
22875
16500
21667
23083
21625
22458
22583
16708
21583
21667
16125
16250
15875
20333
17208
22208
15041
21500
23000
16500
16250
24250
16334
21459
21625
16542
21292
23083
23125
22958
22125
16292
15375
46917
25625
29792
15042
22667
16792
21708
23125
16458
21542
16500
21667
24459
16583
21709
32375
8917
56333
101000
80041
38791
46875
26875
18791
28084
18333
16958
25333
7958
6583
9625
6583
10917
8083
10250
8625
10167
7875
10375
7583
10166
6333
48292
45750
63208
44625
19208
23583
24666
24875
24708
23625
23625
23375
23417
23542
24084
23166
23541
24541
24708
23709
23917
27042
18958
23166
23250
23667
23166
22959
23291
23542
23375
23125
23125
23583
24083
23375
23250
22958
22917
23167
23125
23000
23333
23125
23875
23166
23292
18250
23959
23750
23625
23167
22791
22959
23291
23542
23208
23500
22875
23042
23625
23458
22833
23458
23250
23166
23500
23083
23042
18083
21834
23333
16750
15125
15125
14834
15209
14958
14167
14084
15000
14875
14958
14917
10583
14125
14833
10583
13916
14084
14958
14208
14417
15000
15083
20542
9750
15208
6166
14209
9875
16333
17834
7708
14167
10667
14375
10708
14084
15334
10667
14042
15000
15166
10667
19334
6417
14125
15333
10500
14084
15166
10625
14000
15000
15250
10584
13958
14000
14791
15292
10500
13833
14333
14875
15083
14750
15042
10667
14125
14292
14750
15250
15000
10584
14208
14625
14875
10667
14041
14042
16167
13334
9000
12292
12833
8834
12167
9250
12209
13000
12375
9125
12167
12959
13208
8917
12875
8917
19708
8791
14084
12375
12958
8875
12208
13000
13458
9125
12375
14459
13208
8500
12250
9125
12208
13167
9375
12333
13250
9041
12333
13167
13333
9083
12250
13333
9166
12292
13041
9083
12250
12291
13041
9208
12125
13208
13208
9042
12125
13083
13083
13250
12292
12833
13375
13333
9167
12208
13000
9084
12250
13709
13334
12375
12833
13208
13292
9000
12125
13291
13208
13333
8916
12250
12417
13208
9000
12125
6042
13375
12500
13000
8917
12167
8958
11083
12250
13250
9083
12167
13083
9000
12166
13208
9000
12166
10042
14292
13125
9083
12292
13291
13333
8125
12125
13125
13458
9083
12334
13250
9250
12334
13250
8958
12292
13208
9209
12375
12000
12583
12917
9125
16583
14083
9458
12500
16833
13791
9500
9167
14833
16291
17458
19708
12500
10334
12125
10916
15167
16666
5917
12166
13667
16542
8625
17666
30916
30916
26292
18625
29584
11334
22500
12125
21666
16708
21584
23333
14833
21667
15292
21959
23292
16209
21792
15083
21417
22875
16583
21417
23000
23084
21541
16708
24875
15250
21875
11250
21542
16959
21750
22666
22500
22542
23000
21750
22250
22041
21958
21917
22791
22916
22333
22667
22875
22709
21833
26791
20625
23125
23000
15375
22000
15125
22750
17875
21458
14750
21542
15375
21833
17042
21750
22917
23125
16875
21667
17250
21583
21792
16875
21666
23458
16583
25625
12625
21791
16708
21875
17000
21750
22875
23042
22542
23333
21958
23375
22875
22959
16708
21542
23459
16875
21750
22708
16750
21708
23208
22792
17208
21708
16916
21583
22625
23125
16959
21750
19083
21750
22750
23000
16875
21750
22875
22042
22334
21875
22625
22125
23916
17708
21875
22041
22292
22250
22333
23166
17000
21750
22500
21708
22750
23000
22666
16666
21542
21875
22458
23125
23083
22625
21625
22750
23084
23084
16958
21583
16750
21583
22833
23167
26708
17292
22083
25041
16291
21750
16959
21458
22791
22458
22667
23083
16750
21458
21542
21792
22792
22917
23167
21875
15000
21708
23125
23083
16917
22000
22500
23042
23084
22000
22708
22833
22458
22000
23083
22250
21666
22375
23083
22375
16709
21625
16375
23541
27416
17125
26292
11166
22916
17958
22500
20708
9125
22417
15334
21917
17084
23292
17750
22333
26542
10500
21625
24167
15917
21708
17000
21709
22750
16541
21708
16708
21708
15750
30375
12542
54000
101167
85709
30583
21292
22583
22750
37250
29833
26084
10667
23833
11042
21458
15583
17417
22625
15250
21584
26084
20500
24833
17333
21584
14959
21417
16417
21583
22416
15750
21666
16792
21667
22959
16958
30542
27542
11208
22000
16709
21833
22041
23041
14958
21791
21041
19708
17625
26625
24208
15750
21625
23167
22667
22500
16666
21959
22833
22208
21375
23250
16250
21459
17125
21500
23083
23083
16667
21375
23125
21666
16708
21458
16459
21750
16875
21458
22083
16459
21125
22667
24458
15458
21625
16791
29708
9292
21709
16750
21625
23292
23334
21709
21583
22625
22042
22250
22666
16833
31542
48375
74959
56584
32333
13416
23291
15708
21750
22750
18000
21792
22125
15291
21416
16625
19375
22125
23000
14917
21250
21542
16541
21625
16125
36917
36625
21542
16667
22333
17083
21417
15417
21708
15125
21875
21875
22250
17167
21834
16375
21541
16791
21625
30792
18250
23125
17459
21875
15208
21375
22666
16291
21750
16833
21958
23208
16583
21792
16375
21666
16709
50250
83667
67583
45291
24208
17708
22792
16750
21708
17084
21542
22083
30000
30125
12166
22542
15959
21625
11209
21417
14833
21542
16416
22083
14750
20833
24500
17542
22500
16709
21709
25041
9375
26583
12875
22041
16834
21541
22792
14917
21917
15500
21583
16333
21958
22709
21583
23458
24500
15459
21833
14750
21500
17083
21708
24291
14792
21625
23083
16834
21542
22958
22375
16750
21458
16583
22334
16625
21625
25625
17208
21667
22625
16500
21584
24625
16375
21541
23125
16542
21625
16084
21625
16584
21500
24875
17916
21834
22916
15417
21542
15000
21583
16709
21750
16541
23292
9958
25875
9708
21834
14791
21416
14833
21584
16791
21666
17166
21583
21708
16458
21500
16750
25083
26334
16833
21750
16833
21917
24917
13000
21458
15167
21292
16667
21291
23167
16625
21708
22792
21916
16917
21458
25458
22375
15958
22042
17166
21584
14583
21334
16667
21708
14792
21625
16958
21500
16791
21500
23416
22042
42375
71792
54541
34917
14916
22167
16708
21708
16750
21583
15458
21834
14750
21500
16875
21708
16875
21375
23000
21875
16542
21625
21542
21708
22792
23083
22917
22791
23125
16875
21333
22875
23041
21666
23292
17041
21375
22458
16750
21666
21875
21500
22875
9208
21791
16750
21583
23291
22833
22125
22667
22375
21833
22791
22416
21583
22417
16750
21709
57167
54041
89750
75375
55250
55583
49042
48625
42750
61708
46375
26750
20583
22667
16334
21750
17000
21709
23208
21667
16791
21458
23167
23375
16500
22709
16583
21584
22834
16708
21959
16875
21417
22375
44709
38500
52333
86125
45750
56041
90625
34959
57625
100042
84250
62333
33958
13833
23542
17167
23583
24083
23458
23166
22958
18500
18458
23583
23459
24500
24458
22834
23208
22958
23417
23000
23125
23208
23375
22875
23250
23166
23166
22584
23458
23042
22917
23250
23583
22750
23542
27250
21541
26750
19208
23208
22917
23334
23334
23000
22958
23791
23000
23167
22917
22791
23375
22959
22875
23542
23042
23292
23375
24458
16250
9459
13750
14958
15292
10334
13667
15000
13959
14500
13875
14834
14291
14834
14917
10292
13875
14750
13917
14750
14000
14208
13917
14750
14125
14791
13916
14708
14041
14875
14291
14584
14125
14958
14750
16375
9958
18333
16417
8833
13959
14083
15000
14000
14750
14125
14625
14083
14833
14459
14791
14833
15167
14833
14084
14000
14917
13958
15042
13917
14917
14792
10625
13959
15041
14042
13833
13750
14667
14875
14959
14000
15000
15000
9708
14042
14792
14000
15000
14791
10500
11458
15292
13000
13333
12750
12375
55083
80167
61792
38667
18625
23792
18041
23166
31916
11375
23042
23416
24459
18167
23042
22542
23084
23208
23334
40209
40542
21250
23542
24667
17000
23500
18417
22958
23250
23500
34833
54000
77458
55958
75917
56000
33750
12167
23916
18208
23333
18625
23375
23750
23542
23375
24084
23916
24542
23583
23166
23292
23375
23458
23375
23125
23000
29750
39792
27833
9459
14500
8792
12334
8292
12167
9083
12417
19208
8334
12958
9417
12375
9292
12208
9000
12250
9083
12208
12250
13083
9250
33250
11583
23708
23792
23542
23709
22916
23625
23208
23208
22958
23000
23292
23500
26542
24875
23791
25750
18166
28250
16792
23042
23667
23208
23166
23208
23042
44083
51166
33917
12375
24042
16833
23166
17083
22833
23584
23375
23500
23292
23459
26750
16958
22875
23875
23250
23584
23125
23583
24542
24000
24458
22958
23250
23333
32708
17958
23416
24000
23417
23667
23292
24709
23042
22959
22666
18167
26167
18250
22875
24125
23458
23167
22833
23125
23042
23292
22917
23042
23459
23333
23042
26000
18416
23291
23041
23125
23167
24167
23375
23042
23709
24834
25834
18292
23083
23500
23000
23541
23000
25500
27708
17917
23250
18083
18416
23708
25750
16250
23333
23334
24125
23208
23291
23333
23375
23209
23041
23166
23042
23167
22750
23208
23167
23375
22833
23208
23333
22916
23333
44334
14708
23250
24250
23584
16667
23084
24292
23000
23958
24167
23042
22875
23375
23333
22917
23000
23208
22916
23167
23042
23250
23292
23083
22792
23458
22750
22917
22541
22959
22667
22667
22875
23000
22709
23083
22625
22916
24083
31042
17875
24959
24000
24292
22958
23083
22875
22916
23625
22583
22958
22709
22792
22958
23125
23208
23333
22667
22834
22667
23083
23125
23250
22917
22875
22792
23208
22792
23500
22708
23125
23042
22958
22875
23250
22500
23333
23000
22417
22583
23750
23292
23042
22708
22916
22500
24375
23000
17125
14083
14750
13916
14917
14750
10750
13916
14250
13875
14625
14208
14083
13958
14791
10417
13834
14083
14791
13833
14708
14000
14916
14083
14000
13750
14959
14084
49542
88959
70625
48417
23167
56625
50625
87083
68292
48500
72416
51917
32042
10916
23625
17375
23166
16500
23125
24084
23125
23000
23375
22958
22666
22791
18208
26583
23042
25791
16584
22833
22917
23417
23708
23042
22500
22958
22792
23458
23084
23333
23166
22416
23208
22791
23125
22958
23167
30708
27250
19541
23833
23333
23667
23042
22916
23334
22875
22791
22875
23500
23208
23334
23083
24875
23791
23500
23292
23291
22875
22959
22917
23041
23292
17458
25083
22208
14042
14917
14334
10416
13875
10500
13958
14833
14000
15042
14042
14959
13875
14750
14167
14750
13875
15000
15041
15167
14042
14959
14125
14334
13917
15334
14083
15000
14959
14833
14709
14208
13875
14667
14708
15042
14584
15250
14083
14792
14000
14584
13875
15584
14292
10208
10791
11416
18000
12709
15792
15250
14875
15000
14750
10500
14042
14834
33250
41083
41042
42334
37833
50666
94292
77416
59291
38167
16375
54417
93667
76625
55042
32584
13291
23709
18541
23333
16500
23167
32583
21334
17292
23208
16917
23541
24542
18041
22959
23542
22833
23291
23125
23458
23125
23250
22916
22667
23000
22792
23458
23416
23083
23333
23125
23041
22708
23250
23042
22750
28166
17000
8875
14125
15083
10583
14000
15416
10667
13958
15083
15125
14000
15125
14000
14875
14750
10542
13958
10250
14000
9375
14167
10625
14083
14083
15125
15042
14916
10583
13875
15209
13959
14583
14166
14625
13917
14792
14000
14291
13875
14917
14375
14875
14167
14917
14000
14750
14042
15125
14083
15167
14208
14833
14792
10625
13834
15000
14708
14000
13917
14833
14125
10417
14084
14958
14000
14958
13958
14750
15292
14917
14667
10000
14084
14792
14916
10500
13958
14791
14625
16709
14583
15583
5875
12042
12833
12417
12250
12333
12375
13292
13250
12834
8958
12125
13167
12916
9208
12125
13167
12125
13042
12125
13208
12000
12958
12333
13750
13250
12291
13292
12333
13250
12458
13166
12166
12750
12250
12292
13208
12916
9125
12208
13125
12791
13333
12250
13292
12000
13292
12500
13000
9000
12209
12250
12875
12125
9125
12167
13000
13125
9125
12083
13000
12209
13250
12958
13458
12750
9083
12333
13292
12417
12959
12084
12250
11959
12958
11958
12959
12125
13167
12208
12916
12125
13167
12167
13125
12292
13167
12292
13042
12375
13209
12416
10167
12208
12833
12375
12834
13375
9125
12042
13084
8791
12084
12958
9000
12167
12125
12042
12792
12750
12333
12750
13000
12917
9042
12209
13042
12417
13083
12208
9042
12167
12208
12000
13167
13209
9084
12167
13250
13334
8959
12167
13042
12250
13167
9208
12250
12833
8041
12083
9041
12208
13000
8083
12167
13000
9084
12292
13209
9042
12125
13042
9000
12125
13208
8875
12167
12917
12208
12833
9041
12000
13000
13042
9083
12208
12500
13041
13291
9041
12292
8958
12042
13125
13458
8000
12209
12167
12833
8917
12250
9125
12083
13167
9084
12292
13125
8792
12667
15250
8292
12125
13083
9000
12209
13125
8916
12167
13041
12958
9125
12209
13083
9042
12125
13041
9042
12250
8417
14375
11542
13584
13250
9125
12125
8916
12125
8958
12125
8958
12125
12375
8166
12083
13375
8959
12209
13250
13833
7917
12542
4792
13666
9500
12167
13292
9166
12375
13125
12375
13333
9042
13708
9083
12167
13167
8875
12208
12500
13125
12291
12917
8958
12208
13334
9041
11958
13375
9208
12084
13250
12208
9000
12250
13833
8292
12250
13083
13167
8250
12000
13083
12250
12958
13208
9084
12167
13125
9209
12166
13250
13084
13750
13416
13083
12417
13042
9042
12083
13042
8959
12167
13166
12250
12500
12416
13209
8958
12041
13041
9083
11958
13042
11625
12375
12750
8959
12250
13125
8042
12209
8959
12167
35833
34041
27042
10000
22833
24875
18375
23750
24083
24042
24208
24333
23959
23333
23542
23209
23292
23042
23209
24000
18666
20875
21834
23541
23250
23417
23167
23875
23000
23167
22834
23292
22791
23541
23458
23125
22667
23417
23125
22875
22958
23708
22958
19458
18667
22834
23041
23083
23167
23625
22834
22750
23375
23208
22875
23167
23250
29375
13583
23166
24625
24375
24459
18208
30250
24750
25250
24292
23250
24291
23417
23500
17500
25417
21917
23459
23709
23625
13500
23541
11125
22750
24167
23917
23917
24084
23250
22958
23166
23083
23000
23500
23167
22959
23542
23292
17958
26375
16958
23834
24500
24209
23125
23125
23375
23417
23375
23292
23167
31292
24708
24125
23542
23209
23458
23666
23125
23125
23041
23292
23667
23000
23166
23042
23334
23083
19792
23833
17458
13875
15167
15083
14125
14667
15084
15292
14208
14709
15042
15042
10791
14083
14708
14458
25833
18458
23500
18334
22958
23417
31417
26042
28458
37625
49584
29000
14708
54791
97334
79125
31333
15833
22958
18250
23291
17500
23208
24291
24041
25417
15875
23875
25167
29667
18792
26500
33917
34417
18000
23750
17250
23584
26792
19542
23459
18709
23042
24833
18333
23292
24417
24250
23875
24458
25333
18583
23291
24041
24709
24334
24333
23875
23167
23250
23167
23000
23417
24250
22916
23125
22834
23292
22917
23917
23125
22958
24375
23709
23250
23666
23208
23916
22709
23166
22833
23416
23084
23334
22750
23375
22666
23042
24625
24000
23459
22917
23458
23208
23208
23208
23667
23958
23708
25083
14834
14792
15333
10458
13958
14333
15041
10500
14042
14916
15000
10583
13875
15083
14167
14750
14084
14917
14000
14625
14667
14958
10125
14042
14125
15083
13959
14084
13917
14708
13916
14709
13958
14333
16000
15792
9417
14000
14125
15083
14083
15292
15000
10666
14083
14125
14250
15375
14042
14250
14083
10583
13834
15125
13750
14792
14084
14833
13875
15084
14167
14834
14167
14792
14084
15208
14167
14625
14208
14792
14208
14000
14000
14916
13875
40625
65083
36500
39792
27875
28625
39959
36208
38708
51584
34166
12041
23458
18375
23292
39166
38375
36083
30625
45584
41583
53666
54333
97042
45500
49708
90166
74459
53750
34875
15667
22459
16333
16666
22125
15584
21792
15500
21375
17041
21500
23292
53000
54792
51583
54333
94000
79083
57625
37167
19125
17958
22250
17917
21500
16459
21792
16750
21625
14750
21709
14625
21417
16500
21625
16416
21583
21250
22375
15708
21375
14541
22209
16791
21375
22917
22583
16750
21416
23083
22667
23083
22000
21667
36875
35750
16750
23750
42833
44208
52666
31875
27083
47416
57458
45125
58333
34500
23625
18667
23292
18292
56334
86584
51209
42875
56250
38750
20083
16291
22083
17792
21625
15875
22083
16958
22417
15625
21833
16917
21750
16916
21667
16916
22083
16541
21584
14083
22833
15084
21709
23125
14666
22708
26291
17416
21667
22917
21833
21875
22500
16958
21875
8959
21375
22792
23334
17041
21375
21667
21916
17041
21375
22750
22625
16750
21583
22792
28500
10084
21917
10125
24458
13167
17458
22083
15791
21917
8958
22042
16792
21292
15334
21625
23542
23084
15042
21375
22791
16750
21708
23041
16666
21708
31167
26209
25625
11791
23333
16208
21458
21667
22417
16417
21667
16834
22375
23291
28083
27625
10166
21500
21458
22209
16292
21500
16750
21375
22834
21750
23000
21292
23125
17166
24416
18917
13542
13958
9000
13166
9709
13208
9750
13125
4958
15959
8916
13083
9666
13084
13167
8667
13084
9875
13041
13291
13833
8542
13125
8625
13166
8583
13000
9750
13083
8792
14667
9000
13041
9792
13125
9583
13166
9875
12916
9750
13250
13375
8625
13375
13250
9834
13208
14666
10625
14042
16834
9125
16333
17458
11000
16083
12250
16125
17416
12208
16416
16042
12541
16084
12459
12542
12042
16750
12458
16292
31750
26125
11417
21917
15291
21583
16583
21917
16708
21500
16625
21875
25875
9417
22292
15334
21750
16750
21500
23209
16750
24542
18208
21875
17042
21833
16834
21500
16917
21709
23292
17125
21583
23125
16417
21625
22541
16833
21958
16625
21416
23209
16625
21541
22292
23000
16375
21375
22791
22666
22833
23000
16666
21416
21541
22833
16667
21375
22375
29000
12166
21500
16625
28541
10792
21500
22750
16500
21459
22583
23125
22750
22500
16417
21208
22833
21750
22541
16584
21250
22500
17000
21334
16875
21583
22875
16667
21500
22709
16750
21542
22625
22666
22583
16666
21459
21792
22667
21333
22292
22417
16958
21542
16375
21334
23042
16667
21333
22708
21584
15791
23667
7958
13125
9791
13084
53083
101792
70500
49833
29292
10667
22834
17833
21708
16208
21791
16959
22000
21916
14917
21625
16792
21750
18584
21708
22584
16458
21166
22958
21584
23042
16958
21667
22833
22791
22167
22125
22834
22375
22500
23000
22750
21459
22041
22625
23167
9833
22916
10584
13000
9583
13250
9750
13125
9834
13084
9667
13041
13125
13792
27833
11792
23042
12666
21958
15250
21709
16542
21833
23083
17000
21875
16542
21459
23458
22708
16750
21584
16458
21792
22750
22667
50958
90625
72625
50916
30000
10375
21917
17125
21791
18375
21625
21917
22833
14792
21375
16667
21667
23083
16500
21667
15083
15792
24166
14125
22625
22292
22458
22458
16709
21417
22917
22792
17125
21708
22375
21500
21875
22083
22083
21500
22416
22042
22583
23042
22917
22708
16667
21792
23292
16542
21458
16709
24125
25083
23084
16500
21416
22708
16875
21625
16500
21875
16666
21583
22833
22000
22917
22125
16500
21584
23000
16291
27833
15583
24458
11750
13167
8500
13250
9709
13208
9833
13084
13292
9833
13291
8666
13167
8500
13292
9083
13250
12583
14208
14541
11417
13084
13083
13375
14041
8625
15375
5292
13459
7042
14250
9917
13208
8541
13125
14375
9792
13375
14209
8875
13125
14166
14458
8667
13041
14666
9959
13041
13375
8542
13083
9708
13041
9708
13209
9875
13042
9834
13167
13291
9750
13500
13292
13458
13958
8791
13125
14375
9792
13208
13334
9500
13166
13209
13833
8916
13125
14041
8917
14125
8334
11542
11666
7584
11583
8459
11458
8250
11542
8500
11750
11750
12125
8458
11291
8375
11375
8416
11292
8333
11417
8375
11541
8208
11500
7500
11458
6334
11541
13750
4792
11375
8291
11708
12542
7583
11542
7500
11458
8666
11416
8417
11542
11833
18166
9083
13583
9958
13292
14417
14084
9833
13334
19500
15875
14541
9958
13292
9708
13292
10000
13375
14583
14250
13667
14166
13625
14375
13792
9167
13250
20958
6834
16375
17750
17333
12250
16167
17417
17333
12375
16416
16584
16666
17541
17417
17166
17083
12292
16125
17334
17291
17708
25458
22709
22375
16500
21667
23250
29542
8791
27416
18583
23042
21541
24833
17375
18292
23833
38958
26583
23250
23625
17084
22125
16750
22167
17000
21792
22958
16875
21583
16583
21708
23083
17792
21833
22000
23250
22917
22500
23209
23083
16209
21875
25416
8542
21250
21834
23000
16750
21333
22334
22791
22250
21708
22583
17041
21541
22959
22000
22792
22208
22875
22250
22708
21792
22167
22875
22833
23167
22959
23334
22625
21708
22375
23416
21583
22750
24583
16375
21708
17166
22125
25250
13375
23500
15833
21417
23042
21667
16834
21583
22792
23083
24417
16916
22917
17125
21708
23500
21709
23000
16791
21709
22792
21833
21958
23042
24334
15333
21917
22791
23500
16750
21458
16500
21500
23167
22667
21875
23000
16792
21709
23292
22084
26917
9958
21959
22625
23167
23125
22959
24791
27250
38542
50292
32875
12791
23500
17875
21792
15292
21708
16584
21875
21792
23083
17000
21667
23708
23333
23041
16916
21583
16750
21542
22000
53500
78042
61875
41500
21500
16833
22292
17542
21875
17208
21708
16291
21875
16583
21500
16833
21667
16833
16375
16000
23875
22375
19875
22708
17292
21833
15917
21792
15500
21292
16708
21625
17458
24500
22875
17250
22000
16958
21792
16500
21625
15542
21667
15167
21584
23125
23083
17125
21625
22959
22542
16833
21458
16333
21208
22666
21667
22625
16458
21500
23125
16667
21291
16958
21333
18167
30958
31750
42667
48250
56208
32458
18042
23416
13208
22084
15917
21500
14833
22125
18125
24042
54708
43750
62834
44958
25375
17959
50500
53792
47541
64667
48208
27250
51000
89792
72959
51667
32750
14875
22166
19042
22250
15208
21791
22125
23583
15375
21417
16292
21625
15458
21292
14875
21250
44875
56917
38458
46042
59917
42875
53792
89000
73834
52916
33625
14917
22250
16166
21709
16875
21625
22000
14750
21666
16500
21500
17666
21542
17833
21625
23166
22792
21334
21584
22584
29541
25417
18416
22625
16084
21500
15750
21708
16958
21792
23041
22167
16875
21875
22917
22833
14916
21625
22958
22292
23041
22541
21750
22125
23041
23250
25958
15750
21625
22709
16875
21459
16666
21792
16875
21500
23291
21584
15792
24834
24250
9708
21833
22792
14792
21333
16667
21375
21625
21875
22416
21833
22750
22833
16416
21375
28750
28541
29166
11292
22500
16500
21500
21584
23000
22458
22500
21708
22750
21625
28541
25167
20083
21458
16708
21292
16584
21500
22875
22583
16834
21875
16334
21458
22667
21792
22917
22166
22708
16791
22667
7791
13416
8667
13042
9667
13333
9666
13166
8500
13000
9625
13167
13208
13875
14042
9625
13125
13709
14459
14167
8584
12958
9583
13042
18917
11750
16166
17084
10625
16750
10916
16125
12084
15916
12417
16209
20708
13542
16167
16834
12458
16166
17000
16833
12458
16125
16208
17333
12500
16334
12333
18125
9541
16209
16291
12666
16209
12208
16708
17541
17292
11416
15791
12167
16083
12417
16167
17083
16250
12209
16083
12208
16041
17375
12500
15958
16666
12333
21625
11792
13584
9333
31958
17250
21833
17000
21583
22500
22875
22875
14958
21375
22958
21875
17000
21583
17625
21708
16750
21625
22917
27583
11459
31833
29375
48375
29625
26209
9875
23459
18416
23334
24334
17750
23583
24541
17959
23000
23625
22792
23208
23042
22958
23083
35584
23667
26416
39375
18209
23458
24459
18542
23250
23125
23375
23084
23083
23416
23083
23167
23000
22958
22750
23333
23875
22792
23208
23250
24125
22708
22875
22667
23250
22750
22875
22708
23209
22833
22750
22875
22625
22583
23417
22875
33125
24750
24125
23334
23666
23958
23625
24166
18083
24209
20291
14084
14792
14792
10625
14167
14958
14167
15209
14875
10541
13792
15291
13959
14042
13958
13959
13792
15125
14292
14833
15292
43416
43417
53583
84250
26750
16667
22416
16958
22417
16375
21833
41750
54333
35209
51708
27833
21417
26458
11875
31500
50875
45875
77542
61708
39875
20292
15958
22042
17000
21792
30042
17917
21958
16458
21500
17000
21458
16791
39917
53834
45042
55875
83125
64292
44250
23459
25541
17792
55375
46875
52958
41583
59208
38667
60792
55542
43666
51208
24208
54834
41916
49583
90458
39334
21958
25500
56333
91500
76417
56333
37041
18709
17333
22667
17667
26000
25542
24917
17333
21750
14916
21459
16584
21417
16875
21417
22750
16542
22042
16584
21541
16833
21667
16167
26000
23292
9000
21334
19667
22750
16750
21583
21834
24083
23084
15417
21500
23292
22459
16792
21375
17000
21125
22625
22750
17000
21167
16417
21292
23083
22958
21375
21792
16625
21625
23042
23167
23250
16583
23708
13292
21666
21458
22209
16500
22000
22125
23334
24250
36917
36833
19666
23209
16334
21750
17000
21375
23292
15208
21542
21375
22875
16625
21416
22917
16958
21333
16792
21250
22166
22792
21375
21958
22291
22791
16667
21625
21875
22917
23166
21667
9458
22125
25459
44000
51417
99250
82166
61583
46875
27875
16625
22375
16708
21583
16417
23208
15417
21625
16750
21583
16375
21792
23334
16875
48375
23000
39709
48042
48500
60625
43375
24083
17750
22166
15750
21458
16792
21708
22042
21833
21750
16625
16541
21958
16291
21541
49375
21083
26875
11375
21834
18667
21834
16750
26833
20917
25750
8292
21959
18792
22084
22125
16750
21708
22791
16792
21917
16916
17458
21791
16417
21708
23083
23042
22958
23250
22667
16625
21500
16708
21416
16333
21125
21792
16958
21542
22833
23209
17042
21292
21917
23167
22625
15750
20291
16958
14583
14083
9333
13333
14000
9584
13167
9583
13167
13250
14250
9167
55209
53375
68209
42875
55000
100708
84917
44666
67333
46584
23750
17167
24083
16541
23292
24834
24042
23958
23750
23042
22917
23000
23208
23166
24417
23000
23083
17917
22834
23166
22833
23333
22834
23875
23584
22959
22792
22958
23083
23125
22667
32583
41416
37000
21375
28083
18333
23458
16417
24375
10333
23083
25125
26708
20708
26875
23000
26000
14541
23375
17667
22958
24500
18417
23125
23417
24042
17916
23125
23083
23292
17667
18250
23208
23167
23041
23500
23959
23500
22958
23042
22583
23291
22917
22750
22417
23000
30791
24375
18042
22709
23209
23959
22917
22916
23084
23125
22750
23625
22791
22459
22709
22791
22375
23333
22708
22708
22875
22792
22792
23125
23416
23542
22917
23083
25250
17792
23375
25875
26625
17667
23666
24416
15291
14542
10458
14042
14000
15125
14667
15083
14208
14875
13916
15208
14083
14917
13833
14708
13959
14792
6625
17125
7334
13917
10541
13958
14833
10625
13875
14541
14208
14625
14041
14958
14250
14750
14250
14208
14000
12875
14167
19750
13334
13417
15125
10792
13959
15125
10583
14000
14083
14917
14167
14833
14542
15042
13958
14791
13875
10666
13875
13958
13834
14709
13708
14208
14166
14500
14084
15042
14875
10541
13708
14125
49250
83125
63750
42708
22541
18833
23542
17083
18667
23625
16416
23083
23291
23209
22958
23041
23042
23584
22875
23084
23167
23125
23333
30333
16500
25833
14667
23583
16750
22833
23333
24417
23500
23416
23125
17417
24166
24459
23250
22959
23000
23041
23083
32333
25959
24875
23417
20250
23250
23083
22917
22959
23084
23125
22750
23459
23042
23375
23000
24208
23125
23542
22625
22750
23125
22875
23042
22916
23417
22875
22792
23209
23000
23250
22583
22916
22834
30916
24666
23542
22750
23708
23042
22833
23292
22875
22625
23500
22750
23458
18500
23208
23500
23667
23250
23292
23292
26709
13875
14959
14291
15291
14959
15125
14250
14291
14000
15042
14709
14916
15459
40125
28292
19459
23750
27000
22375
26500
18459
23459
24125
23583
23417
23083
18125
17500
24458
18042
23708
23875
23333
23917
23333
22958
23167
23125
23375
23125
23833
29709
16750
23209
31250
17375
26750
16834
23125
24250
24000
23208
18000
23167
23917
23042
11875
25083
27791
17792
23083
23875
23209
23042
22958
23167
22666
23542
22959
22875
22917
23084
31292
39875
66625
46875
24583
18791
23542
18500
23208
24708
18500
23084
23500
24250
17333
43250
47458
43625
44084
46125
55083
54417
38042
45166
33792
37375
22625
24958
23584
12042
23833
11458
21792
17750
21792
22000
16667
26375
14250
23708
17625
23500
18334
23208
18458
23667
20541
23042
23333
24333
23709
24458
23250
24084
18333
23166
23500
25000
18542
23250
23542
24584
25125
23541
22833
23416
23375
23250
23167
23084
23208
23416
23209
24125
26250
24375
24416
23542
31917
13916
24166
17917
23459
18500
23667
25000
24417
24167
18500
23334
23375
23958
24166
24042
23417
23375
23583
23500
23834
19458
23209
24625
23916
23416
24083
23167
23084
23708
23417
23250
23083
23125
23750
23375
23667
23375
23541
22917
23375
28042
13334
23250
23583
23667
23042
23208
23584
23542
24042
23125
23250
23750
23792
23250
23375
22625
23167
23459
22917
23000
24125
23208
23291
23625
23000
23084
26958
19625
23333
24958
24125
24042
23875
23166
28083
22666
23375
24042
18333
23208
24833
24792
25625
19083
25292
48958
55542
54750
90750
74625
51417
30250
39958
24708
20042
23166
24334
51333
89041
71375
47542
22125
24084
16834
23375
16583
23209
17875
23875
32166
18000
23333
18500
23625
28541
23041
25709
17542
23500
17333
23125
18042
23500
24292
17917
23083
23125
23417
23458
23458
23042
23416
22834
23458
23000
23209
23125
23166
23125
22875
22667
23500
23042
23083
22792
23458
23250
23083
23166
23500
22875
23458
22792
23292
18166
24041
23375
24042
23292
22875
22708
23250
22833
23083
23875
18292
13834
15125
14417
14084
14208
15000
13875
14709
14208
14667
14125
15042
13958
14709
13916
14916
13958
14625
14084
15000
14333
14916
13917
14791
14042
19958
31125
48209
85583
67375
42834
20416
18458
23167
18209
23417
42917
43083
65542
28916
54416
90250
45333
50625
36833
30500
43958
54208
37542
55125
95667
82000
62125
34042
15584
22417
19083
51458
103791
53333
43083
57083
29917
22166
17917
22500
17417
21958
18833
21667
16125
21541
15625
22084
14542
21458
15875
48334
53167
41500
54875
54958
56750
54250
52500
86292
71458
49959
28208
46625
73708
55750
53125
34250
53833
38292
37000
39750
23667
18375
23625
18584
23417
18083
23167
24000
24584
23334
18291
23292
24125
23541
24000
23666
28334
49333
89416
72417
50583
27542
19125
23541
55542
110000
55417
53750
55917
34459
39917
34000
41125
59416
51458
51917
51292
95292
81959
62750
38166
19834
15375
22250
17209
21708
15375
21708
21792
16666
21708
16375
21625
15834
23542
16250
21500
15291
21542
21625
21875
16875
21334
16875
21458
16916
21625
22875
22709
17042
21500
22833
23292
14708
21333
16792
21750
16667
21833
22042
16917
21834
16375
21375
22750
14625
21250
17250
21458
23166
21625
23083
43167
39084
41292
25167
18750
22417
38041
52834
46917
49750
73917
48958
94000
78500
57917
40458
21833
15750
22417
52583
32208
26833
25333
23584
17958
21834
24000
17625
20417
20416
27667
9458
21834
14917
21959
15125
21583
15041
21416
16792
21417
17042
21417
21792
22625
16625
21500
15083
25542
16792
21917
14959
21625
16958
47583
25708
22083
21625
21625
21792
25833
20250
22875
21667
21250
21625
21833
21958
21583
21542
21834
26750
10042
21459
21792
21500
17209
21041
22125
21750
21542
21584
21542
21209
21583
21458
21500
21583
21417
25958
31916
26375
15375
21750
21583
21333
21292
22083
21250
16667
23083
25583
24875
15167
21625
21542
21333
21458
21666
21167
21500
21250
21375
20084
25125
24625
15209
21916
21417
21375
21625
21375
21500
21375
21667
21792
39583
73625
63208
48250
54291
94167
76292
52375
28834
21084
22291
23167
27625
17250
21500
23000
21416
22541
21208
21584
21916
21875
21584
21375
21583
31500
14459
22292
22041
21750
21541
21667
21458
27250
16083
21875
22375
21667
21459
26125
22167
21208
21250
21333
21417
21833
22000
21416
21500
21292
21250
26750
19500
25083
18042
9917
13250
15833
14917
8708
13167
13125
13208
13208
13125
13042
13292
12959
13334
12958
13333
13041
13625
12916
13333
13042
13375
13083
13167
13000
9667
13166
13292
13000
13333
12958
13250
13000
13958
13125
13375
13000
14042
13250
17125
14458
8750
13167
13292
14250
9667
13209
13209
13208
14542
13291
13250
13042
12833
13792
9708
13833
14708
10041
16500
13625
19875
17625
7667
13250
10042
13167
14208
14417
13334
13042
13208
13042
13500
25542
15250
21500
22208
21791
21500
21500
21625
21208
21375
21375
21208
21500
21000
21417
21209
21333
21459
21417
21500
21250
21500
21625
21542
21208
21292
21375
22000
28500
30375
18375
22500
23459
22334
17125
21667
15250
21667
22000
21541
21666
21500
21792
21500
21292
21417
21333
23375
22209
23000
19209
21584
21625
21708
24792
16458
23167
18209
21833
21875
21708
21542
21542
21667
21584
21583
19625
22250
22250
21667
21166
21542
25958
31125
26000
24667
24333
21459
21167
23875
16791
22000
22083
21500
21583
21500
21459
21083
21292
21792
21250
21458
21792
21500
21208
21625
21250
21083
21500
21625
21917
21375
21375
21166
21625
21416
26458
15167
21708
22083
21458
21584
21500
21584
21416
21542
21083
21542
21583
21500
21292
21708
21292
21292
21250
21375
21292
21416
21708
21250
21292
21458
21334
21417
21416
21334
21375
21250
21333
21292
21625
28333
24666
17000
21500
21541
21042
21542
21958
39417
32666
57000
55542
43209
29709
52958
32417
16166
22625
16375
22084
23208
22959
22417
16583
21625
21792
22000
21625
21500
21625
21459
21250
21791
21958
21542
20333
9875
22375
22166
21834
22083
22167
22583
21083
21333
21458
21709
21584
21666
21750
21750
21333
22208
21834
21292
21333
21417
21583
21542
21750
21416
21458
21042
21875
21083
21334
22125
21667
21458
21334
21291
21709
21708
26041
21708
22042
16917
21958
18542
22000
23000
22542
22666
23042
21791
16917
21541
21708
21667
21625
21334
21667
20625
23125
22000
22166
22625
21750
21625
21542
26958
15417
22167
21875
22042
21750
21458
21250
21667
21292
21083
21708
21667
21542
17583
26333
18000
22500
21708
25833
25750
16709
22583
21833
21250
21500
21291
23167
32542
10417
19458
23125
21834
34417
27042
10209
23791
17083
22083
21583
21666
21750
21500
16125
23125
21333
22167
21166
21667
21542
21917
21291
21625
21458
27000
21583
23792
16292
17083
22584
21958
22000
21625
21250
21667
21250
21583
21458
21709
21750
21667
21208
29750
25666
14958
21416
22083
23667
21959
21333
21250
21166
21209
21458
21459
21375
21417
21375
21417
21542
40500
33000
18792
20959
22292
20250
25042
15459
21709
21875
28583
20500
25209
16625
21625
22000
21458
21375
21875
21292
21375
21667
50750
36083
44292
52209
56084
30792
27791
18375
23292
24833
23583
23500
23083
23458
23333
23167
17958
26167
18417
23292
23042
23042
23083
22875
23000
23125
22875
23666
23167
23250
25375
23375
22959
22875
25875
19000
26375
24250
24416
24583
22916
21500
18458
23750
23250
23375
23083
23000
22709
23500
28292
18791
23333
23333
22875
23250
23334
23166
22834
22667
17500
36541
15791
23375
23000
23875
22875
23208
23125
22917
22792
22875
22750
22875
22708
22917
22958
22792
23750
22875
22792
23000
22750
23000
22666
23000
22875
23042
22958
23458
23083
17917
24375
14000
13750
13834
14041
13917
26417
30750
26417
27250
29541
26375
17042
23416
23209
23584
26708
14208
23417
22416
24750
23375
23292
22916
23000
22959
23083
22875
27667
26292
26375
23875
22958
23375
23042
23667
23042
23083
23208
22917
22875
23208
22917
22958
22958
22958
23083
23042
22958
17958
17959
23250
22750
23250
22791
16792
18417
25500
21416
23500
23208
30041
24000
23083
23042
24375
22875
22917
22958
22750
22584
22750
23208
22791
23041
27084
23708
24416
21833
23291
22834
22959
23208
22792
23041
23084
23292
22792
23000
23209
26375
23875
23166
23084
23375
22916
23000
22875
23084
22667
23000
23000
50125
85458
65583
40667
14292
24041
24167
23584
23792
23708
23875
24292
23666
23542
23417
23291
30125
16917
22958
23666
23250
22833
23334
23000
23000
22625
23458
23083
23125
23250
23333
23000
23375
24125
22750
22042
18583
24167
26958
18083
33334
23041
23750
18375
24542
24500
23542
40708
19458
15458
6709
11417
7000
10625
8166
10584
9583
16500
6167
10250
10625
6834
9625
10167
10042
10292
9625
10667
10417
10500
10417
10417
8375
11708
10250
10458
6708
9667
11125
6250
10083
6209
9584
9708
10250
10125
10375
10375
10083
9791
9542
32292
53625
45166
52000
47083
49708
27750
19041
23542
23792
23292
23250
18834
25583
14042
23584
23083
23250
23083
23000
22750
23250
30667
12750
21083
23667
23375
23375
23292
23417
23416
22958
23333
23458
23459
23042
18875
23125
22709
23000
23250
23250
24000
23167
23209
23208
22917
24583
13084
24125
24250
23167
23208
23125
22959
23667
23667
23041
22833
22959
22959
22750
22666
22833
22666
23167
23000
22875
23000
23166
23209
22625
23000
22958
27500
23833
23458
23125
23208
23375
23459
23000
23250
26083
23458
23458
23166
23167
28416
25458
23792
23375
23208
23084
24250
22958
23375
22917
23292
23208
23042
23084
23167
23208
23208
26625
23166
23292
23041
22917
22875
22958
22833
23042
26709
23875
23667
17709
23042
22833
22875
23000
23209
23041
23459
23000
23083
22833
22792
22833
23291
22916
23000
22833
22834
23375
23042
30333
25667
26500
24709
23542
27458
23291
22875
22750
23083
23166
23125
28583
24084
22917
23208
22875
23083
22958
22792
23000
22667
22958
23125
23083
22583
23084
23875
24292
24125
24042
24500
19875
20208
23500
23083
23208
23041
23750
23083
23291
22833
22917
23125
23125
23125
27292
23792
23416
23209
23208
23250
23167
23166
24750
23833
23667
25541
26583
27375
25458
16792
23667
23750
27750
23500
23500
22959
22375
17583
21917
24500
26000
26375
23375
23208
17125
22958
22250
24209
23458
23209
17958
21750
24209
26000
23250
22875
29041
23583
22875
22750
23375
25458
23167
23041
22875
22916
22833
26000
23875
23167
22875
22875
22625
23250
27292
23334
22667
23000
23292
22792
22959
23000
22625
23125
22791
23417
23042
23417
44125
37750
16292
24125
23791
23250
22917
23209
23084
23208
22875
23000
23250
23291
44750
55416
34459
34042
53542
33917
27709
22375
15917
22083
23250
14958
21667
21708
21542
21416
22791
21833
21666
21459
15125
22625
22000
21583
21250
21500
21500
21583
29750
20583
23458
23125
23542
21541
21583
21458
21667
21791
21584
21541
21417
21417
21500
21458
21500
21042
21875
21416
21292
16125
20667
39458
53875
33458
10375
21666
21500
22916
22375
22209
21708
21875
21708
21709
21625
21542
21542
22084
21750
21209
21500
22000
21083
21542
21333
21708
21333
21292
21208
21375
21208
21458
21750
16791
22542
21750
21625
21459
21417
21208
21458
21250
21000
21125
24292
15833
22417
22000
21416
21500
21250
21375
21250
21167
20833
21167
21333
21292
51333
45000
65542
46417
23333
23625
23417
22792
16541
21458
21625
22042
27542
17625
22500
22458
25000
22250
25291
16542
21834
22000
21667
21833
21833
21791
21958
21500
21250
21917
22084
21500
21375
21583
21583
21541
21458
21542
21208
21375
21334
21583
21333
21417
26875
23209
21958
21417
21625
16833
21458
31750
17375
21916
8500
21459
17084
23333
17125
22583
15541
21791
21750
21416
21792
21208
15709
24750
23208
22250
21500
21584
21125
21833
21417
21291
21333
21416
21417
21584
21125
21625
21709
16875
21709
21583
21125
21541
21667
21500
26083
15292
21875
21833
21625
21417
21500
21375
21625
21667
22292
16083
22625
21417
21292
21375
21500
21417
21208
21084
21584
21750
21625
24583
23375
22000
22084
21625
21834
21375
21458
21458
21292
21459
21583
21458
21792
21667
21667
21417
21500
21458
21708
21667
21625
21416
21125
21542
21458
21333
21125
21375
21542
21458
21417
21458
21584
21125
21666
21500
21625
21292
21417
21292
21584
21167
27792
23541
23125
21250
21375
21500
27416
54041
44667
52541
63333
43083
21959
17208
21875
16458
21875
15292
16125
22250
21917
22792
21708
21583
21750
21542
21375
22084
21500
21458
21500
21666
16792
21959
21333
21500
20875
21334
21208
21583
21000
21417
22292
21333
21291
21500
21709
21458
21250
21750
28166
15458
22750
21708
21500
21292
21500
21250
21500
21417
21375
21458
21667
21250
21375
21417
21667
21167
21416
21125
23791
20250
9666
13208
13667
13167
13958
13291
13875
13084
13791
13083
13792
13083
13375
13042
13792
13041
13083
13125
13167
13875
14417
13791
14125
13334
17750
9709
15083
14250
10375
18458
6250
13541
9917
13167
14041
13375
13250
13208
13208
13125
13833
13125
13375
13250
13792
13125
14166
13125
10584
13209
13875
13250
13875
13209
13875
13083
12959
39875
38083
17084
21459
16833
21750
22333
16542
21584
22750
21833
21542
21333
21625
21417
21584
21334
21417
21084
21625
21208
22292
21458
21333
21250
21209
21500
21625
21333
21792
21250
21458
21375
21542
21250
21791
21542
16667
24750
9875
21583
21458
28333
21834
22333
21416
21542
21584
21708
22083
21709
21417
21500
28125
16250
21959
12333
22125
22083
21542
21125
21458
21417
21292
21458
21333
21166
21458
21250
21208
16625
23541
8333
21375
21416
21458
21250
21125
21209
21208
54334
75916
55167
30542
19375
23500
23250
18209
23084
23291
17916
23125
23250
22917
23041
22792
22917
22792
22417
22583
23334
23042
22708
22875
22833
22708
23000
22916
22625
22542
22708
22833
22833
22958
22708
22917
22792
22708
22458
22834
22917
39625
28041
18708
23708
23125
22667
22958
31750
19125
23417
22791
22875
23041
22916
22959
22875
22959
32750
13000
23666
23042
23083
22459
23125
22875
22834
22750
22958
22584
23375
22667
22875
22584
22958
22834
22542
22916
22791
22792
22958
22875
23291
22708
22750
17375
29583
11917
22833
22959
22875
22792
23084
22875
22750
23000
22834
22833
23000
22542
22500
22583
22916
37917
40958
50417
29708
21834
22792
47125
65125
27083
15916
22125
22208
16542
22125
22416
21750
21709
22083
22375
21834
21583
21792
16500
21291
21292
21792
21750
21750
21500
21417
21875
21333
21500
21666
21417
21208
21625
21291
21458
21208
21708
21542
21333
21250
21458
21167
21375
21250
21166
20875
21084
21167
21625
21250
23375
22125
21292
21458
21333
21583
21167
21500
21292
21583
21209
21458
21250
21125
21458
21209
21792
21709
22125
21708
16333
13042
13917
13292
13750
13417
13292
13041
13666
13125
13125
13208
15167
13167
13208
13334
13375
13125
13292
13250
13333
13042
13209
13208
13209
13333
13292
13042
13750
12875
13125
13250
13209
13042
13166
13042
13792
12917
13458
15625
7833
13292
15417
9917
13041
13333
13125
13875
13125
13291
13250
13417
13292
13792
13458
13000
12917
13708
13042
13166
13083
13250
13125
13083
13000
13333
12917
13209
15750
13291
12917
14125
13083
13750
13041
13958
13500
13667
12958
15500
11667
12291
11417
11542
11458
8167
11459
12291
11416
11583
11417
11583
11459
11666
11334
12083
12166
12458
11500
12292
11250
12209
11500
12208
11416
11792
11375
11708
11333
11541
11416
11541
11333
11375
11625
11459
11333
11375
11333
11542
11833
11208
38500
42834
29583
53667
79583
58375
35334
11708
23875
23708
24333
23209
23875
18250
23375
35750
28375
55250
38917
38375
17250
24083
23167
23250
22791
23458
23084
22750
23334
23667
22833
23166
22792
22875
22625
23291
22917
25375
13708
23583
23125
23000
22875
22708
22500
23166
22458
22917
23209
22792
22667
23084
23084
32833
11375
23625
23000
22708
22875
22875
22958
22917
22958
23084
22875
22708
22916
23166
22959
22959
23000
23000
22625
23166
22875
23000
23250
23666
25750
13875
13792
13750
13792
14000
14167
14042
13959
13917
13875
15750
15208
13875
14000
13916
13959
42291
41750
34084
44458
51125
53209
45667
37167
32125
13416
22125
16500
21917
25791
27958
17000
22084
22334
22709
21709
21625
21375
22625
21334
21750
21667
21750
21750
21625
21458
21667
16333
24708
16000
20042
22625
21917
21458
21292
21459
21458
17292
22292
21041
21417
21708
31792
20458
15917
22000
21500
21709
21750
21958
21417
21542
21625
21750
21834
21792
21625
21375
21625
21708
21459
21458
21500
21417
21875
21667
21458
21583
21250
21416
21125
21291
21458
22208
21542
21625
52583
87000
66416
42875
14583
22250
16834
23333
22542
21958
16333
25625
11416
21708
21458
21917
21333
21416
21625
21167
21291
21125
21583
21292
21458
21333
21292
21291
21542
21417
21500
21125
21167
21667
21333
21459
21625
21417
21250
21459
21583
21292
21292
22834
18209
21583
21292
21500
21708
21208
21667
21458
21333
21334
21417
21834
21375
21709
21625
21416
21584
21208
15833
23042
24542
14291
13167
13458
13084
13250
13250
13041
13958
13791
14250
13208
13792
13166
13750
13166
13958
32042
26583
20083
26458
47167
30125
25708
43166
31208
27709
48292
26375
43166
52375
28541
49125
42875
40916
24417
57875
33708
47583
48500
49834
31666
11833
23000
17125
21916
15334
21625
16584
21750
22084
16708
21667
15084
21583
23208
17208
21791
16708
21584
16416
21875
16333
21459
22708
37292
54834
54625
38250
53333
41709
61417
43125
25083
19000
22458
16000
21709
42125
41708
21958
26625
25209
31500
27417
9583
49000
29708
33083
38459
20958
34167
28750
15417
23166
18125
22250
16875
21750
22042
17000
21625
15334
21459
16375
17000
29708
30250
17459
27167
22042
14625
21458
16708
21708
16791
21500
22750
22875
16375
21625
21750
22667
16541
21416
16500
21583
22791
16542
21584
22625
9959
22458
17042
21416
21875
17084
28791
10542
21709
23750
25459
24333
22000
23459
9500
13042
8583
13333
8625
13208
9666
14625
9625
13167
13208
13375
8583
12959
9709
13208
8667
13125
15292
9125
13125
14333
8625
13166
9958
20792
8250
19250
18625
7958
16375
11417
16375
11417
16333
12250
16375
12000
20417
17209
12250
16625
11708
16334
11542
16042
10833
16334
11958
16292
12166
17833
15875
21500
16875
21666
16750
21625
21709
17083
21542
16958
21458
23000
16917
21709
26083
23917
16583
21542
22583
17125
21500
22833
14875
21458
16833
21542
23083
16583
21500
22958
21750
22833
21667
16625
21416
16500
21833
18584
23792
14667
21416
22916
22250
14417
28916
10708
21250
21375
16833
21083
16834
21333
22667
21584
16875
22000
20083
22042
15334
21708
22417
16958
21250
22417
15083
21125
23000
21709
16875
21375
23167
21708
16750
21542
52500
50000
80334
31125
16333
22084
16083
21583
17458
21708
16417
21208
15291
21583
21667
17000
21542
22000
16666
21625
37209
59042
42625
23167
25958
16084
22333
16833
21542
15250
21667
22041
18375
22333
14750
21250
22917
16666
21500
23084
23041
22500
25375
17000
26458
24834
10709
24041
12917
21959
17375
22750
22875
18334
23958
16792
21167
30458
26583
10667
21834
16666
21584
16875
21958
16916
22041
23625
9166
22708
20542
22125
16625
27542
24459
22208
17041
21583
25084
11334
21750
23167
15250
21375
16292
21291
16708
21666
16125
21583
17167
21375
14792
21750
16833
21375
23125
22083
16792
21333
21459
22708
23042
16750
21292
21667
33417
55166
50792
39458
57750
41042
21000
15667
22042
15042
23500
22834
15417
21625
22042
42708
62916
46667
26041
29500
19209
22292
35292
38250
21042
17084
22625
21958
16417
21792
15209
21459
17000
21708
16542
21458
22583
15042
21250
23542
16834
21375
22833
16542
21625
23083
24500
10583
21125
22791
22750
16833
21375
22584
23125
21416
22208
22750
16833
21417
22667
16875
21500
22250
16625
22084
16958
24791
16250
21500
16583
21625
16833
21459
22708
23084
23250
22875
21500
22917
16709
21291
23167
16792
21583
23000
23042
22583
16583
24625
27792
16333
21667
14958
21750
15000
21584
16958
21500
22417
22917
21375
16666
21584
23208
16916
24041
8959
55041
48250
84291
69584
48042
29250
11167
22292
16583
21833
16666
21834
21917
17125
21625
14833
21167
15875
21500
23041
21042
53750
87959
52708
91500
59042
37833
18333
23250
16334
21625
15833
21667
15125
21541
15917
22041
14667
21333
16792
21458
14583
16042
25166
17166
22250
19709
22791
22708
16500
21792
14583
21417
14583
21667
15708
21250
14375
21666
16875
21542
16583
21208
16458
21416
16833
21500
23042
22917
21375
21958
16667
21375
16541
21416
16958
22166
16667
21334
16584
21708
21708
22375
17125
21500
22584
21666
21708
22584
16541
21958
16792
21458
15833
16167
18709
13416
9500
13042
9792
13083
13958
13792
9125
13042
8625
13250
8583
13042
9792
13167
8833
13208
9500
13125
8541
13166
9875
13125
8667
13167
8458
13458
9667
13166
13667
8625
13209
14334
8625
13250
9833
13209
13333
13750
8541
10334
13333
8542
13125
8375
13083
8625
15042
10500
13542
15125
9750
13000
9917
13125
14042
9750
13250
13209
9666
13041
14541
8583
13250
13959
9625
13416
32250
25042
10625
22084
18417
21416
18125
21625
14792
21417
15083
21834
15584
21375
22834
16625
21417
16417
21417
22750
23083
22875
21583
16333
19125
25250
16250
21292
22584
16500
21625
16500
21750
21417
22500
43875
49500
74625
57041
37833
20541
15458
21792
16083
21583
15833
19542
21917
15416
21583
14792
21666
14833
21791
15083
21458
16583
21500
22333
16833
21625
17125
21625
16792
21458
16583
21500
21583
16458
21791
22458
27291
12125
21625
15209
21667
23375
17041
21625
16542
21792
22833
21625
22542
22583
16833
21667
23042
22959
16708
21375
22708
22917
21583
22250
22625
22333
22458
29584
21208
43000
59167
39542
19833
22500
16875
21750
16208
21750
16792
21375
21583
22625
16667
24167
19417
26667
21833
21708
15083
21500
15208
21416
16584
21417
16459
21417
22583
14750
21333
22417
16666
21500
21416
22333
15125
21083
22750
22750
16417
21209
21667
21583
16250
29291
20625
24708
15791
21375
22042
22708
16500
21458
22166
22125
21750
22375
22875
21583
22208
21708
21667
21583
32417
36917
30833
37917
45333
45042
55416
35875
30875
33458
33958
26875
26375
54666
65000
51167
31291
19833
18333
23917
10083
23459
22917
9667
22625
8542
21667
23125
17000
21542
16791
22041
16667
22125
18666
22583
16750
21500
21833
16958
21375
16625
21833
16750
25375
9458
22375
16792
21917
21708
29375
17458
21792
16709
21958
16542
21625
16875
21625
17000
21500
21666
22958
16791
21375
16875
21875
17041
21667
16833
21500
22833
21667
23083
17000
23792
25042
25458
13291
19500
24333
20792
24250
17209
29125
24458
8125
22042
16750
21834
17791
21541
23125
16625
22125
16250
21666
16584
21708
16625
21583
22917
22417
16625
21625
21833
22208
22916
21708
22875
21584
22708
22625
16541
21625
22792
21458
16667
21625
22791
22084
23000
22417
16750
21917
23250
22084
23125
24125
24500
15667
21541
22875
14958
21459
16834
21708
23084
22375
17084
21750
22959
16875
21458
23125
16875
21417
16500
21750
22833
16875
22208
22625
17375
21291
22792
16500
21416
22375
23458
16667
21500
21417
22708
22583
16791
21625
22792
22500
23125
23042
30000
24958
16875
21583
23375
22417
16625
21458
16709
21458
16666
21625
23375
21208
23208
22166
22500
22167
23083
21792
23042
22834
16375
21416
21542
22625
16666
21541
22708
22750
16583
21042
22542
22291
14959
14458
9500
13083
14292
9709
13208
9583
13042
14042
9625
13000
13333
14250
8583
13209
9583
13167
8750
13084
9500
13167
9625
13417
48208
37000
54000
51750
32500
54375
101916
52750
41792
50250
96500
72958
46833
47958
69666
60250
77583
59291
35875
13666
24417
17125
23375
18459
23958
16500
23958
23750
23500
23667
23667
23333
18167
54167
88750
53542
76458
53291
89417
70417
47583
24958
18333
23708
23833
16750
23166
24333
23291
23583
23459
23375
22833
23375
22917
23250
23083
23458
22791
23166
22958
22916
23458
23333
22708
23375
22458
23334
22792
24000
22666
23459
22667
23541
22708
23417
22833
23375
22584
23459
22667
23375
22625
23167
22916
23291
22916
23333
25709
14750
14083
14959
14250
14833
14208
13875
14000
14791
14125
15042
14209
10750
14042
14792
13959
16583
12875
17459
5875
13958
14125
14917
14709
10542
14042
14875
14042
9958
13958
15000
14667
14916
14042
14750
15042
10500
13916
13875
14000
14709
14792
10666
13958
14916
14792
10459
14083
15250
14041
15167
14125
14875
13833
14750
13875
14542
13916
10458
14000
14000
14209
14750
14125
14333
13917
14875
14000
14791
14042
14709
13959
14667
14000
15125
14042
14791
14375
13167
13083
9208
12167
12334
12125
13208
13041
8917
12208
12917
12292
16750
13750
6291
12250
13084
12209
13250
12417
13083
12250
9042
11916
12791
12375
8959
12250
13166
12084
13208
12708
13125
12125
13083
13250
9000
12125
12458
12083
13291
12208
13208
12334
13084
12875
12250
12000
13208
12250
13125
12167
13250
12208
13000
13208
12500
12167
9250
12083
12958
12125
12916
12166
13292
12250
13291
12250
13209
12833
9167
12125
13167
22208
24000
41625
61833
43750
52750
91500
49750
52375
95750
81375
60125
39709
21500
16208
23041
16917
21917
30791
38084
58625
57500
44000
24084
9125
16625
25250
19750
16208
22208
23583
9292
21667
16208
45250
52792
80875
54625
80041
63209
54334
54916
55167
67416
44333
21833
16542
22833
17625
22291
16541
22250
16208
22208
16666
25542
56875
56417
68917
53125
39167
19708
18167
22709
16250
22042
16750
22042
22959
17041
22417
16542
19541
20667
15791
23209
22542
17458
21916
22459
17458
15500
21667
16875
22167
16375
57416
53000
93292
35708
43292
34375
23000
11584
15416
43083
56083
49375
44791
52917
30291
41000
61750
46084
24459
54750
43750
48709
40459
49625
76750
59833
34125
12291
24083
17125
23708
24416
23500
24125
23833
24125
23333
23500
23375
24459
23375
23833
23291
23375
23042
23166
23333
23042
23042
23625
53666
42791
52917
42084
23875
17459
22541
16833
53542
25291
36500
38750
32666
21708
54041
53667
43833
53833
104375
51167
40458
30083
21834
19166
22708
22292
22250
15916
21708
16833
22000
54541
48709
38625
50417
33500
26000
11583
22584
51250
22500
36250
44833
64542
48417
29334
11417
22041
16875
21666
14958
21583
15125
21708
16292
21417
15042
21792
16459
21583
16709
21417
16292
21334
21416
16334
21375
16792
21375
23666
16250
22125
16833
21583
22917
21584
22750
22667
16541
21417
23000
23250
16333
21125
21792
22209
21416
22500
16709
21459
23167
16875
21500
16708
21292
16541
21209
21584
22708
22958
16625
21416
23208
16750
21166
22708
16750
21500
22083
22583
16709
21292
16542
21125
16542
21375
22750
23000
16458
21125
22542
16417
21458
23375
15875
8042
12875
9292
9917
5958
14583
9125
13083
9667
12958
9583
13166
8500
12916
9709
13000
13167
9500
13125
9667
13125
13875
8750
13125
8708
12875
9625
13375
8583
12959
9667
13083
9625
13000
15209
6750
14000
9750
13167
9500
13208
8625
13167
9584
13125
13292
14125
9125
13125
9583
13166
14334
28166
53542
18000
54084
49375
71917
53625
33875
13917
46209
49959
54667
90875
75500
53084
34083
16291
23583
17709
22041
16792
21791
49458
69459
51791
44750
54250
36792
16875
23042
15917
22208
18417
21833
15000
21667
16834
21834
16292
21542
16542
21542
26708
10750
24125
22000
38917
19875
22708
25083
27459
53834
57125
48708
51209
33417
26083
21542
15917
17250
22083
16833
21542
22959
15417
21500
15209
21750
15209
21209
23167
16875
21250
21500
22750
16917
21334
22750
21583
16792
21833
14709
21541
16917
21416
16416
21291
21500
17000
21625
16958
22458
25875
17333
23458
15791
25542
12833
22708
14916
16500
27083
10875
21625
23375
14875
21375
21584
16417
21792
16375
21541
22458
30042
24584
10166
21917
23333
21708
16833
21250
22958
22500
22000
21750
22500
22750
17000
21834
21500
21708
16666
21750
26583
30709
12916
22375
19125
22208
15917
21916
16833
21541
15000
21667
21959
16875
21750
15167
21542
16250
46000
55125
39333
20125
16833
21917
16708
21458
15375
21750
14958
21625
21833
16666
21583
16417
21709
15417
21583
16625
21542
16583
21833
21792
28000
16750
21542
23042
16500
21500
23208
23166
15083
21500
21750
23500
16875
21625
22083
22791
16875
21333
22917
16625
21292
22875
16459
21291
23041
21458
13417
22084
16375
21459
22583
16667
21292
16917
22167
22875
16667
21708
22667
16250
21625
22250
22542
23375
16625
21500
16666
21125
23000
14792
21375
28667
25208
6333
13250
8542
13208
8459
13041
13375
9709
13250
9542
12917
9750
13125
14292
13209
8417
13083
9667
13125
9834
13125
9708
13042
9667
13166
13125
9667
12959
13292
9625
13084
8584
13041
9708
13042
9416
13042
9500
13125
13250
8458
38125
28209
9667
21625
16542
21500
16458
21500
16583
21417
16667
21708
23000
16500
21459
22584
16583
21583
16917
21458
15875
23875
18792
34583
14666
23542
18541
22250
16375
21708
16666
21666
14666
21042
16291
19542
17625
22583
16000
21625
16667
21375
16625
21417
14958
21458
15750
16833
22000
19125
21458
22125
23084
22750
22791
22333
21541
22250
16666
21709
23000
22542
22583
22292
17000
21417
22917
21375
22833
22042
23208
22625
16709
21292
16416
21167
23375
19708
21750
16708
51417
77250
59625
56959
41084
16375
22250
16167
21625
25375
21667
14833
21916
15375
21458
23709
57416
76292
59292
38792
20167
26083
18000
15875
22125
23333
24375
19292
21375
15417
21792
19583
21750
21750
16709
21291
23250
22958
21791
21917
22709
15541
22041
16291
21834
22791
16125
21500
22875
22917
22000
16959
23125
22459
22625
16459
21500
22583
16708
21584
21542
22167
22917
22750
16375
21750
23167
21583
16459
21333
22375
21459
22375
53833
97583
82667
60917
49375
84958
68333
48000
24958
27542
17334
30084
28083
42625
70042
54583
34667
16917
25750
24500
18750
22708
16834
21667
22000
9667
21542
23084
16708
21750
22833
22834
16667
21583
16667
21667
16625
21792
16833
21708
23084
22500
22542
22541
18208
22917
11958
21625
16834
15667
21500
22833
16709
21375
22459
16791
22500
22125
22917
22542
22667
16542
21417
22875
22042
22958
21958
23250
21625
21792
27166
22208
19792
17333
21458
16416
21458
16666
21542
21666
23000
21958
22916
16500
21375
21958
22375
21833
16625
21250
21334
21958
22959
22416
22583
21541
22792
21958
16917
21250
23417
21917
16625
13125
8833
13125
8584
13083
9625
13125
9791
13125
13083
9834
13041
13917
8417
12917
9750
12958
9875
13000
9667
13292
9792
13000
9958
13125
9708
13209
12666
13250
8667
13083
8542
13042
8625
13000
9542
13083
8500
13125
8541
13083
9750
13166
9542
13167
13292
50834
26333
42667
82875
66250
45125
25625
20000
22833
16667
21959
16208
21625
21750
14917
21708
17083
21375
21834
22958
16791
24708
19958
25250
18166
21791
23125
15042
21708
16667
21917
16750
21709
16875
21750
22875
22791
16417
21583
16917
21375
23334
24750
41583
38292
78792
82500
63958
32375
12333
26917
23500
28291
22458
25708
22208
23917
18917
30167
20750
24041
16958
18333
26000
53042
43125
58750
54875
89250
37041
27750
34458
26417
19791
24041
57250
51875
56167
37708
59291
44083
16292
22166
17250
22625
17375
22583
19208
15625
22291
16875
21834
23083
23166
16750
21750
15875
21875
16584
21583
21250
22542
16542
21708
22792
23000
23125
22542
16708
21333
22583
21708
22084
22417
29459
26416
12500
21459
16750
21792
16625
21542
21500
21792
22500
22125
23084
22500
22958
21458
22458
22416
16958
29917
23666
8375
22333
22125
20334
22958
15125
9083
13209
9750
13083
13500
9875
13250
13459
14500
8833
29209
23750
17500
21875
22250
23208
21833
22875
16750
21667
22166
24042
16625
23458
15250
21292
23375
21750
16875
21375
16875
24458
19875
23416
15166
27541
13292
22208
17083
22041
15083
21708
22250
21917
22792
22792
16625
21541
23583
24292
19167
24792
22084
41041
44333
48667
57542
93792
80083
61667
34292
16625
16542
22750
18291
21959
15083
21959
15084
21792
14958
21416
15792
21500
16958
21583
23000
16750
25458
24166
9583
22250
15541
22208
14959
21833
24625
8583
25375
17500
22500
16208
32459
15042
23125
8792
45750
174209
25833
25292
23250
17292
22333
17584
21917
15000
21833
17083
21875
24084
15416
11666
15458
8375
13416
9333
13250
8833
13208
8625
13334
8625
13333
8750
13250
8750
13250
8625
13208
8542
13375
8792
13208
13375
8792
13583
12792
10166
11500
17333
20208
10500
14417
36458
38041
19750
40833
43666
62042
45083
20208
23917
19208
24417
18709
22625
17833
53833
38792
56875
44125
58959
40541
18084
23750
16791
23083
18375
17917
26208
21500
23042
24250
24250
23875
18209
22917
18208
22708
16792
22833
23459
23000
23000
23000
23291
22917
23042
23208
23750
23125
23958
18792
18125
22958
23416
23208
23666
23333
23167
22458
10333
22959
23666
23334
23042
23000
22875
22958
22875
23125
22875
23708
23084
23083
22833
23292
22833
23208
22959
23292
22833
23583
22917
23500
22958
22833
22958
23333
23458
23166
24208
23458
22750
22917
22917
22917
22917
23041
22791
23125
17625
25417
13750
14166
15042
14834
10583
13917
13875
13792
14666
14208
15083
13834
10875
14000
14834
14208
14791
13958
14875
14042
14791
13959
15042
14375
15042
14583
14833
14084
14042
13917
14625
13792
14750
14042
15083
15334
15083
13958
14708
15375
11000
15334
14709
15708
10250
14000
14125
14042
10709
13917
15084
14583
15208
14000
14833
13833
14959
14041
14916
14750
14959
14042
14875
13833
14750
13958
14750
14000
14125
13917
14625
13917
14875
14125
14875
14458
9500
13833
11125
10583
15167
13125
9125
12166
13209
12250
9000
12083
13334
12000
13041
12083
13000
12334
9042
12041
13000
12083
8875
12125
9167
12125
12166
12708
9125
12041
9125
12333
13000
12166
13375
35083
30375
25917
54875
46000
46709
52500
46375
78583
87125
45417
55209
37458
18583
23500
17083
22125
15708
51667
44083
55958
37667
60291
42416
22208
15666
22667
8375
21875
18291
21916
16833
22042
15000
21458
26000
29000
61125
107208
91291
70375
50000
28541
13041
25583
25042
12042
22958
22792
16125
22042
15875
21708
14875
21875
14833
21916
14708
22250
21875
23458
14833
22000
22167
20333
27334
9792
22375
16625
22000
31917
22791
21292
22917
29125
27084
58375
42291
57958
36667
16416
22125
17042
21833
15375
21667
15041
16708
21334
17125
23625
15833
21750
23125
16916
21917
16458
21209
16708
21875
17667
21583
23208
23250
16458
21708
16792
21458
16334
21541
21708
16584
21458
16709
21250
23000
23166
22833
23292
31542
24666
16166
22084
14708
21459
16833
21416
22958
23334
16333
24167
20667
13750
9750
13084
9541
13041
9792
13208
9417
13125
9583
13000
13333
8750
15834
5750
11458
12000
13500
9042
13042
8583
13167
13208
9792
13208
8666
13167
8583
13000
8541
12917
8541
13042
13333
8542
13417
26041
25375
24041
15541
21958
16750
21333
16292
22542
27125
15042
42000
33417
39459
23625
18041
22792
16667
22250
15167
21834
15083
21625
21834
16792
21459
30083
15584
22000
16625
21667
16542
21583
23125
21833
22958
16833
21500
23125
16375
35291
38917
53209
57167
82375
52292
92667
49750
48583
24834
19083
24791
19875
18250
50208
28333
52042
27125
59041
54000
44333
62083
45708
25458
18375
55667
90542
74458
49958
25750
19000
24667
16791
22875
18042
23375
25167
23875
18500
53417
89250
74958
52417
32250
16084
22750
17958
21708
23209
17333
21750
14959
21583
14875
21291
14833
26041
25500
11042
22208
48334
53375
45833
54458
50000
51958
46125
29459
24959
35917
54250
56875
49375
55417
44334
70958
56417
36958
19083
24208
16708
21875
15166
21750
16500
22125
22875
16584
21500
16917
22291
16834
21541
16875
23000
20708
24750
17125
21708
22958
16541
21708
17000
21583
23042
16875
21417
16542
22125
22917
22000
22708
16709
21625
16833
21625
22792
31083
25958
24167
9167
21583
23084
22959
16750
21542
22375
16709
21500
22792
22666
22792
21375
22958
16666
24834
9083
21500
16500
21167
23041
16375
21500
21542
16833
24125
24000
10375
13167
8666
13458
8667
13083
9625
13292
8625
13042
8500
12959
8625
13084
8500
13042
10125
13958
13333
9708
13125
8541
13042
8583
13208
9625
13042
9625
13042
13083
9666
13167
8792
13084
9750
13042
8541
13417
13458
8625
13042
9541
13208
9625
22958
32958
33625
26875
26708
24791
24750
37625
48792
33709
38209
51792
88875
73250
52750
33041
12875
22833
16500
21625
16375
21417
21875
23250
16417
22500
15667
21458
22083
16542
22292
21792
21584
16792
21083
22958
16750
21500
16292
21459
16791
21583
21375
22834
16375
16209
24625
20458
28416
16708
21625
21333
13917
21958
16833
21417
21708
23083
22000
23000
16792
21583
21958
22708
21541
23125
21709
23042
22250
21958
21833
16833
21500
16666
21750
22833
22625
21708
21750
29125
21667
22709
15125
22084
22833
22083
16875
21375
16875
21792
22000
21958
46833
53584
100084
85541
65084
46625
27166
9416
22333
17958
22209
16916
22375
16916
21708
16750
21375
22083
17125
21583
16875
21667
14916
21834
31125
16208
22042
15625
22083
15333
21584
16459
21875
16834
21833
21666
22791
15583
21833
23417
43500
93084
78334
57000
30708
9917
22500
16833
22458
15083
21459
23292
16708
27916
8333
21625
17250
21459
23250
16959
26083
9750
21792
16958
21750
16750
21709
16666
21542
22875
17167
21875
23125
28542
17583
22375
25083
16959
21750
16959
21333
22792
22833
16875
21667
22958
16250
24708
17208
22750
23500
23000
17000
21584
23375
48583
33625
24750
8917
16958
25416
18375
23209
21167
22208
15500
21375
16792
21875
16833
22042
27000
19250
22042
17084
21583
16792
21667
16625
21542
21875
16458
21833
22958
22792
16625
24584
16000
21708
22916
16541
48084
64916
45834
24625
27417
24667
11042
22583
17625
23334
17917
22125
16292
21416
16583
21834
16333
27917
15709
22292
15125
21916
21916
16667
21584
14833
21667
16292
21417
47209
59042
41541
21875
24792
20750
17416
22667
17083
22125
15083
22041
25583
23792
9000
22209
18709
22250
16584
22000
15709
21709
15333
46625
38875
27541
9083
22000
17667
22042
17875
21542
15625
21833
16792
22041
16875
21708
16708
21750
22833
16458
21417
14958
21333
22791
21875
49625
91792
76208
47416
27833
17666
22584
16125
21875
15208
21541
16583
21958
16958
24875
22334
10500
22208
18542
22667
17625
22125
13708
21792
28583
21208
19542
24208
25792
49833
55834
105167
51125
93084
27583
10667
38750
51000
32917
12125
22292
17625
21958
16708
21750
14834
21583
21750
23459
23208
15333
21542
16709
21458
16875
26042
34208
39167
41250
93916
87125
75958
66042
56583
45583
35750
26791
16625
6625
13084
9709
13875
10042
12792
9375
12542
20542
17291
10584
15500
13625
5208
11667
4583
11459
10000
11708
12583
15583
15625
9000
11875
9125
11584
8125
11625
8125
11417
7417
11584
11833
7459
11542
9667
11584
6584
11584
7542
11334
7709
11500
11625
8375
11500
7458
36917
48166
31459
11291
17291
22334
16792
22250
15875
21834
16875
22333
17042
21958
20917
10125
22167
42208
64792
47791
28042
8667
22209
16125
21667
15708
21834
51916
97958
81250
58583
37458
17917
23709
16959
21625
17209
21583
21875
16375
21625
16542
21541
16083
22417
19334
24792
16625
21625
21917
16834
21459
16917
21292
22541
16750
21667
16375
21292
16708
21583
22750
16750
21625
21625
22667
16292
21500
23375
24875
23125
21958
23166
16500
21291
16791
21625
22875
22750
16541
21500
16541
21333
17042
21375
23083
23000
22792
14875
21417
16667
21208
16709
21625
16583
20625
22167
5375
13166
8584
33500
32417
41250
52416
33042
10667
23500
18125
23000
46708
60042
52583
28958
21000
25042
39834
55666
51875
51209
42500
22542
30833
35875
25666
24959
25791
25500
17875
30750
23750
25541
39250
50083
35125
51625
32000
32125
53208
32625
54542
35625
25500
34792
53916
76458
24084
39792
33042
33209
31291
18333
28083
51167
51791
30542
40083
36250
18416
23791
50292
54084
38916
56042
55666
107542
90292
66125
49750
27916
20500
24709
18625
23458
24208
23250
18500
24042
18500
23625
24250
23666
24167
23166
23542
23000
23167
23833
18375
23208
23875
23084
23417
22875
26500
22917
28458
23583
23209
23042
23459
23458
23208
22959
22750
23000
22917
12667
20125
23875
23458
23000
23416
23167
22917
23000
23959
23458
23125
22917
23000
22917
22666
23333
23459
22916
26750
14708
10458
14042
14125
14084
14958
13958
15042
14208
15208
23292
10583
14042
13834
14167
17083
10375
14500
10500
14125
15916
14834
10542
14125
15042
9458
14042
15208
10167
13958
15250
14041
11834
14583
11125
14375
19291
13750
17125
17333
8417
17458
17125
25500
10375
23125
17959
23291
27541
17791
22916
24625
24542
17709
23916
24833
19250
12167
8833
10875
7917
10792
11541
8084
10750
10917
11500
7250
10667
7833
10833
7042
10792
7792
10750
12084
10958
11708
8000
8167
10792
11291
7958
10834
10958
11792
11541
11000
10708
7958
10792
7708
10792
7875
10750
7917
11125
13208
22750
18125
22792
23667
23417
22917
22750
22917
22791
23083
22916
22708
23125
23208
22917
22958
22667
23375
22959
24417
23166
23167
22791
22916
22583
23084
22875
23166
25042
20375
23500
23417
23084
23709
22750
23375
22709
23042
22833
23250
23166
22208
13834
14875
14000
14208
13917
14791
13916
15125
14792
14834
13958
14333
14208
15333
14834
10416
13958
14958
10458
13875
13875
14041
13916
14916
14125
14709
14083
13917
14542
15083
13959
14625
13917
14833
13917
14917
14041
14917
14083
15000
13709
14833
13959
14125
14000
14208
13958
14833
14792
14875
14042
14625
15000
15041
13917
15000
10417
14041
14791
15209
10917
10625
16584
6875
14000
10209
14083
14625
15125
10709
13958
14792
10625
13916
15167
10625
14125
14042
15125
12541
14709
9958
14334
13959
9042
12166
12791
13041
12250
13041
9083
12125
13042
9000
12292
13584
8708
12541
9125
12291
9125
12292
8417
12083
13083
9000
12292
13167
8125
12125
13250
8917
12167
13334
8125
12167
13250
12542
13000
13042
9042
12125
13125
13625
9166
12208
9042
12292
13042
12334
13167
13334
9041
12166
13042
12875
9125
12209
12958
9000
12250
13000
8916
12167
9000
12000
12959
9000
12291
44542
53750
36917
48834
34167
17916
23041
16541
22000
20208
15958
22667
15042
21750
16709
21750
17000
21417
17000
21666
16625
21792
23250
16750
21709
23292
16958
21625
16667
21459
22833
16542
21375
23083
16791
21625
23000
22750
16625
21458
21958
22417
22958
16791
21875
22375
21625
22291
23250
16792
21375
23167
16792
23666
18166
18583
8625
13375
9625
13208
9834
13000
14292
9083
13084
14333
8584
13125
13250
8625
13167
9500
13000
9625
13041
9583
13042
9667
13083
13208
9875
13125
9875
13083
9500
13125
9583
13000
9583
13167
13166
9625
13125
9833
12959
9750
13083
14459
8583
13042
9458
13125
9750
13000
9750
13083
14208
8375
13166
9625
13041
9708
16375
13833
15542
7417
13125
9583
13083
15167
9833
13791
9792
13042
9708
13125
9875
13083
9875
13125
13250
14375
9792
13167
9625
10042
10333
13750
12292
7916
11542
11666
8209
11417
8250
11500
8500
11417
8333
11417
12625
7375
11458
11500
8250
11500
8167
11375
7375
11375
8250
9750
11875
8458
7875
11417
8166
11542
8041
11500
8125
11500
8291
11416
8333
11542
7208
11416
8417
11459
8292
11417
8209
11416
8209
11334
11500
8417
11292
7209
11459
8209
11417
8167
11542
12625
30917
39625
44292
25458
16584
23541
18083
23875
18042
23875
16416
26042
26166
19083
23209
23750
23500
24250
24709
23541
23083
22833
23125
23000
23459
23125
23375
22917
23167
23125
23375
22750
23167
23166
23125
22750
23000
23083
25625
25958
17667
23000
24125
26541
14166
14292
29333
22666
18416
23792
17417
23000
24667
16500
23250
23500
23333
23291
22875
23167
23250
24083
24792
16792
22875
23208
23000
22791
23083
24125
23333
23209
23042
22958
22500
23000
23042
22916
22666
23083
22792
23583
23333
27458
18416
23291
22917
23542
22958
23500
23125
18167
22833
23083
23209
23208
23000
25667
23875
18459
20833
17833
22959
23958
22667
23167
22750
23167
23291
24083
22667
23209
23125
22875
30625
13708
23625
23833
24000
23334
24000
23292
24208
24292
32292
24416
16667
22958
23458
23542
24250
23625
24750
24167
24375
23208
23209
23041
23209
23125
24625
23458
23208
24250
23667
23167
23583
22958
23125
23250
23541
23333
10500
22875
23792
23667
23000
23209
23000
23125
23166
23708
24166
23041
24083
18959
15292
10708
14125
14041
14625
15084
14209
14917
14709
10584
14000
15209
14166
14709
13917
14666
14208
14917
14791
28791
50583
37500
48375
67334
49333
28209
21250
24042
18125
23334
24833
23458
23083
23958
24542
24459
17750
23042
23541
23625
23584
23167
23209
23416
22834
23250
23083
23375
23250
23625
23000
53458
54250
92208
74291
51000
27333
18708
24000
18166
23041
24709
24084
23042
24000
24500
23542
23209
22958
22875
23042
33208
31250
14417
23875
18750
23291
16875
23250
18084
22750
24750
23292
23167
23584
35792
35417
15083
23333
18625
23000
24292
24250
23583
23917
23167
23667
23250
23375
24458
31875
27000
9917
32875
25000
23625
23416
23750
23292
23292
28750
27375
26542
17000
23208
23125
23458
23459
23250
31458
11125
23666
24500
23375
17959
28125
10250
23958
27125
25250
24625
24083
23791
24125
23667
23542
23125
26625
11625
22750
23667
23667
25917
18500
29042
24000
9584
23125
23791
25375
18042
23125
23500
23333
22708
23084
23584
22958
19417
22875
23666
22834
23375
26000
18750
23208
17625
26625
25000
26833
16709
22917
23209
23375
23417
22834
23541
23000
23125
22916
23083
22917
22959
23083
23583
23125
24000
17958
19042
24166
23542
23166
23000
23083
23041
22833
22917
23167
23167
23000
23292
23333
23166
23083
22875
23500
23208
23000
18083
23333
25292
18417
22958
23666
23208
23584
23458
23042
23250
22834
23791
23292
22875
22958
23500
27000
24750
52666
48708
29333
18500
23833
18667
23042
25125
18375
22875
24541
23333
16833
26333
19959
24416
17958
22958
23500
24208
23458
18083
23250
24208
23041
23167
23042
24000
23208
23458
22833
23625
23250
23333
22958
23416
23167
23875
24084
23958
22917
23542
23166
23208
23750
23792
27000
16167
21708
23458
24750
24083
24667
24834
19959
9042
14834
6041
14333
11792
14375
10208
14292
10709
14292
14417
10750
14083
10959
14125
10292
14125
15166
10459
14084
15125
14292
18708
14458
7708
15083
17208
17833
8541
15292
10708
14250
14500
9583
14209
10458
14125
10333
14167
10667
14167
10375
14208
14292
14792
10042
16500
10791
15667
11333
13958
15041
15250
15417
14333
15250
37875
18292
23708
23625
23750
23833
23750
53083
102208
86958
64500
50167
30250
18416
23417
18333
23458
16959
23625
24042
24500
23917
23083
23375
52833
89375
72291
47708
53083
74375
54417
34541
13625
23958
16750
22875
18625
23291
23584
23000
23125
25959
23541
24500
17709
23667
23875
23792
18666
22000
23625
23084
23292
22833
23333
22791
23375
22958
23208
22917
22750
22708
22750
22750
22875
23042
23417
16500
23000
21667
11042
22875
23458
22916
22917
22791
22875
22709
22958
22750
23167
22958
22834
22542
23042
22958
23000
23000
22959
22917
22750
22625
23042
22917
22917
22667
23375
22833
23459
27458
19417
14250
15083
13959
14875
13916
13875
13875
14875
15125
15250
15125
10584
13917
15125
14667
15167
14000
13959
13916
14625
13834
14792
13750
14125
13833
14667
13917
14584
13958
14583
13917
14791
14916
10792
13875
14875
13834
14792
14083
14042
13917
10042
15917
14250
14291
42167
53417
54583
54167
54833
53542
35125
55125
54667
55458
44375
65291
49459
30791
10792
22042
16625
21917
14875
21709
52334
46542
56417
40334
20375
17416
21916
16500
21667
16125
25334
23667
23042
15708
21875
21000
17083
22000
15667
21541
17125
21708
16791
21791
23125
23459
22167
24375
15583
21458
16792
26541
9583
21625
15375
21584
16541
21542
16666
21500
16791
21541
21584
23000
22625
17042
21375
22041
22583
31250
37041
43875
25792
18000
19292
9334
22333
23333
17584
21583
16709
21666
16459
21709
25166
16334
21500
16375
21584
16916
21500
16542
21417
16584
21709
16750
25542
11625
22250
14916
21209
16625
21542
16292
21584
16333
27958
9333
22292
21000
22500
14584
21708
57791
61167
43291
23166
27083
25583
11334
17917
22291
17958
21875
22042
15166
21792
16375
21708
16791
21708
23083
16625
21750
17167
21958
23250
24458
16709
21792
23042
16750
21625
17042
22125
17292
22000
16750
21833
30208
26250
20125
27000
8375
21625
23208
16791
21833
23208
21583
22625
22792
22833
16708
21708
17209
21375
15042
21250
23084
21584
22750
22625
17042
21291
17042
21250
17000
21583
23167
16875
21625
22917
23125
16875
25791
10792
21459
22834
16667
21458
21791
21875
22458
52125
87875
71459
50709
31042
13959
22583
19083
53208
99666
52333
59625
93792
52584
29208
57583
84208
53709
83458
69500
48875
28833
8625
23083
17125
21959
15542
23167
16958
22000
15250
21416
14875
21750
17166
21667
23125
22292
51459
92750
77041
52750
30333
10167
23792
23625
8459
22042
17875
25834
24167
12084
30083
10542
21958
15958
21667
16541
22000
41541
87917
76375
59833
42875
28875
12750
52250
93958
79500
60375
41125
22667
23208
15583
22666
15167
59375
99000
83334
62167
45625
25042
16417
39625
56375
38292
16875
22417
16958
21584
16375
24208
14958
21667
21750
21791
22333
22875
23167
37125
31625
43375
50583
30250
59084
48667
54666
53166
34000
49416
44750
42916
69875
52750
32667
54250
96375
52333
94458
76833
52208
33125
38416
23750
16875
22417
15208
21750
15542
21792
16000
21584
22125
23333
16875
23958
16750
22291
16500
22708
15083
55292
36208
33833
33416
56834
41000
58875
52625
39125
59000
52417
55375
56459
44083
62750
44000
21458
24875
18250
23208
24292
24167
24375
24334
23250
23792
52042
37375
52250
52208
40958
59584
57750
79625
61666
40417
20041
23792
25125
18125
21208
25917
13917
24041
27959
23875
26292
19750
23083
23375
18417
24041
24667
23916
23541
23333
23167
22916
23875
16375
23083
25250
26958
13250
23375
24958
24125
25167
28250
16958
20459
23833
34584
17583
24959
22000
23791
24500
23458
23792
23250
23333
23541
18625
23542
24500
18042
23292
18209
23250
23209
24167
24458
24208
24416
24959
23417
24541
23292
22917
24292
25958
19750
24042
23875
23833
28458
18083
23375
25292
24917
16584
23625
18125
23333
24416
24917
24833
33958
19416
24583
10125
14208
14833
18250
8708
14417
17792
11542
16042
8000
14708
15208
37167
23375
10750
14625
11333
14375
10209
14583
16375
6292
15000
71541
56917
42917
28125
15875
15250
12625
14291
48875
43791
53750
36792
57750
51125
57500
34833
42792
24583
17208
23541
24833
18208
22958
24917
23500
18000
25833
23292
24291
23625
23833
23292
22916
23667
22625
23167
22917
23167
22917
22833
23917
22917
23083
22792
26417
16875
22958
23208
22875
22917
22833
22958
22958
23000
22625
23042
22875
23166
22833
23166
22917
23291
22875
23000
22917
22916
23083
23334
23125
22875
22709
22791
22500
23084
22584
22792
22792
22792
22583
23000
24750
24250
22917
23208
27792
25833
32292
29209
24667
22917
23042
23042
22709
22958
23208
22792
22834
52209
39667
25583
17458
23333
23792
23417
20375
23000
24750
26958
15000
18375
23250
23083
23333
22959
22833
23542
23000
18083
22875
23500
23041
23000
22875
22875
22792
22875
23542
22958
22750
22834
22792
22542
22792
22708
22625
22625
22958
22750
17792
29292
23250
23375
23250
22750
22417
23833
22375
23458
23458
22500
25916
26125
24625
25000
21000
23000
23042
23042
22917
23250
22708
23125
22666
30666
20583
23125
22792
22792
23250
18458
22750
23083
23083
22959
22584
22833
22750
22959
23250
16167
22834
22667
22959
25083
23125
26584
13875
10750
13875
14042
13708
13916
13916
14208
14041
13959
18292
14167
15000
14792
14000
14209
13917
14125
13917
14000
13834
13958
10167
13833
14750
13917
10083
13750
13750
13875
13833
13875
13791
10042
13750
11209
13834
13917
13833
14083
13875
14500
13875
14208
13917
14542
14917
11250
10292
14667
18917
10542
14500
15250
10333
13875
14291
13958
14750
14166
11166
14000
13958
13750
14625
14000
13959
13958
14667
14083
14125
13666
13875
13750
10209
13875
15084
15208
12833
12166
12708
12000
12167
12125
12292
12042
12625
12166
9958
8208
12125
11958
12084
12041
12166
11958
12916
12042
12958
12167
12291
10333
11958
12750
12041
12250
12000
12625
12042
12666
12042
12667
12042
12625
12250
12125
12125
12125
11958
12792
12250
12584
12834
12834
18167
8959
12667
12084
29708
12666
23125
24417
23458
22959
23166
27333
17625
23042
22917
23459
22834
22959
22875
23208
23000
22834
22750
22917
18084
26875
55166
54541
52750
38875
44584
26042
17417
23792
17500
23375
24083
18042
17833
33250
16375
23750
23666
22792
23042
23000
22792
22917
23709
23375
23125
23166
23208
22875
23000
23166
22875
22750
23166
22667
25541
22833
23041
17500
23000
22500
22959
23000
23000
23250
22917
22584
22833
23125
23042
22875
22708
23709
21792
18750
26292
20792
28042
17542
23750
27625
24875
33000
54583
40083
55667
55000
56959
101459
84959
60708
37291
15125
23708
18459
23209
23500
23292
23500
23083
18416
23000
17834
23292
54208
52125
55584
52083
56709
52000
56500
55458
50959
39542
43166
52500
31291
14167
24000
18250
23875
18083
24375
18750
23333
23292
23125
22750
23084
23000
23000
22708
23250
23584
25042
26459
18417
24541
24542
23417
22833
22917
22875
22875
22834
22667
22833
23250
22667
22709
22834
23000
22875
32125
25375
11167
23625
23708
23041
23209
22708
23000
22666
22958
22833
23000
23000
22834
23042
25292
26292
24000
23208
22375
23375
22625
22625
22917
22917
22958
22875
22917
23000
25292
23625
15250
10458
13750
14875
14333
15167
13958
14750
13959
14375
13792
10000
13958
14459
13792
14125
13833
14458
14083
14500
14000
14542
13916
14459
13833
13875
13833
14000
16292
10583
14084
14208
14042
14500
13917
14167
13750
14459
13708
13833
14000
14625
15000
15084
13958
13875
13875
14542
13916
14959
13833
14667
14083
14750
28083
42958
52750
52542
90208
62167
40292
19083
25333
18416
23042
24625
24166
23291
23000
23083
18000
24667
24917
24333
27583
18250
23083
18500
23208
23500
28042
13666
24542
19375
23542
24000
23208
18417
23000
23042
22833
23417
23375
23167
22792
23167
22958
23125
22792
23125
22875
23375
23417
18292
22959
22958
22792
23083
22834
24209
22667
23583
22916
22916
22709
23208
24750
24875
23667
19333
24500
23208
22959
17750
23416
23083
22834
22875
22667
22750
22666
23166
22959
23125
22875
23000
22834
23375
22667
23292
23125
18250
18708
23334
24083
24000
23625
23375
21750
23583
23792
22833
22667
22667
23166
22709
22792
23084
22875
22958
23292
22875
22917
23042
23083
23083
25250
25375
13792
13917
14500
14000
14625
14000
13959
14584
13916
14125
14583
13875
14000
13917
10083
13958
14917
15125
15125
14083
13916
14042
14541
14083
14542
13917
14542
13917
9959
13834
17292
14292
14042
10042
14250
14167
26667
53333
54667
53750
35291
54166
54833
55958
55000
89209
52083
54333
54375
36917
56208
95041
54083
42583
54125
48625
53333
58250
54625
53958
93833
74250
50833
26084
20458
23667
18709
23084
23375
23042
23542
23542
22917
23250
17833
22834
36667
21958
24834
18500
23625
23500
24250
10334
22791
23416
22750
22875
22667
23417
23291
24333
23125
24167
23792
22667
22792
23166
22667
22708
22667
22958
22792
23959
22959
27083
18750
20792
17208
24208
23208
22750
23292
23000
25542
24750
23792
13959
14625
14791
14834
13916
14416
14042
13834
13875
14375
14083
14250
10584
13917
13833
14209
14000
13958
14041
14208
14000
10166
13959
14750
10791
13750
13875
10041
13917
14500
13958
14208
13750
14125
13791
6375
13875
9791
13958
13750
14250
13875
14042
15083
13792
16583
10584
14125
14666
9542
14000
13958
14625
15333
14542
14750
14000
14000
14750
10542
13958
14708
14958
13959
14584
16625
13958
14000
14583
14584
14875
10084
13708
16500
13416
13167
12916
12084
12208
12292
13000
12833
12958
12125
12791
12167
12833
12875
13042
12167
12709
12166
12083
10125
12208
47000
49333
28500
17041
23500
23833
22958
16250
22750
23167
23041
18042
20042
23125
22625
30291
26917
24583
23375
23250
23375
23625
25917
24750
24292
23042
23167
23333
22959
23125
17917
26000
26916
28542
23375
23041
23459
22875
23125
23000
23417
22833
23333
23291
38542
50000
30250
18625
23625
23625
23167
23167
24208
23167
23167
23500
18167
52959
56750
34541
33083
54125
59667
52000
57792
68500
58084
54209
55042
56459
56208
52500
38750
51084
56042
58000
90792
74166
49667
27666
17875
23583
24125
16208
23000
23083
23209
23000
23208
22792
18333
22917
22875
23042
22708
22917
23084
22875
22833
23125
23000
25334
22916
22833
22958
22666
22791
22666
23167
21167
26500
19416
24666
52625
51416
88333
70209
46958
25834
18958
23500
17250
23083
18375
34000
13458
23584
23500
25459
21792
25375
18042
23667
23500
22667
23083
22792
23000
23167
39167
51125
30750
24916
24250
17958
23333
24000
17916
22916
22916
25834
24291
22958
22959
22791
17833
24708
10375
29958
32875
26375
16834
23459
23917
24125
23625
24000
23834
23209
17583
24458
23166
22875
23250
25375
25042
29125
12667
28583
20500
19375
23417
24000
23167
23791
22959
24083
25666
18333
22958
23250
22791
18959
23041
22750
22791
23084
23083
23000
22917
22917
23209
22708
29583
28542
17208
22917
22875
22500
22959
22625
22667
22750
22875
17500
22750
22625
22834
29333
24916
23209
22958
18083
22875
21333
22958
23583
22917
23458
22750
22916
23084
22500
20541
24292
22666
25042
24125
15833
13792
13792
13875
14000
9875
13750
13708
14583
13708
13875
13750
13833
13792
14583
14000
14750
16125
14792
9625
13833
13833
14084
13708
14459
13875
14041
14000
14000
9959
13750
11708
13916
13958
14042
13791
13792
13542
13792
13834
13917
13791
14875
13750
10292
13792
14500
13750
13875
14084
13917
49042
40625
33583
54625
89500
70916
48375
26041
18208
23625
24667
17959
23167
17292
23375
24625
24084
24166
24792
18166
23000
23625
22833
23000
23125
22958
23500
23042
22750
23250
23375
23125
23083
22625
22959
23250
23208
23000
22542
23041
22834
23750
29042
27875
13542
23292
22958
25459
18125
13916
13750
14125
14167
13792
14084
13791
14750
14084
13792
13958
14667
13875
13750
14625
14583
15209
13875
14541
14791
56000
52375
53708
90334
70917
49208
26667
51833
108250
94000
72000
50875
30583
11709
21792
26667
25792
25583
9958
21875
15125
22041
30084
15959
22167
14791
21625
22708
16541
21416
16042
21417
16625
21625
22916
16333
21250
16459
21250
22542
16500
23208
23625
18541
22625
16583
21292
22917
15792
21375
16542
21292
21834
22542
21208
21500
22334
23459
22209
23041
21333
22709
54292
42208
53584
83917
39875
52875
77625
41333
58583
98042
81333
59875
40083
21250
16500
22875
17375
21792
16542
22000
23208
22875
22791
16416
21292
23041
21375
22416
15458
21208
21708
23167
23167
16208
21292
22458
22875
22667
21291
23000
22250
21541
21458
21584
21458
18792
22208
21292
21625
22000
21750
21583
18042
23584
15041
21584
22917
22083
15500
25125
9375
21334
21958
22625
22083
22209
22375
22375
21708
22541
16542
21541
21375
22750
22125
21625
21583
23041
21292
22333
21416
22750
21708
22250
22000
16500
26833
28333
15334
21333
21791
22583
21875
22708
22666
22166
23416
20917
14125
9584
13125
13917
13291
14083
13208
9750
13083
9625
13208
13167
13875
17583
12917
14291
14000
9583
12875
13291
13083
9584
13166
9584
13125
13250
14542
10166
13000
14333
28375
50750
40542
33625
33750
15459
22083
16917
21750
17084
52500
53541
44750
55792
47750
82417
65417
42459
20875
50917
76125
57125
29875
20500
24041
18292
23333
34958
62625
60458
98083
82250
50792
54292
52125
52875
73750
57166
55750
37709
57583
42125
14083
53917
33041
20791
58917
52500
34667
56834
88000
71333
51125
29666
10167
23167
17875
16958
21583
23375
15292
21583
18042
22375
14625
22000
21542
21583
22375
22458
23125
21833
22917
22375
16625
21208
21666
33583
22084
8209
21917
22958
22791
21458
22375
21542
22125
22584
21750
21500
22084
8916
21583
22000
22709
16625
21708
16750
21500
23000
17000
21792
23250
17000
22417
23250
23334
16916
21417
22708
22625
18000
21750
23125
16750
23958
16208
19333
14000
8750
13042
9709
13791
8666
13542
8625
13167
9666
13083
9750
13125
14291
8833
19292
15709
7250
27292
46542
37666
27584
17667
8875
16208
12791
4167
10584
4042
10416
6917
10416
6500
10208
6708
10250
6417
18750
24125
17167
5958
11041
7958
9459
11625
11417
5833
9375
10458
3250
9292
8916
16250
7542
10375
8083
10583
3250
9375
9417
6041
9208
5833
9250
5625
9209
5709
9416
34666
37333
18292
24416
18459
22500
18458
21875
22917
16833
22000
21833
22292
21750
21833
21916
24375
12458
22000
23042
21750
21875
21500
21917
21375
22541
21875
22209
21750
22833
21625
27375
20125
52042
99792
83458
61459
41375
12583
22334
22375
18000
22000
23333
16583
21500
16500
22250
15417
21625
16375
21375
22708
22958
22917
16333
21625
22000
22667
23000
22667
21250
22625
21709
22667
21667
21916
21209
21458
21458
24792
15625
21292
21500
23041
21209
22208
21625
22375
21583
22375
21500
22375
21708
22750
22875
22750
21958
22625
21666
21667
21292
22250
21250
19000
21166
22459
21292
22209
16750
21083
21459
22416
22833
17542
20958
22167
21959
21917
21167
21458
21458
21334
20959
21875
21208
16208
21417
22250
24084
15500
23750
28542
9834
13125
9500
13042
8458
12708
11375
12584
13083
14458
9709
12959
14042
9750
12833
13000
13166
13417
13125
13166
9458
13291
13417
14834
10542
13291
8708
14958
4916
13000
13291
9542
12958
9708
13292
9625
13042
9417
12959
16667
13292
14375
14083
9291
12875
13042
13209
9542
13292
13292
12917
9667
13000
13250
8959
13083
13208
14208
12875
9584
12750
13083
9541
13042
13041
13959
13250
13166
13167
9167
16250
4959
13542
14083
13417
12834
14042
11417
13083
12000
8292
11292
8375
11292
8250
11375
8041
11334
11333
12458
8208
11291
7833
11333
11334
8000
11334
11375
8333
11334
25459
10834
22333
15000
21667
14708
21834
25916
15500
24834
18125
21834
16541
24333
12167
22125
10083
20875
21750
22667
16667
21500
22416
21833
22542
22666
16833
21500
22750
24334
16875
21750
16542
21334
16209
21625
23166
21791
22333
21417
21667
21334
22250
21500
22500
21208
22875
21084
21625
21042
22667
21542
22333
21541
22542
21500
22500
21708
21875
21333
21958
21083
21542
21167
24416
21583
22333
16667
21125
22917
22125
47833
13708
22167
20625
50041
94917
77667
55708
36542
16583
42750
30500
50375
81042
61875
37541
39958
48084
55083
86125
50334
27041
17375
23584
18458
23292
18083
23083
16375
23500
24000
24125
26916
16708
23042
22958
23083
23750
18041
22959
23459
22541
22875
22791
22875
22584
22958
22792
23042
22625
22750
22959
23208
22833
23167
22709
22958
22458
22875
22542
22709
22666
22750
22792
22958
16959
22917
22875
22541
22917
22541
22750
22416
22709
23041
22875
22667
22750
24250
22958
22334
25000
28250
14375
14667
14542
14541
13917
14458
14041
14583
14500
14792
14042
14084
13875
14084
15042
14750
14000
14916
14917
14083
10125
13791
13917
11083
13875
14041
13958
10125
13958
14167
13875
14292
13833
10542
14041
14417
13958
14041
13792
10166
13792
14583
13791
14666
13667
14042
13666
14000
10292
13833
14583
14750
13875
14458
13792
14709
13916
14625
13875
14042
13667
14375
13875
14500
13959
14125
13792
14042
13959
13833
13834
13750
11125
13875
9959
13875
12916
16208
8250
12041
12167
8209
12042
10667
12000
12083
12083
12750
11958
12708
12083
13209
11792
12000
12041
12209
12792
12083
12083
12000
12250
12750
12125
12084
11875
12250
12041
11958
12083
12708
12042
12667
12083
12083
18167
12250
12000
12208
12042
12833
12042
12250
12083
8959
11917
12083
12208
12083
12042
11917
12625
12709
12834
12041
8625
12042
12666
12125
12375
11958
12625
12042
12708
12042
8583
12042
12375
12042
12000
11959
12875
12083
12667
11916
12875
12042
8625
11916
12292
12083
12708
12000
12459
12084
12166
13791
12875
12500
8750
12167
8833
12167
9041
12209
8792
12125
10125
8625
12417
9458
12000
12084
13125
12750
8917
12083
12666
12833
8667
12250
12083
12750
13292
13375
13000
13250
12959
13041
13042
13166
8917
12125
12250
12750
13167
20084
12125
12833
12917
13041
13375
12167
12209
12833
13000
13166
13167
12792
15250
7959
12041
12375
12083
12125
12291
12750
13167
12167
12667
12916
12875
8833
5542
12042
12417
12708
12750
12875
12208
12292
12625
12959
12833
12959
12959
13000
9042
12041
12708
11917
12167
12333
12750
8875
12084
12750
12917
12750
12916
9250
12167
12209
8708
12083
12667
8583
12042
12291
12583
8583
12041
12792
12125
12042
12209
12208
12625
13208
12833
13042
12875
12916
13041
11334
12084
12792
12084
8625
12000
12167
12333
12583
13000
12833
14667
12500
11084
12416
13333
8000
8916
8834
9167
12333
13334
12375
16208
8125
12959
11708
10917
9041
14708
14500
9000
12125
12125
12833
13291
13792
12209
13000
9042
12125
8417
12125
12917
12209
12167
12750
12834
8542
12000
12791
12875
9042
12208
12875
12042
12959
12875
8875
12084
12750
8875
11959
12083
12791
13041
12167
12541
13167
8917
12125
10750
13084
12709
8833
12125
12333
12708
12875
8875
12000
12209
12208
12833
8916
12000
12958
12917
13125
12917
12834
13250
8625
12084
12791
12917
13083
13166
8833
12541
8875
15042
8833
11916
12250
13084
13041
13375
13208
12917
13000
12375
12708
12833
12750
12208
12958
13042
12708
13083
12958
12958
9375
12000
12834
13083
12375
12333
12334
12750
12958
13167
8833
12042
12375
12750
8625
12125
15958
9375
12500
12375
12458
12958
13417
5500
12416
12542
12542
12459
12333
12375
12458
12375
14667
13208
13084
13000
13000
13667
12958
11666
12709
12375
9042
12292
12375
12375
12583
12500
12125
12375
12167
12333
12125
12416
13208
13333
8750
15500
10125
13959
12375
12291
12375
12208
12375
12208
12500
12333
15750
12792
12917
17750
51709
74625
56666
35209
13958
23916
18000
23291
16417
23042
24416
18292
23000
52167
56083
60833
91250
72833
51292
19500
15334
18875
12417
10875
14417
9958
14375
9791
14083
10292
14083
10083
14125
14792
15292
10291
12500
10667
16500
10458
14458
10542
14125
14667
14625
10417
14250
15084
14333
14833
15125
15125
14875
15167
10417
14166
14667
15208
14917
14375
14750
15208
14250
14708
14750
20667
10042
15583
15375
10416
14166
31375
59333
53875
45250
35167
26292
17083
7459
12584
9666
12042
12333
8042
11583
8750
11750
8500
36333
54916
36625
14042
23792
19375
24834
10500
25750
22209
25000
23875
19083
23375
23667
23625
24084
20291
34334
27084
18166
8625
7166
10292
6791
10625
5625
9959
7084
10250
6292
10458
4000
9917
12708
3917
10084
6667
10209
10375
10875
12625
4417
9959
12917
8167
6833
11708
8250
9917
11833
17292
11459
12375
6833
9833
7000
9791
10458
6833
9750
9916
10500
6958
9792
6917
10666
9250
10875
10125
9000
9833
9833
10542
7042
9791
6916
9833
7084
9625
10541
6292
12917
4625
12375
5041
9750
6791
9667
10500
6917
9792
54000
55500
55500
99000
84875
62208
42000
20583
16791
22250
15333
21834
23209
22083
22000
22667
22750
9208
21208
15500
21375
13875
21541
21083
21875
18042
21625
22791
16500
21041
22208
58209
107667
93125
77333
56750
36083
14459
22333
17167
21833
16625
21709
18375
22458
16791
22667
19166
21708
23083
22375
16291
23583
22250
21375
16708
21791
22666
22125
22417
22000
16417
21208
22958
21583
21834
21750
50958
100292
85334
63375
42542
20792
56125
43666
56583
41916
55958
83458
66958
45958
54542
59709
86292
56625
54334
51959
50042
45166
67000
56916
54375
53334
81375
65208
41792
19250
24666
52750
40000
38333
50041
94541
80125
58083
39291
19875
25416
20208
16584
22250
16750
22250
16334
21750
16584
21708
16666
21708
16083
50500
52917
46958
50625
47791
31000
53584
55875
96000
57291
44833
52625
35416
14208
26208
21250
16916
23625
18333
23083
18291
26166
16291
23041
23666
18583
22583
23042
29625
25833
24083
23292
23250
22625
22917
30291
14166
23334
23042
23417
23166
25708
17916
22417
22916
11042
22791
22792
23292
22625
23167
22667
23375
22709
24458
22625
22959
22708
22958
22667
24000
22750
23041
22708
23084
23000
22917
23959
23000
23125
17542
22916
23250
22583
22667
23375
24542
22667
23125
22875
23042
22625
23042
22500
23209
22667
23250
22625
22667
22708
24958
22709
14083
13708
14666
13750
13916
13958
14917
10209
13958
13833
14500
14500
13833
13708
14542
13667
14792
13875
14334
13792
14041
13833
14250
13750
14584
13834
14458
13750
14709
13834
14459
55333
55750
45792
55583
54917
52542
57833
51250
96500
81500
59500
37500
18208
22625
18125
22250
53792
43833
88834
41125
42333
37916
65166
37375
61042
37125
55791
49000
52458
52583
54334
78917
55625
88458
30459
58041
60167
39000
45583
52583
54542
48916
97500
82667
57000
48709
56458
46833
53708
77792
60125
39209
18792
23584
24542
24250
17375
22834
23750
51000
96875
81834
61083
39708
22209
16958
22042
16625
21542
16750
22084
23417
22083
22583
22958
22917
21333
22917
22958
23000
16333
21667
16250
21667
23042
22542
16625
21375
22750
21209
22834
21209
22750
22167
21458
21583
22417
23708
20333
38375
44250
24042
15209
32125
21875
22875
15625
15875
23042
16500
22125
16500
21625
16750
21667
22042
22209
22584
22375
16208
21375
22083
22250
23083
22542
22833
22334
15750
21500
22584
23084
22375
21625
16250
21583
22541
22666
22750
22792
16667
21500
23208
21416
21375
22875
22625
23000
14583
21250
22541
22750
16334
25584
20125
26375
53833
82125
58125
37167
46083
28708
54833
97709
83375
62875
53917
91833
74667
52583
31625
55416
53042
57708
54625
60625
46875
62541
49875
92833
79417
58500
55209
90667
44125
56333
56083
100792
83458
56041
42583
54958
70750
55417
55333
43292
53292
41125
53125
54458
48291
31583
59125
44250
36292
42416
33500
53084
73667
32875
50125
53292
37833
57667
51042
49792
35458
54666
41083
28292
53959
49583
57333
35416
48625
34208
15792
22167
17375
21541
15000
21541
16750
28000
25916
30750
42500
50209
60792
59500
54333
46250
55167
57125
79125
62209
40750
18250
26209
22666
18959
51667
89042
69291
45666
23416
25500
18167
31667
55333
90542
45709
37750
54625
33625
53625
53000
54917
53958
52750
51042
29958
57500
53667
54042
52333
53333
50417
78708
60458
42750
53292
78375
53209
38709
33416
37250
44625
26875
53292
96292
80917
58292
36667
54459
58583
100375
85000
64167
43708
23959
18875
24083
45584
54542
89417
53667
48208
57417
58000
50000
53250
100375
73875
52250
51709
52375
56083
78250
58583
34875
14167
24125
17042
23250
24375
16584
23125
22875
23083
23250
23208
22750
23250
22791
23250
23000
23125
22792
23250
23084
23208
23042
22875
22666
22750
22583
22542
22833
23041
22750
22875
22833
22667
24875
23084
53042
74375
53625
43333
50625
53750
55208
54625
55542
54042
40625
29833
16584
23583
24917
24333
18583
23375
42750
58208
41667
20750
17208
22458
16000
21708
15750
21500
23833
37083
52416
53583
50625
86708
67542
23750
53166
53250
53500
55166
52375
40709
40209
22250
17209
22500
15333
21708
16958
21708
22792
21791
21959
14833
21334
16167
21875
16458
21292
22667
22791
16625
21875
21625
22125
22916
22625
24958
15542
21292
16750
21250
21333
22083
21542
22250
21375
16750
21375
23167
22625
16459
21375
22458
25958
19292
25000
11542
21667
17333
21750
14625
21000
22583
21541
22667
21458
22792
21541
16041
21625
23208
16375
21875
21875
17208
21500
21291
22250
22750
33750
39542
33750
58625
50333
43083
52291
83875
67834
46166
26959
10250
22333
16208
21459
22625
18209
22292
21833
23917
15250
21541
15500
21542
16458
21459
22709
23167
16375
24084
14750
22042
22125
21375
22875
22417
16875
21500
22709
21333
22250
21333
22541
21500
21958
22750
22875
23000
16625
21416
22625
21625
22500
21291
21875
21375
16875
21291
15709
21417
22583
21958
31500
24958
10000
40083
82916
72166
57625
41208
25833
29333
16416
11250
16916
12792
16250
11542
15750
11917
16292
15958
17667
31334
28583
10417
21708
14875
21375
16750
21667
16209
21542
22958
21709
25167
17167
21583
21875
22417
21875
22834
19709
22958
16375
21417
22833
16833
21542
16417
21292
16958
21583
26417
19125
15625
22125
30750
27208
11084
21917
15333
21333
17459
16208
22333
15541
21334
27958
24708
16459
21583
16792
21583
16166
21417
22875
23000
16875
21667
21750
22875
16750
21583
23000
21292
21584
22542
21708
22542
21458
21667
34666
87416
83875
75583
66958
59917
49166
41042
34542
26792
17958
4791
9708
3583
9167
6167
9333
6334
9166
5875
9292
5750
9417
5834
9250
5833
9167
6000
9209
5709
9083
5875
9042
9667
52250
33458
50167
52041
30584
27459
26709
9875
26167
10333
21916
15958
21875
23000
16750
21667
22709
21917
23333
21791
23083
16666
20375
15750
16125
7500
10417
6917
52708
29084
15125
22166
16542
21709
16584
21458
23000
23000
22958
17416
26209
19208
58291
28208
63583
44084
21666
22375
17041
30333
17417
22084
21834
21708
21500
21500
21708
21625
21500
21541
22000
21333
21709
21375
30834
16834
22584
23250
21791
21417
21708
23958
18583
21500
21625
21500
21709
21750
26791
45000
54916
34500
27417
52250
75417
42166
58667
44375
38084
55125
80542
60958
50958
88541
69083
52250
34834
54500
54958
37000
54333
73042
45708
56083
51875
52542
69917
51667
29208
8250
24958
11375
38333
56000
53208
54916
88167
69417
46458
22083
31042
19500
22333
22708
16625
21834
22000
23375
21375
21500
21375
21500
21750
21375
21333
21250
21459
21333
21458
21500
22416
21458
21583
21542
21084
21334
21584
21291
21084
21542
21500
21375
24458
22834
21375
21583
21375
21375
21000
21333
22000
22292
21792
21917
21250
21584
21250
21583
22042
21375
21500
21458
21292
21250
21458
16250
23500
21708
21042
21250
21625
21875
21125
21209
21292
21667
21500
21458
21334
22250
21375
21041
21917
21292
21416
21417
21834
15500
21500
21000
21167
21292
21208
23375
25458
16375
9166
13084
13083
13208
13167
13208
12917
13041
13042
13167
13875
13000
13000
15166
15500
9416
13084
13042
19250
16750
16375
16167
13167
16166
16417
25916
16750
22083
32916
24792
16792
21542
22000
25042
21833
22375
39875
48500
27167
17125
21792
21792
21500
22250
21750
21625
21375
22041
21292
21917
21792
21417
21333
21334
21208
21500
35750
54875
86167
66375
42000
21209
22917
24917
55416
53375
73333
58792
70792
54459
54500
52250
53417
54709
57917
45667
59667
94667
78417
57959
51083
47042
51458
50750
96958
28292
39417
49500
31458
10417
22500
15833
31125
17166
21834
22959
31375
23292
9416
22959
15667
21625
16833
18917
22125
23250
14875
21666
16375
21334
14584
21458
16875
21583
21709
23250
16083
21625
32375
22709
12292
21875
16500
21542
16292
21625
23042
21375
16333
21208
22583
22250
9000
21458
24667
16458
21792
22208
21709
24541
23959
14000
13708
8709
13125
8417
12958
14000
16583
13625
22375
28083
17875
4833
13417
10667
13375
9500
11583
16167
11334
13750
16250
10333
12958
14125
5625
13334
8708
13084
9667
13000
13333
9500
13208
8583
13084
8584
14375
8958
14333
9000
14250
13167
19834
8917
15917
8208
11750
10375
11750
8625
11541
9167
12792
8417
7833
7958
14541
5208
11583
7209
11583
7708
11416
7625
11500
8125
11625
7375
11458
7250
11458
8208
11583
8042
11500
8166
11542
11417
8125
11458
7208
11375
8208
11333
8250
11417
8000
11458
11417
8042
11417
8083
15334
5708
12375
6625
11625
8458
11792
16042
8792
15041
7625
12709
5750
13292
8458
14875
7041
11708
8292
15625
17625
31458
26792
57958
48459
81250
52416
69958
49041
25042
27667
57834
33208
52417
53250
28500
30417
41208
61709
53833
55250
101875
85333
61708
39375
18208
24125
16708
23583
26708
17584
23208
16334
23208
18208
23292
23292
41875
54167
54416
44583
57459
101041
86667
66667
50166
55583
51916
84125
65583
44000
17500
25750
10958
23750
18250
23334
23542
29083
20334
29583
21125
23750
18625
23375
18000
22833
23792
24167
18375
23333
23208
22875
23458
23417
23250
22917
38209
31000
14958
24125
25166
31666
35000
26125
55000
97417
80250
56750
28375
26458
20458
25375
19833
23375
16541
25292
23375
22708
18500
18333
31792
30750
14834
23125
24167
22959
23250
17708
22875
22958
24041
22625
22916
23208
23417
23542
24333
23959
26292
25000
18000
23000
23166
23208
23125
22667
22708
22750
23625
23291
23250
22875
41084
30834
14917
23500
24208
24459
18542
23292
16875
23125
23584
17875
23625
25208
18292
23084
23292
22792
22875
23000
22875
22833
23084
23000
23125
22791
17292
23042
22875
22917
22917
22625
22834
22750
22917
23125
23375
22833
20125
23042
22750
19166
18000
23000
23208
23209
23000
22834
17500
23083
22708
23042
23333
23250
22792
22875
22666
23125
22791
22583
23125
22750
24708
22750
14042
13875
14625
14083
14417
13959
12667
29083
18834
23500
23209
23167
23083
23916
23208
23000
22792
23250
23416
23333
25125
18541
23042
22959
23084
22750
22792
23292
22917
23292
22917
23250
22667
22917
23000
22875
22833
23625
22958
23250
23125
23041
23000
22916
23417
23208
23125
33167
12792
23375
23250
22708
23000
22916
17667
22917
22834
22791
30125
28333
17542
23416
23542
23209
23583
22958
23833
23291
23000
22958
23084
22750
23084
25167
23250
22625
17583
22917
23333
23041
22709
22917
23125
22667
23458
23417
22791
22917
29042
27292
17875
23500
23250
23208
23292
23083
23167
23459
22917
23375
23125
23167
18125
20458
25625
18209
22875
23125
22958
23042
23708
24375
23125
22709
22959
23000
23208
22916
22666
22750
23459
22667
23167
23083
23416
22917
22833
23083
22750
22792
23250
23041
31125
23625
27542
16875
23209
23542
22916
23041
20375
23750
24542
17584
29292
26000
18000
22833
24000
25667
23083
23334
25375
29625
7916
15834
12625
14042
13958
9875
14042
14709
17667
5958
14292
10417
14250
10917
10500
17583
12000
13334
11333
14417
13875
14875
14042
14667
14208
14959
17292
14667
9625
14042
14250
14708
14834
10583
14125
14625
14916
10541
13833
14708
14875
13833
14083
10083
13959
14167
14167
10125
13916
14125
14125
15000
14125
14666
13084
14166
14750
15167
15292
14833
14917
14750
14916
14000
14708
15250
15041
15000
14833
14542
14459
10125
13833
13959
14000
14125
14209
14583
14750
14500
14500
14750
14834
14708
14000
14291
16334
13916
14792
14750
13833
14250
14667
15000
15125
14834
13958
13958
14167
15000
14958
14791
14792
15042
14917
10041
13792
14041
13833
14750
14667
14583
14500
14709
14791
14917
14750
14750
14709
14084
14125
14250
14542
14792
14584
14250
14250
13958
13833
14041
14583
14958
14500
14542
14041
12250
14583
14250
14625
14625
8708
48916
88875
71833
47417
24041
24791
16375
23708
18209
23875
23875
23666
23834
24084
18292
23000
23667
22833
23333
22917
23208
22875
55833
51458
51416
82416
56750
76500
53250
84792
65750
54042
57208
53375
82000
52792
48541
51792
81792
52709
50208
42541
31042
53208
51666
55208
58042
55458
83875
66000
52584
53375
37500
32542
51584
40042
54250
91083
73833
52875
25917
17833
23667
18208
23125
17875
23000
24292
23250
22875
23208
23000
22875
23375
22708
23167
23833
23125
22959
23042
22833
22625
22667
22625
22833
23416
23792
22958
17333
22834
23084
23125
22916
23000
25334
18167
34500
16125
23333
22917
22792
23333
22708
23084
22625
22959
22875
22917
22875
22791
22500
21708
25208
14084
23416
22958
23666
23584
23542
16833
23042
22875
23208
23375
23250
22875
18125
22875
23375
23250
22834
23375
22959
22500
22750
22959
23167
23042
23750
23042
23125
22958
22834
22958
22791
23000
22958
23250
22708
22667
23125
22708
23459
27500
25666
12167
22875
25000
23625
14083
17417
17167
17250
16875
17417
17166
17125
17209
17208
17250
17292
17333
22625
8750
17500
17917
17208
13625
17209
17292
13834
18583
15083
17250
17334
18042
17209
18083
17083
17541
17125
17209
17083
17917
16875
17167
17625
17167
17209
17625
17375
17834
17750
17958
17167
17791
17125
17166
13500
18000
17083
17917
17167
17333
17083
17792
17125
17375
17125
17959
17042
17292
17375
16959
17167
17167
19250
13292
17042
17459
23625
19458
13125
17166
17375
17833
17083
17375
17167
17625
17041
17041
17833
18000
17042
17375
18042
17250
17083
17375
17167
17583
18166
12625
17291
17417
16875
17959
16917
17292
17000
16916
17125
12458
26500
17708
23041
24291
17833
23000
23292
18250
23333
18416
23166
23542
22625
23458
23083
23084
22709
23125
22709
23125
22834
48125
82500
63875
41792
22666
18792
23333
23958
16750
23000
23667
23084
22833
22459
22834
22542
23208
22750
22916
22917
23500
22750
22875
22791
22417
33166
23958
35833
29042
53584
58708
45667
37542
53542
87459
69416
46125
23375
18208
40083
56250
54041
86750
55417
40667
79834
52166
52542
53541
58292
103208
52250
55875
54125
37500
26250
50916
54208
28209
52541
45167
55250
54458
53291
53500
55041
100042
85708
64375
45125
25167
18833
22416
55125
122459
110500
55083
48542
21958
55041
57083
55500
45875
52208
56209
55458
51583
62375
39417
43667
35417
24084
13500
9750
11416
54208
56125
45917
40541
51708
56416
99042
83875
60833
30542
54542
55708
55167
55208
49708
58250
44875
55500
56250
43167
53541
53083
51875
94666
78667
58167
52542
35500
56875
63833
46125
24292
17291
23625
17625
23125
17958
23208
24334
23666
24334
23375
23333
22792
22792
22709
23042
22708
23292
22958
23000
24500
23791
22917
23417
54125
46958
58208
53292
50583
56792
54791
57250
58417
49333
48000
87042
72834
51625
28750
8375
22000
17875
21917
16792
22375
21959
22750
16916
21708
22709
16791
21333
21958
14875
21291
22500
21750
16792
21458
18458
21792
22583
22833
22709
22833
16125
21584
21334
22584
23333
27125
11542
21792
22625
16625
21125
16833
23208
15042
21500
22791
15083
21708
16416
21292
16917
21792
22709
16500
38041
32583
15250
21417
16041
21375
22375
15000
21333
16000
21625
21459
16709
21292
21500
22875
21875
22834
22542
22625
22750
16416
21708
22625
21791
44500
38500
49291
29917
8875
21917
15458
21750
16542
21334
14875
21750
21792
22292
16417
21459
22625
25875
17667
21333
22750
16333
21458
23042
16375
21459
9125
21083
21542
22542
22583
22416
33125
12834
22000
23209
16667
21500
22334
16333
21375
23542
22833
21750
34875
35584
17458
21667
17000
21833
23042
16584
21291
22250
22417
21625
21750
22708
26875
15625
21541
22208
26000
17584
21709
21666
22875
16375
23542
16667
21292
22500
22916
21667
22583
21875
22333
21667
16000
25125
15750
21666
15666
21208
22417
20917
16500
21458
22792
21667
21833
24500
29958
15125
22625
25666
16500
21292
16833
21375
16708
21208
22167
22333
15833
21500
21625
21459
16250
36209
28833
14709
22041
16292
21166
21583
16417
21500
22334
21541
22292
21250
22417
21750
21500
21584
25709
21792
12042
22000
22750
55167
45958
32416
45750
52417
84291
67667
46667
25000
18500
22250
15084
21875
22250
16375
21292
23042
22792
22333
22500
22042
21958
22875
22167
22459
21417
22292
21792
23000
22083
22875
21417
21667
22083
22250
21958
22834
21208
22583
22458
23125
23375
14541
21708
21875
56042
52542
89375
71792
50791
29875
10833
22250
15125
21709
16791
21500
24167
16000
21375
21791
14916
21583
37125
21292
24666
16041
21791
21625
22291
16083
21708
22875
21375
23083
22375
16666
21250
22375
21583
16625
21541
21917
20917
22792
22708
23000
21958
21833
20500
13625
21833
22333
16625
21416
22708
21708
22417
21875
17416
21250
21667
22750
21500
21625
21959
25500
25666
16625
22167
17833
21667
15125
21333
23209
16625
21500
16958
21750
15958
21417
21583
16125
21667
51959
91541
38542
54917
30125
21083
26500
34333
47125
49250
81416
62375
41750
20166
23458
24042
24500
17583
23166
23000
24542
22875
23000
23042
22875
53709
99625
83291
61458
39584
20041
23292
16291
21584
15000
53375
51459
48750
55042
47166
56000
54708
43750
39875
63875
47584
27083
42125
38709
36708
33916
52584
34541
50125
90166
53458
53750
57250
31959
58084
51291
51750
55875
102583
88667
68583
47541
26417
19084
22500
16625
18791
17000
22417
16541
21750
14791
21500
22542
21292
53292
46541
43083
25375
57500
91208
57916
36375
16000
19167
23833
18375
23292
19500
23042
23958
23167
23167
17458
23084
23708
23917
23333
22709
23125
23083
23292
17417
23000
22750
23292
22625
22875
22750
23000
22833
22791
22667
22541
22875
23084
22834
29833
18625
55084
39666
54667
96459
80375
59250
37541
20291
17167
23333
16292
23417
23291
23166
23917
23959
23000
23083
23042
23792
22833
23250
23083
23250
23000
22917
26333
21750
21083
27042
18084
22875
23375
23541
17958
23166
22916
22667
17458
23083
22875
23000
22875
23250
23084
22875
22875
23250
23000
22459
22875
23000
22959
22541
22583
22833
22833
22959
18209
22958
22750
23166
24125
23000
21792
22750
22667
22792
23041
22917
23250
22750
22958
23083
23167
22708
25167
23458
26083
14083
13791
13958
14584
12750
13917
14750
14750
13750
14542
15167
14084
13958
14041
13958
11625
13958
9959
14000
13750
13958
14750
17375
5750
14666
10208
13959
10625
13833
14542
14792
14083
14167
14042
14167
10292
13791
13833
14708
14083
14250
13834
16583
15125
11833
16375
14375
8292
14334
10291
11083
15333
5916
14000
14625
14250
15959
16334
14792
14000
14291
11250
14042
14667
13833
10166
13959
14166
14292
14833
10542
15500
15292
13000
13209
12167
13167
12208
12709
12834
8833
12334
12167
13125
14708
12500
8042
12500
12792
13209
12833
13250
12041
12208
12125
17500
5708
12542
13083
12250
12792
12291
13250
12458
12208
12250
14875
9083
12291
12041
12417
12083
13042
12000
12875
12250
8625
12084
13250
12042
12791
12000
8500
12125
14375
15958
16083
9209
12083
12125
12959
12125
12875
9667
12208
12125
12875
12292
12875
12917
13417
12208
12917
12042
12875
12208
7208
12000
12250
12167
12292
17041
5208
10917
12250
12250
10500
11791
13000
12208
12375
12125
12250
9750
8875
13208
10875
12333
10208
12125
12417
13000
13125
12792
8958
12167
12917
12208
12250
12042
13000
9083
12125
12666
19834
11375
12500
13125
12417
12083
11917
12875
13250
13208
8708
12000
12834
13000
13416
12333
12750
8917
12000
12708
9084
12083
12375
12791
13333
8875
12208
12208
12833
13375
13000
12000
12458
11958
12167
12000
14791
12042
12375
12084
12333
12042
13041
9084
12000
12833
13125
13292
13708
50834
52333
83250
64792
43250
48167
79417
50958
57125
53625
56917
54833
50958
56833
101666
54792
53750
54584
92625
76042
54292
32500
11834
23792
27458
16750
23166
17917
23292
23958
56166
53250
53042
55875
58792
94542
80875
55000
25250
18375
22708
21917
16917
21917
17833
21500
16292
21917
21833
16375
21375
23250
16417
21542
21917
23000
16334
21084
22042
21417
22458
16833
21458
22166
16500
21625
22292
22958
21666
31042
25625
9416
22916
9334
21417
22542
16500
21458
16333
21209
21584
25209
26875
15667
22333
17791
21666
23083
16667
21333
16875
21333
14917
21583
22875
16291
21333
22916
22417
23291
21875
22792
16709
21584
21666
22167
16542
21416
20541
51041
94750
80875
60042
40167
20500
23833
16791
22208
16375
21708
25125
16333
17458
22042
18250
19209
22416
14833
21708
23250
16541
21792
16333
21625
16459
21542
23208
23125
23083
21667
23084
21291
21792
22541
16958
21542
22833
27542
14667
21958
30417
17416
22708
21709
15958
21542
23041
21458
23333
22333
15208
21875
16708
21542
21709
22583
16250
21417
22041
21292
16375
21625
16542
21250
22375
24000
15792
24125
13333
12041
9000
13250
9667
13000
8416
13084
13292
9750
13000
9208
13125
10292
12875
53000
93916
77916
56833
35208
16209
24916
18917
22167
16959
21875
22083
22792
16667
21625
48625
53041
94666
49417
89583
50333
26625
25000
9250
21208
12166
22458
12375
22209
15917
22000
10958
21917
15916
42917
38541
52500
53750
100375
84250
63458
42667
22083
17750
22500
16542
21709
22500
21834
16666
21750
22875
15083
21791
21583
17208
21209
15750
21542
21750
22458
18375
22000
16292
21833
22875
22250
15958
21333
22291
21584
22916
22042
22875
22084
22833
22833
22542
22709
22750
21875
19125
21458
22375
22375
22667
21875
22209
21500
23000
21417
22458
21708
22333
21750
22250
21458
22708
21500
22292
21333
55250
50459
52500
40541
49375
41583
59750
42625
21416
15375
22917
18500
21792
16583
21666
16709
22333
23333
21958
16750
21500
33666
34958
17042
22250
51708
46917
64375
47583
25375
18250
22000
17125
21833
14750
21500
15959
21875
50209
91375
52333
53792
54583
51666
52459
35958
47292
28125
24750
25375
52084
55000
58375
106541
88459
66833
47083
26333
19625
23792
18375
23167
22959
23167
25417
24833
22292
24000
17625
23041
16250
22916
23666
23125
23000
22709
23542
22917
23500
23208
23209
22334
23250
22833
22833
22916
22709
22458
23041
22792
23041
22875
23000
22834
22958
22916
23334
22834
22792
23334
23167
22625
25542
25916
10166
13958
14791
14083
14125
14500
13958
14584
15125
13917
14875
14167
14167
14709
10333
14083
13916
14750
15083
15042
13792
13959
14041
14708
14791
15250
15167
13959
13834
13958
13833
13792
14209
13750
14417
13875
14791
13875
13917
13833
14125
13833
13916
13750
9583
10167
9709
13875
14667
14125
14083
13834
13750
13916
14500
13875
13916
13916
14041
13916
14334
14000
14625
13917
14792
14667
14833
16083
14083
13709
14750
14667
15000
14750
14709
13916
14667
10792
13167
12209
13250
12125
13041
12333
12958
12209
13125
12166
12750
12291
12792
13042
13208
12125
8834
11875
11916
12083
12209
11959
11959
12875
12167
12167
12042
8625
12042
12875
12125
12042
11917
12167
12375
9208
12334
13042
13375
13083
12250
13208
12667
8708
12208
10542
12208
12125
12459
8541
12083
12042
12333
12167
12000
12667
12291
13083
12167
12916
12125
12875
12208
12125
12083
12916
12084
12208
12125
12167
12125
12917
12042
12583
12334
12666
12125
12834
11958
12875
12292
12416
12209
12875
12417
12916
12125
13209
13041
13250
12500
13208
12375
12750
12250
12917
12167
12875
12167
12833
12084
12875
12042
12208
12084
12583
12208
12625
12583
12250
12125
15333
13250
13458
12250
12875
12209
12875
12166
12333
8708
12292
12791
13000
13083
12250
12333
12916
13334
13208
13459
9084
12084
12916
13375
13250
12167
12875
13250
13458
8709
12334
13042
13959
8791
12208
9584
11500
9084
12459
9083
12250
8750
9125
13083
8833
12375
9083
12208
13167
8958
12209
12958
8875
12041
12292
12792
9000
12125
13042
8916
12125
12875
13459
9042
12209
12167
13000
13042
8916
12291
12875
13333
17416
15375
6958
12541
12167
12958
13209
13291
8875
12041
12042
12959
13125
12958
10292
12333
13000
13083
13000
12917
13084
9041
12167
12125
13083
13125
12250
12834
12834
9833
12000
12458
12750
13417
13250
13333
9000
12167
12292
12375
8583
12333
12833
8709
8791
12084
12916
12084
12958
14291
12833
8875
12083
8583
12000
12250
12875
8917
12041
12333
12167
12333
12792
13375
8958
12125
13084
13208
8667
12041
12750
12042
12958
20917
11333
12708
8291
14292
14208
12875
8791
12167
12875
13208
13125
16084
12250
13833
8584
12417
12542
12917
8167
12416
12333
12292
13167
12208
12333
12250
12292
8750
12250
12292
12208
27375
22375
13375
10333
14417
9833
14209
15083
10667
14000
14791
14166
14209
15000
10041
14167
15291
13334
14458
14625
10708
14000
14000
14292
14958
10542
13917
14541
10166
13917
14459
14500
14709
13833
14291
14666
15250
10333
10625
15667
14875
14834
14959
15084
10084
13791
14708
14667
10167
13875
14208
14042
14042
14625
14708
13833
14666
15042
14875
15041
14875
14250
14792
19583
18500
9917
14042
14750
10583
13958
13708
14708
14708
14666
14958
10417
13917
13958
14125
14708
14459
14708
14833
14750
14959
14584
14708
10083
13875
13875
14500
14917
15000
14708
14666
14958
14875
26917
18417
23375
23542
23125
22917
22541
22917
24833
24458
22875
23125
22583
23042
22709
23167
33167
13084
23958
23875
24500
24125
32292
22750
23792
23375
24333
24417
23583
23292
23292
22584
24042
23042
23042
22750
22959
22584
23834
22792
23208
23125
33000
31000
27250
19417
23667
18250
23083
24084
24375
23084
24084
23459
22958
23000
18042
23084
30792
10834
25875
17958
22625
23041
22875
22750
22959
23125
22666
22750
23041
22916
23250
22584
22791
22875
22916
22625
23041
22542
22792
22917
22917
22750
23667
23042
25584
23583
23750
22667
22833
22959
22834
22625
22500
22750
22959
22667
23167
22875
22666
22709
22917
22833
23167
22917
23416
38042
29709
18292
23333
23458
24750
23792
23416
23959
22916
23041
24417
23084
16791
23167
23333
19667
23250
22708
22833
23292
52250
29833
10875
23333
29834
19250
27250
30000
45667
40750
30167
29459
13334
27750
49792
53542
86500
69084
47292
25250
18709
23375
18208
23500
24541
17750
23334
27000
20792
23792
17917
52625
53625
32542
51959
55000
101792
47250
93125
46500
51667
55542
44125
56458
162125
41625
60291
36625
67792
56375
51542
53584
82541
64292
42750
22208
16625
22000
17625
16750
21625
16833
22167
14833
21709
10042
21375
22042
22375
21667
22584
22333
53334
33417
59208
100833
84292
61208
41334
21125
23792
17833
23042
24375
24417
23375
23292
56583
116042
25167
18125
25083
11709
24000
38375
52625
44166
55500
51834
53834
57709
57542
87708
68250
43875
20583
24334
25625
19250
23250
17708
27666
15666
56041
22833
29584
16834
22333
26792
18375
24916
19917
23875
24083
18833
23708
31125
14000
23709
23542
30750
22000
27333
17500
22917
23208
24333
23375
24666
23333
24000
18291
37500
17750
25333
27000
9958
23750
23417
23500
23250
23292
23750
23542
24334
24000
23583
23417
22667
19125
22417
10209
22583
31416
26333
16583
22666
23042
22875
23166
23250
23209
23166
26750
23708
23250
19000
20000
23958
23125
23000
22625
23000
22959
23292
23584
22792
23375
16541
23291
23166
23250
26375
10750
22917
17709
22916
25250
24667
22959
23084
22875
24042
23000
23500
23084
23167
23209
22792
22458
22833
23167
22875
22958
22958
22959
23041
23000
23041
22917
22917
22666
22833
22958
22917
22625
23000
23250
22916
23208
22666
23042
30375
28042
17208
22959
23333
23458
23125
23250
22833
22833
22500
22833
23292
23708
25000
23958
13917
13917
14833
13833
10667
13916
13917
14000
14083
13792
13792
10125
13750
13750
13875
13958
14208
14167
14708
10167
9584
11500
14125
14000
14958
14000
14583
13959
14583
13917
13833
14000
13875
13875
14125
14042
14542
14667
14834
15000
14750
14834
15000
14167
29792
23458
30500
27458
51042
33916
27833
52750
97958
79459
56500
35667
12750
23709
24417
24292
17583
23167
23167
23625
23708
24167
22792
23250
23250
23416
24292
35834
18500
23958
28584
19542
22917
23875
24334
23709
23375
24916
23542
22792
23583
22875
22875
22958
23959
23250
23125
23416
23167
22666
23333
22833
23000
22750
23250
23042
23709
23041
22959
23417
22750
22792
23083
22750
23041
22708
22834
22791
17542
22750
23292
25584
19042
23708
22625
22917
24416
28208
10084
14125
13750
14458
14500
15125
14125
14042
15416
10000
13916
14625
14042
15000
14000
10334
14083
10000
13917
13917
13833
14750
14042
14708
10084
14000
13917
14209
18834
12041
15333
11125
14042
15458
14292
14250
9875
13750
10541
14333
14916
14584
10208
14041
14209
13792
14750
10625
13875
13917
28792
30458
11875
22834
23416
23625
23125
23375
23709
23583
17250
23042
23000
23041
31958
10958
22625
16541
23000
22917
22459
23167
22750
23500
32250
11375
24209
25959
18250
23250
23250
23042
22792
22833
22708
22834
23209
22583
22417
22875
22709
30209
17666
23375
24375
23375
23542
23792
18209
27333
13583
23583
24334
23708
24583
12375
23583
18042
23208
23459
25333
21625
24333
22459
13083
23416
23500
23084
23709
25084
18375
23375
24250
23750
24166
17916
23667
26875
16584
20250
23167
10500
15541
10000
16834
18125
15459
32125
49625
84542
68458
46416
23334
16083
22125
15000
21625
15042
21750
21792
23083
22417
22792
22208
22833
21542
15417
21334
14709
21500
21375
21792
22833
21708
22417
22334
16667
21083
18542
29625
14792
22292
16792
22042
17084
22041
16250
21583
17041
16625
27542
11708
21416
16791
21417
22750
21458
16709
21083
22959
23208
22959
18209
21542
22125
22667
21625
22417
21750
22583
23500
22750
22292
23125
13708
21375
22916
22542
22542
22875
22875
21375
22500
22958
22708
22500
22625
22875
16250
21834
22542
23000
22958
22125
23000
39791
60208
41083
21834
15500
21708
16459
21333
16542
21791
22083
21958
22500
16542
21375
22750
24167
16833
21541
22542
21917
22958
21500
22708
22542
16458
21375
22125
21542
22541
23958
9583
21291
21458
13417
21333
21417
28875
26125
13417
21541
21959
22334
20959
16792
21084
16500
21334
22625
21041
22791
21208
22416
21209
22041
21542
22458
22125
18917
21416
15042
53875
83583
52208
49792
37125
69167
52292
52084
50167
50083
49542
54625
100875
83458
59667
24084
51916
92709
73916
52958
31333
12208
24541
13667
22959
16791
23166
23250
18000
23000
16334
23125
23541
22791
23083
22792
23416
22667
23041
22667
23208
22833
23459
23000
22541
22709
22625
22667
24584
22875
22916
52541
54375
55792
52208
55500
98583
54667
53417
56959
44084
51166
47542
57292
50209
93250
79000
59208
31500
13417
22167
16875
21833
26500
17792
25000
23375
8958
23708
18709
16791
22041
20000
22583
59250
34459
41584
34459
19583
54042
59917
56500
82208
51375
90583
56042
55792
55667
54458
51750
579750
577041
558916
538542
519250
496208
474708
456958
434750
401000
369500
346833
324334
301750
269042
245750
225708
203459
180541
157750
135708
51625
43250
51209
54708
53500
53125
60834
45125
47167
54375
50625
55792
54167
56292
53000
39333
57167
90333
58458
55458
29375
51833
57834
56042
56250
97250
77792
29458
38375
27208
14500
26958
9041
21875
16417
28791
22875
13334
22667
18000
22125
14834
19041
22500
23416
16542
21583
22000
16375
21500
23083
22875
16167
21792
21958
22875
27542
14833
21584
42042
29250
13667
21958
16541
25041
17000
23625
16208
21750
16708
21625
23750
15541
21500
16750
21292
11792
28250
29916
15916
22833
16708
21625
22792
22959
16583
21500
22416
21541
22750
22084
22583
21917
21584
21417
16667
21500
22459
22250
16792
21292
22625
15875
21250
21209
10583
21667
22750
22458
21666
15917
21208
22417
21083
8833
23667
9084
21209
16625
21250
22750
21416
22583
23250
17042
16750
13042
13542
9541
13209
9667
12834
14167
14208
13333
13333
9750
12958
13958
8625
13125
13625
8583
13000
9750
15291
9459
13125
9750
13042
13291
9625
13041
13375
9292
12958
9625
13000
9416
12875
9709
12959
11084
13000
9791
13042
14416
12792
14458
9625
12958
12833
13000
9167
12875
13292
13875
13792
8459
13042
9292
13083
9709
13291
9250
12083
14250
9666
22208
9167
16709
14125
16750
13583
16208
12042
16334
20833
6333
17792
15750
30541
9750
22125
16708
21791
15959
21542
21417
23208
28667
24292
14917
21583
16500
21375
22625
22209
16833
21208
22875
21542
21459
21458
22833
21750
22958
21459
22459
21417
22541
22875
22750
21458
22500
22125
22250
21333
22417
21625
16709
21416
22375
21375
22167
16291
21666
23416
15125
22833
21458
21333
16500
21917
46250
23875
15541
23833
17000
14167
9875
13084
9750
13250
8500
13917
13333
14166
8458
13208
14916
12417
14666
10166
13250
8709
13166
13417
8625
13417
26666
17584
27791
20375
28875
27417
54875
101750
85583
62792
40125
18375
26500
22167
19042
23875
16416
23500
16583
23250
24333
21250
23125
18167
23167
23000
22666
23041
23125
23250
22917
23083
22834
23500
23083
23208
23166
23000
22875
23084
23000
23291
22709
22959
22834
24500
23209
24041
24167
20709
24125
22583
23458
22792
22917
25916
18334
13958
14708
10500
13958
14000
52458
54917
40209
70542
52083
28708
30833
25583
25542
13959
23459
18375
23458
23250
23333
54625
95542
78334
51417
28500
21041
23917
18500
23458
24542
23167
23625
17250
22875
23083
22833
22875
22750
22875
22542
23125
22709
22916
23792
23458
23834
18125
22708
23417
22833
23000
22792
26042
24709
23208
22583
22958
22791
10583
23333
23292
23042
22667
23000
22625
22750
22416
22542
22917
17542
22708
23042
22583
23083
22958
22959
23500
22875
22875
22875
22875
22875
22583
23000
22708
22791
17084
22959
22833
22542
22750
22958
22833
23792
22958
22875
22459
23125
23042
19083
22834
24041
21334
13958
13833
14667
13667
14084
13875
14041
13875
14000
13959
10083
13958
14709
13959
10667
13875
14000
13958
14458
13875
13875
14042
14584
13958
14708
11084
14250
17334
17083
9750
8000
11166
5291
10958
9167
10916
10167
8583
9208
11084
11958
7750
10791
11666
7875
10875
11542
7792
10792
10875
7583
10791
10791
13000
7708
25542
23417
22333
25667
16167
23250
22916
22958
23167
22750
23042
22667
23208
22458
25291
25291
23334
22833
22708
22917
17583
26250
24208
18417
22792
22834
23500
22584
23125
22708
23208
22708
22958
22833
23000
22334
13875
23042
20334
27625
26917
36166
53708
52750
53917
53750
55084
99250
81250
59458
37167
15625
23666
24709
18459
26291
16666
23375
18167
22875
18000
22583
23042
24333
24167
19000
57458
39125
38625
19875
51167
55042
57500
54917
85917
71792
55584
34083
52000
58084
40125
53167
57917
108083
92041
69500
46500
24917
17875
24292
16416
23417
24250
24416
23750
23500
23792
23167
24042
17958
23084
53458
56542
56625
51333
63666
53333
78250
56959
33208
42541
36750
51750
55333
41125
31209
54750
92542
52125
110000
94292
69708
47584
25208
26625
15625
23375
16833
23375
23625
23209
34000
17958
20708
20125
24500
16875
22750
24334
23250
22917
22917
22708
22709
23250
22542
24500
23417
19292
22958
25458
36834
26666
17500
23333
17875
23041
23625
22875
22709
23666
23167
23125
23167
22875
23250
22708
25208
20458
24500
23750
22667
22875
23167
23125
23125
22666
22917
22708
23333
22792
22584
22750
23084
23083
22708
23459
22958
22833
23000
23125
31292
25791
16125
22834
22916
23125
23041
22791
22875
22833
50250
69875
48250
24916
18917
24167
17875
23250
23208
11666
23541
23875
22750
23584
22667
22709
23459
18000
22875
22833
22708
22958
22959
23042
22833
17208
22750
33042
27083
30667
24041
16667
23459
24000
24667
23125
23041
22875
22708
23625
23083
23000
22834
27750
18750
29791
10083
21208
23708
23750
23333
23083
23292
23083
23083
22833
23834
25667
21084
22958
23292
22875
22917
22791
23041
22917
22542
22917
23209
23042
22500
22875
22708
22334
18125
22583
23000
23000
23125
22750
22917
22583
22875
22667
22750
22917
22958
23125
22791
23250
22667
23208
22875
22834
22791
22959
22792
25500
23208
18125
13833
13709
6458
15750
13875
14041
14500
10375
13875
13833
13750
14250
14000
14209
14500
26583
18209
22833
22875
22834
22958
22750
23917
23125
22750
22916
23125
23083
22916
23000
22875
23375
22458
22625
22875
25125
23458
22791
22750
22833
22750
18333
22459
22791
23209
30667
14833
22792
23875
23459
23750
22875
23000
23375
23500
24375
17333
24917
9667
23542
23417
23458
22792
23125
23500
23375
23250
22916
22666
28959
17500
22625
22875
22625
22834
24958
18042
21792
23750
22875
22583
22458
22375
22709
22750
22500
22750
22333
22834
22833
22583
23459
22667
56041
34250
28042
48375
58959
51666
59042
100916
83958
60208
34625
18166
24041
17750
23209
25000
24209
23375
23000
23041
23250
23000
23166
23209
22709
22917
23209
23083
23083
23250
50625
38666
51750
49167
52750
55291
97583
80125
55167
33750
10959
23625
50167
50000
34916
52375
43333
37375
44291
26708
18250
23208
17834
23208
24042
24416
22917
23166
23500
23875
22708
22667
23083
56458
43875
57583
82875
54541
54666
52125
56000
50041
57541
57416
88375
48708
79583
61084
53750
91333
75375
54417
33292
10291
23208
33833
51458
43417
66292
49208
28167
26833
23833
18333
23333
18125
23250
24875
24334
18291
22709
22917
22958
23167
56083
54250
51417
53000
55541
113334
51584
51208
58250
103958
91500
69583
44625
23292
24917
24833
26833
19041
23375
23208
23167
23125
22625
22833
23041
51667
93125
52875
53000
55625
40666
29875
52667
85583
52583
100500
87541
66542
45958
24042
24500
45583
57000
38875
47833
54792
84041
55000
40500
64292
39291
50625
33125
11458
54042
100792
85750
63250
42208
21083
17000
22666
57916
93916
75333
44667
58875
50958
48166
55333
30833
45750
54209
57333
30292
16125
30416
51958
86167
54958
56042
53917
81333
63500
40792
20042
23958
24833
16833
23458
55417
51750
71625
34625
55834
54084
51833
88666
72667
51542
50291
95458
45041
53709
77584
61625
41042
20583
17042
22375
16000
24666
24792
10917
22208
15125
21541
14792
21584
23000
22916
16958
21667
16500
54875
55500
83958
65833
46333
62667
54208
53000
81250
56042
107541
90166
69041
47292
26542
20708
23958
24416
24042
22875
23333
11458
23584
25209
24000
24292
23208
23542
23375
23334
20500
13125
22750
22708
22625
22917
23459
22834
23459
22834
22959
22708
23041
23125
23041
22875
23209
22583
23084
22833
23166
22834
22666
22833
23000
23083
23166
22833
23042
22958
36208
22208
25792
26791
24625
16791
10417
14041
15167
14875
10167
13834
10542
14000
15000
15042
14708
14042
13625
14041
13792
15250
13875
13875
13958
13875
14667
14167
14625
13750
14625
13875
13792
13958
13958
14084
10583
13959
14084
13917
14625
13083
13834
14000
13833
14750
13875
10875
14041
14500
14459
14583
14000
13750
14500
14000
14417
14250
10208
13709
9917
13875
14417
13958
10166
13750
14125
13958
14084
13917
14500
14084
14667
13875
17875
15000
15125
15250
15333
14125
14584
14209
14792
14000
14542
13959
14750
10416
10125
13708
10125
14250
5833
14416
10792
12083
12083
13167
12041
12833
12666
13041
12084
12709
17500
12083
12083
12791
12333
12792
11958
10083
12042
12209
12042
12792
12042
12917
8708
12125
12459
12833
12083
12708
12209
12000
12125
12875
12250
12750
12000
12125
12042
12250
10583
12042
8708
12000
12125
12792
12125
12709
12042
12125
12083
14542
11500
12084
12000
12917
11834
12750
12125
12750
12125
12250
14084
8458
12166
12792
12250
12167
8625
12125
12000
12167
10917
12000
8417
12250
12084
12625
12625
13125
12250
12750
12208
12708
12125
13083
12042
12708
12125
12167
12125
12708
12791
9125
11958
16375
9334
10250
12250
12792
11834
12917
12125
12792
12166
12833
12209
12917
13209
13041
12875
12209
12708
8833
12459
12750
12834
12417
9125
12292
12750
13167
13208
8625
12083
9083
12042
13125
12791
13041
13292
8875
12083
8666
12125
8750
12084
12209
12875
13209
13209
12792
13000
13042
13208
8625
12166
12250
12708
12292
12417
12708
12875
13000
12875
12875
13000
13125
13000
13042
12166
12625
13000
13041
13334
13125
8625
12084
12875
13042
12875
12167
12292
12834
12708
12958
13000
13041
13167
8500
11958
13208
12125
12167
12292
8500
12000
12250
8541
12042
12791
13042
12125
13000
8792
12000
12416
12833
12792
12834
12958
13083
12917
12167
12709
12958
13084
12333
14167
4917
12083
13042
8958
11916
13000
18667
6750
12041
12167
12834
13375
12417
12834
13208
13125
13000
9125
14167
12584
8959
12000
13041
8625
12000
12833
13000
12917
9000
12125
12250
12750
12875
13000
13125
12959
13167
13167
13208
13083
12917
12292
12708
13292
12375
27167
12416
12541
12750
13208
8958
12125
12917
13167
13209
12125
12292
12583
12750
13208
13000
13125
8958
11875
12834
12834
8750
12083
12792
12750
12917
13125
8875
11917
12375
12833
12833
13208
13000
12916
12917
12916
8583
12125
12458
12250
12291
12667
8708
12083
12791
12791
13000
12833
8541
12084
12166
12041
12792
8625
12000
12292
12750
13000
9000
9167
9542
12500
12916
9166
12000
12834
12875
8917
12000
12166
12834
12792
12291
12167
12083
18708
14500
8958
11959
13459
8250
12334
9042
12667
8708
12208
13167
13209
9292
12250
12125
12333
12875
12833
13208
13083
12959
13250
12917
9084
11917
8583
12958
13042
12084
12375
12250
12292
12125
12292
11958
12417
12750
13125
12917
13041
13291
13375
13042
12209
12166
12708
12917
12750
8667
11958
8750
12041
12708
13083
12083
12750
12959
12875
12875
8875
12000
12208
12666
12208
12292
12209
8708
12000
11958
12083
12708
13167
8833
12000
12250
12917
13083
12833
13000
12917
13208
13208
13209
8875
11958
12083
12166
12791
13333
9000
10958
11000
10959
15250
14167
6166
10834
11417
11583
7875
10584
11708
7667
10792
11417
7834
10584
10667
11417
11750
7792
10542
11417
7917
10666
11459
7417
10833
10833
11375
7708
10667
11417
11750
8000
10584
11459
10916
11334
7667
10625
11791
7709
10666
11458
11667
11625
7833
10667
11334
11791
11792
16167
11667
5000
11541
7750
11042
5209
10833
7958
10959
7583
11125
8000
7875
10833
8333
5958
10833
8041
10708
11792
6917
10792
11583
7666
10834
11958
7041
12208
7166
10791
11542
7875
10833
16250
28458
13167
6583
12709
7167
10917
7750
10875
7833
10750
11083
12667
11792
8000
10833
11792
7875
10666
11625
7709
10708
11625
11041
11583
10833
11500
11959
7834
10709
11375
7875
10750
11917
10917
38125
61250
40667
17750
23958
25167
32625
12209
28416
10792
24333
23583
10167
23458
24542
24083
23750
26167
23333
25333
25542
24000
29333
23500
23000
23166
21917
23458
19000
21875
24167
23208
23333
23542
23125
23625
23083
22875
17584
23208
22834
23209
22958
18333
23667
23000
22833
22958
23208
39458
43709
24417
24042
23750
24625
26125
16542
22958
22792
23209
23458
23125
23167
22791
23000
22792
22792
22625
23250
22750
17125
23125
23000
22708
23167
22958
17584
22834
23084
22625
22958
23084
23250
22750
22833
22958
22917
22708
22542
22958
23083
22833
22875
23333
23542
23042
22792
22875
22666
22792
23083
22834
22750
22667
25375
25667
15792
14750
14625
14000
10458
13959
14750
13958
14125
14083
14042
13958
12667
13833
14083
13791
14125
11334
10917
7584
15166
13208
12542
12333
12084
12917
12083
12292
12042
12959
12083
12750
12292
12292
12292
12333
12125
12292
12209
12333
12125
12125
12250
12333
17000
10542
14250
14292
11166
14250
14334
14250
13750
13958
13917
14125
14083
14667
10166
14208
13875
14000
13917
13958
15417
14209
14084
14208
13916
14125
13791
14125
14084
14834
14125
10083
14083
14166
13875
14458
5917
14000
14083
13917
12459
14333
14125
13958
14333
31333
30709
12666
23958
18667
21167
31750
21750
13250
22708
23167
23167
23125
22833
22916
22625
23000
23167
22834
22916
23167
22792
23083
28292
14791
23000
23084
23291
22834
22792
22750
22917
22875
23000
23042
23458
22708
22708
22875
23041
22916
22875
23167
28167
24917
23417
22834
25041
23000
23125
22709
17667
23375
23250
22958
22500
22709
22917
22833
23042
22708
23333
23125
22916
23209
30792
26000
17667
23083
22875
23250
23167
23083
23334
22708
22750
23375
22875
23042
23125
23166
23208
22959
30208
20209
23125
23625
23125
23750
22792
23542
23125
23084
22958
23084
22917
25000
18667
14458
14125
14125
14167
14666
14791
9959
14041
13917
14292
14667
13917
14583
15042
14750
14917
9916
13708
14083
14084
14042
14042
14000
25834
18375
23292
23792
23083
23209
23500
23083
23167
22959
23334
37041
22084
23375
23416
23166
23417
23292
22958
17958
31042
18500
23583
23708
23417
23667
23375
22917
22875
23208
23000
22958
23292
23291
23375
23291
10000
28792
18791
25417
24042
23042
22916
23750
23042
22750
17958
34791
35917
15417
23416
24500
23750
23959
23208
23375
23042
22792
23541
23167
22833
22958
22958
23167
22875
23333
23042
22834
26042
33125
52167
78291
59291
37250
17750
23792
16959
25166
18333
22917
22666
22917
23125
17000
43541
51917
50875
84542
67292
48250
33667
13666
22042
17833
21750
16667
21667
21875
22708
21625
23208
23125
15209
21167
15917
21583
22625
22208
21625
21250
22333
21209
21791
21875
22750
22167
16000
21250
16750
21625
22500
22708
22416
52125
41792
48625
82875
66666
46209
24667
24458
26042
24125
8250
22375
16083
22041
17042
21750
22625
15000
21584
16750
21375
16542
21250
22584
21625
21875
23916
18292
25292
16917
21375
22625
23000
22833
16584
21709
22542
22459
22917
22375
22833
16542
21250
21792
22542
21958
21667
22416
23000
21250
16208
21750
22625
25666
9708
22250
16459
38417
39625
20250
16500
21875
16584
21333
21667
16625
21250
22916
21666
17084
21375
22708
22750
16542
21458
22042
21417
22125
21500
21500
21750
16625
21250
21584
16792
21083
16666
21375
22916
21042
21625
21333
21541
22875
9416
23625
18125
23500
11166
23208
9333
20125
22250
16250
21375
16167
21459
22834
21792
47459
86250
68459
48500
27625
12500
22291
16250
21792
15333
21542
21625
21750
22791
21917
22417
22875
23208
21625
23292
21584
16750
21667
22625
21958
56000
49791
92625
78292
57584
36750
16458
22166
15583
21666
51542
80542
55333
57083
36333
53542
54000
52459
53125
52834
85750
69250
50125
25167
18625
22791
15208
22250
22125
15500
21500
14750
21375
17292
21542
21750
16583
21500
22750
21709
23125
22916
23166
16375
21416
21458
16625
21667
16334
21500
22333
21750
16709
21542
23000
21875
18750
21375
22250
21917
22833
15417
21834
22791
23084
16750
21292
22708
22958
21208
16417
21667
21459
21458
20375
21458
16625
21500
40500
37667
18250
22167
20666
21875
15667
21417
22750
22625
22875
22083
16292
20583
18334
22791
16625
21792
21417
22291
21916
22667
21875
22667
28291
12334
22292
22666
22875
22417
21958
21417
22791
21708
23000
21541
22708
22209
16250
21458
16792
21708
22667
22875
21708
21834
23000
23333
16792
21875
22458
23458
24000
15833
9291
13375
9625
13084
14375
14042
9417
13083
14250
51708
37042
87667
82625
71958
61791
51792
39292
28875
17708
6875
12084
12083
9375
11584
8583
11500
7583
11459
7417
11583
8291
11417
11667
7292
11375
7333
11375
8333
12500
8250
11541
7500
11500
7500
11375
7334
11417
7459
11417
11500
8334
11500
8083
11333
8167
11416
7167
11458
7375
11541
11459
7417
11417
7250
11417
7292
11500
7375
11416
7333
11333
11667
8042
11375
8125
11625
7750
11375
8417
11292
8250
11917
8083
11333
12500
7542
11334
7959
11250
8292
11416
7208
11459
12500
8334
11167
7958
14750
17584
11166
15541
12375
6417
11792
7375
31000
30000
578334
691167
682125
674542
667000
628834
622791
615792
608625
595792
587459
573625
561250
553750
545375
537458
528875
515375
506791
499584
491292
483042
470917
462000
459500
42708
50666
48459
34125
46750
28667
17833
22333
16666
21416
23000
16792
21625
22708
22042
16792
21625
22792
22667
23125
22708
22292
21583
22625
23083
52208
91625
75416
50000
29417
10833
22125
16500
21542
16750
21542
22000
21500
23292
16750
21292
21708
22791
21625
22791
21208
22792
21500
21458
21792
22875
21708
22708
22083
22792
21416
16334
21417
21792
21500
16625
21375
22375
22709
18208
21083
14250
4875
13208
15666
14292
9541
13000
10083
12958
9791
13042
9542
13125
9417
13208
9584
12875
14000
13750
11875
13042
9417
13042
9625
13083
12958
13000
9125
13125
9583
13167
9584
13000
9584
14625
59833
53333
106459
90750
68250
48459
52750
90917
75250
57500
53333
51958
48791
53500
95333
57875
53209
36708
58333
56042
94000
75750
50959
29083
9792
23875
17834
56958
90208
72291
54083
104125
86084
63084
39875
19166
23916
17541
56833
37625
91375
53584
56000
40875
21458
16833
56125
95000
79167
53875
53375
91667
77167
56250
57333
103125
57959
102750
68583
44333
22917
26250
25292
10250
22416
21125
15208
34542
27583
11916
21834
16708
22166
15000
21417
16917
21916
16000
22042
16459
34667
21041
25042
15833
21500
23000
22334
16125
27042
30709
35833
10042
31833
20000
24667
17000
21833
23083
16625
22334
22416
25000
22166
23875
22417
16625
21667
19042
24625
13292
9584
13167
9125
13209
9750
12959
9625
13042
13459
13833
8500
14250
10000
13000
8500
13166
9625
9166
13291
13125
11041
13292
9500
13125
9667
13125
14167
9500
13208
13583
13167
14166
9334
13125
9708
13042
9708
12958
9416
12958
13709
13083
16875
9542
13291
8583
11500
14416
9000
13000
8458
13125
9334
13208
14375
9500
13041
13209
11917
13000
9334
13083
14125
13416
14333
10250
13084
9667
13125
13250
9667
13833
15083
9166
13083
13042
9417
13084
9666
13042
14250
9125
12875
9625
13291
13917
13208
13750
9291
11208
12542
12084
8125
11334
8166
11334
8417
11375
8292
11417
7959
11375
12541
11542
8167
11542
8208
11375
8291
11375
12500
32375
40292
21458
24000
19166
22125
22541
23500
23291
17166
22125
22084
23208
24542
27375
16333
22834
9459
21875
25750
9583
23500
15792
21917
23000
22167
22792
22625
23250
17000
31709
29208
17625
26042
18250
22167
54750
94459
78791
56625
35500
14750
22375
16250
21667
16500
21709
22292
16792
21542
14834
21416
16208
21458
14709
21417
24625
35875
32791
13541
51875
99792
83292
62208
42250
55375
52458
50667
38583
53125
43750
31416
19500
24875
17208
22333
19250
22542
15125
21708
23417
23000
21834
21833
23042
22084
22917
21375
22458
16834
22000
16958
21500
21917
53167
56708
100083
83625
59750
36250
15041
23417
18333
23584
23958
23625
23084
24208
24125
18125
54917
90292
75000
53583
33458
13417
22542
16458
21750
16792
21791
16042
21875
23083
16959
21417
23209
22708
23167
20958
16500
21375
43750
67625
47500
27375
12625
22250
16583
21750
16708
21667
17584
22209
22667
22084
22833
21833
22792
21708
22292
22958
14708
56500
58125
97041
52208
72875
55125
53958
56584
36084
29541
16917
17333
21667
16292
21958
16791
21667
14625
21416
22917
22000
16875
21625
23125
22875
18375
21417
22792
23250
22458
22625
21583
16542
26709
22625
12417
29792
55292
93833
69167
37917
19167
16042
22500
15000
21834
15291
21708
14917
21708
16750
21958
22125
21875
11167
21792
21750
14750
21833
16792
21417
16375
21916
23125
22584
16250
21417
10833
21625
21084
15542
21708
16500
21542
16167
21375
18458
21583
28792
24833
10083
21500
16625
21875
21625
17250
21375
21792
16334
21333
22125
21375
18458
57208
55000
57000
93000
67875
46375
26375
19209
22875
15458
21667
16584
21792
14666
21417
14792
21333
22583
21292
22542
22875
16334
21584
22500
16458
21333
21500
22208
21375
22417
21875
16625
21291
22041
22292
16500
22042
22500
22291
22875
21375
22375
21333
16250
21792
20833
17833
22833
22625
21750
16375
21333
21708
23500
15000
14041
14542
13083
13125
8542
13125
9583
13042
14208
9250
13042
12542
13083
13250
13750
16917
13167
9625
12875
14375
13916
9792
13042
9625
13292
13917
13333
9458
13334
14125
13333
9667
12958
9583
13042
14333
10000
13042
14417
8500
12916
13042
9500
13125
9541
50292
92667
76125
53750
33917
14833
21792
16875
21334
16666
21500
21667
21583
22541
16666
21334
15125
21416
23000
16792
21291
16833
17208
55250
31875
70708
65500
55000
34459
20750
11000
7875
12041
7834
22750
6292
11958
7250
11542
8084
51792
96083
80459
57875
36584
16125
22209
15584
21458
14708
21750
22083
22333
14916
21250
16708
21541
22667
15875
23875
15250
21500
21542
16500
21208
16667
21125
22917
22709
22791
21250
22041
21375
21708
21542
22625
22583
22750
21084
55625
49916
47250
27000
20125
19417
16917
21917
16000
21625
12292
21916
16166
21541
21500
23250
21792
14500
21458
22708
22000
22666
22708
16333
21208
22292
23041
53750
101083
86042
64083
42292
16917
22500
18209
21916
16542
22792
22208
15375
21708
14875
21500
21834
17125
21375
22417
23125
22583
21584
21458
16542
21542
22833
22250
22959
22667
16166
21708
21208
21542
21708
9292
21250
22125
22667
21417
22542
23458
15333
21542
16666
21958
16375
21666
22292
22500
22333
21916
21583
21833
22834
21500
21959
21583
22792
21792
21625
21250
22209
21834
22666
22125
21416
21041
21833
15792
21542
21625
22250
21500
22667
21250
22834
21458
21875
21167
22459
21250
22792
21458
22209
21208
21750
21292
21292
21791
22167
21417
24792
20792
13375
13041
9667
13125
9792
13125
14292
13917
9542
13000
14291
14083
9459
13084
14208
13917
13291
14083
9209
13000
14500
13083
14042
16417
14042
6750
11917
9792
13959
8416
13333
8625
13208
9417
20750
10041
13917
13917
9542
13084
9625
13125
14334
13833
9583
13375
9584
13041
9750
12958
14334
9375
12958
13125
9250
13042
9625
13292
12916
8958
13208
15833
9625
13208
8542
13042
14333
13417
13167
13000
14292
13209
9667
13417
51584
51083
47666
34834
30667
29459
55708
106792
46083
39125
28375
7958
53959
41208
62500
44916
24375
17000
22042
16875
21667
14500
30750
20416
18500
21542
16750
21459
22375
22792
47208
78792
56375
90958
74500
57875
54500
50334
51042
56500
116750
52625
55416
54125
20584
56750
55458
