1388667
342375
340375
332167
321042
311083
283500
272709
262834
254750
241042
196916
94666
110916
93041
70958
50375
35750
46166
39625
44667
46416
48208
57333
36458
53750
49625
33083
47875
41500
43625
45334
46708
40417
46042
46667
38958
44375
41584
52292
32125
45208
48167
38084
44084
46208
65166
55958
91500
103250
84375
63250
42500
47375
43000
43750
46500
51958
49625
44375
48292
41417
45917
47875
47250
47084
47083
47541
46083
47666
56834
57375
40500
49542
41500
46583
45500
36834
46792
43334
46917
47500
49042
41125
46833
38333
42417
54042
34917
43916
46542
46750
51083
45917
46084
47125
46250
46958
46458
45958
46500
46542
111459
69333
45125
47708
48333
38041
47000
54834
41292
46708
47250
47792
46000
46208
45833
46334
46792
49083
63958
53083
42333
33708
21834
29375
27125
24750
25250
20833
23750
28333
26916
20917
26125
25750
25125
24916
23917
24917
31583
24208
24500
19833
23708
20542
23917
24625
25042
25459
25042
25250
22459
24292
24625
24792
24958
24875
30000
23208
27000
22625
24083
24666
25334
34375
51958
51792
47542
40958
34334
28083
22208
16417
10000
11250
13958
9125
13583
14625
9000
13625
8500
13500
8500
13666
14666
8666
13667
10291
13666
10375
13584
10958
13542
11125
13583
10125
13375
14541
9875
13625
10042
13542
10000
13417
10208
13584
10166
13417
14750
12250
14375
8667
13459
10959
13417
11000
13458
9958
13584
15458
38084
12250
19625
11291
19667
16000
21458
12625
18833
15167
18916
19792
15625
17708
15375
17708
15041
20458
32667
12708
20167
12167
19459
11250
11792
19833
16667
17625
14917
22750
14958
18542
14708
18917
14167
18417
14791
17875
14667
17792
15250
20416
12167
17750
14916
18416
14750
17958
15042
17667
14708
17541
15208
17667
19333
18667
15041
18333
15041
18209
14666
18125
15417
19500
14334
17875
18333
14792
17750
19583
13791
17791
14833
17750
14834
17792
14833
17834
15041
17834
14833
17875
14791
17792
14834
17583
14667
18084
14625
18416
14959
17917
15250
18792
14958
17958
19791
13792
17709
19125
22875
14625
17625
14750
17750
19167
15083
25292
13792
20208
14875
17750
19166
15167
17542
19208
14750
17708
14542
30125
42250
123291
94417
111083
74291
72250
65209
68792
89209
76917
60000
38167
46542
48375
40834
46459
47500
47167
48000
47750
46542
46334
47042
47167
46125
46875
46000
45917
45875
45458
46917
46416
47292
57458
43666
48375
43250
46500
42625
51167
49084
49916
33750
47125
47209
46708
46042
33625
46250
54750
49417
46917
46917
47292
46959
50417
49250
50625
43458
46709
47042
46708
47000
48084
47125
46417
47625
46459
46500
46167
46833
47125
47417
46750
46709
47792
46167
52500
33583
46875
41333
47250
77250
63208
38583
47000
42084
47041
40375
46750
47833
46416
47666
106875
129708
102292
59917
102417
118875
61334
84500
115583
85167
86958
88292
100667
85666
47292
101875
120583
100750
60458
89167
100875
81625
86375
61917
69959
69583
71167
51709
89542
48208
67667
59709
42958
55000
33000
43958
40083
64875
45417
58958
81208
51875
73875
46958
48750
76959
51000
76750
60625
40625
66417
57625
41833
72833
46417
74750
48750
70083
59083
59083
42833
69542
62167
45750
59500
54917
48417
47917
41375
81791
56541
56334
78167
72792
62875
33667
44334
41042
44667
38334
44000
45417
45417
45875
45666
45292
44667
45042
44583
44500
45542
45292
46541
37875
44000
44541
45417
44792
45209
44167
44083
44834
44208
44375
43792
44041
44542
45000
45708
59375
37958
43875
44959
44834
45916
38333
55209
44708
46750
49833
29417
21000
29834
23792
26333
27416
23208
26708
22666
26750
27416
23000
26250
22750
26167
27375
27916
22958
26875
27542
26709
27791
22792
26417
27292
22958
26375
27125
22917
26292
25583
26625
27334
27375
22833
26208
27333
27416
27542
22666
26000
27167
26292
27292
27500
27291
18709
27292
24833
31000
27458
28042
23000
26834
27708
28042
27750
28625
22416
26209
27375
28417
22125
25916
28250
27417
33042
19833
26042
27292
31042
29625
23083
29333
28417
26083
27250
22666
26792
27125
28000
23208
26208
27792
27875
23167
23083
23750
19667
22583
23750
19875
22708
22833
23542
19333
22333
24209
23167
22792
23917
19625
22583
19375
23375
20250
22667
24417
18959
22667
23666
19666
22375
23833
19792
23458
23542
19917
22958
19375
22667
23792
20125
23000
23791
39166
27417
23875
23667
23625
23167
21000
22875
22666
23500
23458
22916
22959
23291
23583
23375
23834
23542
22708
23250
23500
23417
23625
23292
22458
19333
22958
22750
23333
23000
23250
23125
19709
23167
23417
23167
23791
19958
23083
23333
23292
23541
23166
22750
22875
23625
23667
23542
23500
23542
23333
23375
23125
23458
23125
22792
23125
22833
20208
23625
24709
23833
23167
23750
25500
22750
23083
23000
22750
23375
20042
20625
22458
23875
23250
23417
23792
23375
23292
19334
22542
22709
23041
22375
23250
23666
23166
23750
23833
23625
20916
22750
23625
23334
23667
23000
23209
23333
23042
22750
22958
23209
22916
23375
23042
23333
23625
28291
20042
22625
19208
22917
23875
28875
27458
26333
49875
48666
48875
70833
55083
50875
83041
72125
55750
50958
49833
49000
84000
82083
82125
68959
68084
67625
93834
66958
94959
92500
68458
55250
58291
36500
76625
64708
78375
56125
51209
58208
55417
47708
46834
50458
42750
47000
54542
49250
84334
53459
61583
64834
47750
49625
50375
54000
66709
48000
53333
67417
54208
66083
59375
51334
97292
98541
136625
104167
96958
81000
54833
51625
77208
54000
49125
28709
92625
87834
52542
52792
63125
67417
52250
96375
62417
39458
48792
43000
46708
47958
85166
89833
66875
58500
56833
41417
55458
50084
42875
85708
97125
54291
35833
71958
82167
64292
44458
47000
83417
87333
51666
51000
81250
78417
99541
49458
51375
51000
89292
107208
79834
48458
49542
50792
78375
87083
33875
22459
16542
16958
27500
45584
37416
42292
41375
40833
43750
42708
44500
59958
88542
80417
76167
55667
36375
47667
39334
45083
47291
68750
43791
41625
36792
32042
32583
72750
74667
72833
52416
64209
43375
48459
40708
46583
42334
47333
47500
55667
41917
46833
64083
51500
63875
43958
53958
54042
88792
82667
72833
71375
58125
52542
58500
79333
75667
55917
61791
62250
42875
50292
46625
79209
68666
87333
95625
75500
54209
47667
79958
53042
41875
46667
66250
53708
42125
44875
54375
56125
35750
47208
62375
69625
62541
52000
98958
65833
46833
40083
74875
66084
55167
91333
102375
71458
57459
59791
101209
87375
71333
81209
50584
32083
44792
39125
58166
32833
45042
69708
64000
47708
55208
50959
56750
42917
40292
69042
64417
55500
43875
51750
63416
48917
46333
50208
36917
61583
42375
60167
39750
45250
55083
60167
37625
45167
60542
38375
45458
38916
45042
38916
45125
46625
39834
49333
51417
52208
49417
42875
46834
46583
46708
46833
46625
47083
47250
46708
48417
51833
47042
46375
47083
46166
46708
46834
46958
46542
46834
49167
58083
38250
62042
110625
56542
42291
47417
60459
42125
44708
46750
39709
44625
38042
55250
56292
38917
46208
52166
42000
52208
61417
41584
49958
50083
50333
65875
51625
39625
102375
60750
38125
53291
85042
89375
51417
91916
56625
62709
36375
92000
61250
39750
41834
42375
41500
41500
56375
37125
43417
44833
42791
41625
41041
40375
48625
44042
42541
41250
40375
42583
43500
89708
48083
53834
55375
101208
56125
83250
53041
38875
49542
53417
90583
84125
60375
53042
47208
60459
37458
49334
60875
79750
46375
51167
52500
95375
98791
81375
49583
62917
48542
82750
38750
74083
69875
51833
55667
38791
89625
60125
88375
51666
55583
49625
88167
54375
71291
49541
52875
51334
71042
58417
39583
72750
89709
52666
54000
102708
109375
89500
66875
45041
46708
47167
57791
34208
51333
50083
41958
47208
48292
47542
46625
47916
46875
46875
46584
47167
46917
46667
47125
46834
47041
46333
46667
48000
47375
46125
47791
46125
46375
46959
46875
58375
44959
47375
41875
47000
40792
46791
46792
47458
42083
46541
47791
47333
46833
47375
60083
38625
52292
43417
47166
48417
47625
48083
47167
47167
46459
46750
35750
53834
46541
47292
47000
46250
47208
47083
46709
46709
47209
47042
47041
45792
55417
42458
47250
48416
47792
46416
46125
46500
46083
46916
46667
46417
47042
46125
45708
54250
46625
50000
49541
41666
37667
51750
43042
46417
42750
46583
48458
46959
47083
46250
47417
47667
42042
50042
43875
48166
42000
46500
46458
46709
47667
49292
42667
47792
41125
46542
47416
48708
41667
47084
46584
47916
47125
47916
49542
47000
47709
46500
46708
47667
46500
47917
46416
46958
46667
47625
50667
50792
82666
78375
56333
36917
47750
48000
47209
46625
46583
46750
47458
47125
54916
41333
46667
47166
47500
46125
46584
46917
46917
46958
50875
46250
45958
46500
46250
45917
46875
46166
46041
69250
50667
47833
46083
46542
46375
75250
56041
65959
67542
54083
82167
49792
80042
72917
76209
53042
70625
55916
40583
73459
54167
35333
52292
48750
46833
46750
47125
46459
46708
46333
46083
46584
46583
46625
46125
46167
46583
50542
46750
80375
58417
86125
54708
43334
47083
47542
50417
68083
70375
38625
47792
46417
46500
47459
46833
46666
46875
46542
46583
46334
47459
41375
47083
46083
63750
35209
48041
47583
46791
47416
46833
46750
47375
45666
46083
52917
46833
46583
45916
46500
46166
46000
46708
46542
46541
46042
47541
46000
49542
37042
47000
47084
46708
46541
58209
45875
47167
47333
46667
46333
42542
46375
46709
46750
46291
46292
47167
51041
34333
27791
31083
73250
174292
155834
130875
105583
74125
50125
42625
47292
48208
44417
47083
47917
47667
44334
47417
47417
47167
47458
40875
41833
40750
49625
41458
41208
70958
66458
57333
61209
46000
43167
47500
47666
42625
46167
46833
46375
46083
46458
47166
46875
46375
45917
46459
46875
46708
46208
45625
46541
46500
48167
46375
57166
49250
35833
46917
46375
46500
46042
47042
47458
60833
36167
46125
42208
49834
54125
59042
42917
46584
47792
50500
48542
46958
46709
46458
49416
46583
50000
49917
46167
70625
64958
42750
46125
47542
47292
46542
47666
46041
46417
46791
47708
46916
45834
46750
46875
47125
45791
46542
45917
46583
46875
47584
45958
46542
46792
46750
47209
50625
63416
51792
50375
52459
55250
54292
47875
47458
48667
47125
47875
47125
46334
47084
46000
46458
46417
46000
46458
46500
45542
46459
46375
45959
46333
58666
63125
49834
51833
98959
129209
76625
76042
53917
42417
57916
49792
45292
75875
51708
60292
41875
46833
45750
83667
84084
53958
54791
53500
87666
103167
55083
36291
96625
106292
85041
53250
51125
66166
59250
39083
76625
65000
44583
47375
48750
55292
51125
57750
57958
35000
77167
49958
84292
79833
57792
35042
47833
49500
51417
47917
65958
53792
35500
45500
47000
70167
67166
51959
53167
82875
53583
66708
75708
27416
29083
76375
72834
76166
47875
45000
55917
78875
70000
79959
77250
56916
34375
44875
38667
49750
53167
37417
45958
49833
57500
51291
49625
47750
46750
47291
49459
40500
47375
78375
52375
51084
48250
49500
35833
45125
47334
59875
87459
47958
68458
59000
41750
44833
40250
45000
53084
53709
38708
47166
97167
109375
67792
40166
97208
68125
46000
40750
45459
39459
45125
45667
46333
45208
45666
46833
45542
51708
90125
67750
50250
48875
39000
49875
94042
61083
73291
44792
49542
55208
79500
81250
64417
37000
44959
39375
45667
45542
46084
42500
61875
66791
60125
38625
51416
51208
65167
53291
53667
32125
44708
40125
44125
39500
45208
38500
45542
59917
40334
45125
47333
69042
44334
51917
72458
58333
54042
51084
50042
50083
71375
55792
41708
53667
38584
45667
39875
47417
41083
44708
37667
46125
45417
39834
44333
44750
45250
44708
44458
44917
44500
44250
44792
45000
60458
38875
45792
53875
48667
34000
46167
40666
44709
45334
46209
49292
80791
46875
45625
39583
44875
38375
44125
45958
45250
45500
44959
40208
47584
44500
48791
39125
45000
41000
46375
45750
44958
46000
45042
44000
44167
44125
44750
47875
39958
44542
44250
44750
44792
47375
46708
28125
26917
26500
26667
23000
26166
26084
26292
26917
26708
27209
26167
27083
27875
27875
30041
92333
55583
53667
34750
74250
70625
51750
35167
45375
38541
45208
38000
44208
61500
39750
45000
39666
45417
40500
45125
38417
48917
47625
37167
46750
39000
44125
39875
47292
46708
47334
46125
46333
46208
44792
46042
45542
60959
39625
45041
34250
44542
44875
45208
45167
44958
45375
44834
45375
44583
45500
44958
51542
48084
46625
40500
49708
38875
44250
45083
45833
45834
44375
39542
41833
47750
50000
38542
44750
44917
46375
44334
49583
50792
37708
44250
44083
45250
44625
45667
45333
45084
45417
44625
44417
44417
47334
38375
45916
45250
45666
45041
45084
46125
47208
46166
46334
45875
45875
44458
44792
54083
33416
45000
38292
69209
36000
45917
38875
44500
46541
46250
44750
45584
46125
45083
40000
44667
45083
45042
51167
44000
44750
44417
44833
45291
44792
46459
57958
53625
33542
44834
47458
40208
45000
38000
44625
32000
60584
38875
45000
45708
53041
45875
44292
45084
45333
44666
44375
45208
45041
45417
44792
45208
39084
55416
33417
46791
48292
45708
44417
52750
50458
51375
76209
52791
77875
47500
46917
32666
45291
45542
45000
44958
45041
45208
45083
45208
44625
45708
44959
44625
44875
46750
78125
72459
50500
60375
77959
57959
96291
55791
40958
76208
54917
51500
63583
48958
42041
46375
46208
45459
45584
45333
45542
43834
45542
51834
38291
44250
45167
45333
45417
35833
44792
44792
44458
44792
44916
44500
56000
52583
45584
44875
44125
44959
44500
45584
46042
45083
46209
45417
45583
44792
44375
45791
45375
52292
44667
46458
45458
45042
46792
46167
40417
23208
27208
27125
57083
33958
45916
39667
44875
44625
45083
45292
44958
45875
44625
45334
45333
44584
44291
43916
44208
44459
44416
44542
44041
44167
44958
44125
45083
44709
44458
46542
45834
44791
43834
47084
44125
46000
44916
44792
45708
44458
44417
47250
41958
46209
45667
40667
45916
55500
45750
45625
45958
44584
44292
45250
44584
44625
43875
44375
44000
45250
44541
44917
44459
45167
44042
44042
44667
45542
45541
45125
44542
45083
44667
45250
44417
44416
44125
44875
43792
44167
44500
44875
44250
45583
45583
44709
47417
45709
46750
50833
45458
44958
45542
47375
50875
33042
26583
26208
26584
26333
26625
27084
27167
26542
27000
27125
26959
22666
26667
27375
26791
26458
26792
26583
26458
26625
26500
26959
27166
28625
26833
26792
27083
27250
26958
27500
26959
27250
26541
27000
27250
27458
27084
27459
27334
27292
26958
23334
26791
27208
26834
26708
26583
26750
26542
26625
27417
23209
26458
26916
27000
27250
27250
27334
27167
27291
27084
26500
26541
23209
26666
26375
27375
28458
27334
26917
26542
26208
26500
27042
27125
27084
27000
26875
27083
27792
27250
26958
26291
28708
25250
27000
27042
23000
23375
23625
23541
23542
23708
23334
23458
24041
23291
22709
19083
25625
24584
23417
23625
23500
23083
23042
22417
22750
22750
23041
22542
22667
22750
23084
22833
22875
23000
23041
22708
22750
23542
23458
23333
23000
23000
22750
21000
20625
28625
18875
23542
24042
24083
24417
23708
23583
23084
23459
23541
24500
23000
23250
23209
23375
23417
23500
23167
23625
19417
23292
23083
52459
40875
44334
47333
47625
42417
49542
48250
46833
46625
46958
47208
82667
58208
36833
45583
45250
44916
44500
77125
60709
33750
45209
45000
50667
47709
46291
46833
46250
46292
53291
49209
46375
46583
49583
50166
59875
38708
56625
47625
46042
47000
46041
46541
46625
46834
46750
47125
47042
46250
46000
45916
49166
46583
46417
53875
47542
47334
52292
39625
49625
49958
52208
53250
39833
44916
46292
59709
48250
32167
56833
50167
46000
56750
50625
55334
37833
73792
51500
39792
44375
44792
44667
66708
53750
64458
51834
63917
44208
55959
52041
50584
72834
55375
75625
73500
78917
62541
70250
53708
59959
42500
47500
45000
45000
45000
44708
44625
43875
44667
45084
44959
44208
45250
44708
44542
44000
44458
45334
82166
89166
64584
55792
35834
47709
47542
46459
47208
46459
67167
54959
53083
41708
60250
37166
45458
76084
65042
55084
53458
60625
71667
58875
34500
77708
70916
52750
48791
64625
54875
45042
52666
32042
72083
62750
55166
53000
77167
72333
75875
52833
47292
50000
62916
48250
73000
54084
45292
45500
52750
76208
51750
69459
50458
54334
36708
52083
32458
50333
46042
39500
44291
44791
45167
45584
44500
44625
44625
45958
45791
44625
44750
44917
45208
52583
63792
48625
86042
79125
62541
49333
57708
41000
44959
68666
52542
43833
55959
62125
48167
78334
58250
72167
58000
56584
71875
49958
40042
45375
45416
44750
43875
44917
44625
45125
44875
44541
44709
45042
44208
44833
44750
44166
43917
49958
31791
44417
45083
47667
81833
76625
54541
56083
85958
52042
64417
46917
54125
40584
44708
44625
44875
39334
49666
46167
45792
51750
52375
46125
72417
50958
50083
69792
54666
45875
74000
46292
51834
50750
53959
82334
76791
53667
40416
44792
45750
44625
44958
44625
76083
68583
56375
40708
45041
44666
44792
44458
45167
44750
44792
44708
45584
46375
51958
66084
54250
64292
35375
50834
77667
69083
99833
72000
53667
34375
45125
56334
66250
50209
61167
60833
48375
49500
45916
44417
45375
45166
45000
44958
45500
44208
44208
44625
44542
44500
44667
54292
50000
54333
57458
35167
87875
70167
50292
57625
51417
53292
41958
74750
65958
73958
49125
41250
45417
83459
78500
76208
64000
33500
48459
84959
58333
66375
47208
51583
47417
67667
57750
37292
74334
61084
55541
52833
62417
35209
83709
47292
57667
51000
93542
118291
94375
109416
49084
51667
97166
56750
96375
100916
52875
53083
84083
76500
87833
76750
55125
34667
47833
41583
45333
45583
45292
45833
40083
49250
39375
45292
46541
46792
57750
76416
62334
41458
46875
46583
45667
46083
44625
44209
52792
39958
49792
47208
45041
44709
44334
44875
43917
44417
53375
39500
44750
45208
45083
50083
46667
32875
44708
46583
44834
45958
45625
46750
45041
47083
42250
45542
47125
51584
46208
45583
55625
62667
48708
69583
56709
41125
44583
46750
54583
48208
75459
58417
37792
45125
45500
45333
46458
44750
44917
44500
45041
45625
44875
45042
45333
43875
44334
44542
44208
44000
44625
44166
40583
49750
61792
46291
45042
45125
45084
44958
44291
44875
44625
45083
45125
44542
53583
34416
45833
40750
45416
45125
44500
44583
44292
45667
44500
45000
46166
40625
44125
46042
51041
53000
56250
32750
46584
45875
45417
44750
44416
45375
44667
44833
45208
45500
44583
44375
44917
44375
45000
44375
44083
39750
44208
43834
44958
52375
47333
45792
45000
44208
44500
44959
44750
44167
44542
44792
40584
45125
45083
44334
45000
45541
46917
45625
44875
44375
45125
44750
46208
44750
44708
45125
44125
44083
44250
45375
55916
46542
45375
46292
46083
44959
45959
44209
45291
45250
48500
39416
45083
45250
44375
44416
50792
47667
44667
44292
44042
44917
43917
44833
40584
44917
44167
44666
44167
44333
44417
44250
44917
44250
44958
50959
45167
44292
51334
34000
50541
38125
45708
44459
45084
45042
45417
44667
43667
43208
43708
44875
44875
44500
44042
44458
45208
44375
44500
45083
44208
44375
43584
44167
43791
45167
50792
39417
44958
46292
45833
44375
44333
45416
44834
53292
36000
21084
27875
21000
27417
24000
25375
20167
23334
24125
24166
23959
61625
55042
90000
99167
76833
51791
40792
45792
46125
44750
45292
45666
46542
70000
62791
32584
44833
51708
40167
44416
44125
44708
45084
45209
45208
44583
40916
46125
45542
45542
45333
56167
42125
46125
46167
45292
44208
45375
47208
47042
40750
47958
47375
46458
45416
44875
47583
45000
44709
44834
44250
103334
57917
64375
50208
34916
45292
45042
46042
61959
34417
75083
53916
58000
40167
51084
41125
53417
44125
46083
53959
52000
64500
46625
50792
54625
67292
134791
97125
95000
102917
58834
54917
66084
47250
82000
88958
98625
82583
55375
52375
92917
48292
95542
49958
50334
65500
65792
45416
92959
95250
53541
51500
91459
50667
70000
57291
49042
46708
77958
53041
87542
82083
51958
50833
75625
58500
63000
46125
50791
49875
69833
63958
35834
83458
64708
61917
65458
96167
88500
49542
98166
101834
54666
55125
88916
49625
76667
61083
49875
46209
90500
81125
58417
45125
45083
44792
45708
44750
44375
45042
44708
45750
44167
45417
44666
44500
44208
104167
68416
56416
49959
69667
57625
85416
89417
51083
51500
34041
30417
29250
20208
16250
19167
18417
20166
17708
19583
17542
19625
22375
15375
44959
49708
46792
33041
44916
38542
45166
39625
43709
53709
40625
44792
46667
46917
46792
46708
46458
46208
46416
46667
49000
39666
37458
18666
17500
21125
19000
19833
17875
18875
16583
17917
15000
18167
14625
17708
15250
17750
19458
20250
15208
17917
18750
14833
17708
19125
14750
17666
15333
17625
14917
17542
15084
18083
15709
17916
14625
17833
15041
15542
15792
16291
20792
14916
19042
18459
19584
15458
17709
14917
17708
14583
17875
14458
17333
18958
15250
17709
14208
17625
14583
17750
14791
17750
15292
17500
17625
19875
17916
48000
50333
40209
45541
55750
35125
42667
39708
20625
19708
21542
17542
19167
18041
19416
23208
15833
17708
15166
21916
58375
38292
46708
38250
44875
51167
60250
74041
71666
50083
56125
53167
53500
64250
45708
42500
47417
46083
48125
91125
111625
92458
52000
53208
76334
73708
100791
105166
53125
47958
50958
56417
72250
61666
57125
91458
57334
54458
60250
52209
52584
62583
93667
113334
69709
68083
49250
54125
51041
97375
104125
76958
69875
66167
54708
70833
56542
75209
65000
53375
48958
79834
80750
83250
77875
47458
50875
63125
50750
82541
48833
54666
53167
68292
50750
41416
44584
45833
46541
40334
44584
45083
45250
45167
45417
45458
52042
82916
85250
63333
33375
45500
55916
63833
96291
48834
87667
73791
52875
55459
47208
45667
39875
45292
45584
45417
45667
45208
44917
45500
45708
45583
44833
44875
45208
45709
44208
40834
47084
45542
45458
47917
47917
58958
40083
44750
44875
45375
44875
45042
45250
44333
44000
44833
45333
54875
44917
44500
44250
44750
71917
53042
40375
44416
44292
55625
51084
54209
40375
44541
44708
79125
65250
43500
44958
45250
44750
45583
45042
45667
45166
45667
45500
44250
44500
52042
46125
44834
39875
45542
39792
45708
45667
45250
45250
46083
45667
44958
63750
43083
45083
45541
51500
62958
37375
51209
86875
59083
42875
45292
45667
47125
35708
44334
45500
45084
40708
51375
40375
46917
40041
44125
44500
44958
59000
36958
44375
44625
44750
49666
46500
43167
41291
41250
52458
45875
42083
45375
47708
46791
44833
44792
40917
44333
48083
46208
44791
45292
41125
46083
46542
44125
44125
44875
48042
45958
47417
45458
40167
46000
45916
45000
44583
45708
44417
45167
44792
44375
44292
44750
44167
44583
45667
47667
44500
46333
45583
44750
44083
44791
45542
57583
52250
48958
55708
40208
51917
41334
45583
45625
50042
53208
53792
54792
42333
28416
16916
21416
23125
24500
27584
25542
21292
27333
22834
23416
20250
24167
22042
52583
40500
45250
45291
44875
44208
46292
44625
44791
45458
55666
80042
77208
61750
61125
39291
45625
54625
34083
45916
47458
46667
45459
34875
51416
51334
45667
45208
45667
44500
44125
46250
45500
40042
44750
44875
44625
45417
44667
58959
44750
44958
44834
43833
45625
44667
45125
44750
44666
44958
46250
45000
57250
34500
47334
45291
44875
45916
45667
44292
44542
50750
40458
45000
46042
39958
84875
53125
79750
70583
50250
35875
53625
62250
62708
40666
53542
54709
50667
50458
49125
51625
50375
52667
55625
36000
61167
61875
48417
49833
51458
61958
56792
37083
45500
41125
45083
45750
45375
46250
40083
44667
45375
45292
45125
45000
45625
51917
45541
46958
59542
56416
33833
51708
36166
23709
32959
25375
30041
31333
27667
28333
30291
31042
24542
30875
23458
30375
32792
26708
27500
29833
21292
32209
27333
30667
32917
31000
19583
50042
42625
45292
45291
40167
44458
39833
45166
40375
45333
44458
45167
44666
45500
45125
44375
44250
44834
47167
44167
44625
44542
45791
45417
44417
40042
44417
48209
45042
43833
44542
45084
44667
44958
44250
53042
47625
67083
50958
39750
44833
71500
46125
46375
47417
44917
45000
32708
44084
45958
45292
45542
45000
45916
47958
39917
46084
46042
45625
49416
40416
45708
45292
45791
44875
47042
36666
45709
50625
35334
47125
42666
48500
49541
48333
45417
44667
44583
39875
43959
46042
45209
44750
44792
45000
44792
77667
57833
35125
43250
46083
40125
44666
45166
44959
44875
44334
45000
45667
60000
60583
36250
45459
45125
44541
38584
44041
45334
44291
44250
45125
44333
40625
50042
36333
44667
44500
44250
42750
44250
45208
46375
45792
45334
45667
39292
45125
47041
40208
46042
46042
44375
44625
67875
53708
43959
74667
48791
40917
56334
39000
46625
39333
45375
46458
46125
39750
46292
40500
44667
55417
33042
44125
45250
54583
31708
44208
44375
44583
46083
45834
48500
46083
45459
44125
45458
69875
33042
45708
32708
44208
45250
45791
45416
44875
46000
45750
45334
44875
45208
45291
44333
44542
38542
45042
46125
52208
46500
51167
46542
45167
44792
45042
44792
44958
45333
44000
41084
45916
44542
44833
44375
56584
39083
45542
45375
46042
45292
44666
44792
45625
46167
45208
40458
44917
44333
45208
45209
44584
44542
52000
46583
45375
44875
45583
44208
39667
45083
44417
45209
44791
45208
44417
44250
44333
51375
45334
46166
45209
45583
44708
44500
44917
44375
45042
44958
45292
48625
45292
45084
44500
45208
44584
45083
45291
45417
45167
45041
46333
52042
66334
52292
37084
45292
45291
45375
44917
45000
44542
45250
45375
46125
44833
44500
44875
44750
44833
45542
45042
45167
48000
44917
47000
46167
45875
44625
44833
44834
45458
44709
44375
46375
44959
46959
46250
53333
52500
47292
47167
47000
47292
46375
46708
46875
42042
45584
47166
46958
46500
46292
46667
46625
46417
46833
46750
46125
46667
47000
47416
46583
46792
46541
46584
45833
46208
68875
43292
46125
47375
48542
60833
51083
47959
47959
53042
47417
47041
47291
46458
44958
50625
46584
46083
46584
46917
46250
51084
54166
52458
49125
52167
52834
42916
76666
76791
68583
66583
51708
54541
48459
47333
46750
46542
46875
47084
46583
47000
46625
40875
46459
46625
48000
47125
45917
46375
47167
46875
55792
41291
46250
46333
47250
46666
46125
46375
47917
46500
52208
47041
45083
53583
47250
46250
52084
55916
51292
67250
46750
72167
46541
93500
56875
42750
47875
42792
46791
46667
47042
46917
86292
46417
52500
84208
49208
42542
77084
49666
38916
69792
50708
105417
320167
29209
58125
11750
85000
57708
79375
116625
92916
122750
105959
82875
60667
55500
63834
59084
41291
53709
34375
45583
89458
102084
83500
61291
40666
50833
42542
46917
68250
69166
64709
33250
27458
29625
24542
37458
38625
37667
28542
22166
33917
25917
41417
16084
38167
32542
48250
45250
40417
35291
30333
23292
18375
13125
7958
12333
24125
18750
40834
53917
21167
15292
15917
10584
11375
15542
11459
10709
17958
25875
23875
16000
20042
27125
20375
28459
12125
18625
14958
20917
13792
19916
23791
18000
16583
21666
16750
37250
13209
96667
75084
61292
39667
31917
25500
39000
20333
21500
24709
18000
24625
20667
24375
20625
24125
20916
24541
19542
24250
19541
51375
37375
41334
30958
20583
26125
15916
61458
32167
22458
28583
32083
33583
43750
25333
91292
32042
323458
42042
60250
54791
35791
30750
64417
116917
49042
48042
73000
64458
53041
40459
34708
48125
37833
38083
67542
50709
89916
93625
128500
76875
92542
116875
53416
50500
54500
87083
116667
77916
63125
71208
75708
123709
120083
108625
71875
112000
108542
100250
91083
84667
74833
67625
60334
54708
46834
33291
26083
17833
16250
70625
102125
74666
93291
116500
66709
117791
45416
38167
30583
22333
19542
23083
22000
23417
20542
22917
21333
22958
24375
19458
23208
19583
23708
105416
87791
122792
75875
110250
105083
94917
39584
43708
97792
86417
55875
81166
56667
39750
53333
47041
50000
33542
47333
48500
40792
47458
48500
47791
50000
84583
57583
1404375
2178792
82083
67875
73834
93750
124000
48000
98458
57167
98417
136500
95250
66125
70500
59833
44125
78000
51208
92209
47875
95334
17875
17666
33875
57500
48625
98458
18875
21791
48667
107959
48542
70375
32333
24750
19709
30667
13666
31834
16208
20542
33291
20042
39500
64375
102708
63667
56125
66625
110791
145166
67500
37084
67917
112041
70417
52458
49167
32042
36209
21709
66875
106875
94417
55334
46375
101750
44959
45792
79708
62542
88167
79583
66666
53750
43292
30541
24125
33750
26375
26833
27875
23625
26667
30875
34791
28333
24750
30500
24792
31125
24542
27541
26917
27583
23333
26459
27292
25417
30041
20917
26792
22667
31417
20917
26750
22375
26750
22500
26708
29292
21208
28000
23916
27000
22375
26917
28333
22291
27000
27541
23458
27083
28291
23667
27416
28042
22959
26917
23083
26834
23416
26375
22958
27500
30166
30625
27792
23084
26792
23417
26792
28084
24000
27708
23416
31666
32083
23792
26333
28417
22417
26292
31167
23000
26458
30833
27709
27625
22667
27375
23875
26667
23583
26792
23167
27292
23500
26500
29250
23083
27209
41208
84833
125875
116166
102084
86958
75125
60958
47709
33500
28583
33750
35083
37959
70917
74667
56042
33792
46375
49917
49250
32750
45708
39500
45166
48792
35250
46291
38875
53167
53083
36708
54833
52875
38166
23250
33292
28625
33458
29375
32792
29458
45167
88667
127916
113084
92458
72458
51708
53792
50917
34875
44917
40625
52083
38709
46792
39209
44916
76083
119416
114125
102166
77375
92916
84250
69250
53083
44417
29916
30792
36959
28500
33916
36541
40250
58583
68292
88083
44625
87167
157750
134083
118000
103958
93000
81250
70125
58458
46375
34250
31042
35292
29375
33709
34292
22708
28583
20292
28375
33167
32542
94875
126833
62209
49834
47958
47500
32875
71667
106542
47166
47792
48584
71000
91292
80125
73250
54459
37000
46167
39542
45541
40958
45042
46125
46042
45000
46750
47000
59833
92541
128500
94333
135542
68375
55417
98000
45292
91334
48458
93375
86333
77584
68458
60166
50625
44459
43042
54167
72875
67625
52125
80208
83750
103417
74666
62083
46125
41542
45958
46209
39875
45125
61375
36875
40166
71833
68083
66959
59583
53208
46167
68917
96833
68833
106667
99708
87500
73791
39917
72500
31125
97333
121875
65583
39500
101125
60958
57375
42625
71583
62167
44541
93208
59167
49875
49041
72250
101500
66625
101291
38750
39000
55875
57083
89375
91541
59459
52875
52958
84000
76250
55792
33208
48042
39084
44750
46000
45417
45167
45208
46083
102250
107209
62291
53000
56667
52958
64958
68625
99166
92500
79583
66666
53709
66625
106083
32584
51959
45500
41667
98792
118625
104792
70708
72834
79459
451208
375083
74958
52125
51292
39542
83792
82041
62459
76584
44500
33750
103000
106000
86542
91500
75167
69042
55375
56167
61833
97500
91709
100042
80625
44959
62875
79416
55333
51667
53625
57625
58500
67750
70375
54042
54375
52542
50750
50875
67125
52250
31666
45333
46542
46208
46084
47000
46708
46959
56625
40083
54667
51500
51917
52542
40375
45166
40250
47167
91333
75084
58917
90250
86292
59000
43917
55750
51625
54917
62333
38958
53125
53125
59375
63208
50708
49041
57584
67125
72667
58209
61167
59500
46875
58750
52459
62125
49083
80417
76750
53209
47333
71000
59500
85208
46334
52208
51833
72792
56125
85125
52459
52958
47458
55458
54500
50792
37250
47291
47792
49125
48000
47916
46833
47375
47000
63125
40625
47459
46208
35000
46458
46500
47166
46917
47166
46292
47333
46458
50750
49208
47042
46875
47208
46083
46458
46625
45959
47708
47000
46292
46250
47042
46959
55208
48625
47042
47333
46708
46667
48875
47459
41584
28292
27792
27334
27875
27625
27666
27959
30708
27833
27875
28250
27541
27958
28667
27625
27917
27917
27750
27917
27875
28042
27833
28125
27458
33500
24958
27667
28042
27958
27792
27959
27458
27583
27667
28166
23875
28709
27708
28416
28917
28625
62042
36667
47083
52958
51625
40917
43083
47791
47458
48000
47375
47167
45917
47625
49083
43583
46792
46750
42125
47417
46833
41500
47209
46334
46542
46833
46625
47292
41417
46833
53209
49792
46750
46917
43792
25292
24834
31875
28334
28250
31291
28750
27875
28042
25458
31708
28417
24167
32209
26625
31500
28250
34750
28750
28792
28291
27875
27917
27417
28250
27917
27292
28084
28000
27750
27292
27625
28375
27750
27167
27833
27459
28375
59125
48375
32334
25000
27459
27916
27500
28125
28250
28041
27792
49958
51334
50833
46458
46834
46458
46167
46416
47333
46583
46416
46208
47833
46708
49917
38541
46333
46792
54625
35750
47125
48917
47709
46875
46917
47833
50750
101083
98583
75416
49000
47875
48875
48250
47583
46166
46834
46833
46709
46250
46333
47208
47250
46917
57458
56792
47917
48292
47458
47417
48041
46792
47417
46750
51750
55875
50750
50792
41667
52792
47250
46125
46875
46959
46500
47000
47875
46041
47084
47042
46750
47042
49000
47375
47042
47167
46583
55250
45208
47083
48833
46917
48166
51584
45875
53250
49709
49333
48333
76417
74625
54583
40083
102333
55917
79708
60834
57333
50625
72542
56875
49750
48000
47917
48083
62708
37959
46542
47042
66292
41583
45583
47666
50583
51833
56583
37416
51166
40791
48041
46041
51208
60708
47000
53417
68375
56708
51916
47875
46500
54584
47000
46375
46375
47291
46500
46708
46292
46917
46834
46500
45542
47208
46584
52333
34792
45583
71792
50500
84667
79834
57375
61166
42000
47708
46583
46916
47042
46417
47333
46000
41167
46958
47542
47375
47333
46958
47041
47375
46250
46667
46042
46833
47042
46792
46667
46541
46459
46334
47166
46708
34375
47083
46709
52166
47167
47792
46625
47167
47500
46458
46667
47084
46542
52375
47459
47500
47292
46709
46542
47208
47125
46708
46959
46083
47334
46625
46667
70291
45500
50166
37083
46541
45459
48625
42833
46708
49541
46042
58083
49750
47042
47292
46750
55958
52209
51125
55792
35750
48375
48208
47583
47291
47542
47250
46875
46875
47125
47875
46708
47375
46959
46500
47750
46917
46917
46250
47333
46459
47791
49000
45875
47583
47417
46500
58666
35333
46500
47041
45959
46458
47291
46708
45958
48125
47417
52667
52000
48833
47250
53500
47792
46959
47167
46917
47375
46292
47584
47708
46500
46875
46750
46916
46708
46834
47209
42834
55083
43083
47000
47333
46916
46542
46709
47208
46167
47625
47250
46917
47292
47125
51958
57375
35166
50125
54917
39458
45209
46666
49042
49917
50500
82666
75792
53875
46708
46584
45333
46125
45250
45166
45000
45084
45167
45458
45333
58917
36000
44917
46042
44875
44458
44833
44916
44500
44542
44584
44833
44708
44375
44834
45750
45292
51875
46417
44750
44459
44167
44208
49250
54166
38417
45042
44792
44875
46292
44375
45333
48875
46750
45334
44917
48042
47583
36584
59375
46708
48250
39708
44208
54708
35500
45375
49875
52875
50583
50291
52959
51166
70375
49417
50833
51458
72625
65250
60125
91916
86167
54708
41000
45792
40166
46041
40292
50916
46375
46375
80333
54584
58333
37958
43042
56875
48667
52250
52459
35292
71208
54709
52083
52042
93792
74417
49834
59750
55666
34875
51875
49750
57625
41417
53417
69416
60958
57209
56792
40708
50541
50917
50125
47667
48750
49000
46917
47500
51250
50166
55333
51291
46583
56083
55042
50583
50250
49625
59291
36625
62833
51958
52916
40625
45292
45625
50500
36458
48875
35375
32917
54875
76417
64541
50792
52416
62625
71458
48625
40000
45708
46000
57375
62666
43875
58917
37417
44833
45792
55833
35542
43500
35625
47333
47334
45542
53500
51125
45958
45459
46334
40833
45333
46125
46333
44250
44292
44708
45000
40792
45041
45000
44666
59167
36750
44916
46833
47667
44917
45292
57417
49542
56541
51291
45917
45334
45250
45041
45708
50375
50208
52084
49000
59083
51542
57750
34459
52625
50875
41417
50166
62375
52958
67833
40583
45375
45500
44875
44917
45292
45250
45500
45042
44708
45583
46709
47042
56834
47583
72709
59084
38000
47208
68000
81458
54459
42125
45500
46292
55250
63042
52792
60375
40583
58708
55417
41084
53209
38000
45083
45917
45292
45625
44750
45416
46375
45167
49000
50792
56750
50292
45875
61834
41250
46292
52250
51000
69917
53708
59041
57958
48250
49125
46834
46625
46708
44584
49916
55083
60167
73792
39292
66000
34708
44792
44875
45375
45709
50792
47000
45792
45250
45167
45250
79917
63458
55334
37333
45750
48000
39916
44416
45459
45291
44542
44875
45000
46667
54209
93250
68208
35083
64583
70042
26000
85416
48208
57041
55584
59041
103583
76500
87917
54709
51750
52875
48875
46125
45917
64375
49041
89875
81417
54375
38917
51417
40875
47167
46375
45417
45375
45083
44958
44667
44917
44125
53125
47709
45292
44667
44791
45417
45083
50375
38833
44583
45458
45333
45167
45833
45208
44333
45167
96375
68834
45708
51792
70583
42750
45083
46500
85125
76791
54792
35291
45875
40125
45125
45458
45125
46208
44958
46417
45208
47083
47084
78750
49875
46416
46375
45500
45708
45208
44500
45209
45000
48750
45791
46375
47667
54291
32000
45375
45500
44417
44375
44916
38958
48708
52625
39750
45709
45167
44417
45542
44584
52208
76750
48916
69375
55584
47042
51083
91833
58625
79000
53000
51625
53792
100250
93375
68041
43667
47708
47459
49917
99042
57083
51417
51167
67291
44208
46875
47250
45833
46625
46958
46584
46291
45709
74292
51875
55291
52417
35125
24084
35958
89333
58125
42459
69250
47125
45917
46959
56458
56875
40375
46083
46708
47042
45792
86417
67333
59833
53625
62084
41125
57584
59000
62625
61709
36417
46834
45959
46250
46500
46417
47584
46375
47458
47500
47042
47666
47333
45958
46459
47208
46791
52500
50625
50583
66750
37625
47417
49500
48917
63875
40666
47000
57583
56750
63667
47750
52417
52375
85333
77000
73625
71375
61583
36334
51292
51791
40875
49333
63500
55208
48666
47542
56959
42542
47625
46875
47042
48125
47084
46292
46583
46958
47417
47792
46458
47375
46708
46083
46542
47208
50667
47375
47000
46917
47583
45917
46708
47000
62166
36458
46666
47625
46916
46334
47291
55792
41875
46125
56833
47625
46416
47084
49375
47583
47875
58458
34292
46542
47250
55708
41542
46666
46917
47417
46167
46792
47917
54125
47834
49709
50209
42708
48459
35667
47792
47500
46667
47500
48791
41709
56750
38750
47500
47125
46792
40708
47167
46958
47250
49209
46459
46667
47083
46375
48583
46333
47625
50416
46625
47042
43042
46917
47917
45875
46416
45667
46375
46125
47625
50625
51542
55709
34291
47250
47458
47458
46958
47209
42833
47250
47000
46708
47291
47000
47625
46958
47250
46875
47167
47250
47416
50500
48166
47792
53625
47000
41958
47291
46125
47208
46792
46541
47542
46542
46916
46916
46416
49041
55541
37291
47167
46916
46542
46959
47917
51750
57958
54750
42667
67041
36458
43958
47542
47709
47417
46833
46959
54500
47292
48875
47750
45875
47000
47042
61875
34708
47875
47833
47167
46333
46958
47417
46583
42250
51167
41916
46875
49667
47000
47291
46500
46333
46250
52250
45500
47917
49625
56792
48417
48583
47250
46917
48583
47875
51458
71750
57417
50666
53167
48167
46292
47250
47167
47041
46458
47250
47375
46459
47000
47667
47000
47500
46542
47000
46375
47167
46625
47375
46500
52208
47333
47083
46541
46125
46459
47541
52417
48125
48167
46583
46500
48542
50875
46584
47084
48250
48541
48625
61500
62833
50333
47250
49125
46083
29250
27208
30667
28084
28083
49084
56375
41500
48041
50417
47625
52750
41667
49334
60000
49000
40750
68584
51125
54291
71959
44209
99375
73458
54250
63208
49417
47083
47875
47375
47542
46708
47041
47875
46583
46500
47291
41125
47167
46583
47125
47042
47584
45875
46458
47125
46333
47375
46208
46000
46958
46041
46583
46375
46334
46875
48500
51375
37250
46667
46417
47500
52958
45834
46958
47125
45834
47375
46167
48292
47584
52792
47166
47125
79375
60917
62500
50542
78875
56833
71500
69166
23416
32000
22916
30042
32875
24958
28458
32333
24750
30084
32083
25958
33500
45209
25459
28917
30125
23500
29208
31750
31584
29958
27834
27916
28083
27875
26708
72250
54958
60208
57125
32916
83459
65875
73750
61292
44125
64084
39375
45625
46917
56459
78583
52750
56167
51292
48792
56209
58250
54208
47958
52917
51209
40250
50958
47250
79583
80500
70667
52750
71333
50250
88667
78916
69750
54500
70708
57833
60750
42958
69875
52625
70500
67416
48333
78375
63042
55375
72125
67500
92500
48208
80791
52958
44125
55167
77708
75292
61375
40209
44709
45083
46167
45417
45417
53209
64250
33791
44750
45542
45125
44917
45583
46333
44417
44792
45125
46083
45542
44250
44375
44750
55417
50708
40042
48667
48750
48125
45583
45375
44792
44750
52125
39708
45875
48750
45042
45500
45542
44750
45334
45000
45125
44291
44000
45459
46417
46875
51125
51583
45125
45542
44750
44958
44792
51458
101375
84375
63708
56750
66209
43416
45042
46833
45417
44917
46250
45458
44667
45708
45125
45958
45125
57000
63250
36791
64875
42958
46792
55541
51417
70750
72500
72084
60875
67958
66875
55625
51125
53667
40750
52667
34750
45459
65542
60625
38333
51833
39292
44875
53083
51250
60416
57458
47958
57708
70917
59917
40042
45792
38750
45667
39875
44708
46167
45959
45959
45583
44541
44542
45250
44416
44625
44958
44583
44459
45167
44792
45250
45500
45208
45625
44709
51708
47208
57125
47833
46250
54042
40291
45375
45333
57083
52167
94250
92042
70292
48125
39709
46166
46084
47583
45625
45458
45834
45250
44667
45750
45959
47000
95209
78167
94542
55167
65167
55250
75417
52791
58834
63750
92042
62541
51584
55792
54791
34375
47125
48416
41333
43584
46667
41333
46167
89208
63667
72500
49708
41041
45292
60000
47417
57209
37584
82500
73125
53500
59000
50791
48875
50000
52833
78209
70000
55333
41375
44792
40042
45084
50750
50459
46625
45042
38708
45583
45166
44875
44208
44417
40625
45292
45959
45000
45291
63875
59875
55208
70458
59625
39500
45791
47000
40917
44709
40292
44709
45333
44791
45541
52333
36000
48500
53292
46708
36208
46333
51875
35458
45333
44500
45292
47833
45750
55042
48541
50209
43208
63208
67000
45584
52334
46833
53459
86167
75000
88750
65959
57167
96625
54542
49500
82167
71375
58375
51458
52041
76125
62666
34958
84666
89375
89625
52500
51625
64708
57709
95375
86000
55291
51667
85291
106625
57000
86875
86792
88417
59875
42958
100417
101083
105292
54167
91125
49917
57708
35667
90458
81500
55458
71542
89791
51916
76500
68667
42958
96459
93667
76000
87583
52583
110625
59250
58209
102833
102667
82750
58167
36125
45292
46167
46958
46833
38500
45333
45500
44416
44583
44792
44250
44459
44917
45916
47083
52875
110708
60209
89625
76833
102250
77708
99167
52458
104458
100958
73334
83333
54125
88708
82875
58417
99542
68875
94917
62834
50875
57583
93791
57917
79334
78334
99875
115708
60709
91583
96625
98709
91708
93208
60792
54083
56125
97916
90459
118958
101000
77750
55709
92917
95834
114375
96500
73875
52958
34459
46000
56750
56417
81667
85000
64791
41500
47625
42000
46959
48417
40167
47209
48375
47000
79541
60250
84667
108125
90250
88709
107208
86083
63000
41542
47292
73084
63250
66917
61750
43834
47250
47000
51542
56708
50750
48125
47458
46416
46875
46333
59292
42042
62167
56041
62625
95333
59916
66833
98209
99459
96417
72000
41875
86625
87875
104250
94625
69167
100875
58666
47167
56750
42292
47958
40584
46625
46542
47500
46542
47791
40375
49291
48875
47708
54792
47708
47334
47209
47084
46958
46083
42625
57292
34416
50417
42250
47500
46416
46416
46667
41791
47667
49166
47583
46291
55958
39208
44041
46875
46625
46708
46875
46333
46833
46750
63750
39166
46750
42166
55209
45833
47125
45958
45959
47416
47583
49250
47125
46750
45833
46542
46042
52750
37750
47792
46875
46959
47500
47000
54209
47750
32208
21916
29500
21583
30291
25375
25916
24209
29458
24792
29166
25667
26666
28875
46417
29250
47500
31750
31041
28458
28250
28292
28000
27875
27708
32542
33292
31584
28042
27708
33959
32500
29583
35333
26917
29084
26333
28500
29708
32125
31709
25375
28291
32791
29583
65584
48375
36833
21541
18000
18083
17959
17750
17750
17875
18000
18292
17750
17916
20250
17833
17875
17875
18042
18208
17834
17792
17959
79375
54209
42750
47000
47166
50250
46917
46375
46208
41042
46125
46375
46583
46750
49541
46083
47791
47291
50959
44500
48041
46667
47583
46667
46583
41416
58292
40667
63041
52416
54333
47667
47084
48667
47834
47417
47208
46166
46750
46959
46667
47167
46833
46375
48125
46125
45750
46584
45791
46291
46000
47458
46917
51708
47792
45917
47167
46417
52834
47750
45916
46500
46000
47792
46458
47750
46292
46000
66500
50958
69917
56333
83333
68000
107583
101541
76709
50916
42708
48000
47250
47250
46583
46708
103709
58167
50541
50833
50500
50000
57167
43292
47166
47708
47000
46833
47958
46958
46500
46208
47042
57917
36916
48042
46208
46292
46291
46708
46917
41542
54625
49042
47833
46500
63083
37625
46666
51459
44750
46750
46750
46292
59333
41959
47500
46708
47250
46833
47333
59041
50959
46625
46250
46791
50209
49667
33083
27084
27750
27667
27417
28375
27583
29250
27500
28125
27375
26541
30083
28292
28084
27792
54125
41917
46417
49792
52833
77709
96958
87041
48041
54750
34333
100583
84250
70084
53125
58833
44667
80292
86125
63042
36125
49625
38000
47792
41375
47875
47417
47417
48667
39083
46959
46958
47458
91958
38375
60958
30250
71667
49708
59667
49209
35542
22625
26750
18875
60584
58209
68459
56500
41542
26916
28375
28667
28500
27875
31584
29834
28916
27958
28041
75833
101750
93708
91500
98458
75791
52791
56875
75292
96292
122250
103292
63750
45958
49458
91917
48209
34792
25542
66958
92083
86042
76167
65500
57708
47666
42750
33167
23917
15833
20792
19292
19125
19708
18833
19250
18958
19000
75208
104291
95166
79666
60875
71500
52958
52625
40625
25708
28250
29333
21417
27708
28333
24625
27916
27583
27958
28041
27500
27791
27417
27417
27416
68875
96417
90042
78500
67500
57208
45625
34750
23209
18333
23416
25667
22542
22917
18792
22500
25584
26458
21542
24541
61291
68125
101958
50792
83542
80333
68917
57708
46458
36542
26584
16709
18584
25125
19125
19250
20000
18125
19125
16375
21334
58625
93250
89709
79000
68416
58250
47458
37750
26250
15500
23292
18542
21291
18083
22083
25458
27000
21041
22250
24667
28625
27792
19417
22333
21083
19084
21875
17833
20542
20666
19292
23666
19000
22334
18042
21041
21167
21458
21167
21250
21167
21334
20959
20625
22208
21166
20875
21625
21666
21292
21958
21750
21625
37083
25958
58208
30500
43333
56792
50459
40542
30833
21208
18084
19500
19917
15375
19084
19000
16042
19250
15458
18916
15291
18584
15834
19041
15708
19041
16833
16666
16708
20375
63209
38375
32583
67459
131459
149666
137416
123000
109500
59333
34500
22500
27084
24916
25541
19250
25209
25792
22333
16459
25333
58458
17750
70083
53792
42917
84625
110917
100500
85541
69292
56084
42667
28750
31875
26667
29583
21125
29916
22958
28083
28625
29833
29500
23792
27500
28625
25958
30792
33416
36208
34458
34458
29833
40917
31416
39000
36584
34583
36250
35417
29125
44500
42208
37958
36750
36375
33958
35417
35208
38625
35667
34708
36375
39167
38000
36250
69417
98625
91542
76375
62208
48166
34458
22833
31250
26875
24833
30709
28166
27959
31125
31625
32917
41625
47458
36500
66833
89166
79792
66750
54709
44375
32083
20375
24292
21083
24292
24542
25166
24583
25583
26833
26750
19250
39750
29375
18000
24167
24208
20875
26542
21791
22583
30917
25167
22500
26375
21250
18250
22875
24958
21292
23125
26458
26208
25750
21958
21916
24459
65459
85666
76250
49208
50291
38917
26000
21208
59291
69000
57625
63292
54000
45292
45750
52459
36791
48083
48000
48666
47583
47041
50000
48834
42333
46916
50458
45709
46667
48833
47542
54083
80875
71791
47000
47291
47792
46917
47959
47209
46792
46708
47500
46959
46750
47125
46458
46875
47416
46291
46000
46166
67583
77708
51625
47209
81000
111625
96500
76333
54750
36208
36459
39834
31166
34750
35291
35708
35000
35334
35292
34625
34917
34792
34125
34750
34709
34667
38708
35083
34500
34584
34291
34666
37584
42333
35542
39417
44834
39917
56791
35541
36083
73208
55166
43042
52583
50084
48334
46833
46958
47583
46500
47584
46500
47250
46916
46792
46292
47083
46125
41875
47792
47292
46167
46166
47458
55000
44208
42708
51459
46666
49000
48250
47125
47125
47041
47833
84875
76708
53792
41750
48833
46708
46584
46875
46833
47417
47292
58000
43583
46833
47459
47500
46458
54417
71125
64333
70709
47584
50208
35667
46625
46750
46792
47291
47167
47167
47542
47125
47667
46167
46959
46958
46375
46333
49000
47208
46083
50458
48292
46500
46958
46583
47500
48666
46375
45833
46542
47500
45750
46208
48834
47250
50209
46791
46417
47042
46834
46459
46500
46417
46666
46875
46459
46417
46792
46167
54375
56959
42583
48125
47583
48042
46708
49333
49041
46875
46375
46542
48125
46042
47166
46875
48083
46500
45958
37500
46375
45917
46375
46791
46084
54916
43875
47416
46250
46541
46875
49083
46792
48709
48083
46250
48250
54375
76625
53833
42167
25000
35042
34917
35625
36375
35458
34167
34958
34542
34500
34792
36000
34041
35084
34291
34167
30958
30292
34709
34334
107625
87542
85708
69750
99791
64208
105291
115750
102583
70958
46500
63209
55750
45375
34292
24958
15042
20792
15084
20167
16917
20750
17250
20208
16792
19791
16000
20000
15625
19791
16584
19834
20167
16500
20125
20833
16625
20041
21250
16875
29417
16417
20500
16583
19917
22917
16834
20667
17416
19917
16416
21083
25667
16084
21250
15750
21208
17042
20208
17292
20167
21708
16125
21125
16666
21541
16500
20000
17041
20708
16667
19834
21167
21917
16208
20500
20750
16584
20042
35333
15583
21917
17000
20500
17208
20250
16833
20417
17208
20041
17209
20666
16875
20334
16917
20875
15459
20208
22083
16291
20250
16750
19958
17625
20000
21000
17083
20417
16708
20458
21083
16625
20750
16833
21250
15791
20708
16750
20625
17917
20625
16708
20625
17167
20583
25333
31750
22791
18250
17459
21333
14958
21125
13375
22083
13833
21292
13167
21000
14625
20875
12875
20709
16375
20667
15917
20917
17084
20458
17458
20584
27042
34958
29375
21166
19042
18209
22333
17166
21459
14083
21959
13083
21041
15167
30416
20750
18167
38958
22625
21625
23709
23709
16833
22792
17500
21583
14667
21125
18042
22333
12958
20584
21625
16084
20625
17625
20583
17000
20625
17084
20250
17083
20792
21209
16000
20250
17416
20500
17459
20458
17167
20791
17292
20792
23042
13291
25625
16291
21042
15500
22084
17625
20417
17125
20750
24000
13833
20333
16792
20791
16792
21208
16958
20459
20041
22292
15459
20917
26167
21083
21625
17250
21791
16125
21750
16500
21708
16875
20708
17041
20250
17292
20792
17292
22750
17500
20792
17333
22250
16833
20834
17583
20833
17209
20500
21042
17750
21250
16375
21125
16917
20333
16084
20208
17042
20792
21250
15709
20708
17250
20625
17417
20708
17625
20459
17250
20958
21750
15500
20583
17375
20750
17500
20750
17166
20458
17084
20834
22083
15833
20667
17583
20417
17792
20291
17500
21042
16542
20750
21708
15417
20792
17542
20625
17041
20250
17041
20333
16875
20208
17167
20500
17000
20416
17209
20291
17125
19917
16917
20125
17250
20416
21208
16792
20416
22167
15625
20292
16750
21250
16834
22250
19000
22250
17958
21875
15833
28291
17041
20584
17084
20208
16875
20292
20875
16875
20917
16292
21000
15625
20250
16416
22709
13250
20208
21459
15500
21500
17125
21208
15417
20458
23666
18625
21542
16500
21750
15583
21291
15541
25000
15208
20292
21083
17375
20000
17042
20375
30750
17416
21083
17208
32792
18125
20958
17000
20541
17000
21042
17208
20625
17459
20500
17333
20458
21792
15458
25417
15583
20792
17042
20750
17291
20250
17583
21041
21292
17166
21000
16541
20084
22250
17542
20708
17166
20500
17125
20167
17459
20750
17125
20958
17459
20708
17042
20875
17042
20750
26334
16708
22708
14250
21375
15916
20875
17458
22250
21750
17792
21375
17000
20625
17417
20583
17292
20958
17042
20667
17125
20250
17416
20625
17291
23084
12791
20959
13708
20208
12209
17750
14958
18084
18750
13625
18292
14625
17958
36458
43666
37208
29000
21292
13084
17583
13000
16833
11000
17334
10209
16625
9875
16167
13125
15917
12667
16125
12250
16375
17417
110042
122125
66708
43292
72500
91333
114209
101084
81083
59666
43458
58834
69292
71792
61959
44333
98459
48084
25250
15292
25291
16750
22000
14333
21042
16750
27792
65875
100209
102875
94584
59583
59625
82084
53334
41750
56667
49333
19708
39083
49916
63166
53791
45208
36417
27833
19000
22375
37125
20709
36166
54167
47375
38958
30666
23083
14583
14083
12792
16250
10542
46833
49541
67958
20667
25708
45541
87667
36166
24875
24334
50792
86958
81625
73875
65834
35625
70875
66667
28458
17375
25375
41333
28250
18959
15542
18917
22917
25459
18750
16667
21042
14250
45750
49750
28959
36000
24041
37042
35292
30709
28958
28084
22458
26292
29666
25250
21708
51875
58583
45166
38166
29875
21250
13709
17708
11584
16375
10834
16875
13000
16000
12083
16250
12250
15958
13000
15708
12375
16000
16917
12000
15833
12959
15666
12916
16084
13125
16167
12959
15500
16541
13125
15791
12750
20084
17375
10583
16250
10542
16083
10167
16042
12750
14334
12625
15917
12583
13500
25209
28042
23708
17041
13000
18250
13708
13375
17250
11542
17000
11542
17167
10750
17166
25458
13834
16000
12083
16667
14208
16625
12625
16208
12208
16166
17167
12375
16667
12542
15959
12209
16458
11959
16375
12041
15959
17917
9667
16333
12208
16375
12042
16000
13458
16458
12167
16458
17500
10959
16500
12541
16375
13041
16459
11834
16416
11958
16333
16917
12083
16291
12042
15959
12334
16417
17708
12000
16083
12500
16250
13333
16041
14375
16958
13792
16333
17583
13083
16250
13250
15833
12750
16625
13542
16958
13208
15042
17292
24208
12583
16291
13125
16125
12958
15875
13292
16125
13375
16375
16959
13167
16459
13292
16333
13625
16375
12916
15833
13375
16292
17000
13750
16917
13291
16166
13042
16000
12833
16375
13000
15708
17125
12625
16292
12500
15459
13417
13125
13333
14125
16500
12375
16625
12417
16000
12250
16125
12250
16125
12125
16084
13167
15750
17167
12375
16250
13666
16166
11917
16042
11791
16334
13250
16292
17250
12167
16083
13208
16375
13084
16417
11958
16583
12166
16375
17209
12166
16333
12750
16417
12166
16416
12042
17208
13292
16042
17542
14250
15916
13042
16083
12917
16667
35667
10000
16750
11958
15875
12917
16250
13041
16000
13292
16375
16917
11958
16083
13250
16042
13291
16083
13041
17041
12833
16291
17209
11833
16125
13500
17250
13333
16875
14375
16042
13041
15875
16833
12000
16166
13167
16083
13083
16209
12917
16041
12917
16083
17208
13292
15792
13166
16666
12292
16833
12209
16667
12166
15875
17125
13083
16042
12084
16208
12792
15834
13334
16292
12042
20709
13709
16875
12209
16209
12166
16209
11875
16375
13209
16208
12583
16458
16750
13083
15958
13250
16083
13375
16250
13000
16166
12208
16500
17500
12209
16208
13292
16125
12958
16375
13291
16167
13000
16042
16833
12375
16208
12917
15750
12875
16000
13375
16125
13209
16083
16916
12084
16209
14459
16667
12292
16459
16417
13459
16500
12667
16208
13333
16625
12083
16041
13167
16166
16708
12875
16083
13334
16166
13250
16500
12041
16041
13333
16125
16958
11958
16083
13083
16000
13375
16209
13125
15917
13459
16000
16791
13250
15875
13125
16125
12083
16000
13250
16250
13209
16042
16625
12083
16000
13250
16166
13042
15834
12792
16042
12833
15709
16916
12000
16125
13375
15959
13250
16083
13292
15792
13041
16417
17250
12042
15875
13041
15958
12834
15875
13458
16041
13000
16041
16791
12084
16125
13250
15959
13208
16084
13250
16167
12000
16542
12333
16375
11625
16750
14041
16083
13083
15875
13459
16542
12459
16083
17000
11917
15750
17209
12084
16334
13625
16625
12709
16209
11959
16041
17334
11709
16166
13083
16334
12708
73708
115667
123208
116625
106125
96375
86042
77167
68333
57708
82500
64834
53041
42250
31042
21042
22333
23417
26042
19083
18708
19208
20208
21167
21417
15333
19000
18458
18125
18292
18500
18375
19875
19292
21208
20291
18958
19000
18250
18500
20042
18167
18708
19083
18833
18708
18750
18625
18458
17709
18750
19125
18083
17916
27083
16875
18916
18000
18083
18000
18417
18834
21459
18583
18208
18125
20625
18625
20542
18041
18042
22833
75375
32458
19959
26917
21250
25791
16625
25500
16708
37417
38083
32584
21792
27333
19375
31584
29625
19875
25500
15125
24834
19875
25834
44083
26625
21417
29625
37333
25875
16042
24542
19750
26500
18041
24583
25584
24584
20458
24833
26417
20666
26125
19750
25166
20458
24834
62334
92125
87375
76833
66417
57125
47000
37709
28166
19208
20208
23417
18000
22500
22500
22833
18500
21416
26292
20916
17167
23625
18375
21334
17209
24166
21000
17709
18125
21583
24708
22750
23875
20125
26250
14500
19625
25541
25958
16916
30875
21916
22000
41500
52208
35625
25125
15542
21583
16542
21792
22208
17958
22291
22500
21375
21916
18125
21958
21291
21500
21292
21458
21042
21541
21208
20834
21333
21292
25250
15208
21042
21125
21375
22000
21375
21166
21792
21791
21292
21250
24625
24459
21667
21458
21042
20917
20875
21084
20583
21125
21333
20625
38208
31958
21500
22458
18792
21292
21708
21583
26875
25334
23375
21416
21083
20875
20791
22208
21000
22833
22250
24750
25167
22584
21375
22250
22042
21041
21708
22375
19209
36584
46625
37083
27833
17792
19917
19041
20208
22542
22000
35375
29750
33167
23417
22375
21333
21958
26167
25875
26250
17916
23334
24625
25417
25167
24833
24959
25083
24792
24000
21875
23625
22125
28791
19917
23083
19042
22875
25125
22958
24667
61916
100750
60417
89250
82334
70792
59125
52042
40500
29625
17959
21875
67208
103041
69958
100792
92041
79250
65083
51708
37416
101500
124416
103791
78125
52458
42042
52375
45667
48875
73459
57709
34083
52917
61083
53792
94500
107625
85500
59375
118375
164000
138584
110959
79791
56208
31208
28375
33625
59000
25334
32167
28458
30292
23333
28333
31125
25625
29292
25750
30250
25542
25042
28375
24834
25333
28958
24375
29208
30917
25333
28083
29417
28500
29083
30666
30292
24750
29958
26125
25667
32250
23791
28208
31166
30792
22792
26166
24208
28542
28708
121667
141125
121083
93125
66417
71042
64292
43750
48584
75333
94584
76958
52792
56208
50625
24291
21166
22792
27166
18500
33041
20666
48709
64042
61917
82958
66000
83250
86417
103042
122792
68709
47250
93084
61916
44250
48500
47708
47125
47000
54500
49167
37709
106916
66833
53958
63583
69292
69750
106834
99958
56000
72875
66125
90333
65167
62500
86834
78041
66209
39208
27375
99500
102875
89083
63250
82917
68417
102875
96166
73000
50083
71750
120083
64000
101792
33083
28375
111334
117833
97833
83250
83333
60750
35250
46667
47291
45708
101083
102834
59000
58375
37334
28000
19250
18083
20458
14083
20208
16167
20458
15833
46125
49083
36833
30209
28125
59292
84125
105125
69292
67125
66583
46208
48459
82542
72708
98875
110250
82084
94917
117750
58834
52375
30500
56000
52084
35458
24916
30292
37583
54500
92083
88708
77292
64167
47042
80750
20500
14667
73500
57084
92875
96792
130208
66375
56166
98792
111750
121834
108625
78000
57625
101541
126708
109042
71834
59542
37042
86166
99917
84792
102500
90834
59417
62291
112542
36292
131583
126417
96500
102000
70167
71958
53084
50667
51792
59166
74708
40375
43542
53542
60209
89875
116375
104291
85125
63916
32875
37041
35292
36041
34833
34458
36334
33458
34791
87750
81167
58208
70042
65083
78458
68791
73125
59834
43791
28542
34000
35625
34750
34667
33584
33250
33916
35666
60958
80667
29042
95166
97375
96959
68833
54417
64792
87583
118542
76250
99542
40000
51416
101833
123750
100334
103958
61917
55458
103833
119875
70208
65041
35250
84750
34250
41917
24417
48167
47958
69583
28125
30208
49000
47417
64792
46917
33250
34792
31958
24750
54042
86167
91625
42750
55917
43167
55250
97750
62167
82041
25625
27000
33834
22500
38083
31542
42375
20625
32542
55416
27167
89083
109000
60834
53084
61541
154125
95584
118041
98834
73750
51417
41959
52417
32959
45458
46458
45417
47375
42166
47334
38500
44541
40209
52334
49083
35417
46084
47125
46583
53417
48250
50541
80375
60250
40167
44875
46292
40208
45083
44750
38375
45167
44500
44333
44000
45083
45416
45750
44458
44625
44791
45667
45958
44334
44791
44875
44458
45000
61458
39583
47084
46417
47542
39791
26750
26875
26291
26666
26459
26417
26625
27750
27166
27875
27042
26791
27041
27292
26333
26625
27292
26416
26708
26500
31416
28750
31041
20750
28583
32333
26667
26958
26625
26625
30208
23042
28792
23500
26917
26459
26750
22500
26625
27250
26792
26916
26875
26750
26458
26583
26709
26500
26708
26250
26334
24417
27583
26375
28166
23125
26125
26417
26541
33916
26541
26584
26417
28834
27917
26917
27416
27208
26708
26416
27417
26834
26875
27000
26625
27167
27459
27375
27417
26750
26458
28166
26000
22916
19750
22667
23209
23042
22875
23208
23000
22666
23083
22875
22750
22750
19458
23083
23625
23417
23125
22833
23125
23000
22750
23916
23792
23125
22625
23417
23333
22791
19375
22917
22958
23084
23125
23333
22750
19291
22792
22959
23041
24833
23625
23125
22875
22959
23000
22667
23500
23292
25375
26666
20083
22917
23000
22833
22792
22917
22958
23542
23625
23416
23375
19458
23208
23125
24000
24500
19417
23208
23500
23000
23417
23083
26625
21458
23500
23333
24083
23375
22916
22792
23041
23208
23542
23708
19333
23083
23542
23042
22625
24166
23625
23500
23208
23750
23375
24459
20292
23125
24417
23625
23500
23875
23792
23333
23083
26291
20333
23125
23583
23750
22834
23500
23709
23334
24042
23041
23042
19666
23834
23875
23958
23916
23083
23125
23625
23667
23833
23541
23708
37417
26292
19917
22917
24875
19917
20792
20416
23208
23000
25042
19750
23167
24125
24208
24333
37000
25833
20834
23167
23292
24041
23583
23167
23416
23167
24667
25208
19833
24083
19125
23959
20167
23583
24084
24625
24417
24417
23750
23500
23459
27625
19792
23042
23125
23667
23500
24166
23958
23916
23292
25709
20250
23500
19667
23916
23417
23500
23916
23958
23750
25000
20000
20875
32750
38542
26625
22500
19584
23625
15958
23041
16875
23375
24334
24292
24500
20583
23375
19667
23833
19125
100375
95750
75083
55459
34084
47500
33583
44875
45792
45542
46167
47541
50334
41541
47916
47208
45084
45459
53833
37542
53875
56250
42541
46458
45833
46916
46417
46333
46583
41292
42000
46084
53791
47833
46750
46625
45875
50000
47042
45416
44750
46167
46458
46000
49542
40542
33583
28917
21917
26625
27750
27416
28000
28166
24208
34792
33667
27958
31125
29208
27292
26834
26667
26750
26542
27833
27000
27500
27250
27166
26958
26833
27667
26958
27250
27209
27500
27125
27666
27542
27292
23250
27458
26791
26625
26667
27041
27250
27292
27291
27250
26875
26458
26458
26666
26917
26667
26792
26417
26750
26625
26791
22709
26666
26958
27292
27375
28958
23334
27500
27458
28542
27208
27292
27084
27541
27292
27666
35000
27292
27375
27750
27250
27000
26791
26959
26667
26708
27166
27583
28750
22292
23334
24000
24291
23916
24209
23834
24167
20041
23583
23584
23750
24167
24292
24208
24333
24625
24500
24625
24542
23709
23250
23166
23208
23542
24541
23708
25375
19125
23167
23416
31417
20041
22542
22750
23167
23292
23042
23000
22833
25792
19875
24167
23917
22833
22792
23041
28333
24291
23500
24125
23667
20250
22958
25542
23250
23208
23458
24875
23625
22667
23875
23250
23042
23375
23000
22916
18250
23625
27750
23209
22958
33708
25042
23375
27042
23500
26875
23083
26375
26916
27792
22084
27000
27542
22666
26750
33792
27750
28000
27417
22458
26500
28334
27834
27041
26333
27333
27583
27333
29875
23000
26417
27208
26708
26750
22542
26750
26792
26708
26667
26833
34750
21792
26250
26208
26584
26292
29250
28000
28542
90959
93083
78834
63042
59000
42125
45417
45917
46334
46000
78708
65833
68375
98333
120125
98375
61250
52417
56541
38625
102417
92792
72125
48917
38791
45333
46542
46584
44834
97708
69250
32542
52542
25833
76500
41708
80250
110584
55750
81834
74625
61584
50250
40750
29166
17500
23500
20041
26708
24042
18791
23167
24000
23208
22750
23125
22875
23000
24209
18416
23250
23416
22917
22833
22708
23125
23625
30500
19084
22958
23167
23208
27417
16375
23083
23042
48459
85500
108291
96083
78250
60375
71833
71833
61750
54500
59583
70833
59916
55083
45500
105750
117875
54583
53042
51083
64541
90208
53791
55375
30333
28417
26666
62125
95750
104459
73583
96750
67375
70125
57291
49167
39417
46125
45750
46167
45042
46209
45458
44375
45125
52250
50917
37000
20375
27542
32167
50250
30750
37500
55500
28750
60083
38084
22667
79083
68959
85084
59500
64792
39666
49584
63583
55416
42750
29500
18750
23917
23875
19042
23000
23875
23750
22583
22833
23500
28917
27959
35625
31833
23792
20000
25750
20500
23708
20416
23291
19625
23209
23625
23917
22750
23000
23833
23625
19625
20708
20167
37333
25000
23167
21416
23709
19958
27125
29250
17042
22875
21542
26000
20250
23375
23416
23667
23292
24667
35125
23709
23209
23041
23125
17542
31791
22375
28416
26000
20500
23292
18583
25083
24750
60167
93584
85083
63833
94042
111625
67416
64625
69292
88708
61833
57500
96541
59875
53792
68917
95834
62709
97333
105250
60666
67750
49667
102833
115917
100167
102500
72917
54584
77291
64000
99959
68708
49834
47875
47959
61875
56042
84167
74667
52792
41458
46584
40083
45292
45416
45916
39375
44708
46917
45583
47167
74708
49417
50750
53375
93500
62000
46500
48917
70167
56292
51875
39250
55042
41416
45333
46042
44834
44875
44750
45750
44667
45417
44542
45334
45125
44792
44750
44125
44209
44791
44291
44750
44625
44542
44917
44917
45250
44959
45208
50917
38791
45125
45125
44500
55250
33333
45750
46167
46541
45333
46459
45042
45042
75083
66667
38125
76959
47167
63917
38417
45209
39750
44667
45041
44958
45416
40292
45625
45333
44500
44875
44959
44583
44750
45000
44542
44917
52667
53125
38208
44750
45875
45292
45292
44791
44500
44417
44708
32417
44583
39625
44417
72166
56250
52709
38042
44917
45208
46125
46125
40375
45083
45125
44916
45125
45333
44625
45125
45542
44625
47208
46416
44458
45000
45541
45292
44792
46375
44625
45083
54292
35417
50292
35500
44167
45333
45500
44834
45875
45042
46625
44541
45333
44958
45416
53042
31292
44500
45042
47875
46708
86291
65708
64792
55292
65916
49166
34458
50375
62250
38208
78250
84833
96917
51750
50584
50917
47833
47000
56708
54125
89458
87458
84667
73250
50292
38667
44958
45917
46042
45209
45375
45000
45083
45167
45250
44834
44625
44167
45125
44875
44042
44250
44209
40667
46041
55167
50667
62208
70083
46083
85666
48167
52750
50875
79541
63375
42708
45333
45541
45875
64041
51291
98916
52750
47166
52167
83625
74958
53833
81833
54000
54000
47084
46875
47083
72959
56875
91375
63542
54042
51709
98958
315542
70916
61083
39500
51750
50500
61125
57042
53083
45667
45375
38750
44875
40500
44542
38041
44625
40375
44292
44000
45458
45500
45042
44792
45291
48208
40333
44083
44458
38708
44917
45417
69750
63417
52166
56791
50417
50375
54000
48834
81958
72292
60958
36791
44917
38584
45250
39208
44250
31000
83333
83042
48750
33292
62500
94834
55625
49792
79417
42417
46792
52334
53458
35333
48000
40250
44708
44958
39875
44792
48875
41208
46708
48125
32667
45083
47042
39416
46292
41083
65083
46417
47542
57625
35625
44958
38416
44959
39792
47625
33291
44625
37958
44667
45375
46875
46125
45041
45584
45958
39750
44750
45667
45209
45416
45375
45292
52250
33083
43875
44917
46375
45792
46042
44584
45083
45375
45167
48667
42375
46375
40458
44458
44834
53541
45084
39750
44209
46458
57667
39167
45333
39958
44917
45333
45583
46458
39625
45000
45916
45041
44792
46416
46250
46125
46750
45875
45375
44792
44000
45125
45167
45583
45958
46792
40625
44875
44625
43500
44958
43875
45750
44500
45333
44459
45042
38792
44667
40333
46041
33084
46417
104500
96208
74500
52875
33875
46958
42292
47333
47666
47750
47083
47458
46541
47000
47000
46500
46917
46791
47000
47416
47792
36583
48708
45500
47750
40125
46875
47500
46167
49792
47750
47375
46917
46333
45417
46792
57583
50500
42000
46541
46791
48958
49708
39875
27167
28292
27834
27667
27750
27292
27875
27917
27792
27500
27500
27667
28666
28583
28042
23791
27542
27791
27750
27708
28666
34583
22084
28250
28667
27875
25375
28542
36792
23792
27875
27833
27709
28042
28209
28125
23917
27416
27917
28792
24334
27708
28042
28083
27500
27708
27542
27917
28041
27583
27959
27916
27958
28292
27875
27792
27709
27834
27750
30375
27541
27875
24125
27542
28084
27917
27875
27791
27708
26583
27958
27958
27875
27625
27458
28042
27875
28084
27917
24709
24125
24292
52042
39209
25584
24584
23834
23791
23625
24000
23708
23875
20542
23667
23959
24167
23750
23792
23709
23750
24000
20375
24333
24083
23750
24875
24000
24083
23584
23667
23667
23542
23750
24291
33166
18083
24125
24125
23625
23833
23250
20500
24166
42542
24667
24042
23334
23750
24208
23917
23750
23792
23625
23792
20500
23917
24333
23375
23625
24083
24500
23458
23625
23833
23750
23916
23917
23708
24167
23833
23834
23833
24000
23583
23292
24667
20542
23875
23583
23958
24000
24042
24625
20125
24000
23541
23708
36875
24458
23792
23959
23250
23917
24166
23875
23458
23334
24000
24042
23583
23459
24167
23750
23708
23792
23667
23417
24375
20250
23708
23625
23875
23916
23875
24291
24375
25125
23458
24583
27042
23750
24042
23917
23959
23833
24167
22208
36000
23583
24042
24792
24042
24083
24458
23541
24958
24209
23625
23834
23542
23917
24167
23917
23625
23500
23625
26625
20834
23875
23458
23792
24250
23959
23500
23792
23500
20417
32000
19750
23375
23667
23791
24917
24000
24125
23792
24000
23459
23875
24000
23750
24166
24583
23959
25083
23834
24084
23834
24000
23459
24000
24125
32583
18917
23458
23834
24041
22375
24583
24542
24459
27417
20083
23709
23875
24333
23791
23708
24083
39916
66250
41459
52833
53541
41709
55458
77000
59041
53958
83583
75125
50750
47041
47042
46250
47000
46791
46250
46750
45875
48250
46625
42333
46167
47416
47000
46125
45167
70958
70834
52417
56917
55833
59792
56500
39958
49500
41125
31958
20167
28417
52167
29500
23167
16042
74875
54833
51708
62708
47792
103833
108167
84458
73334
55708
57041
68625
108209
100458
72291
51041
50083
94833
64875
55459
101791
53042
51375
26542
67208
51500
58958
43000
46667
47375
46792
46500
47125
47042
46750
46333
46875
47083
46667
47041
45917
46292
46209
45958
46209
46667
45750
46583
47833
46208
46500
46541
47000
46542
47125
49166
46458
51834
58833
38458
47584
46292
46667
46417
45791
46000
46959
50334
49209
56542
54667
47375
47834
47709
47750
41875
49083
42834
47417
47458
48166
46333
48625
47209
49667
66708
45959
48291
52875
46167
47375
46750
46500
48625
47416
47292
46833
46792
50209
47375
41417
47834
46791
46208
46959
45875
56833
49459
46792
46625
46417
46250
47708
46792
42458
46958
46375
56625
48458
47208
46083
46625
47375
48291
46708
46416
46375
46917
46708
48666
47000
47083
46125
46375
47458
48166
47000
47542
37541
35000
33583
33250
51500
47208
46291
41333
46833
55375
2740041
2716542
2681666
2650958
2630167
2590875
2570375
2545000
2523666
2491250
2460833
2434792
2407417
2380542
2353750
2326958
2299166
2263916
2237042
2209916
2183625
2153667
2127042
2100375
2072667
2044833
2017417
1990416
1963333
1937875
1911042
1884458
1854125
1819542
1792959
1764875
1737833
1710417
1683709
1656583
1629625
1602875
1575459
1544375
1509875
1482041
1454584
1428834
1588875
1570208
1550875
1525292
1505542
1478042
1453208
1426333
1405708
61542
41292
54500
43417
47250
47375
46792
46333
59333
38458
46709
46750
46666
50291
87500
50417
83542
77875
54167
63042
60916
57041
52458
47083
51500
49834
67542
46000
95083
50375
76042
47375
91459
80917
51000
66333
41584
46292
46833
46750
46250
46292
46167
46834
47208
47250
48542
44791
50208
45750
47916
68916
51250
62375
50375
48542
59917
50959
58833
51125
54459
77292
67334
99334
96459
74709
47916
48291
47500
46584
46750
46750
46708
47750
66333
48916
125166
116750
103250
90708
80083
67625
51500
39792
30208
24291
2258875
2255709
2243541
2228708
77542
71625
56667
88750
53500
48208
52375
93500
70875
48250
46292
45791
45916
39834
45291
40417
44291
44000
46000
45417
44583
40042
44833
39625
44541
44583
44375
53875
42333
44083
47375
47375
39250
45208
40250
50708
40292
53791
40459
50041
44166
49959
52834
46416
54500
78958
48000
53500
49459
73083
57417
40833
47792
39792
45291
48833
50375
49417
47375
45333
45041
45416
44084
45291
45250
45083
44625
45375
40667
44791
44625
41416
61042
56375
42625
72666
45834
50583
48083
51959
49875
57958
51166
50000
49125
47625
101333
47875
54000
40584
45375
51208
70000
51333
48875
68708
63833
64875
42792
72292
101917
84042
61500
36375
46959
51583
40708
42083
46083
39250
43208
42250
47833
101417
62083
58167
42250
43166
35833
47541
35333
45750
66459
43416
45583
46750
45750
45250
45833
46334
45084
59333
99292
83333
61166
36417
45458
47750
46500
44875
33958
44250
45250
45750
44834
44167
44208
44750
44750
45708
48750
47959
45833
44958
45208
45542
45709
48500
44750
45000
53083
40875
45583
44542
50167
45042
45083
44542
45417
45125
48291
45959
45542
44166
44542
44291
46708
45417
44917
64958
41084
56542
73333
52542
41125
44542
55250
64875
52917
40875
45500
45750
45500
45167
46042
45958
45625
45666
48250
36208
48208
40750
44458
44875
45750
45042
46000
47125
45958
45000
46500
62167
41084
47541
36333
46916
40334
45583
51917
43000
45959
46042
46042
45083
45542
44833
44583
47416
46667
39542
44791
40417
44833
45500
46166
47666
48458
44916
45541
44166
54584
43917
45125
44959
49958
46625
45000
44375
44250
45709
57250
33042
51459
36083
31917
30542
27750
18333
84291
71375
48834
47167
48750
57792
64166
37792
55084
51667
95750
53625
98708
96625
52750
52042
76541
54917
40292
45250
51791
44541
44833
45041
44417
47916
39834
44958
45792
44875
45750
44542
71875
77875
61000
39250
44667
40583
45500
54500
45250
43084
52208
88208
72375
62208
38666
44417
45625
44666
50125
67833
56208
55958
48000
54458
54042
45167
45541
45958
45417
44375
45333
44125
40125
46083
42250
46333
44792
44667
44208
43792
44375
46375
50792
53084
40250
46334
51250
49458
69959
51333
81458
47125
50584
45959
47125
46042
52750
36417
45625
40125
45583
45417
44666
44500
45625
44167
45375
43916
52041
85750
47875
51625
47666
47167
57250
78708
65583
48042
88542
59417
38541
44584
45625
47000
46458
44834
55375
49792
50083
57292
51000
54917
45791
78000
71792
45541
46750
55000
46750
46500
50708
49750
47417
46708
46500
46791
47041
51125
50042
65958
38958
47125
46792
47458
47125
46916
46333
46709
64125
35625
67042
51042
52166
52834
48208
50750
51167
48750
47750
47708
65375
47000
46625
47417
68459
47333
58708
54625
54708
40584
46958
72000
56166
75791
50375
48541
47208
47375
46417
47166
46500
46458
40541
47542
46916
55417
36333
44250
48916
51000
42250
46958
46667
49083
48000
46667
46750
46959
47625
42042
46500
47000
46458
46958
46542
54542
41083
46750
47708
46417
46458
47542
47417
46708
46917
48208
62042
37541
47584
47458
50834
47750
47083
46542
58750
51500
47791
46041
46625
46208
45958
46791
47375
46541
50833
53500
51834
47500
47125
46666
47250
46334
47041
49792
47334
46292
46333
40667
45625
46708
47125
46167
46375
46708
47375
47042
46625
47250
45875
61250
34250
81833
80625
50125
54458
48208
46625
58875
52208
47750
46958
47542
46416
46000
46333
47166
46709
45833
47208
46583
55875
40875
53875
41000
46459
47209
46709
46458
45875
49542
46625
46834
46417
46250
46667
47042
46417
48041
45458
50958
46417
46292
47250
47375
45583
46833
46750
42208
52667
46125
48750
46667
46500
46833
46959
46667
47000
46708
46417
47792
46459
46166
46958
46125
46542
67792
43583
46708
46917
46250
46625
47375
46292
46125
46542
46084
46625
46833
46708
49833
46417
49167
51083
55583
49333
46125
47083
46583
47875
49250
46958
46416
47583
52583
47917
46542
46750
46000
46791
50708
53875
40833
57333
54000
47834
47833
50167
47708
46458
47084
46125
45792
46500
47167
47459
47042
47000
46500
46542
45959
46000
46167
46959
46500
47292
47166
45750
46125
59084
35459
46334
46958
45917
47209
46417
46834
47792
45958
58750
38667
46875
55959
57167
50166
51750
66875
55042
51042
64084
52417
37417
65083
38334
46583
46625
45708
57584
36958
98250
79417
58584
63334
56667
67708
42541
57667
69917
53125
74292
56750
89041
52666
68917
53583
50125
78042
51459
61042
41125
51583
48791
47250
49250
50041
48125
47750
47041
55250
39125
48125
46916
46916
40791
46500
50834
49500
47292
47000
47291
47750
46625
46584
46750
47958
47667
46667
46250
46250
46459
46875
47208
40500
52666
47208
55333
43250
47666
46958
46708
47083
46416
46458
46750
46542
48000
46083
46084
60959
42167
46750
48167
48666
45834
46333
46417
44917
51583
49833
47292
46083
46125
46209
92042
60459
48042
46458
47541
47416
46417
46708
47583
46458
47042
46459
46834
46916
51500
47375
46125
47583
45209
86708
66667
65667
74375
53042
51166
65958
39834
53708
51792
47084
48792
54042
56333
34459
48083
52292
47875
46750
47333
46750
46208
47500
46667
49709
47917
46792
47583
46792
47042
46334
46709
46625
47125
57459
36375
43291
47458
46667
46875
46125
45666
47375
47250
46292
46875
59541
47875
46375
47667
46500
46541
54417
56959
69250
55083
63667
52042
51958
47500
47208
48042
46625
52250
45042
93542
79709
56334
41125
47667
46875
46959
47250
46584
46792
47208
46625
46708
46917
41166
45833
46666
46292
47375
77333
56500
34750
47667
43458
47333
46709
47084
46333
46916
47417
47834
46834
47084
47250
46667
46458
47333
46583
46917
47250
46583
56000
41041
49250
49583
47083
47458
46625
45917
46625
48625
47250
47333
55459
48084
46500
49083
46291
46500
45959
46667
48000
46542
47625
49000
52417
51500
49292
49958
47458
46458
49166
78917
75458
51625
47125
48000
45875
77375
77542
53667
52667
39250
49375
35500
48125
44000
49042
44333
49375
47667
46875
47334
46791
97833
54083
71667
48750
93250
53875
72209
53458
66583
46542
79459
72959
54875
82041
53750
63167
51250
67917
42792
46042
55666
47333
47125
47750
45666
46000
46458
46250
45750
46583
46667
46500
45917
46209
46125
46708
46208
46833
45959
46042
46209
46542
47750
46416
46667
46959
46041
45708
45917
47334
82125
60375
43250
68709
53833
52833
48875
81459
70417
67334
51500
40916
47375
47000
46375
46833
46667
46625
46458
47083
47083
46000
46417
46000
46209
46500
45625
46334
45875
45500
46834
69959
49000
63042
46333
70750
52458
64625
39792
61459
35917
54625
47625
46416
46791
46875
61333
36083
78708
59333
35250
86291
88375
66834
33500
61792
35750
45709
76209
51625
63625
36084
45917
73084
45875
87291
56750
65542
45041
63333
59708
49834
47500
50458
52750
42542
50209
75041
57667
62667
35208
46458
46750
55333
52666
41458
46667
47500
47708
50125
49458
37875
47084
47667
46583
46375
46792
45958
41834
52708
47208
46583
46750
46333
46125
46291
45709
46958
46625
46458
47459
45917
47042
46709
47042
46125
46791
46209
45833
46375
54209
46875
46584
46583
46250
46042
46125
46334
46708
49334
45375
46625
48584
47833
46875
46750
46291
47083
46875
46958
46708
47666
45875
49208
47917
47000
39292
28334
27459
27750
41209
26667
27666
27500
27542
28041
24791
28666
30959
27584
29375
28042
27583
27750
35916
21625
28417
31750
24958
27500
27583
27916
23792
27666
27667
27583
27542
28375
28166
27167
27833
27792
27750
27542
28125
28000
27416
27250
27709
28584
27875
27709
41125
26500
27750
27417
27916
27250
26583
28791
27458
27541
27500
27625
27917
27208
27541
26375
28125
27666
27667
27500
27458
49917
47708
46583
46750
46709
46167
46250
47208
46584
46834
48500
46625
46375
46375
47125
46375
46750
46000
45875
46375
46458
46667
46875
46667
47167
46334
46417
46417
46833
45959
46958
46333
46208
47292
46333
46917
46625
46833
46708
46542
46875
49333
47250
47125
46875
47000
46583
46208
47292
47625
46542
46917
58584
63084
38375
46292
46041
46500
45875
46875
46458
46000
46125
46958
46417
46083
46666
45167
45792
46375
46500
55542
67416
52000
49792
47542
46583
52833
46625
46042
45542
46750
46125
45875
46584
47291
51333
46334
48250
50209
41875
66666
38500
47041
47083
46458
45875
46250
47334
55583
47542
47291
48625
46208
46334
45541
46250
47458
48542
44208
47125
53208
42875
46834
46750
46500
47084
46625
46000
46334
46167
47416
48125
46250
53917
49958
55667
47000
60916
52083
91667
56583
46167
47291
47125
46458
46542
46875
46500
46667
46792
46916
47125
46583
46125
46167
46167
46459
47041
51792
40083
45583
58000
49667
47458
49750
44958
46958
47666
47208
47000
47292
47500
48250
47750
46209
49709
48708
46416
46042
46459
46792
46458
47166
55250
34250
47667
46458
46708
45666
46750
46292
45958
41875
53750
43875
47208
56500
37791
46750
47458
45959
46750
46375
45792
47167
48542
48375
52500
49750
48583
49708
54125
51167
47500
52417
46167
47375
52750
48042
47292
46791
47083
46500
46791
46250
47166
47000
46750
47042
46541
46833
45958
46666
46750
46208
46542
46458
46583
46500
47542
46125
47667
54250
42500
46667
46709
47167
46417
46459
46875
46667
46625
47417
46750
46333
46542
45917
47291
46583
46750
47625
49125
46958
47958
47000
46500
47375
47083
46292
47250
47542
47458
47000
48833
45208
47291
47333
49375
46416
45750
44959
89000
88000
65500
38000
46750
46667
50834
46375
45666
46791
45500
46250
46584
46375
46666
46208
46709
47292
43084
46459
46333
46416
46250
45750
46625
46542
45875
46500
49167
48416
53875
47542
47000
46875
46458
47042
46625
46291
46042
46292
49042
46958
46625
46875
46125
46292
45708
46792
45667
47125
46042
46375
46084
46750
46333
46167
46125
60375
39375
48375
47500
46542
41250
47375
46833
47083
48125
46208
44750
51458
37750
47250
46375
45417
45917
46250
45833
46667
46792
46583
46292
47042
55167
50125
44500
47292
46667
46208
46500
46417
48125
47042
45959
46459
46958
46042
46416
46500
46334
45750
45916
46541
46125
46292
49083
48083
47375
46542
47500
55208
46250
45958
47125
61084
57958
61584
53125
48125
47583
57708
58542
35500
56500
34833
48042
45333
49958
54792
41000
47292
46791
47000
46042
46292
46000
46250
47000
46708
47000
46667
45666
46625
46708
46625
46375
46250
46292
46542
46042
47291
60583
48292
71625
84541
63542
41375
47167
46583
46750
47000
46666
46333
47334
46292
46791
46458
46250
46250
47417
46542
48083
46459
46042
45125
49625
56625
60333
68042
51042
48292
59458
34583
52000
42458
46958
41458
47458
33500
47167
52750
35584
46500
47375
46167
46792
46625
46000
46125
42500
46375
46667
46958
45834
46041
47083
45542
46750
46250
62791
40500
46208
46834
46208
46209
46375
46833
49250
46708
47583
47416
46959
47792
51167
61000
55792
42625
47334
46916
47250
46292
46458
46000
45750
46292
46458
46917
46209
46042
46167
45792
46250
47375
47042
47167
46459
46834
48959
47209
48209
52917
81375
75541
51792
47292
47416
45500
49250
47125
46458
45875
46792
46583
46458
46625
46500
46000
46042
46208
47209
46291
45500
46416
47542
46375
46625
44833
71792
57583
57042
42000
50417
49292
47125
46333
56250
50042
46084
46500
47584
111500
92583
69000
42958
50125
39375
49209
35750
47458
47250
46834
47500
46958
46583
46500
41125
48667
44500
46541
46792
46167
47792
47375
46625
45625
47333
42791
50292
43458
55084
41958
46084
55084
47625
48209
46458
47458
45667
61416
40083
48875
35167
46917
46833
47500
47000
46375
46541
47000
49666
45833
46708
46625
46292
46666
45750
46333
47209
45708
46500
47667
45708
46417
51084
61667
46125
48750
48250
47083
46292
45625
46417
45708
49000
46917
47208
46583
46542
46375
46917
46666
46834
46875
46750
46542
47250
47542
46875
46709
46417
46875
47625
49167
46500
47000
46125
46833
46667
46958
57542
44333
48250
46958
45875
46334
46500
46875
46208
47125
47083
45708
46250
46250
46792
45500
46375
47125
46750
46042
48250
48667
91500
44125
47333
63000
41750
47333
46875
46250
46042
47125
46417
48792
47083
45792
46875
46875
48542
47000
41459
53334
37291
46875
46709
46625
46250
46791
46333
47166
47417
54167
48791
46459
47333
46042
46875
46292
47166
46375
46917
46917
47125
46250
54083
46792
46083
46292
46334
46959
46125
46375
46708
46291
47334
53416
48083
42500
47375
45917
46167
59708
33375
79416
64584
42625
58292
48000
46625
47541
46708
45834
47417
46416
46750
47541
46750
47542
47375
45875
47208
46292
45917
46875
46750
40291
46125
47333
47500
52875
47042
87500
47375
53333
51041
73500
51666
47917
46208
46584
46750
59167
36625
46667
46208
46375
50542
46334
47250
47291
40000
46792
46458
46209
47125
48583
47333
99708
62125
67042
41333
95292
87667
64542
41416
46791
47375
46791
46541
51459
46084
47333
47792
47042
46875
46666
46250
46958
46208
45833
46583
46708
47250
47792
50250
36208
57042
40667
48375
47250
46166
46500
46667
47041
47750
46208
54542
43125
46959
50667
56791
49209
46542
49125
53500
50250
37500
48250
47583
49958
47958
47167
46250
47291
46625
47166
47250
47083
46708
46708
46250
46542
45584
46875
46083
48125
46875
46083
46667
41667
46500
58000
49917
53166
47250
47459
48000
46958
51791
48334
47000
46834
45459
47125
46875
45917
46375
46042
46333
47084
64958
67542
40375
53000
50500
55041
41875
49417
49459
69375
49500
49458
50250
49917
47666
47041
48083
48250
48125
46917
46917
48209
47917
47125
46291
46292
46542
46208
47667
46625
46833
47458
46167
46250
46750
46375
46500
46333
46709
45875
47125
45958
46500
45625
46750
47042
50958
48125
50750
52250
49292
47666
46708
53917
46834
45875
46000
46125
46708
46167
46458
47167
46834
46458
46209
46375
47334
46750
46917
46583
55125
46834
47292
46583
46709
47500
47209
44958
46542
46833
46709
46083
49000
55042
48541
46958
46917
46375
46083
45875
46916
46458
49916
49500
46833
48000
49292
47584
47250
47083
46084
47542
46500
47500
46541
46334
47458
46459
46292
46375
47250
47916
46459
64125
41334
47209
47375
46500
46334
45583
47291
47042
46375
54416
46041
47375
48542
47625
47250
46792
46958
46750
47458
47334
47708
46250
46833
46792
46541
48625
46292
46750
48000
46250
46292
47250
46500
46666
46625
46708
46834
46958
50208
53750
50875
48167
46959
46708
46334
46375
47417
46041
46417
46750
47125
47250
47334
47042
46375
46292
46458
46000
46417
46042
46792
46625
47292
46916
46917
45959
46834
46917
46125
47958
46583
46000
46583
46667
46375
49084
46458
47000
49000
56625
48583
47084
47334
46834
46583
46708
46584
46916
42167
47708
49459
47291
46166
56250
49125
47208
47500
43500
53792
49458
46834
47375
46584
46000
50167
54958
48125
46542
46708
47416
46542
46792
46042
46958
49208
47166
46375
46417
58000
47042
47000
46583
45667
49000
47208
46875
46750
47917
46834
47042
46709
46458
46666
46625
47458
47125
47750
47042
46458
46750
47250
46542
46583
46917
46458
47416
48625
50041
40375
33500
32250
32833
27792
27834
27250
27792
37500
24500
27750
27375
28041
27834
27584
28000
27167
27625
27042
27250
28542
27417
27750
28041
28292
28209
27625
27916
27416
28334
37042
20208
28042
28125
28666
28833
27750
28375
27625
29500
28333
28083
27500
27375
27834
27584
37250
51000
50167
49125
46417
47458
46875
47208
45875
47208
45791
46709
46708
46916
46917
45584
46083
46458
46666
45625
46541
46917
46583
46625
46625
46375
47208
57041
48292
47167
47250
47083
46166
46792
47458
46375
46958
46291
46750
46667
56375
48375
46917
41625
46750
61375
51417
49458
47000
46583
47250
47542
47167
46500
42042
50375
48583
47375
46750
47084
46792
46500
46875
46666
46292
46875
46542
46417
47167
48083
48125
47875
48584
46959
47000
46250
46792
46500
47167
46291
46791
48000
46667
46083
47916
45875
46292
50875
47417
45750
46959
46791
46708
47250
47000
46667
49833
49792
45333
42542
46833
46584
47250
46292
46583
46458
47000
46500
46833
45958
45500
46542
46792
47042
46125
45500
46959
47167
47416
46792
46125
46875
46166
46708
46750
46459
46541
45917
46083
48542
49834
46000
83458
91042
80125
52959
76584
49875
59916
38042
94084
85584
61791
64708
54917
74667
57708
57167
63916
39292
56042
53500
54500
34791
54708
56125
50667
74000
63125
61959
59042
52542
56000
52583
48500
82542
63625
57000
59417
49000
58708
48917
68500
48042
61291
32875
68708
58416
40750
47167
68709
52084
57000
42208
49916
46458
47958
49500
67875
47208
60583
78584
48917
34833
51750
56292
63958
53791
57000
68209
40417
53334
50625
37417
28709
38208
39625
11584
38708
91750
108000
60750
33875
14250
33416
38416
29250
13750
78417
62334
33500
90292
101834
62375
60000
75125
68000
57458
37000
64667
51917
51000
52375
40708
54542
48834
60417
54042
51084
48875
59458
48917
56667
52625
57250
45042
45666
47750
49041
46208
52833
53084
36542
46041
57084
37458
50833
49792
52875
51250
47958
60209
57167
43125
46792
50625
60250
74208
68041
63292
110833
34458
23708
45250
60791
25250
55125
77250
71166
61000
49084
39541
29667
20333
18583
21667
14958
22167
18500
20916
17042
21167
89916
107875
53958
49250
50583
72500
84625
75250
59625
48084
37167
27792
17958
21834
19125
103542
68583
109875
118750
99125
55458
50666
97458
117542
70084
61250
48083
49750
43042
103833
118416
98417
70833
99083
62708
113167
31584
39583
48625
75750
67916
57000
46125
30042
20750
19125
16750
21708
14459
23334
13708
20541
13375
20625
30000
15917
21500
16417
21750
17417
22042
16708
20666
17292
23292
14334
20625
21667
16125
20750
20584
20792
16750
20833
17625
20417
17459
20750
17542
20542
18042
20833
20708
18000
21667
18416
20833
17292
21542
16208
20416
23541
17750
20833
17417
21458
17875
21125
17000
20500
17375
20708
29042
20375
22791
18125
20542
18167
21708
15792
23458
13834
20416
33375
63666
59333
53208
22625
29875
31708
30250
18625
25958
29375
28459
30792
21042
13625
81541
31125
32875
95250
22791
19084
25583
53667
31083
21250
20583
22584
20333
29292
39708
33167
29125
24500
19042
25625
17791
24958
17375
24958
16250
24792
20291
25416
16000
25167
26333
15708
34959
42917
35458
24750
55625
79750
83791
49875
57250
49083
66875
109667
108833
98709
43292
46208
37459
27250
16791
24042
20875
24125
20000
24042
24542
24833
24917
24917
24834
20875
24167
23959
24292
21041
24291
20708
24000
20166
24167
24666
20750
23833
31125
19834
24333
24500
24208
24000
24375
24459
24750
24958
25000
24959
24792
24833
25250
24917
24250
24167
24083
24292
25000
23417
24458
27250
18375
24250
24958
25042
23917
24084
24041
24375
24083
24917
24084
24208
24834
25250
24834
24709
24583
24708
24416
24917
24875
24667
24583
24250
24292
25000
28792
26958
31000
24583
24250
24250
24166
24042
24000
24208
24541
24958
25125
24916
24375
26958
18084
24292
25541
25250
25584
80375
104125
98833
86417
71959
59417
46375
32667
22167
31292
24084
28167
29500
29375
28959
28959
29166
24750
28041
32833
36542
25500
31209
24458
27917
24083
27750
24709
30541
20708
27958
30959
29125
29417
31959
24208
29209
29292
28708
28791
28333
25625
31209
33167
21042
28125
29167
29500
29125
25333
28041
28083
27959
28750
28916
30833
56625
46291
46875
34250
23917
28125
24125
27917
28500
28625
25000
28041
28000
28167
28042
27458
28041
27833
27958
27834
28250
28583
24667
27875
28292
29250
28541
28708
28667
28292
28375
28292
27958
27917
27709
28208
40792
28042
29667
24792
24833
25458
25166
22125
24041
24583
25125
39167
36292
24334
26583
29625
19250
24416
18791
23958
36125
30666
30667
38667
29792
49166
37958
86209
76708
76500
95917
137166
62417
46084
52042
48875
54541
57917
39041
45875
41875
44834
39625
44834
38792
44958
47125
39750
42500
49458
45500
35541
45209
46083
44750
45416
45708
39833
45458
45125
38500
44625
46209
40375
44334
40125
45375
40542
56375
33000
45042
45291
45167
45666
45625
45833
47584
41417
44750
91334
95625
76541
54417
34375
46292
40667
45125
40375
45333
45458
46041
45417
39459
44291
40292
44625
39083
39167
47792
42333
46542
46083
47333
41084
70208
45000
46167
39292
44583
38459
44250
51583
36292
45125
64666
43958
45791
40542
45875
37791
44750
45583
40083
44750
46792
45375
45083
37625
45083
45583
45333
41084
44375
36584
44291
45500
48333
41291
45083
39750
44875
45500
46292
45000
54541
36750
44292
45958
48000
39042
44125
45416
38792
47167
46792
45416
52125
46084
35833
45750
46792
47500
40792
38792
27625
23167
31666
20292
30500
29167
23209
27333
61666
42916
51834
56417
86083
84208
69291
51125
61334
38500
44292
35542
41166
42625
45000
92875
92459
57667
100166
70916
69167
57458
107167
112542
97416
75542
52458
36750
48625
44208
40625
44791
38625
46167
40542
44958
40417
45916
74042
56834
59125
33625
66875
41292
49125
42833
33458
23375
15000
22333
24458
16917
21125
34125
51416
53208
40958
33000
26459
68084
41292
48500
47625
29125
21083
29541
26125
51875
85292
81958
73333
69500
76750
55584
58500
48833
76833
74958
87208
88834
42958
59333
91792
121375
55167
67875
54917
38333
38750
80458
74750
52042
45875
43208
29000
37833
29625
45417
40208
33000
26125
72083
70083
37417
44750
34750
34416
40709
34958
27708
20542
13375
15208
16666
12291
15375
10292
15500
9709
15334
9625
15333
9708
15292
9250
15208
9125
15125
16167
9292
14750
21083
12458
25500
58083
108834
45583
78958
34917
44292
43666
100541
126583
103834
62584
91042
52000
69500
119667
101000
65667
71916
44333
48292
89958
83917
75500
67250
56709
24958
42416
39542
50292
38208
62125
85958
79541
57875
69334
62375
69583
97625
136041
66459
63209
97042
128208
114250
90833
66541
44375
50542
53792
36584
47250
51166
38916
47667
44000
46500
48292
42333
49000
42792
47667
48666
48875
76875
133042
72375
79167
72166
65083
82708
52084
67959
58916
46208
34833
23833
25666
17500
24417
23209
28125
23667
26584
29084
20292
26250
30625
19542
25458
24292
25125
23000
26041
22334
25209
24375
25625
28833
28916
18250
30625
27291
23208
24459
20666
23959
20125
23792
21375
24209
25041
25084
20125
23833
24167
24042
24375
24625
25375
25042
25041
27417
20083
24250
24458
24708
24334
24417
24709
25083
25083
27291
24708
25459
24458
24375
25666
24917
35333
29667
24708
24750
30209
19167
23709
26375
17333
67250
108541
101417
89292
83375
132208
71375
39000
45000
64875
107625
36500
27250
48792
76958
68625
56125
45333
33125
21291
25500
21458
24833
40333
43875
62250
57417
56375
39709
47708
48291
48583
42083
46625
61875
43583
84791
64625
53625
34209
46250
47833
48375
41500
47083
47708
47250
42125
47208
47209
46959
47459
42167
49583
36791
46791
47084
54209
46959
51834
91291
45167
26417
16375
10917
17500
12250
17167
12167
17792
18125
18375
12666
14542
13250
17125
12417
16625
11750
16708
10834
15583
25167
70083
120458
109917
129084
111375
87125
66333
45250
48583
42916
47500
47417
47250
46666
46791
46583
46666
47000
46459
46583
46334
45791
47125
46500
46250
45750
46583
46709
49708
40875
45834
46541
46708
46416
46375
47167
55125
45458
50709
42500
57625
49625
50750
90625
98459
78542
56458
35625
75042
78167
60209
67208
70708
58916
61833
85250
61209
114458
123000
102875
79083
57583
36750
48083
43000
46542
47333
47459
50708
47125
46458
48167
46791
47708
48792
47500
46708
46167
48292
43125
48708
61292
55500
40291
55166
56708
61916
97417
132834
120292
96416
73125
50583
42833
49334
43417
49167
53084
51459
104334
83125
58417
59750
92417
77250
55584
47875
49083
42208
47792
48292
48042
47417
47791
48583
43542
89000
60500
46833
62541
85709
58834
51500
52000
53166
82208
63167
50291
90042
88208
54208
47041
81541
50875
65709
52083
93083
102792
82750
60459
38375
46875
77250
43750
47791
48875
48292
47833
40083
46250
47375
47459
46875
47208
53125
41959
48917
41416
46417
46875
47250
46625
46500
46792
46917
49083
47250
46167
46000
46000
46833
64375
42542
45958
46584
47208
46291
46084
46667
42416
47458
46917
53958
38708
47458
47667
46542
47208
49500
41625
46542
46417
46625
46083
47167
46500
47583
47209
48083
46708
47292
48000
45084
46416
49959
41000
51584
51958
58042
51292
41042
46292
48291
49000
47083
42750
46583
46375
46583
47416
46208
47125
46875
47375
47208
47167
46292
46125
46541
41208
46666
47375
41459
76375
64333
43125
52667
35375
48084
42250
46584
47542
47416
47334
46125
47125
48583
42125
48250
47667
46208
47417
46459
45708
46917
47417
46375
46375
46416
46167
47000
47209
46292
58042
47792
35584
47875
46833
46375
47125
47000
46792
57917
36708
45958
46291
46208
46375
57084
35333
47042
46959
47000
47750
47542
46375
47417
47334
50084
46792
46584
51708
57708
38500
66375
50709
49000
42083
53083
34917
31333
58834
34959
26417
74458
84333
48334
51542
64958
74667
120041
66166
58291
34917
32834
42833
29417
19959
71084
39125
52958
44666
79125
102459
57167
96083
80416
94459
68000
53917
45083
76334
79958
71583
59667
94000
131458
67459
62792
63000
60125
98167
68292
103500
105333
50791
35250
103458
91666
65500
99250
54958
56625
65042
48458
107708
124375
63291
86625
98000
62167
55667
92583
90458
71250
46958
48708
42625
46667
47125
47000
47583
46917
47917
47250
46708
46500
46917
47083
46083
45375
63791
62833
61959
44750
48042
42709
48125
46792
52459
46000
93875
54292
43541
47916
49667
47750
40083
46417
50416
41958
47834
34667
46958
46833
46750
46333
46625
46583
45875
45917
49709
59084
46916
80291
95208
59792
41500
84875
58667
52625
51416
65625
52291
42042
46583
47542
48208
78250
95167
65291
53708
53000
64292
59250
48167
49709
55500
53584
50625
51791
56792
46125
59500
44083
47167
43083
47792
42750
47083
47750
41750
46166
47458
47000
46833
46708
46417
48417
46500
46834
52166
52708
48542
49125
40583
61042
50250
42334
47417
47750
47500
52375
72333
52958
78084
69625
48042
53333
74583
92333
73625
86125
88833
92833
70417
45375
48292
42541
48083
47750
46917
47084
47417
47542
47250
47209
46875
47042
47000
46917
47250
47500
46708
47042
102959
61042
52708
41875
69125
59958
41750
56833
75958
72750
61417
56250
46250
91750
60084
41083
82875
86459
54792
51167
100875
120542
62583
42916
100375
121958
54375
51750
58417
55500
50667
52167
82833
52375
20083
56958
65709
39834
83375
89125
55250
49916
59958
41500
47000
42792
46333
48125
47542
46667
46042
46459
47292
47125
47083
47500
46333
47000
46750
45791
47083
46250
46583
46833
47833
46667
46750
47000
103875
110792
90917
105000
52667
63584
58792
57709
43833
60500
53042
41833
52542
85417
86458
159209
50333
34416
25459
27333
26041
25584
39792
25916
44750
54625
33375
80334
87500
107000
110208
99625
58541
57875
66250
85292
81583
86875
59417
43500
90917
103667
82875
62125
40500
47291
55417
47792
49334
42917
47375
49333
47584
46625
38542
50042
41042
49458
47875
42625
43667
49792
48334
49375
48208
49083
41542
64750
47625
41833
48416
46291
45042
43875
47125
34375
47750
43209
49792
46208
37917
29250
29916
24083
27750
28500
28792
27833
28917
27833
60916
53041
53542
40083
46083
47125
48459
41541
45916
47125
48625
47250
46250
44875
41667
49333
36459
47166
47959
48084
47958
47834
71709
101583
60791
53125
42959
69917
61708
43125
47958
35875
46334
46208
33875
46417
48041
43292
47333
40084
47542
41125
47625
43334
46708
47625
40167
49083
46792
42167
47167
54916
86250
101083
80417
57125
35958
46333
42542
46917
41667
46833
46834
48875
46334
41541
46542
46208
46709
46500
46375
46084
46291
46041
60875
39625
46667
46667
45917
46583
46416
46500
48750
48125
46667
48208
46709
46083
48625
47084
46625
47458
33792
47583
64542
32167
44375
38584
31000
23583
45416
36083
43792
22958
48083
32708
42042
35084
43291
21083
50625
90750
70084
70208
111916
93792
136625
85750
40125
100750
65500
109250
26709
42333
18958
49250
91459
37584
72500
44500
47875
89083
94333
72791
44334
48042
103375
57125
83125
54917
85083
74750
121292
55791
72375
38583
96667
92583
69875
102291
139291
125709
104708
84709
57625
61875
63958
70542
39167
99500
91875
129375
61250
52209
87709
66375
101083
76375
118292
112333
101083
89208
78458
65208
56250
43542
30917
18791
106542
149417
58375
43666
40833
45625
39625
45875
61125
68916
78042
100125
120458
102208
80083
60250
40167
64125
69334
50667
79125
64250
55792
33917
45084
39875
44417
40375
44541
40334
44958
40166
44875
45208
44708
45042
50875
39958
46458
53250
93458
111875
93750
72875
47417
67875
48625
68125
81375
123000
85916
95167
134458
119542
97250
76125
54292
32750
47917
48291
39125
52500
43416
46875
41875
45417
39416
45125
37958
46084
45792
77542
35750
51458
48625
37084
46375
44209
47333
35125
45958
38834
45333
40708
58834
69417
49292
53541
42417
30167
19709
67958
59916
39000
48125
102916
77917
67167
66959
87166
109917
124708
112875
95792
73917
51500
32500
48208
37458
48459
47417
45334
36833
45708
32875
45459
41250
51000
34750
43333
40625
55708
51833
53334
38667
48916
42583
55167
52292
37833
45375
39708
45959
51333
45708
39625
45125
46084
46125
40667
48916
39542
45000
45875
45583
46791
46625
46166
46333
45500
45667
45500
46125
46083
49917
93125
119792
103584
80917
60584
41083
46667
44000
53166
58542
49333
68084
112166
102334
56958
86125
74167
61291
50292
39708
28333
21458
27584
25959
26500
27542
27333
22125
27208
27666
27458
23666
26542
28334
69500
112417
107834
102875
90917
79459
66250
53666
38708
26000
29250
84750
52292
94875
184416
62417
55208
61167
100792
122625
106917
86834
68167
50750
32166
45458
39458
44042
39709
46250
45834
40375
44750
46000
39417
47208
97500
113708
98166
56209
37917
44542
39667
44833
39583
45208
53208
86667
60125
83292
87458
95625
36209
37625
64834
38250
66875
37291
41792
52709
23333
24375
24333
18625
10917
16584
11667
16541
12000
17292
11625
16041
11709
16333
10333
16166
10042
16208
10459
16083
10542
16209
33375
37000
75458
36000
49375
21417
36667
36667
43000
21083
22500
30708
51542
46666
40041
33375
30541
22708
15958
9625
15000
11541
14750
10125
14625
9459
14458
9209
14459
9042
14416
8833
14292
11542
14333
11667
17792
32125
40875
34000
25083
16125
14417
17792
11334
17667
11084
17666
14750
17500
14292
18542
11291
17791
14208
18333
12750
18042
12208
18584
11709
17875
13792
29375
12458
18541
15417
17541
13750
17417
13292
18250
14709
17750
13750
17500
18625
20709
11042
25000
34625
30417
23750
16125
15209
14750
22542
15500
18417
13416
18625
19042
12084
17916
12459
16958
28167
25500
19334
12333
19458
14625
19500
14166
18125
12041
25583
20958
13250
46834
70459
66459
58791
50875
43042
33375
24459
16959
21125
13917
20875
23208
14125
20375
17500
20458
20167
24125
14541
21292
17250
20083
21500
20792
20167
23166
18334
20166
45000
70209
63167
53125
42667
35459
26708
17083
17250
20709
14250
20042
13458
20458
13375
21041
13459
20084
16834
19958
15709
20000
20875
16000
20166
15584
26291
19875
13792
15041
18875
14750
18833
12458
22000
16250
18834
22750
21667
27542
15041
12458
17708
13916
17500
14583
17375
13500
17333
13666
17833
15000
36125
46291
37541
26833
17167
16334
20584
14834
20750
14333
20167
20708
16250
20000
15167
20208
16792
17000
17125
16583
27625
40584
25042
15916
23167
17583
21375
13833
19250
24750
18000
25250
17958
21792
14042
31709
69750
120334
117291
107750
98667
90500
81584
30542
23875
26333
43833
18833
41834
28500
22791
33958
56750
33084
22792
18750
12042
18209
14541
18167
12750
17833
11791
17750
12084
18000
13291
18042
10917
18042
10875
17917
10959
17791
12542
17959
43292
24042
18208
20708
16250
10084
21625
35250
64375
45542
28541
32458
38708
62167
22375
20334
13750
19041
13084
18625
12541
18167
12542
18125
11625
19083
11958
17958
11083
17958
11708
17875
11375
17625
14458
17667
18500
10750
17792
43083
39875
20000
16667
10917
17833
34416
26292
25791
67041
115083
33959
33458
89292
116042
67208
59459
69750
127459
123167
113500
104833
95042
82667
73792
64083
49375
39625
26458
21792
26084
31375
29500
23000
25375
28500
20917
26208
29250
23083
25833
63833
78542
63958
48458
86458
21959
14041
13000
17375
11958
17208
11167
16375
10750
15958
12584
15792
9667
15750
12333
15625
11500
15750
12250
15709
12250
15542
16542
11500
18625
13375
26916
11459
44334
25125
16459
39875
28917
23167
30959
33000
32083
52125
121250
176959
43333
57166
49833
38708
26709
17375
23458
20041
22875
19541
22792
33291
18833
23708
20709
23542
19250
22958
19542
22708
20208
24833
62333
109500
42709
70125
62167
52250
42542
33333
23500
13750
20625
12792
20750
16791
20750
17792
19834
15625
45917
69292
69625
23792
31792
46208
40333
32666
25375
13666
13375
15959
10334
15917
10292
15792
9708
15917
9666
15792
9875
15875
9583
15916
13584
16917
13000
15833
10958
15875
12334
15666
14500
15875
12167
15917
12750
16291
9667
15750
12000
15541
13458
21334
10000
28125
14958
37708
25583
26083
17958
24125
19917
23750
18583
23375
18583
23292
18667
31208
20958
23875
22500
22959
20000
23416
19750
23208
19709
23167
18208
23500
30417
19916
24792
20542
23916
20375
37291
48459
77209
57542
97000
57416
74583
50875
73709
38542
32958
42833
77792
72084
63459
56167
50125
42125
36625
30125
21459
41375
19416
35125
20375
40000
48500
21834
42458
24458
20541
20958
43000
62083
233833
230750
220333
211500
202917
191708
184000
176084
167709
157541
47333
36667
31333
28333
28833
16709
73459
123458
117708
108125
98708
25375
33542
46500
88708
82750
73792
65917
59000
49750
41625
33917
26042
18542
14667
17791
12708
17917
11292
17375
17042
17833
10834
30416
33875
26125
18042
17333
17792
11292
18792
11625
17375
18875
11667
15417
14542
18458
13042
17750
12500
18792
12375
18417
11250
17125
19834
12084
18000
11542
18583
13375
18375
11708
20167
12917
17583
14333
29333
42625
38333
31292
31083
36833
54875
47541
29250
21167
13250
18500
13333
18125
12375
17833
14042
18041
11500
17916
11292
17625
11084
18167
11208
17875
10792
17625
33834
20000
63583
59041
27833
25250
22750
20666
23708
71750
121416
111625
63042
61375
41209
25459
20875
24458
32083
27791
31542
54709
34834
34250
24459
20500
14167
20042
13333
17875
12000
18292
11708
18375
11708
18208
14333
18625
11000
17542
10792
18000
10792
18084
12834
23375
100375
55334
58708
42958
47000
50958
56000
49458
41875
32416
22750
44500
31208
40375
23292
61666
96041
97250
132916
117334
96167
75167
53334
34166
45417
47375
47500
39584
45791
44959
45667
39708
44958
45292
44708
50792
73084
36167
47666
81959
48083
74833
73250
64792
56250
48625
40459
32167
24750
17667
18500
18208
13000
17958
12041
17958
11125
17834
13792
24666
25250
29208
24166
16333
16917
20792
17000
16791
21084
13792
19958
16417
20250
14167
20125
27083
18834
20458
17084
19750
16292
20042
25875
16875
24375
15750
20041
15333
20000
15292
20083
15291
19708
21291
16333
45833
63250
51583
24750
15166
21083
13375
20041
34166
15209
20292
16917
20125
16167
20708
16708
20666
18708
21375
13291
20000
15542
19958
16458
20333
21167
20625
15917
21792
17667
19791
16375
19792
17583
20458
16000
21042
21750
67209
122417
119042
108958
98583
91250
49542
69542
118250
63041
112291
34958
50125
71292
66083
43792
60000
101625
70458
53750
74583
102833
57709
98250
104625
118209
102375
78625
58583
39000
40625
53750
51542
79833
102834
130250
114250
92542
70666
49750
31125
44916
39875
45542
45500
46292
49042
48417
68666
55916
51792
96000
125625
107500
84625
64000
43000
46458
46375
47542
47875
46958
58666
43625
71542
49625
52708
97584
114292
96584
74584
49083
67167
67792
60083
51625
41250
44333
51542
38916
44000
45208
46084
40375
45334
45250
44916
44417
44083
45334
44333
44875
44500
45041
44959
44333
45250
45417
44333
57666
97083
59833
40208
44916
86375
55084
101000
112584
94875
72167
51709
33625
46083
46750
46292
45917
47292
44500
45166
44916
45250
44584
45583
44625
44708
44958
44792
44708
45958
46500
44916
45667
47250
52459
93541
98000
77708
54834
34959
45250
50125
40667
44917
46500
45083
44667
44709
44833
44792
45167
44792
45000
45000
45666
48542
85334
89708
70708
49875
35500
46416
46750
59333
32833
29625
35083
59833
42500
47042
47958
95750
91291
87833
51625
56584
62500
87667
47709
101209
110958
85709
60625
61083
58875
98125
65375
37917
50958
36125
47167
38584
29083
20209
87375
52750
71750
100416
64292
53625
64667
101292
88333
64583
38583
69417
52208
73417
49916
51000
49250
48959
47167
47625
47916
48125
51250
69166
65291
45542
39666
69750
63917
42875
47750
48792
48541
48333
49250
52000
94625
75875
56208
33542
44458
40584
56458
52334
35625
45208
40250
46250
37667
44333
45000
40083
45250
44916
75458
62625
83084
75459
57833
37417
45083
39250
44917
39417
44416
45875
45375
54833
69041
62459
44292
47208
40292
45250
41209
44209
44875
45666
45625
45292
44875
40167
44500
45375
44667
44958
45750
47459
50625
73916
55333
48458
78750
51125
46834
53958
50917
60209
58750
42208
45417
40708
44334
40041
44333
45375
46125
45625
45208
45125
39917
44334
44709
44334
45167
45333
45625
44417
44959
45208
44375
94750
76250
53208
41417
46791
47167
54083
51417
54375
38500
47125
47750
47458
46375
47666
64417
53375
49708
63125
51084
31125
43958
45959
39458
44792
45042
44958
45625
45833
45208
45000
45084
45000
44542
44125
44250
44750
44375
45333
45542
45459
44917
44709
44375
44375
44583
61708
41541
44500
44750
45209
51833
64042
43375
44500
46541
46500
46209
46084
39500
44250
44834
45167
44541
39583
44666
31750
42958
39083
45792
46541
45667
45375
45750
45750
45417
45041
45042
49208
58833
53125
40417
43042
44708
33541
43625
33667
44708
45792
45208
45166
46167
45333
45209
45208
45084
45333
45416
45000
45209
44792
45000
44166
45167
45000
45375
46750
41750
45583
45125
45417
45417
45042
45459
44875
45500
45625
45208
45083
45125
50875
35709
44833
45084
43792
44959
45167
45208
44791
47875
44708
44833
44708
49333
83166
92208
73959
51709
42625
50666
40500
46750
40875
46000
39542
41708
43500
42958
33667
45542
41125
45250
48417
33125
45375
45584
47250
43791
51625
59291
50208
48542
50041
48375
47750
54584
51708
49708
41250
44834
45000
54375
32708
45041
46292
45833
40333
46458
54541
45459
34166
43958
45666
45375
44875
44416
44416
45125
45542
45792
44875
44750
44708
44875
44750
56792
39625
45792
45417
45166
45458
45542
45833
44792
45209
48750
38625
53916
33083
44416
46042
41000
45583
45625
45208
45000
47333
51750
40958
45042
49792
71083
57833
41416
46500
32750
45125
46542
40458
40500
44125
45334
45375
46125
45625
45875
38916
44583
45208
45417
45208
45084
51667
39917
44916
45666
51791
33167
44792
45458
45708
45459
45167
45208
45708
45333
40083
43208
47667
38750
44500
45500
45416
45333
45583
45250
45208
44833
44875
37458
54167
34375
45500
45750
45875
45250
45083
45125
45167
46750
46042
44458
44250
46583
46833
40917
34833
27667
27708
23209
26291
27041
23041
26708
26958
26666
27458
26542
48833
49666
50417
64583
61584
71292
51417
31542
45208
46459
38791
44666
39792
44333
45500
44750
49708
45458
45041
44500
45167
44917
44708
44667
45500
45083
46000
44875
59291
68042
51417
41000
45500
46750
41125
44458
46000
45583
44875
45209
45417
45208
45250
47875
38125
44042
44458
45042
44917
43917
44750
45458
43958
44625
45791
50917
40750
44500
47458
44583
36250
45125
36500
45625
38000
44792
45166
44583
45250
45250
45250
45750
44916
44291
44791
31333
52416
38667
44667
47500
46333
50000
45042
45167
44375
44208
44834
44750
45125
44667
53500
33625
44167
45125
44750
45709
54083
34708
45375
46125
40083
44917
46625
45834
46000
45625
46625
45958
45458
44917
46125
40166
44375
46333
45959
45292
54500
55625
60792
43583
46000
38084
44250
47208
45333
51375
49500
74958
70333
51167
39208
44917
46167
40459
44667
103750
54417
76250
91458
57708
55041
41792
84292
100542
54292
58750
99333
80917
50667
51167
59875
71417
56500
52208
42209
46917
54666
48917
50291
49667
55833
100292
56458
50250
50917
85500
86875
86042
67000
46542
40042
45083
47250
38250
49000
47959
92708
88292
95959
98042
81000
61208
41709
46375
44041
57000
43042
46583
51667
53042
50250
42709
49666
62333
44500
59500
53417
48542
98542
48667
53500
41292
48333
43333
46583
40042
44916
52292
75458
65250
45833
40583
45875
38791
45250
40417
44375
40375
44541
45666
53291
48875
66500
50042
48750
42458
50042
42334
54625
51291
50333
50292
67416
44916
48917
51375
91458
61541
37250
101542
113041
51125
50750
59583
50875
52125
36958
71166
56875
49417
51542
51875
50500
51458
42584
99583
53000
51542
51000
49458
53208
44750
50958
32833
45417
40667
44542
39167
44958
65917
44833
45792
69792
56458
72375
57875
51792
47208
54625
52208
35500
63375
61500
34875
49916
48875
50291
99791
112125
92959
70250
45000
42250
46542
46791
47542
46542
46459
46750
47958
46917
46875
46583
46958
45500
87875
49833
49375
57667
84583
67375
62417
76041
67292
43084
49292
55042
54167
48000
40000
45583
46333
50083
83000
51750
49125
50750
41625
67792
67500
50208
50917
66459
52542
34791
45250
40041
53542
50458
50709
41833
52042
34292
49958
75708
57667
52666
37334
47042
52000
48542
56958
50500
55958
44958
55042
35458
45000
40208
55625
52250
42916
53417
61750
45291
52625
41375
46250
40334
47000
47291
52125
50667
50875
52500
58041
50833
56375
35333
46792
48083
47292
46000
47125
47042
45792
46459
46417
51292
39042
52333
35500
45542
40208
44792
50167
40375
40459
55416
39500
44959
45875
40542
44042
39541
44084
44750
50917
51208
36625
46750
49958
46709
49041
52958
51250
59959
52625
68375
52458
34417
50083
52041
71416
49792
51792
49916
71667
64500
47208
39959
44708
39708
48792
40167
75042
53291
43000
45625
55875
54291
64416
53541
34750
45166
39666
44708
56709
42167
47625
51125
64541
47000
49708
39375
45792
33709
44625
50333
57875
100667
129792
110750
92875
83375
108083
67584
63709
61375
46500
43583
42334
44416
39625
44625
42625
44542
43708
42958
56250
40208
42917
42417
44041
92375
122000
106042
89416
95542
135875
76667
87125
68625
46625
47833
48292
60542
97667
105000
86542
92500
92833
116709
97625
74375
49500
42417
73208
80083
58875
36500
87917
126250
65166
45750
88250
67625
54083
97875
125125
97041
145958
72375
51833
54834
55958
85791
86250
111875
92291
80209
58709
56375
42000
45042
40000
44500
47625
40125
47250
98333
101167
102500
113500
97000
74459
53167
33541
46875
39416
68250
47250
42250
86666
85625
78209
65459
53667
44584
34750
25542
17625
24666
21041
23875
18042
23458
20584
20792
26333
30791
17000
23417
19167
22667
23333
19958
23333
20000
23083
20084
22875
19500
25000
22375
24167
26625
23167
99708
101666
102000
53208
92875
138291
92083
129750
100500
132500
60375
45417
38458
45541
38584
45000
47750
40375
45208
46709
40750
46208
45708
39666
44333
37542
44125
46583
96708
66958
60125
42833
46583
43792
46375
41333
46291
41042
96042
138291
124333
103125
83584
61792
39834
46292
36250
45291
39625
46000
46708
39792
44333
45834
45875
46500
51209
41667
45042
40000
47084
39584
47167
38459
44875
45709
45833
58958
37792
46959
53875
47834
44042
42875
47583
39334
58208
86125
99708
79083
97583
81917
61166
41375
47375
35541
47292
31083
45833
40917
47083
39917
48375
43834
40084
45458
40375
46250
40792
41541
45834
49416
41208
48209
40750
44875
39708
45166
40083
58834
42583
47291
48416
40542
46709
94458
132792
117083
93458
73083
52625
36917
45625
38041
44750
43209
44084
43209
41750
43167
42041
96000
121292
102916
79584
72208
69500
59709
55416
53750
44792
46917
32625
45375
39541
44583
40125
44417
45625
45583
44875
39917
44833
45750
45750
46458
34666
45500
45584
45458
45042
45375
45584
45166
48958
39333
47334
41083
46583
45834
45625
45875
44625
45917
45750
45875
45791
45250
44958
45042
45042
45125
45417
44500
57250
33750
46958
39542
44959
39042
41958
45125
50500
38834
44292
48250
49375
35042
45625
59917
45959
53167
56958
50417
45500
66542
59291
65042
55375
95250
105583
91875
54334
54125
65834
61083
88542
79625
57458
88833
75000
58166
60083
34792
97709
129583
73750
76791
57625
34583
45292
52375
41458
47083
95417
62292
51875
44750
54083
50708
40042
47250
46667
55750
39584
46667
50083
42042
47500
53833
46208
38917
47042
47042
33125
46750
48000
46666
48917
43166
46792
47292
46291
46625
45875
45916
61333
39250
46416
55459
38125
48834
47500
48166
51000
43042
47333
46250
46875
46791
46459
46667
46542
47250
46959
46416
46959
46084
46625
46625
60708
38667
47042
47667
62667
43792
47083
47833
46834
47917
46458
47625
46083
46834
47042
46417
40708
47708
48416
46959
46875
47041
46542
46500
46875
46833
47208
46542
46667
47917
53875
48333
46917
47042
47541
47667
46750
47000
47750
49333
50292
46959
46458
45959
46292
46458
47000
47791
46333
47958
46292
45875
46833
56750
36959
47083
46459
47041
46542
46625
46375
46167
46500
46708
47500
46458
46458
46375
46750
46959
46250
46292
46208
46959
46625
46583
46375
46791
45667
46791
46042
49750
47791
53584
40083
47000
50541
48584
48583
49625
49709
47958
46708
46375
47417
46125
46917
48334
48042
46500
47000
45917
46583
46375
46625
46417
45875
46459
49750
47958
46458
45875
47209
47083
47833
56084
34584
53875
37000
46708
46709
46541
47125
46459
47292
46209
46500
47584
46459
47375
47166
47417
46459
47083
46541
46334
46667
46292
46542
46750
46666
46333
46833
54250
34250
46709
47500
46500
46375
47083
47208
47334
50416
50916
34709
68584
53375
48833
42167
96583
46792
61291
44875
46708
48958
48625
40834
65000
60750
90625
53208
65542
34292
71541
49292
78459
87625
86833
70917
91666
89334
124208
98375
92958
73166
49916
34500
47625
54042
42792
42083
42125
52083
43458
42292
43792
40541
42209
64334
52708
53042
50000
46250
97667
111583
49125
83500
50792
59583
59583
98833
53208
81542
87917
25291
96542
109250
95750
113000
54583
32541
75875
81833
56708
69667
53292
48834
73792
60208
57000
38333
46875
47500
42416
46500
47042
46875
47292
49250
40708
46583
59209
95417
74666
60333
35917
95291
128500
110333
62292
42500
46125
58333
49250
36291
47250
42209
46584
46959
47417
46292
46541
41917
44459
47417
48333
41417
47833
46792
41916
46709
46875
46417
46834
34667
45584
41375
46250
48625
47708
54917
37459
53084
42083
47333
59834
37834
45667
46541
46542
46042
61166
39416
47000
58750
36833
45959
46709
46500
53125
41500
54000
52000
48625
47292
47750
47042
37750
46500
47916
48125
58292
48542
48791
47583
47833
46500
46792
47334
46750
50500
91667
88000
64667
35750
106000
100958
102541
63667
61375
78375
97291
131458
98417
94125
135042
76375
85375
71417
93834
137334
69000
106375
100667
91000
80375
74500
62625
53833
44250
34125
24750
19000
21917
20042
21709
19666
21334
19417
21084
19416
21500
19500
21625
18875
17666
19000
20875
17209
20958
20458
21209
20542
21208
24000
20042
21333
19791
21000
20291
21041
20125
21167
24292
16959
21750
24333
15458
21334
40667
46833
40958
33834
25000
16291
22209
36000
39667
31084
22416
20375
20500
18458
20458
20542
22833
18208
42875
61791
54458
47375
38625
30750
69000
111125
105250
93750
82667
72792
60875
46750
35584
26041
16375
25917
17417
24084
22041
24500
22958
24500
59750
101541
110291
101709
92000
82667
67667
56625
45792
36375
25959
25167
43167
44125
36334
27500
19542
26417
27792
17000
24625
24250
24416
27625
21708
24833
21584
78834
122083
115000
101750
89083
75959
62125
49292
35958
24083
30125
23042
29792
25250
28667
102333
182250
28250
51667
35375
24625
22083
26584
32333
19250
26375
16584
25125
16417
24417
15041
26125
16542
25542
21083
25000
15584
28500
19125
24209
28125
25541
25291
16166
25375
16708
24625
15500
24291
20625
24208
36458
24875
26542
18000
25167
25708
15708
24125
34209
20666
24125
29750
22167
25250
22333
24042
25250
17875
27750
17791
29666
17042
49000
32792
48625
22875
29625
25791
19667
14416
10084
13042
8791
13500
8917
12167
22625
29750
21167
18042
25083
34792
57000
55250
92208
50833
75417
69000
56583
46083
37916
28250
19000
17458
20542
17000
20708
17542
20125
17542
20125
20875
16875
20250
29542
29583
101333
73125
76333
68875
55667
63291
60917
48959
89792
25584
30416
24459
65708
86042
108333
101959
46625
59916
50542
75458
69125
111167
76125
39209
59208
22292
16750
18959
11375
19625
14292
14459
17833
11750
17708
19375
65666
113542
104334
62541
71250
59583
52875
36042
45875
43709
48750
51875
50375
77917
41459
80208
81042
73041
53833
58209
94875
134792
96333
88709
76334
122458
56833
34792
103792
132291
98292
100208
71666
58292
49625
33666
60041
37625
29250
50958
30958
41417
24792
32041
31375
35750
26125
52833
93250
46000
37833
45334
79417
121375
38084
34000
24042
71583
77125
119292
50459
63334
48541
35291
33042
36583
26042
32500
36583
69625
117333
112709
101458
90333
80334
68208
58750
42667
44084
34333
67166
95125
53500
82667
39417
28291
42458
38709
32417
26125
17375
45750
35875
31333
25958
16916
12750
11458
11916
14708
10583
16083
10584
21458
10166
15584
11375
17083
11459
14459
10375
28459
13000
17291
17250
9875
28584
68125
117875
61583
94375
90708
90792
121917
59958
62500
50958
88459
82666
83958
67375
46917
48833
42333
49875
31875
45459
46791
47000
46500
41041
49625
69250
51625
42625
45084
45708
45875
38917
43750
44833
45458
45459
45708
45916
45833
45708
32584
49875
44708
31791
44041
40417
45958
46041
53041
32958
44583
45792
45625
39916
44875
44875
45292
54000
35333
48000
42208
44750
45750
46875
39458
44333
44791
46667
42416
47833
38792
19542
26750
23208
26791
23041
26750
26667
23083
27000
23000
28458
22625
27875
25167
27667
22917
26625
27000
88958
98625
56833
53958
47375
34083
47500
77250
95375
78292
59208
40209
46083
41458
44750
40542
70875
119209
115208
104708
93667
83792
73583
64625
54084
43125
32208
16834
23416
20292
23875
24792
27041
19583
22750
18708
23000
19958
23583
23041
24542
20584
24166
20167
22750
19958
23084
24333
18959
23166
24042
22084
23083
21166
23250
21708
23583
23666
23500
18959
25000
24125
28458
23917
18750
22834
18541
23000
20125
23166
19792
22708
20000
25958
90166
75916
100708
111917
99209
77583
55792
36834
45083
41291
45666
46208
46250
45792
46000
46208
45958
45750
46084
39791
45292
46416
46750
46834
44667
46000
45584
45834
45625
57958
67416
62250
46208
50625
49625
33958
46209
40500
46500
38500
44375
45958
37792
44875
42333
45083
40292
44292
40458
45041
46792
40125
45500
39875
44708
41708
44292
39625
44916
46208
32459
46333
34875
48083
40791
47083
79291
79292
100084
82042
66834
53917
38083
45792
40042
45750
38167
45291
46125
46000
39750
45625
47375
39625
81500
119125
108916
87583
67292
46500
40667
47625
40208
45250
46250
51167
44625
39209
44959
45333
55750
60166
38875
45375
40291
45500
46708
46375
40208
55916
51792
51709
47291
36709
47833
41916
52833
54250
38875
48167
45875
43334
46708
53709
50125
35750
70750
52000
74042
76208
84583
61834
47791
41750
55708
41834
46375
40708
45709
47500
49083
46708
45333
46459
46417
46125
46917
41458
44666
39709
44375
48250
38750
45584
39750
44500
46167
46625
86125
151959
135583
113958
91125
89958
107666
81041
101083
86833
68250
46542
47625
42333
39375
46458
31667
44042
48167
39500
45000
39875
45125
39166
44750
38542
44625
40750
45250
54125
32917
43709
42041
44417
46167
43250
45208
46000
75875
73583
53625
32833
45583
40416
45209
38708
44833
38708
45250
46708
45083
45709
44875
45333
46125
47375
40500
45125
39667
45042
45917
46042
46167
46833
46042
46208
62250
75125
82667
57500
61167
52375
73334
102042
74000
59916
80333
119417
59958
71125
50708
40625
49042
40542
35500
54416
63583
115792
115834
107458
97459
89333
79167
70666
67250
59667
50333
32791
20292
11958
21417
44750
46167
37250
27125
16208
25625
34750
65000
140125
142083
135125
127709
120750
107083
98000
90459
81750
73375
56917
46875
37958
30250
21833
13458
22500
25209
21625
15959
21584
42125
32625
39500
56166
48917
40916
32792
24375
16166
20917
15292
20875
17709
20667
17458
21500
16792
20542
17583
20166
16541
21625
20416
20542
20959
16833
20292
23958
18875
21334
20416
20417
16792
21416
20500
28333
22666
16917
22333
16500
22708
17459
21042
17417
20250
85042
98500
81666
62458
42084
47833
95833
85083
105458
102250
139833
126292
105458
84875
59375
39042
40917
42417
46708
41792
48958
40125
46833
45291
45792
46000
45708
39625
44375
45833
44833
45208
55167
51500
52792
40500
46042
39292
44375
47000
46584
46167
46292
44250
45291
46542
54333
35041
44708
45666
57083
47042
33041
21334
27208
22833
26333
23375
26875
27292
23000
26834
26917
28208
29083
44500
46250
45792
45417
45750
49833
39500
49958
45375
45750
45541
45708
47792
38125
45917
39750
45250
45583
45916
45000
46000
39875
37750
45125
47125
41375
45750
39959
45917
41042
45042
92584
85250
89959
128208
83875
93625
76709
59750
68833
61042
47875
48292
48125
43167
47125
47625
42833
45958
48583
47167
46709
48291
48334
46667
47416
47083
47125
41042
47417
41834
46542
55250
34750
46542
49458
43209
46708
47625
46667
46583
48667
52916
53208
49375
47625
57750
42833
47417
48375
60583
90750
107292
87917
65875
45416
49042
51292
37666
58834
43625
77084
93750
87042
101792
89500
114375
98834
72208
112333
30583
32042
84291
87375
93916
119625
102333
78791
57042
60458
53125
99750
99375
317791
82583
78125
46542
61250
28583
38125
62000
46416
108792
71333
60208
61583
49959
42625
48750
49708
99792
156833
154875
133583
111417
88916
66417
43792
78666
45584
50417
52125
42834
59125
48875
85459
75500
63583
51750
31958
49041
60167
56917
94875
106834
137167
84708
122000
112583
94584
77583
53083
60375
50375
103708
60792
64375
69208
57500
93417
125250
60833
55333
96416
128167
89167
76750
114833
109292
99833
28750
30208
86375
109000
94375
75459
54250
40125
54083
88333
52458
40542
47084
38334
61000
38500
47625
42000
47459
42584
47667
47625
47958
41916
59542
29875
58417
25583
28709
22708
15833
89625
113333
57250
65792
76542
122209
73916
68542
50250
44500
93708
88209
79959
70667
62916
53375
44958
36875
27750
18584
20542
15000
18500
33125
33583
39750
45709
43166
20583
33250
45084
35917
34833
39209
47250
232750
32375
58791
21292
43292
77833
25958
23250
29958
37291
30083
33208
89959
88083
81083
74958
68792
57833
52375
44416
36042
26583
14750
15333
14750
18875
14250
18875
12542
18125
11625
17958
12167
18250
14167
19292
22959
12750
18583
15292
18084
14458
18250
14917
19125
15291
19666
11708
19084
16333
19958
11834
18875
14083
17917
15375
19792
15084
19292
14166
18042
15000
17833
15375
19541
15958
18167
19583
15208
18084
32917
27417
21000
13500
18833
14625
18417
11292
19625
13875
18625
13000
18208
12084
20958
13583
18375
14667
17875
14208
18000
14000
17791
13792
18125
14125
17750
13959
24625
16750
20833
12000
18250
14042
18375
14459
18000
16542
20000
12250
18208
20125
11458
18042
15375
17833
15333
18125
15459
18709
13959
18334
18584
14000
17917
15125
17959
15792
18291
18375
15334
31208
34500
32417
21708
15333
28375
32500
22417
16000
30834
20334
53875
20834
27000
23333
49583
118333
27250
33625
27209
36458
30500
72875
21167
39083
54459
37000
45083
73500
26167
39083
48209
94541
92250
85792
38375
37834
62375
28500
45792
40750
47959
90875
44291
27459
23916
32834
69333
108667
60375
103292
48958
58250
62417
89375
89625
82042
89250
102834
93875
122333
110250
88500
92709
21041
32041
28583
25083
28333
24875
27458
23708
32042
28542
25791
25250
39916
35916
38500
92125
91250
123708
107208
132584
111959
85083
64375
40000
48375
46917
99250
134167
110042
84209
60416
62708
69167
72375
100166
68958
49666
88541
125250
120042
104583
84334
71500
58334
40625
47250
25250
37042
41459
85917
148375
181166
73500
113458
106167
66875
64833
62209
43584
105041
141041
104666
61292
67292
60750
43250
47375
49292
53916
40708
65791
61916
98042
85875
58166
108125
132042
54625
57708
54375
96208
105625
93167
56417
73917
56708
60417
56708
85084
84875
93625
106625
64375
62125
96500
97708
80375
80334
97292
88042
81708
56916
50667
99500
99334
86542
55541
55500
43459
93709
53750
63667
42375
67333
70125
55750
51959
47750
47875
94166
111875
51500
89750
97708
77167
54875
37333
46875
48875
51208
47125
47667
47750
47000
47042
47250
55625
48708
54625
48792
35250
46375
50417
51208
40834
46917
69500
56250
54375
57875
37083
62792
59416
34875
58917
98209
71959
69625
76416
53541
54875
33792
112791
122208
97459
54917
50083
38042
68375
58291
41625
46417
93167
47458
47000
41875
47250
102250
57584
76042
53667
49292
49708
74833
54041
44166
46041
48250
48166
47833
47625
47667
46209
46500
46625
47208
47083
45750
65208
31042
54291
51042
55084
39750
46500
53084
67417
59458
45959
61958
51208
44166
79542
62667
104542
53041
72542
67500
110333
106125
94458
81500
69625
48458
55542
106375
102084
105166
67708
113750
28625
24666
91916
96333
98459
119250
52500
56917
105334
65833
99084
56083
54666
50333
79250
62708
50041
92917
133917
60167
55083
97542
122333
104167
62208
47083
41417
45291
39334
44625
39166
44708
40042
44292
46125
44917
45000
44667
45542
45583
44750
70125
44250
46625
48208
47417
47417
46875
53083
48833
46375
50166
67250
81750
54084
53875
35167
47541
41125
44834
39834
101500
134292
116625
92458
72000
50500
49167
36000
51708
41416
63916
101875
