54292
106917
114208
122708
133000
140042
149083
157917
167209
176166
185000
191125
199792
208459
217500
225416
234459
243208
250875
256166
264833
273666
281500
290292
299250
307250
316208
324875
333750
342583
351417
360292
371417
380125
388792
395209
403959
412625
421542
430250
438875
447833
456458
465875
473792
481459
490541
499208
508209
516958
525791
534541
543125
552709
561667
568750
577792
586541
595416
604250
613125
621833
630708
639333
648541
656292
663041
669375
678375
687333
696167
705375
714583
723709
732667
744167
753750
761375
769959
778792
787583
796625
805583
814250
822583
830417
839125
848084
857000
864959
873917
882750
890500
899292
908041
915917
924709
933500
84875
64250
59834
91500
83625
60625
93958
190291
212541
246709
285917
323916
358917
395458
430584
466625
498875
529750
564958
601792
637583
672375
707500
740459
770958
806166
841584
876875
908583
948459
87459
99875
196458
260959
302250
337833
374417
410541
444333
482125
516833
553625
581042
620292
672125
710375
747416
782792
817958
850958
884042
920583
956208
988500
1023042
1057750
1094584
1129959
1165209
1199792
1235875
1271583
1306834
1346167
1379250
1391042
1411750
1455375
1490416
1524833
1558958
1594000
1629417
1665416
1704250
1728958
1761625
1797208
1833208
1868542
1904875
1939666
1975250
2018250
2051458
2087209
2118916
2153833
2188750
2224542
2260250
2295500
2330875
2370625
2406916
2441791
2477792
2509166
2544375
2579792
2608375
88250
41416
75667
75542
80709
86125
93583
100083
106417
112792
119459
124500
129125
135542
141333
146917
153292
159625
166000
172333
178625
184041
189167
193875
200250
207541
213958
220458
227583
234417
240958
246583
253000
259250
265125
271583
279417
287625
295083
300333
306833
312542
320750
328041
334667
340541
347250
355167
362833
369375
375708
381500
388167
396333
403875
410333
416250
430583
444833
453291
460958
467833
474875
481458
487958
494584
501291
507292
513708
520209
525208
528875
535292
541791
548125
554583
562083
568708
574375
580708
586958
592291
598541
604958
611250
617500
623792
630209
636667
642959
648708
655166
661542
667792
676917
683125
688792
695042
701334
707334
713458
718334
723334
729250
735708
742208
746583
752875
759084
765417
771666
777417
783083
789458
795750
802125
807333
813542
819916
826333
832708
838959
845208
25750
35458
41167
47250
54708
61500
68041
62125
68333
74542
80542
85875
92083
97917
104292
110834
117208
123500
130000
136459
139292
144917
150625
157250
164167
170583
176959
183584
190250
196959
203416
210000
216541
222292
228791
235167
241417
246917
253375
260750
267000
273209
279541
285959
291292
297708
304166
310458
316709
323167
329625
336000
342500
56458
127708
152541
172375
189167
70417
45166
65083
133541
147125
155917
169584
182792
88750
58250
41167
94666
114666
131667
49333
87500
84167
87416
85500
188750
88167
82709
80667
88875
81709
71750
66166
89250
73791
83375
86042
206917
255041
286583
329500
368625
408666
448375
488250
522375
558042
590167
632292
672292
714625
753750
792792
829708
85833
174917
63916
92500
213125
59083
83916
203041
85333
210375
257166
296416
335584
370459
410333
450167
489542
527625
564500
597667
635583
674708
714542
754667
793708
831584
866417
906125
938417
977500
1012917
1052917
1099042
1145834
1193459
1239667
1277542
1326333
1365917
1403125
1442833
1457833
1493333
1531500
1570000
1608250
1644333
1689708
1738458
1777334
1815334
1853292
1888584
1939250
1973875
2011625
2049667
2087459
2125709
2164208
2203375
2242167
2287875
2321708
2360333
2398209
2436042
2473917
2521667
2551458
2565708
2586084
2606666
2628458
2645042
2657083
2616458
57417
60250
185084
206458
217708
232750
245083
259041
274958
290625
304584
317834
328458
343375
358875
373667
388459
403375
417541
431167
446250
461500
478709
490708
505708
520459
535542
550708
565584
581125
596333
74417
163709
241375
303000
345542
387834
428209
472042
512834
553750
591875
626250
668042
707042
746625
784625
822792
863166
901500
937583
976042
1014833
1049958
1088250
1125541
1167917
1207791
1246500
1284542
1323083
1379000
1420292
1465625
1501916
1539750
1551917
1571625
1592167
1615667
1635500
1654208
1673084
1726333
1744375
1759041
1777500
1795292
1819459
1838209
1857125
1877542
1897292
95916
83167
177292
217791
252084
288708
324458
360250
397416
432791
463458
498167
526750
562458
598208
633791
669583
705333
739542
772583
808833
845459
880417
915958
952250
993584
1031542
1066042
1100875
1135625
1169666
1204583
1240333
1276583
1307917
1343875
1380166
1425208
1462666
1508167
1545125
1580125
1603125
1623041
1642250
1658708
1679333
1699000
1718917
1739500
1760250
1782583
1803125
1829708
1858250
1877834
1893458
1910083
1930042
1949375
1969292
1989958
2010084
2029542
2049625
2068583
2090250
2106334
2126125
2150333
2170084
2189292
2204542
2231291
2250542
2271167
2297375
2326208
2338625
2365708
2389042
2415583
2434792
2453583
2474916
89875
210750
251500
83292
226250
283959
322583
363792
400167
435625
471792
509167
544333
577042
607542
642333
677833
713167
748959
785208
827083
859125
894875
932000
969667
1001833
1039792
1076375
1112708
1147667
1187791
1224042
1260541
1295792
1324042
1359209
1397125
1439958
1475583
1510125
1546250
1581500
1617666
1649000
1670583
1687125
1705750
1721209
1748042
1766583
1786500
1807500
1829125
1845125
1864042
1883041
1902666
1921125
1936042
1954792
1980875
1999583
2019792
2038625
2057958
2077917
2097292
2116917
2135834
2147167
2166208
2184667
2203167
2223208
2242375
2261084
2279917
2298833
2317334
2336208
2351167
2369750
2388792
2407625
2434750
93667
86375
89958
82542
86000
183250
87042
202083
244417
279250
316166
351291
386291
422167
460708
495542
527083
552375
586917
623667
659041
694584
730625
764875
797042
72000
143417
183750
221833
257000
293750
327125
362958
398375
434166
470208
502500
538625
574084
609458
645292
681833
725166
762500
795500
831875
868417
900542
936667
973584
1011542
1047209
1083250
1119125
1154791
1195666
1230875
1264292
1294792
1330625
1365833
1402166
1437834
1476208
1511458
1547542
1585958
70833
81583
150125
161584
193084
228083
263292
297750
331708
367334
404958
439667
463834
499250
534959
570583
606459
642125
685250
719959
752958
788833
824708
855625
894583
929375
964459
998875
1034417
1070417
1105500
1140292
1176083
84708
187917
228417
263875
300042
334166
378541
417625
456834
492583
526041
553542
589708
628125
663750
699125
736250
770542
803209
842167
457833
492334
526709
54084
95250
135459
172334
207208
241834
276208
309792
345792
381666
418792
450041
485292
521042
555750
591167
627000
662916
699250
732125
772750
812916
845625
880042
914084
949292
983666
1019125
1055500
1090416
1123625
1159834
1195792
1168166
1202875
1238291
1274417
1308875
1340708
1375417
1410375
1445291
1480209
1515875
1548125
1583583
1620834
1668791
1703500
1739333
1774167
1809500
1845917
1881584
1911625
1945917
1984000
2021250
2057125
2091875
2128292
2165334
2200459
2235833
2283958
2321000
2352958
2389416
2425208
2460833
2495792
2532125
2568041
2609875
2652333
2688334
2723750
2756625
2820209
2858459
2882500
2895834
2908916
2921791
2934833
2947167
2948542
2961041
2970167
2982666
2995208
3007750
3009125
3022208
3035167
3048083
3060958
3073875
3086542
3096041
3108709
3121041
3123625
3136500
3149041
3161708
3182041
3194625
3206916
3224458
3235083
3247834
3259417
3273666
3286167
3298792
3311541
3324250
3336792
3349333
3363375
3375667
3367333
3380750
3393583
3406042
3419333
3432250
3444625
3458792
3479542
3494958
3498459
3507666
3520333
3533125
3547042
3560208
3573625
3586083
3599500
3613791
3619959
3632792
3641708
3654333
3667375
3692083
3713084
3723500
3735708
3741250
3752459
3765458
3786875
3799084
3812417
3824875
3838000
26875
56250
104209
144083
180875
214542
248875
284833
318792
354542
390208
423667
451834
488500
524416
560125
595375
631208
667083
700833
732166
767583
802250
835375
870250
905292
940500
975625
1009375
1044958
1090750
1125583
1160792
1196334
1228250
1263958
1298958
1333709
1368333
1404125
1435958
1471250
1506834
1542875
90625
119500
206417
239542
272417
310542
334500
87791
87167
91458
172083
210959
248125
285583
322708
359000
396834
433000
467458
499375
529208
566000
602958
639000
674875
715208
750667
783667
819375
862500
899708
932750
968208
1009958
1046708
1083792
1124458
1160250
1196375
1273833
1310208
1346333
1376875
1414000
1463917
1499792
1534625
1569791
1607208
1642958
1676708
1714125
1769375
1803958
1849333
1893208
1927667
1963291
1999750
2045917
2079459
2118083
2154458
2190625
2223125
2257333
2288334
2328041
2365250
2408417
2452208
2494167
2535334
2573417
2609042
2643500
2695541
2739458
2774416
2820000
2856750
2899917
2935709
2970958
3011541
3046667
3078625
3115625
3152208
3187709
3230167
3266000
3310625
3351250
3386209
3429041
3468750
3503125
3522042
3559208
3593833
3637250
3679208
3714500
3749875
3785166
3821500
3856125
3892250
88625
156542
196375
229625
265792
300833
336209
371417
407959
442375
474917
503958
540417
575584
611417
645958
681875
715667
747375
783959
819459
861958
893125
926875
973750
1012167
1050667
1086875
1123750
1159458
1192583
1228042
1263584
221292
255417
289458
323042
359542
393833
431167
466875
504417
538875
573833
605958
641041
686709
725917
760708
795000
826875
861208
896750
932250
968291
1000500
1036833
1072667
1108208
1143958
1180667
1219875
1254333
1289709
1332167
1363667
1396292
1438875
1475125
1509625
1536208
1572916
1607042
1641708
1679125
1715334
1749959
1782250
1818583
1853583
1890000
82292
84500
186667
227042
262292
296708
329250
365250
401334
436625
470167
503667
532708
569416
604417
639958
683042
718959
753667
785500
822167
857083
899875
931417
967042
80500
162750
201584
236791
272292
309125
346625
382916
418208
451166
484916
514333
549833
586875
622875
658208
692666
726250
758291
793792
828708
863625
896083
946667
981042
1015000
1049625
1084250
1123834
1165750
1208833
1244875
1291292
1326125
1364500
1401458
1437958
1473750
1510417
1549750
1583250
1623333
1659459
1699375
1731375
1767208
1804541
1839625
1874917
1910583
1949917
1987709
78375
172125
213667
249958
286333
323125
357666
393792
431292
467084
500959
532667
568875
605583
642917
681833
718375
754125
787666
823083
858750
897791
931292
968833
1006750
1050125
1087833
1123416
1162000
1197458
1232750
1267959
1303500
1337959
1371625
1407041
1442875
1478583
1514125
1551000
1592542
1628375
1661291
1697375
1745042
1780250
1816000
1852208
1888416
1925125
1963792
2000667
2037667
72542
50250
59875
137375
159708
177375
195834
213125
231250
250834
271792
290750
307917
65542
146708
169750
188417
207833
227292
259834
287417
93792
210666
255291
296125
338917
381500
419208
457167
496416
535292
570167
601209
637417
673625
710083
746625
782208
817375
851959
885041
921875
960125
994083
1029584
1069000
1107000
1142209
1178291
1215291
1252125
1288917
1324750
1361000
1393333
1436958
1469292
1504625
1540500
1576791
1613000
1649625
1687834
1732000
1766750
1799208
1834834
1875791
1912500
1947334
1991292
2027875
2062250
2097875
2133875
2169667
2202209
2238917
2274458
2311084
2343750
2379958
2416000
2452208
2487084
2524125
2559417
2593459
2628500
2664125
2698625
2733834
2769042
2804916
2845125
2880583
2910000
2946166
2972875
3008375
3044375
3081583
3116583
3152292
89625
92750
64917
82750
91750
79959
89583
91625
89333
78875
90875
87542
86875
93250
60917
92458
86750
87916
108459
209167
85000
196875
240125
274458
313125
348875
386917
420584
455250
485958
518833
551208
581667
617583
653792
689333
725459
758208
790792
829458
865833
903709
939416
971375
1010208
1048958
1098708
1135083
1171000
1206041
1242125
1278458
1316292
1354916
1388209
1423584
1460500
1502958
1541708
1580417
1615958
1663458
1691375
1731125
1770125
1806125
1845000
1888625
1924875
1960458
1997875
2035500
2073792
2108875
2146417
2188500
2224250
2262542
2305750
2342083
2377417
2414791
2451709
2487583
2519709
2555292
2590625
2625875
2661334
2696625
2732167
2770250
2810083
2855542
2892333
2926375
2963167
3002375
3036916
3072875
3108750
3153042
3198875
3233792
3280958
3334250
3368709
3405167
3443500
3481042
3514833
3540417
3577291
3614250
3651375
3688541
3725375
3758708
3794667
3832000
3868958
3853334
3882375
3919042
3955000
3992167
4028375
4066458
4111083
4013833
4056167
4093667
4130250
4168292
4206958
4244708
4282834
4320833
4363833
4401000
4448042
4485750
4524833
4570042
4615208
4653334
4693000
4737667
4781667
4827375
4865458
4902708
4940417
4984375
5020875
5066291
5107167
5186542
5226084
5270667
5313750
5361875
5412292
5458958
5496833
5538125
5576000
5607875
5647291
5691708
5728875
5748792
5793209
5832625
5858375
5873209
5925083
5964083
5999958
6036042
6067125
6096500
6139709
6187500
6226750
6264416
6305750
6349250
6385916
6422625
6466833
6497583
6536292
6578916
6623791
6687625
6724708
6760833
6802917
6849584
6895500
6932083
6966542
7003875
7037916
7082500
7126417
7171292
7213959
7248750
7283792
7320667
7357500
7388500
7425500
7463250
7506125
7541209
7592334
7628334
7669208
7712792
7748208
7783792
7817250
7862334
7889958
7930709
7961875
81541
92083
176042
214417
249166
286416
322084
357500
393958
430500
464542
496083
525291
561000
597959
634542
670417
708916
744709
777333
812583
850292
875458
911417
946959
988125
1023250
1058833
1092958
1128417
1162583
1197584
1232750
1266167
1300166
1336042
1373208
1410875
1447875
1483958
1518875
1553917
1585416
1621084
1652792
1687500
1722500
1757708
1792875
1828125
1863209
1899959
1937334
1972916
2022667
2068958
2105583
2139458
2169459
2211500
2247042
2282500
2317083
2351916
2394916
2430042
2462625
2497792
2533417
2570541
2606917
2642333
2688875
2723666
2767625
2802875
2838708
2871208
2907292
2946000
2981375
3016750
3053917
3089500
3124542
3160292
3195416
3226875
3263667
3297833
3322125
3365792
87583
219042
257584
287417
330083
368750
406917
445708
485250
526333
559625
600833
652292
692875
729541
769000
807000
843584
878583
918250
956709
995750
1035083
1074042
1112792
1149750
1189250
1228375
1266958
1305416
1352959
1391125
1429750
1467458
1513958
1553584
55750
109792
156291
200625
241125
281209
321000
359208
398125
436667
478666
510875
549500
587667
625917
664541
712042
750209
788458
823292
863208
73625
156250
205834
247459
285584
323792
365000
407334
449459
488166
524875
557292
596375
634583
674458
713209
752875
791291
829875
865375
904667
943833
978750
1017542
1057000
1095875
1134334
1173708
1211708
1250250
1291916
1330750
1369333
1408916
1454625
1494667
1533000
1572708
1611292
1649708
1687708
1725791
1763417
1803916
1839458
1878750
1917000
1957459
1996333
2033750
2068875
2108166
2145958
2193583
2232959
2268500
2306584
67042
34000
75125
95792
113917
130625
147833
164750
181959
199459
216083
231459
245500
261333
278333
294625
311542
328375
344417
360208
375333
392000
408459
424000
440709
457250
60042
115833
159958
201041
241709
282209
323083
359792
398916
437125
474417
507792
545541
583625
622250
660542
699000
736583
774875
809292
848541
886833
931167
969292
1008833
1052125
1089792
1127458
1165084
1203000
56708
108083
151333
190750
230041
267375
305583
343000
380750
419167
458334
491583
530334
568708
607084
645291
683000
719750
757167
792125
830125
867917
902209
945584
985208
1022833
1060375
1097958
1135959
1174792
1212791
1252167
1288750
1322959
1360833
1399500
1437416
1475875
1514667
1559833
1596042
1634000
1673166
53333
97125
137834
177042
215000
252250
288875
326083
363000
405708
443958
476375
514167
552333
591041
630084
668500
707584
745792
780333
54583
99666
141791
182042
222375
261500
300542
339750
378792
416833
454459
487542
525500
563291
602333
641375
679958
718292
755958
790708
829000
866625
905167
943167
985875
1023416
1061541
1098417
1136708
1175667
1213458
1250417
1288208
1321834
1359750
1398875
1437083
1484375
1523917
84500
199875
104333
205041
240958
271375
312625
353208
390875
428750
466667
505875
543125
572875
610167
648000
686792
725958
766041
804417
842958
879667
915459
954500
988958
1028916
1068709
1107625
1154209
1191958
1230125
1268666
60667
128833
173792
216666
255834
296250
333708
371958
410792
448792
487291
520750
560375
599000
55125
107791
149500
190666
228167
267125
305916
343250
383792
422084
459208
47041
86834
126208
165625
203042
240416
278250
314708
353209
392167
429791
461459
500000
537625
593083
633084
671292
709083
746375
780458
822250
859291
892958
930250
967708
1005208
1043125
1081542
1122667
1159333
1198750
47125
46333
83541
122875
161375
198625
235750
272583
309583
348167
387292
425292
457167
495125
533083
571916
609916
647167
684917
721792
759708
797584
835125
886917
926083
964250
1002875
1040833
1078250
1114833
1202000
1239333
1274750
1310541
1342834
1377542
1412708
1444167
1478834
1513875
1550000
1585209
1621000
1656917
1700500
1734083
1770291
1806250
1842083
1878208
1914375
1950792
1984000
2013417
2048542
2083625
2114541
2150541
2185667
2221625
91334
86916
92917
65917
65083
161917
182542
94250
160250
200750
235875
273042
307542
86333
187417
228333
267625
303583
337792
92542
93334
184875
220125
253583
291458
328125
364333
401708
439833
474958
507750
534833
555625
591709
627625
663583
699125
733250
764667
800459
836667
873541
918375
955666
992417
1027417
1062292
1097417
1131541
1167375
1202458
1238375
1271666
1307667
1340125
1376333
1411833
1457084
1496750
1531792
1564083
1599750
1635125
1670500
1706833
1738834
1776583
1812042
1848958
1884333
1920125
1955042
1990125
2025791
2061750
2094958
2122208
2159166
2195333
2232833
2268750
2304166
2339458
2374875
2411791
2446709
2484125
2517333
2552667
2607583
2643666
2681458
2718292
2757250
2811750
2852500
2889333
2936084
2972709
3015708
3059708
3095625
3130708
3167417
3203292
3247417
3289541
3323792
3347708
3376750
90209
68209
63334
84583
90833
89292
194542
235041
270833
307791
340959
376250
424250
462083
497583
529792
558667
595500
632708
668666
704542
740375
774500
87000
77542
57417
91750
90084
89834
80584
189167
229916
265625
302375
337583
373458
411166
447750
481000
512833
541875
89083
90209
91500
83708
87500
89792
87292
88291
108083
205750
237459
55917
109000
155625
195708
233959
271417
307333
343166
380625
418209
453333
482208
519625
555958
592792
628666
664875
701500
737625
771083
802000
64292
154584
176959
195958
209458
229083
248875
268792
287459
305000
321042
339375
357542
376750
395208
411667
429875
446459
462792
480917
499041
517125
534750
552459
570458
588291
604959
622959
640958
659083
676750
695041
713333
729916
744958
763083
780958
797292
814875
832708
850459
868875
887083
905208
923041
941041
959042
976791
93750
84583
92083
77750
148125
188167
226750
264458
301083
334750
369542
407167
444000
478834
513667
551292
588250
624167
660875
697333
733583
771750
805709
842333
878583
913541
949791
985292
1022416
1058750
1094500
1130292
1168125
1208875
1245208
1281167
1314000
1349334
1384000
1420625
1457959
1494666
1528459
1564750
1601333
1637083
1672292
1705875
1742250
1779417
1813042
1849291
1885292
1920750
1956416
1991875
2027708
2062750
2095250
2131458
2167708
2204292
2240833
2271500
2291041
2307917
2321375
2340375
2359375
2375208
2394084
2412959
2431791
2451000
2470208
2489000
2507750
2527375
2546334
2565083
2580791
2599792
2619333
2638333
2657083
2675875
2694750
2713792
2732875
2751833
2770625
2786291
2804750
2823833
2843250
2862541
2881167
2898500
2906875
2926292
2945375
2964333
2980541
2999041
3018333
3025000
3043709
3062917
3081792
3100000
3118750
3138250
3159083
3174459
3193583
3211375
3230125
3249250
3268125
3286791
3297625
3317042
3335916
56875
94542
58125
95333
86000
206333
251833
292917
334583
374333
415292
457042
498667
540667
575708
609125
648792
693333
736041
775292
815834
856333
892167
931875
966417
1007500
1043625
1083000
1122083
1160875
1201292
1240209
1279000
1319458
92167
88917
110875
227250
92000
98458
187583
224208
263916
305333
346625
387125
427792
467042
504291
540959
573375
612042
650958
689958
728667
767917
805125
841375
881333
920125
959083
993750
1033167
1072625
90584
84750
80750
93042
90041
89375
89125
179292
216875
255750
297042
336417
375125
415209
460583
499708
537292
568083
608041
646709
685750
724667
765209
803541
839917
879500
918375
957750
991375
1030083
1074416
1112708
83959
87958
83833
91500
93417
91084
79666
92000
181292
223625
264167
303041
345875
385583
426333
466667
505292
542459
574500
614667
654125
693334
732500
771458
807416
842334
883125
923000
961542
996834
1037292
1075750
1120042
1158208
1195458
1233167
1271458
1308542
1337958
1377000
1413125
1450291
1489000
1529042
1568459
1608209
1647750
1686500
1724083
1760875
1799833
1835250
1874458
1914458
1953459
1992708
2040875
2081666
2111417
2133500
2154417
2176125
2196667
2218209
2235750
2253000
2273667
2294083
2314500
2212542
2231833
2252084
2272750
2293250
2313833
2335000
2357000
2377000
2418625
2438542
2454375
2473250
2492375
2511791
2531208
2550458
2569916
2589875
2607958
2635917
2659375
2676416
2697958
2717250
2736375
2755542
2773083
2780250
2799125
2819208
2838416
2858583
2874458
2894625
2913416
2932459
2950958
2969625
2987875
3008375
3027834
3046875
3066125
3082208
3100875
3119958
3138916
3158208
3179000
3198708
3217458
3240208
3259167
3279292
3295208
3314833
3334250
3355208
3375458
3397541
3417042
3438875
87958
89583
87833
181834
90000
40292
17750
69125
55833
71458
149791
173375
52291
88583
176083
218250
259000
295708
333417
369542
406458
443250
479333
512666
540541
576209
611459
647625
684333
719750
754709
788416
824000
862083
910083
943041
980333
74000
98208
201000
29583
49000
56042
87000
66166
91250
89417
58042
47209
125917
136333
149959
160500
172083
183750
194791
205541
216041
26834
39333
82084
61958
37250
95708
58209
89708
28291
60416
58750
68208
163917
183125
201000
218875
236084
253167
269042
284750
300542
316167
327709
344292
359666
375333
391375
407042
422541
437542
451667
466916
482250
496625
512083
527333
543042
558542
574125
589834
605208
611667
627292
643667
657000
671000
685833
701125
716500
732208
747875
762792
778291
794125
809708
823000
838334
853667
63584
143667
167208
190000
211208
230875
250542
268667
287875
307250
325125
339750
358083
377209
396375
415291
434458
453625
472791
491000
508209
527209
544042
562875
581917
600583
619459
638375
657625
676459
694875
713666
732250
749625
768625
786541
803292
822125
841209
861334
879875
898791
917500
936208
954542
974125
992958
1011916
1031250
1050333
1066334
1085416
1104083
1123291
1142375
1159458
1178375
1197500
1216875
1236083
1255041
1274208
1293291
1312333
1331833
1350833
1368333
1386583
1400625
1419208
1437333
1456250
1475000
1493500
1512500
1531709
1556291
1581208
1601083
1620583
1638917
1657791
1676709
1694833
1713667
1732000
1751375
1770666
1789250
1807125
1826416
1846041
1865917
1882666
1902000
1921083
1940125
1959208
1978125
1996583
2014000
2032750
2051708
2069583
2088167
2106791
2125750
2144333
2163417
2179959
2199333
2216167
2234750
2252708
2271791
2291000
2309917
2328417
64792
93209
209250
256166
295834
337917
379125
420459
464416
510667
552875
589542
630125
676084
716083
756875
793042
837209
876041
913333
954583
989584
1030583
1070625
1111875
1161334
84708
65875
83625
53291
59458
91500
60208
144125
48042
91709
206459
255500
296834
339666
378542
418250
461167
503375
545083
584875
625958
663209
88292
216084
265250
307666
351542
392625
435125
477709
519666
559500
598167
632209
673000
714583
756542
797625
838000
876250
913375
954292
994917
1043458
1085708
1127375
1167917
1209500
1260833
1303791
1345083
1385500
1418167
1458042
1498709
1545458
1585958
1626500
1666958
1707708
1748125
1788833
1828666
1872625
1912792
1953417
1993625
2033917
2073584
2110750
2159000
2202083
2243167
2282541
2319667
2376584
2419167
2461167
2496375
2531417
2572625
2612625
2653084
2695542
2734541
2773084
2823833
2872917
2921584
2972750
3008584
3064709
3104792
3156041
3198083
3238625
3287042
3328125
3369542
3421334
3470917
3509625
3549041
3588167
3628917
3669125
3711416
3751166
3791875
3834583
3873708
3921958
3958541
3997417
4045042
4082042
3979000
3985209
4003792
4021042
4038833
4056792
4074625
4090833
4108250
4125917
4144083
4158250
4176459
4195042
4213166
4230709
4248708
4265917
4283417
4300875
4319791
4348750
4371042
4390292
4417875
4436125
4453666
4473042
4494084
4518334
4546291
4563416
80875
108500
244208
82541
54250
62458
106541
224000
267750
311958
351834
393542
438250
479333
521334
562208
599250
631834
673333
714542
755458
796666
837750
882375
921958
962292
1003542
1044791
1082958
1123583
1163875
1203958
1246625
1294167
1337042
1377875
1413917
1454875
1496209
1534917
1577041
1612208
1653500
1695375
1736709
1778583
1814125
1867167
1909667
1951333
1989417
2030917
2072375
2114208
2155459
2196250
2236958
2278334
2327209
2370583
2413250
2450542
2492250
2534333
2573458
2615875
2656708
2699167
2742041
2785583
2834333
2877292
2931708
2981500
3023916
3065709
3108166
3150833
3193666
3235000
3269084
3318833
3368625
3417625
3459417
3501667
3545500
3589500
3667458
3709709
3752083
3792834
3832500
3873541
3918917
3957791
3995375
4035667
4074500
4117625
4166291
4206917
4248666
4289584
4332625
4380125
4427416
4467667
4508834
4549042
4589666
4636833
4665917
4706834
4747083
4790209
4838541
4880958
4919500
4943875
4964084
4984667
5005916
5027000
4927834
4946167
4968459
4988667
5007584
5027959
5049084
5074208
5129416
5169916
5195167
5215291
5274000
5310750
5335208
5373792
5409917
5433334
5454583
5475917
266208
285333
306292
61625
32500
23209
47250
44834
92666
62917
147458
89125
87583
192250
234500
270459
307125
342125
379958
418834
455625
492209
525458
555792
595083
632834
670459
710042
748500
785750
822041
860000
897208
935792
971917
1009334
1048333
1085958
1123750
1161500
1204792
1242333
1278583
1317125
1361459
1392333
1432083
1470125
91709
91084
88833
192000
87375
93459
92708
86709
85541
87375
185042
93458
93166
91084
190292
87666
192417
70916
149917
191708
65542
65916
123209
51375
89666
204458
233250
270417
54750
53917
57166
122000
172458
217084
259750
302042
345375
387542
432792
475791
515416
551709
592750
634625
678042
718625
761541
802000
841958
880417
919625
959375
994833
1033000
1072292
940375
981333
1020375
1060542
1103166
1142708
1184292
1231250
1273917
1313375
1354125
1392125
55959
111583
165042
210708
252083
293084
333417
374333
417375
459916
499833
534083
573000
612916
652875
698000
747583
788916
828333
865709
908708
952875
991292
1040625
1082167
1123042
1166500
1207708
1247709
1288000
1328667
1368959
1409792
1447500
1488500
1527292
1568708
1610417
1653333
1694542
1735791
1776125
1804833
1842084
1878708
1918750
1959792
2000042
2041458
2081708
2122708
2162833
2202625
2249541
2292292
2330000
2370500
2411166
2445375
2464833
2487209
2510166
2531208
2554166
2576125
2599083
2617792
2639375
2664750
2686167
2708916
2731291
2758208
2781708
2804083
2828625
2850416
2869292
2891375
2913125
2942792
2966709
2988167
3010125
3032417
3054250
3076792
3098583
3121542
3141250
3161916
3173000
3194834
3216750
3238500
3260625
3282375
3305042
3328458
3352250
3374125
3398333
3421125
3444875
3468041
3493708
3517250
3541292
3563416
3589750
3613958
3633167
3655708
3680209
3704291
3726958
3749708
3774250
3792667
3819958
3844083
3867625
3889458
3858542
3879792
3901208
3924458
3949958
3971834
3992959
4010709
4031708
4048625
4068916
4085834
4105625
4124459
4143750
4162792
4181958
4202000
4220833
4239250
4256500
4274666
4290792
4310209
4329375
4346167
4363750
4380625
4399000
4416875
4433458
4449250
4444416
4459167
4477916
4497084
4515958
4535958
4552791
4560042
4578583
4595417
4614334
4632792
4650458
4667625
4685917
4705875
4724875
4743375
4759167
4777667
4798291
4817500
4836292
4856292
4877208
4895000
4914792
4935125
4955500
4971542
4997166
5015875
5033083
5050959
5068584
5088042
5106375
5104250
5123625
5141042
5158084
5175542
5194750
5216292
5235375
5254500
5272459
5286833
5303958
5323417
5341458
5356834
5375583
5395500
5416417
5435458
5454958
5465708
5486958
5505792
5526625
5545750
5577000
5596458
5615583
5631792
5651417
5667917
5685459
5707083
5690042
5702125
5721792
5739250
5757833
5775708
5794500
5812792
5831084
5845584
5863375
5880334
5895208
5912375
5930958
4512125
4531667
4551125
4571708
4591083
4610625
4623417
4642250
4661083
4679959
4695792
4712333
4731292
4752042
4771708
4790666
4807250
4826250
4847750
4869334
4865083
4887125
4906583
4929042
4947666
4968375
4985125
5006792
5029208
5050417
5070292
5089167
5110666
5127792
5148834
5170375
5184916
5198750
5218709
5238917
5259459
5280000
5293250
5312083
5332625
5353208
5372125
5391667
5410875
5432500
5453125
5473916
5494291
5515958
5536500
26500
49125
70334
91375
111583
130916
149708
168792
188625
208167
226958
243542
262875
282208
301500
321166
341041
360750
86833
207166
253709
293959
58792
142042
185042
226250
266542
306333
345084
384083
422209
466333
504583
542916
583625
623000
662042
701084
740667
779333
814083
852708
890708
929541
966250
1006709
1047792
1088875
1129542
1168708
1212542
1252833
1293791
1334083
1376500
1414375
1454917
1501834
1545166
1606708
1649916
1690583
1731834
1771792
1811041
1849834
1885583
1925333
1965292
2006542
2097291
2134500
2170792
2202250
2222292
2241209
2260375
2276500
2295625
2314625
2333584
2352750
2371667
2390500
2409417
2428875
2448333
2467625
2484834
2505875
2518458
51458
62417
127792
165541
200209
236459
269500
307000
343709
381083
416875
451958
488042
525125
561583
598208
635125
671292
711250
747458
784375
819625
855750
892625
929500
966209
1002750
1038333
1068583
1104791
1141250
1179417
1219125
1259166
1296000
1330417
1370125
1408583
1458083
1494417
1533250
1572625
60375
118708
162792
201709
240042
280584
319083
357083
396625
435083
470875
501333
542458
579625
615208
653125
689292
725625
761333
793917
830459
867541
65333
83500
144083
175583
212583
253875
291584
327667
365375
401334
437708
476375
510208
547666
586542
626125
666625
704958
744333
782792
822500
858333
891333
923958
965417
1002708
1039083
1076000
1111667
1148542
1185041
1220625
1257750
1287375
1323542
1359042
1396000
1430042
1468750
1505000
1541917
1579084
1617625
1656125
1697791
1736500
1774000
1811417
1849500
1886792
1925209
1961542
1999125
2027750
2064416
2100084
2135917
2176167
2213916
2251083
2287041
2322000
2358625
2394459
2428208
2464541
2500125
2536708
2572667
2607917
2644084
2679834
2715625
2734584
2753666
2764875
2783667
2796916
2817084
2836333
2855666
2874750
109000
210959
241667
268042
306083
342416
378459
411417
447584
484000
519916
550583
588500
626833
664167
701833
739709
777625
817291
854125
888209
924584
959958
996625
1034792
1071417
1107666
1143250
1185125
1221875
1258000
1294042
1330833
1375125
1412000
1455208
1487792
1523959
1560667
1598625
1634916
1671000
1710167
1746084
1778208
1822625
1858833
1895166
1924125
1943167
1960542
1979333
1998375
2017333
2035625
2051750
2072125
2092167
97625
168750
203750
232208
270208
307417
345708
383375
419917
458458
494583
523250
558417
595625
632666
669042
704834
741250
778000
813666
846542
882500
915166
951708
987917
1024500
1061667
54458
103667
173500
213834
249125
284750
321000
355583
391041
427250
464625
497750
536000
574084
612583
651583
693041
731958
770542
809250
847541
885292
918625
955208
984167
1020375
1049125
69750
143291
165000
185042
201875
219250
236875
255292
273500
291584
308458
321875
340333
359125
377500
395416
413583
433084
450375
468667
490875
510417
527417
542208
561625
581750
601292
622958
645958
669625
689250
708417
728333
748041
764208
780584
800084
819333
839375
861792
880709
899875
920292
940958
960333
979333
114458
89125
85833
147334
182084
217584
255334
291000
326250
364458
401333
435791
467875
495167
531542
48792
85917
123375
160792
197084
231833
266375
300792
337250
373791
410333
440166
490666
46333
83083
145958
201125
246833
284875
324083
361208
398792
435250
471125
508709
546167
582958
619125
654625
690833
727250
761250
789875
833458
878667
911125
946333
981833
1016250
1051250
1087666
1124666
1161458
1195875
47208
82541
120792
155917
191083
227833
48625
87208
125959
161792
196000
231500
266583
301000
336666
373292
409666
441125
478542
515125
551333
586500
627875
664292
699250
736750
773250
810167
841916
877375
911500
947042
982584
1018834
1054583
47125
81875
125709
162625
198500
233125
267958
302750
338375
374291
410833
442708
479958
516834
552291
588500
626458
663625
698916
735375
770917
806583
838292
873625
908125
944084
979792
1019458
1056125
1092792
1129209
1165417
1201000
1235375
1274833
1312750
1347666
1385834
1425458
1471459
1509791
1548875
1587584
51791
96500
137166
175458
212375
251791
288625
324292
361750
399625
436042
466708
503750
540959
578708
615917
653792
46625
81542
124208
161917
197958
233541
269250
305542
341125
377166
414459
446542
484542
522750
560625
598917
637250
675125
713167
753208
790917
829458
861250
896959
931542
967209
84625
189375
233000
270208
306875
344000
381375
419292
457292
495042
533125
565708
604709
645542
685541
723292
766542
802416
839584
880041
919000
955500
989583
1028125
1066167
1102542
1141292
1180250
1074958
60167
104667
144292
182458
219834
258167
295333
330666
367750
407375
444250
473458
500125
536375
573167
609666
646500
683458
720250
754834
797500
836500
880500
948209
1010625
1053292
1106625
1148292
1188750
1226875
1265375
1343208
1381042
1418083
1452750
1490000
1526583
1561625
1600458
1638125
1675625
1712208
1749667
1788167
1827833
1863625
1901083
1940583
1978750
2017625
2056292
2098083
2134459
2164542
2200125
2236750
2271583
2306875
2344166
2379875
2416959
2453375
2491667
2529708
2567834
2603458
2635958
2673833
2713250
2750917
2791125
2831208
2867417
2898833
2917708
2938500
2958333
2978542
3000250
3019708
3043916
3064375
3078583
3098167
3116291
3124459
63375
129958
176791
216166
255000
293083
331875
368459
405291
441792
478542
510000
550083
588958
628125
666750
705792
742917
780625
815583
854541
891250
926542
962750
1002333
1040583
66333
125833
170084
212084
250250
286500
324000
360709
398541
436625
473083
503625
540250
577209
614542
651667
688208
724667
761375
794417
832209
871209
906667
944291
982417
1020416
1058792
1099916
1144416
1183167
1221250
1258833
1294917
1327792
1357708
1393333
1433250
1469791
1507209
1575333
1627167
1666791
1714291
1754250
1795917
1830375
1871125
1909333
1949125
1987959
2025875
2065583
2103791
2141708
633125
667000
702333
737250
775458
811042
846667
884667
920709
957208
992958
1025208
1061667
1097875
1133792
1170292
1207458
1243542
1281250
1319917
1358917
1397292
1432417
1471542
51708
92666
131750
168583
204250
239000
272667
306709
342083
377209
412166
446166
482458
518083
53917
117667
159417
195833
230375
265334
303250
339584
375875
414000
450500
472583
509875
547334
583875
77708
165541
206167
241750
280417
317166
355500
394041
433459
469334
502875
535292
578084
614292
650292
688583
727792
762333
796916
836708
876750
915500
950750
989292
1031250
1068000
1105750
1142041
1180291
1220458
1258125
1296042
1334375
1367583
1405708
1452500
1492500
1533792
1574208
1612916
1651458
1684958
1725166
1763084
1797875
1836125
1873208
1909833
1947375
1983333
2020083
2058708
2087916
2108000
2128375
2148083
2165791
2179959
2200583
2221000
2240667
2259000
2279209
2298250
2317250
2336459
2352000
2373916
2393167
2412542
2433292
2452375
74250
54125
99917
140209
177542
211500
246792
281042
315667
350708
385834
420417
450375
485375
522250
558459
594542
629958
665667
700833
734000
769917
806584
842583
878416
914209
949833
985584
1020458
1057500
1093375
1129042
1163542
1199291
1232208
1268542
1304750
1340208
1376000
1411041
1451708
1488917
1524292
1560209
1595209
1627208
1663042
1698542
46917
45791
79625
117209
152458
186666
221791
257583
291167
327125
362000
396541
419958
455250
491500
527167
562917
598458
637334
672791
707208
742125
778375
809875
845417
883875
921125
955125
991042
1027333
1063166
1098917
1134625
1169417
1201250
1233625
1268792
1310834
1346667
1382292
1418708
1454750
1491000
143125
235792
267334
299583
337000
370875
399125
434875
472750
511375
548959
579917
615916
652875
686541
721042
757750
794416
831083
867625
903459
938833
970000
1003375
1042291
1078125
1113625
1149541
1187833
1224542
1261875
1300333
1338375
1372333
1417125
1454667
1493584
1531750
1567167
1597500
1633666
1670667
1709333
1746208
1778084
1816667
1853792
1889834
1925667
1961042
1995375
2031084
2066375
2101917
2137875
2171125
2206208
58625
121291
163958
202375
239917
278333
316875
70417
160708
190416
215458
244333
270958
296917
325500
354500
381292
406042
426625
452542
481459
508083
540000
567042
592583
619084
651500
680459
708042
733208
760042
64583
124250
166292
204166
240958
279167
317959
353291
390292
426542
462209
491000
528375
548542
570041
589166
609292
628208
648250
58083
105875
148750
189208
225375
261208
295084
330916
367000
403000
439042
469042
505375
550291
586542
623167
659917
696416
732542
765708
801917
82625
193084
234500
269542
307375
344125
379250
416708
454875
490458
526584
559000
596000
632333
667542
704209
740333
774500
806416
844083
879750
915375
948459
986458
1022792
1060375
1096625
1132583
1168416
1207208
1241875
1277250
1313292
1346625
1381917
1417875
1469208
1506333
1540417
1577500
1613875
1649958
1685541
1721167
1754583
1790917
1824875
1860500
1898000
1934708
1971042
2001209
2030250
2066083
2088167
2108709
2127958
2147292
2166125
2184916
2203792
2219292
2232166
2248083
2267125
2286166
2305500
2324625
2343625
2362750
2381667
2431708
2451209
2470292
2487292
2506125
2526333
2545792
2565125
2584459
2603958
2624709
2644166
2663459
2682542
2698791
2717916
2737000
2755917
2774917
2793833
2806959
2825709
2843916
2852625
2871833
2887750
2906791
2922334
73958
93625
62375
88125
92292
85417
92791
56250
68916
88333
88708
65041
43667
188542
42625
41292
38167
72542
98083
120042
141000
162208
182917
203167
224667
245875
265750
282042
303000
324459
345250
366042
386833
407875
428333
447000
467500
488542
507750
529000
549709
570625
594000
614917
635291
655791
676667
697000
717583
736667
757542
777042
798334
819292
840334
861125
882042
902750
925083
940250
960791
981292
1002292
1023917
1045000
1066042
1086833
1107917
1128375
1149458
1168458
1190042
1211292
1232083
1252250
1269791
1290458
1311333
1332042
1363291
1390084
1413167
1435625
1454000
31875
56333
79042
99708
120292
140625
160750
181166
202000
222875
244250
261375
282541
303667
324584
345792
367166
388125
408291
427125
447917
471250
489500
509750
527667
548500
569167
589875
611208
632375
652041
29250
48458
70542
91292
111625
132291
152625
173667
194583
215792
247792
265875
287083
308250
329500
350709
372375
393833
417000
438834
461959
483208
520375
557500
583333
609250
631625
653333
675833
699584
724584
749667
770916
790875
815750
839458
862875
883916
905583
926959
948166
969500
992542
1014500
1137167
1174000
1199250
1221208
771833
41542
111750
145000
191792
225791
253875
280666
307958
338208
365166
392750
416542
453375
488667
516375
543250
569916
595833
621709
648083
673708
699541
721834
746291
772209
797959
823875
849167
875917
902500
929750
956125
981875
1004959
1031250
1054875
1081583
1107625
1134125
1160917
1185000
1211250
1238125
1264709
1291125
1318292
1344792
1371375
1397667
1423958
1456292
1479541
1505709
1531500
1557958
1581667
1608292
1635041
1661708
1688083
1715041
1736291
37041
82833
106250
125625
143166
161167
179250
197292
216667
236750
254833
269250
287917
306334
324250
342292
371084
391541
409541
425125
444000
38083
75792
102208
124250
146250
181167
203458
224334
245750
267125
287958
305667
327333
348792
370000
395166
417875
438958
462834
484125
505500
526500
546083
567833
590042
611666
633250
654583
679625
703959
728833
752792
777792
797458
818166
839458
860583
52291
93291
134250
170917
210750
249042
287125
322541
358584
395125
430792
460709
497333
533667
569000
604583
640875
677459
712334
745500
782250
824083
856958
892083
927250
963375
998375
1034875
1071667
1108792
1144125
1180667
1217041
1250458
1287292
1323042
1360500
1395708
1422084
1465375
58292
98208
41875
54083
99625
140166
177042
211875
247250
282958
317917
353834
390459
425416
455125
491792
528333
565083
601458
60458
128416
148250
171375
192459
214541
235458
257875
280541
302375
326500
343417
364625
386250
407416
428708
450000
471208
491459
510500
532375
553583
573792
596625
617666
639167
661167
682792
704208
724833
746292
767208
789250
808208
829458
848167
869375
891000
912458
932125
952334
972250
992625
1013667
1030958
1052542
1003917
1028792
1049834
1072916
1094709
1116542
1137375
1158458
1179333
1199917
1219250
1238417
1259375
1280500
1301875
1322750
1345334
1366875
1388208
1409458
1431083
1453084
1472708
1495083
1516292
1537167
1554500
1575500
1596875
1617708
1638750
1660584
1681792
1701834
1723458
1744708
1765834
1786792
1808250
1829292
1850708
1872458
1894875
1916042
1935167
1956375
1977375
1998292
2019375
2040375
2061208
2083167
2111375
2135458
2158834
2178916
2196333
2216416
2231584
2253209
2274750
2296625
2320542
2347375
2373292
2394375
2413167
2443417
2465875
2487583
2509000
2529959
2550791
2571833
2593667
2615125
2635583
2662375
2684500
2705875
2727709
2749084
2770125
2800125
2823583
2845083
2872750
2903000
2924875
2945917
2966834
2987708
3008667
3030000
3051583
3080459
3101792
3130625
3152792
3172041
3193125
3214084
3235375
3256542
3277208
3309875
3330083
3351375
3372709
3393625
3412292
3433459
3454625
3477417
3501583
3523333
3544125
3565042
3585833
3607458
3628958
3649750
3659000
3680167
25750
96542
69916
180833
221208
244917
269750
290833
315875
338667
360000
381041
398125
414042
436083
458500
482542
505834
562042
585042
604583
626042
646958
667334
685958
706917
727709
748500
769917
791042
812000
833584
855208
877334
901750
920875
938667
959958
981167
1003000
1024875
1046458
1067375
1089750
1116834
1152250
1178666
1206000
1233125
1259834
1286083
1312334
1340250
1366750
1392334
1409875
1436542
1463833
1491000
1518584
1549334
1576792
1602291
1629583
1657333
1686084
1711583
1739625
1768167
1795500
1817375
1839416
1861417
1877583
1899042
1920916
1936458
1957541
1975167
1997042
2030750
2053708
2077167
2097583
2118708
2139333
2160125
2178958
2200625
2223708
2244375
2265125
2287458
2329833
2357250
2379209
2400875
2422208
2441166
2461791
2482833
2504042
2524834
2545500
2566375
2587791
2610792
2632292
2654084
2672791
2687833
2708750
2729458
2751791
2773000
2793917
2816584
2838542
2860416
2882292
2902417
2925917
2816291
2834500
2855458
2876334
2897000
2917417
2938542
2960333
2983542
3005500
3030125
3048542
3072166
3094208
3114792
3136583
3158542
3180625
3203917
3226083
3247125
3264250
3286250
3307917
3329750
3350625
3369458
3387834
3406125
3424000
3444583
3462416
3478542
3495958
3514333
3531375
3548708
3565708
3582667
3599709
3618000
3636041
3654625
3671416
3689917
3707042
3722750
3742333
3760334
3780208
3798291
3815250
3821041
3839375
3857875
3875833
3893375
3909292
3926500
3945500
3960958
3978292
3998458
4016125
4033417
4051792
4069708
4088417
4106292
4124875
4143458
4159708
4177083
4195250
4213625
4231125
4250417
4280708
4299125
4316917
4334667
61500
64833
261417
52792
82875
175750
204166
228458
248417
297542
341334
397042
431084
451417
467584
487000
507125
530709
552375
572917
593167
612417
631125
666709
688500
706750
64458
157709
184458
206333
228541
249917
272125
295125
316750
336625
357834
373875
394791
416042
436500
457334
82667
167167
189958
213458
239209
262916
286291
310292
331833
356167
380209
396125
420000
442834
466333
490250
515000
537417
559750
581917
602834
622541
642833
665583
64333
174500
209625
237250
261125
282834
313334
338417
361667
385459
405583
410583
431917
453791
475875
498584
521542
542917
564167
586166
609791
634041
656750
678375
701333
724625
748167
770625
793541
816042
837917
864459
886209
905917
924542
954375
981625
1006791
1029958
1059083
1090084
1118291
1148375
1177208
1202791
1229958
1257875
1286875
1315958
1345333
1374750
1406792
1437792
1465792
1494375
50166
99333
126333
152500
176750
199041
221125
244167
268958
293209
314417
331333
354041
376208
400417
424041
448375
470417
492209
512083
534708
559625
580625
722833
768084
798292
822667
850250
875250
898250
923125
948209
972416
996209
1025000
1048334
1070666
1092250
1115792
1137583
1160208
1182167
1204333
1224875
1241875
1261042
1281333
1299209
1317959
1336208
1354458
1371750
1390292
1408750
1427750
1445500
1465417
1484708
1503209
1521417
1540125
1560291
1580375
1598542
1617667
1636459
1653333
1670083
1689458
1707708
1726625
1667583
1685333
1707042
1727000
1748584
1776833
1796500
1817041
1837708
1856875
1880750
1897708
1918041
1939041
1959833
1981542
2002292
2022000
2045041
2065583
2086083
2105041
2124792
2145583
2167042
2187125
2208041
2229916
2242625
2263500
2284125
2305042
2326958
2347167
2366292
2384917
2405166
2425000
2445834
2466250
2486209
2503667
2523584
2546250
2564334
2583125
2605083
2626042
2647791
2671417
2695333
2713292
2731833
2750125
2770917
2791084
2810500
2829667
2848791
41292
84333
110041
133208
156917
179334
201708
225375
249208
272500
296209
313334
335541
357667
380125
402542
424625
446083
466208
487791
505583
527500
549084
570958
592833
614375
636708
658667
683750
704792
726458
742584
764167
786417
808375
834125
858458
879333
901500
924583
946917
968833
988666
1011125
1033834
1056166
1078666
1100917
1123084
1144875
1167125
1192375
1217333
1234625
1259750
1285250
1307625
1329167
1350625
1372625
1394792
1416333
1438416
1460875
1481833
1507542
1532000
1554667
1577083
1603333
1626083
1650417
1672792
1694417
1716833
1737167
43583
89084
128167
157333
186250
214917
243709
271667
300542
327916
351834
373375
401333
428625
457958
484917
515958
543583
572667
597708
626167
654333
678709
706458
734750
764416
792458
819417
846416
873333
900542
967333
995500
1028375
1056958
66083
49792
46208
88000
103667
123542
143834
162375
180041
195209
213250
230291
249667
264625
280917
297334
313750
330125
346375
362917
379541
397958
29708
57875
80583
101625
122750
143500
164417
183333
203500
222958
241375
257084
276584
297167
316209
335334
354000
372458
391291
408542
427417
446167
58209
72417
55500
82542
140500
152000
185584
222042
261041
298125
337083
375625
413708
449708
478542
41666
95333
109542
121209
130667
143000
155166
166667
177625
189041
200709
210000
220917
231958
243708
255375
267042
278791
290083
302375
313333
324416
335833
347500
359208
370667
382292
394583
406208
418042
429375
442084
453958
463584
475125
50000
95708
105125
114916
123583
134959
146667
158084
169375
180333
191208
199583
210792
221708
233000
244167
255708
267042
278583
289875
26417
39792
51417
63125
75583
86916
98084
109458
120500
131416
142292
152417
163666
174375
185833
196833
208083
219334
230833
242250
253000
263125
273500
284917
296084
307500
318833
330167
341084
352417
363959
375334
386375
396708
30458
55667
68125
77834
92750
104250
115583
126375
137708
149291
160541
169375
180000
191333
202500
27875
54042
66083
78958
90875
102750
114042
125250
136750
148250
159333
168792
179417
190750
202042
213666
225000
236166
247458
258208
268208
279542
291000
302875
314666
326292
337750
349042
360250
371625
383250
395125
406708
416958
428166
438917
448625
459833
471375
482792
494042
505625
517250
528708
538917
550125
561459
572792
586375
597708
608500
619750
631292
642500
654042
664584
675791
686875
697958
709084
720458
731625
742917
754458
765584
776042
786625
793917
805417
816958
828542
839917
851333
862625
873792
885417
896750
906875
918291
930000
941333
951208
963000
972917
984166
35083
79917
96375
113166
128208
141834
155375
168583
181459
194833
207542
218375
230958
244000
257083
270000
283042
296250
309416
322042
334583
348250
360625
373875
386875
400083
413000
426209
29375
55416
69500
78834
92375
105458
118750
131625
144416
157583
171125
182583
194583
207834
220666
233625
246625
260000
273250
286292
298458
311250
323125
336042
348875
361875
374584
387750
400917
414041
427209
440208
453208
464833
477500
489958
501166
514375
527208
540583
553917
567042
580000
595125
607125
619542
632167
645042
657875
670625
683917
696750
708833
721667
734583
746542
759666
773375
786416
799292
811292
824250
836958
849917
862959
875667
887667
899875
912833
925750
938500
951208
964125
977042
990084
1003541
1014709
1026541
26292
52458
31458
59833
63333
43959
51167
145375
172375
188459
203041
216041
229208
243083
100375
114792
127750
139875
152875
165541
178667
191709
204000
216250
229208
240208
252833
265458
278041
291000
303417
315084
328292
340958
353917
366500
379666
396250
409959
423417
435791
448708
461625
474167
487042
500083
511708
461500
473916
486250
498709
511125
523333
536250
549000
561375
573417
586667
599334
612833
625584
638459
651625
662125
673500
686167
699000
711667
724583
736416
749500
762208
774875
787375
799917
812834
825500
838125
851500
864667
874792
887333
900083
912792
925417
938292
951042
964209
977041
989958
1003000
1015291
1028250
1041125
1054083
1067042
1079584
1092250
1105250
1118042
1131417
1144333
1157167
1168667
1177958
1190834
1203500
1216875
1229917
1242917
1256292
1268333
1277583
1290500
1301791
1314875
1327667
1340459
1353667
1366500
1379291
1392083
1404792
1417417
1429417
1441042
1453833
1466792
1479250
1492125
1505250
1518334
1527792
1541500
1553750
1565209
23625
43166
56583
69042
107917
131750
148542
174042
201958
237333
295875
363125
386375
400166
421500
441000
456000
470584
484791
498125
521250
544792
561041
576041
590667
604708
618500
628875
642209
656500
669542
683042
696375
709500
722375
735209
747708
758917
771292
749917
753375
761000
769792
778333
785708
799500
812292
825083
837250
841583
854083
867250
880041
892750
904666
919542
930708
943041
955958
968791
980833
994459
1007333
1019958
1032166
1044875
1057625
1070417
1083542
1096875
1109958
1120750
1131042
1143375
1155917
1168709
1181334
1194292
1207250
1220041
1232875
1245292
1256292
1269166
1281166
1294083
1306792
1375375
1389042
1401917
1415042
1449125
1462042
1473750
1485917
1506500
1533542
1546667
1559875
1572708
1585250
1598375
1618500
1630917
1638042
1650666
1663083
1675458
1687958
1700584
1713125
1725417
1737500
1752625
1765250
1777708
1789000
1801833
1814166
1826000
90125
64625
190333
232917
252334
269833
289500
305292
323958
341041
356208
369292
368042
384625
401333
420792
416875
431917
439250
452000
468209
464500
458958
466042
487584
503750
665834
701792
722625
743791
762083
778917
793667
809500
824917
841458
858208
874041
890292
905667
922125
936750
952125
970625
986625
63125
39500
56750
72625
88292
103250
118959
135958
152042
167000
183375
192834
207750
223167
240416
257542
273875
289792
305584
321459
337792
353958
369375
386250
402459
418209
433708
448208
463500
479792
495167
511125
527250
543000
558625
574583
590334
605709
619000
632125
645292
658917
671750
683417
696292
710042
723542
737125
751000
764667
780875
792291
806542
821250
836667
853625
867125
881500
895375
911375
925583
939209
953083
967000
980542
995333
1007292
1022083
1035834
1049625
1063708
1076791
1091834
1107750
1122375
1139083
1155958
1166458
60083
118833
134625
152708
170875
187750
205416
222125
239084
256833
273833
286542
302875
319792
336708
32375
55125
72875
89542
111000
128875
145750
162583
179625
196250
213375
228875
245708
261750
278917
296083
313167
329792
347000
364167
379917
395333
410833
427917
444916
463958
481291
498625
516084
532958
549625
566292
582709
597833
615000
631625
646792
661291
678000
693334
710208
727250
744417
762709
779708
796084
812542
829625
846375
863583
69125
175000
218500
247625
281041
309125
338625
367875
396958
423250
447541
466041
492167
521584
550750
579833
60875
45458
90375
111167
129000
147500
165208
183458
201958
219458
236334
252250
269291
284125
301208
318458
335292
351875
367958
383750
400708
417666
434833
451959
467083
484459
501375
518250
549458
569459
586625
603584
620375
636958
653458
670458
686625
703792
720834
737500
753583
770666
795375
813041
829875
846542
864833
882125
897708
914958
931541
948333
965375
981000
997791
1014666
1031792
1048917
1065875
1082708
1099666
1116375
1145959
1162417
1175208
1204125
1221417
1239166
1255792
1272875
1290000
1307041
82041
154375
192500
229542
266666
304500
339833
376333
423125
458333
490750
521916
557583
594083
629667
665209
701125
736792
773375
62375
142084
165333
182041
200958
219875
238833
257083
275416
297084
315500
333166
355208
374042
392291
414875
60167
135166
156583
170750
186917
202625
221583
238250
257208
272041
289792
301417
317333
334292
350083
365917
382583
397833
412333
427791
444042
460625
475708
492333
511000
527208
544416
560291
576083
592209
608875
624792
640458
655958
669042
685125
701000
58292
141291
163916
179958
197792
217833
235833
255459
273792
290625
305584
321458
339042
356500
374042
391792
410500
427125
443333
461917
479167
497125
512791
533125
60917
129500
160375
188375
217500
250375
276833
308167
336666
364125
390084
411208
437333
463083
489458
515708
543042
570000
595042
618708
644375
670542
694375
80625
167791
212625
250750
289250
328375
365833
402583
439708
476542
512375
541750
581084
619458
658500
696833
735167
769917
57458
110750
150875
187667
222500
257666
293667
330042
365625
401750
436917
465875
501292
537000
572792
615125
651875
686958
720834
758208
794959
830625
863583
903083
939750
975042
1009792
1047000
1081333
1116333
1152666
1187666
1220625
1253958
1289625
1332459
1369667
1406500
1442792
1478667
1511750
1547292
1583167
1620667
1637583
1657041
1676167
57542
145041
164791
180709
197000
211500
228792
247042
264083
278708
291750
303208
318417
333875
349375
364708
380375
394833
408625
424208
439667
455084
469166
484583
500000
515750
533333
551958
567458
584542
600083
615750
632500
645583
658541
673750
689583
705209
721333
737208
752750
768125
783708
799291
813292
828667
843709
859500
875167
890750
906125
925584
941000
955917
971417
985625
1006709
1024125
1040708
1056583
1071083
1088292
1103875
1123125
1138708
1157500
1171458
1188042
1202792
1219959
1235417
1252875
1268417
1284042
1299625
1315500
1332250
1345833
1361083
1376334
1399541
1443667
1459375
1482916
1496458
1512083
1528750
1544625
1557959
1573500
1590125
1605583
1623084
1638750
1654417
1669792
1686083
1696958
1713333
98792
206209
246875
290833
340584
380167
417584
454167
489916
527291
562167
596792
632125
668458
704334
741084
778125
822917
860875
895959
60833
51916
56708
110625
151250
187875
223333
259541
294417
330000
365959
401375
436000
466083
501666
537208
573125
608917
644042
679417
715166
748375
784750
823125
860584
897458
952375
989000
1024792
1061167
1097208
1131458
1167750
1213791
1249958
1281250
1317583
1362208
1401209
95958
195667
244292
286125
323792
364709
400292
439417
478000
514417
548667
575667
612291
649625
685667
722375
759333
795875
830667
864167
900667
936250
969292
1005458
1041916
1078459
1115041
1151125
1187417
1223792
1260042
1296750
1332916
1366125
1402709
1434583
1473375
1511166
1561958
1612625
1649834
1685459
1721667
1758333
1792292
1839917
1876458
1897459
107542
225167
250000
288667
325958
365041
403875
441459
481458
525667
565542
593125
632959
671042
710500
749625
788750
826834
863542
897708
935416
973708
1009125
1048792
1087959
1127208
1165333
1202375
1241542
1282042
1322458
1361583
1402459
1438167
1476541
1500500
1544459
1582750
1622625
1661458
1700667
1739833
1780125
1820625
1859833
1897917
1934208
1973750
2016292
2057583
2110125
2152334
2195458
2235125
2272958
2310667
2342542
2379542
2418917
2456500
2495416
2533083
2572666
2611417
2651542
2691667
2730250
2610750
2641292
2680208
2717667
2755000
2792708
2830209
2867500
2905167
2943000
2982584
3016208
3056458
3096375
3134375
3166250
3215250
3256125
3295791
3337084
3374625
3415458
3457666
3496000
3534625
3571125
3613250
3653500
3692791
3729833
3768417
3795750
3807625
3806542
3819792
3828125
3842375
3856916
3871959
3885500
3899625
3912875
3926750
3943167
3961625
3975958
3991458
4005333
4019000
4033791
4048917
4071125
4095833
4109833
4124625
4135833
4150542
4165625
4180125
4193917
4209625
4224958
4240625
4255667
4277625
4291625
4302000
4317625
4330958
4344333
4357875
4371542
4385125
4398875
4414083
4429000
4445625
4457250
92917
196542
241875
278167
317000
356125
394042
432917
471917
508750
541666
572166
616625
654709
692417
729334
767583
803875
838000
875584
913042
950334
983875
1021041
1051625
1088958
1131458
1168083
1204458
1241084
1277875
1313750
1351167
1396625
1444542
1479167
1517458
1554750
1592250
1629541
1667625
1704959
1741041
1775916
1816791
1856250
1890292
1922834
1960000
2009292
2043209
2073917
2111416
2149208
2186750
2224250
2261500
2298750
2334334
2365459
2403417
2437125
2475083
2512500
2550083
2592125
2629792
2667334
2704750
2742250
74125
140958
184334
226333
264791
303875
341208
379292
417042
455459
492083
520625
565792
603834
642166
680167
718333
58625
99292
140292
180000
218291
258417
299709
339042
376083
414000
450583
481125
518792
556500
594208
632208
669500
707417
745834
60917
106666
153333
194583
232500
270791
309291
347208
385250
423750
460792
493042
531250
569417
607959
646208
685542
721542
745375
761875
789042
811334
827250
847375
867833
888250
907250
58792
58000
108416
154500
197542
235042
272667
309250
345917
384667
422417
458000
496709
535750
573833
611917
650500
689083
727375
766916
801208
840125
878083
917750
955292
992125
1029250
1068583
1104667
1143250
1181459
1219708
1255958
1293500
1329250
1367000
1404292
1442250
1479750
1516541
1551625
1589250
1626125
1661834
1698125
1733541
1771500
1809667
1847583
1885500
1922875
1961000
1999125
2035291
2073750
2109417
2138083
2182333
2220917
2259083
2296958
2335333
2373916
2412500
2450583
2489084
2526209
2561750
2599583
2637333
2674875
2713250
2751333
2782375
2821458
2859417
2897291
2933833
2970291
3007541
3045500
3083750
3121167
3159500
3198709
3238500
3276750
3311791
3338792
3377000
3411667
3450625
3488084
3523750
3561167
3598541
3635542
3672459
3710709
3749459
3787125
3821834
3860042
3896584
3935417
3974291
4011792
4049875
4087541
4125375
4163375
4201584
4235708
4272500
4310375
4348250
4385542
4423416
4460458
4438792
4482000
4521792
4559167
4603792
4641250
4678000
4715000
4752083
4788917
4826542
4861000
4898167
4935208
4971833
5009000
5046541
5134166
5171417
5248000
5300958
5317500
5329459
5343166
5356875
5371042
5384916
5402333
5422334
5434250
5446250
5458083
76583
152250
192625
227291
267208
306333
348750
389875
63542
80792
179791
222541
86542
190709
244917
285042
325000
363041
399708
438375
478667
515208
548583
579916
618791
658166
696375
761917
828792
870834
909667
950709
989292
1065458
1122666
1165834
1205208
1241416
1278083
1320916
1360541
1403292
1462667
1519583
1565958
1601500
1641125
1680167
1719084
1756875
1796458
1835834
1875166
1913291
1948917
1988125
2024208
2062959
2101542
2139500
2181250
2218875
2257166
2291375
2329791
2367417
2406250
2440666
2480000
2517208
2550125
2588291
2626416
2669417
2707042
2745958
2785209
2822542
2861625
2902041
2940166
2978417
3016417
3053291
3093125
3132167
3170916
3210333
3253292
3296208
3337750
98708
63833
87500
194917
236291
272125
314042
350542
385584
422542
459334
493583
526042
555292
590791
626208
662750
698458
735041
769208
808916
845125
881041
918125
949708
986166
1022667
1061792
1100125
1136500
1180625
1216416
1252833
57167
104417
140000
174375
208750
247083
283375
319000
356250
391833
424792
454250
489750
529000
564292
599833
634917
669833
697666
51542
92125
129166
165083
199583
234292
270416
303875
339042
374208
409083
437500
473750
509916
545500
580834
617000
652667
687916
720959
760792
795625
827500
862333
903208
939166
974625
1010333
1045625
1079209
1114750
1150583
1186000
1217625
1252625
1288750
1323917
1356708
1392375
1435625
1473417
53167
60000
91625
88791
88792
192708
85291
148709
91166
84208
91416
89875
67292
159125
187000
206625
227708
248500
268542
289084
310417
329541
348708
365334
389209
410708
432167
453708
474375
494834
515042
538208
559458
579834
599167
620959
642667
663166
682959
703917
725541
747750
773166
796875
818792
838459
857459
886000
910917
934791
956917
977000
1000875
1020875
1039834
1062750
1083166
1103458
71458
143125
184333
223167
259291
295000
331542
368458
405042
440833
474959
502834
538208
573208
610959
647166
682916
719083
757542
789708
818333
853542
888458
928167
964875
1001125
1037875
1075041
1111042
1150583
1185833
1216916
1250667
51208
90417
128084
164583
200000
235625
271750
307541
344791
380750
415542
444791
480250
515208
551042
587167
623000
658958
48000
83209
123625
159042
194375
229250
264125
298500
334416
371583
406458
436667
472792
508167
544125
579542
614333
649500
684292
717583
752541
788667
824000
859208
894000
934083
971083
84542
198125
262000
298042
335000
368333
403334
439584
480166
516125
550583
579292
616584
652916
689917
721875
86333
90208
82667
88833
85916
199625
238875
276375
312833
81542
177042
216834
253666
289958
325041
359250
396500
432209
466125
69208
82041
92500
92042
89458
83750
89416
89042
202000
88959
63000
90583
211500
58542
125375
175750
220542
263958
304541
344875
392791
435750
477708
518250
552333
593500
634459
675542
716208
756583
796709
835959
872375
912959
954208
990666
1031417
1072417
1113917
1154167
1210667
1252875
1291875
1331792
1371667
1413792
1451042
1491167
1536791
1576500
1618458
1659084
1700125
1740750
1781750
1822250
1863834
1898292
1939250
1979000
2020166
2060375
2100625
2141792
2182750
2223083
2263708
2304375
2394958
2447958
2475125
2500167
2522500
2540792
2563834
2585333
2607750
2629041
2650500
2669625
2694333
2716375
2730709
2752625
2774875
2796666
2818625
2840458
2863583
2885916
2907708
2930042
2952125
2972792
2995125
3006667
3029834
3050916
3073166
3095500
3119584
3143250
3165791
3188291
3206000
3215792
3237459
3259666
3282209
3305375
3342709
3370458
3392291
3416750
3438792
3484500
3521500
3547917
3572125
3596709
3620417
3644166
3669625
3664000
3686500
3707625
3730291
3761000
3784334
3808709
3831166
3853750
3877750
3901000
3922583
3940625
3959500
3977833
3995917
4016458
4036042
4054917
4073084
4091375
4109042
4123084
4141416
4159083
4177167
4195083
4214375
4233084
4251208
4269583
4287625
4305000
4319875
4337583
4356417
4374875
4393875
4412292
4432125
4450584
4469750
4488291
4506208
4521416
4538750
4536250
4555083
4573458
4591333
4611208
4629583
4648250
4666084
4685500
4700166
4719000
4737500
4756542
4775625
4794083
4813333
4848375
4866042
4883750
4900541
4915500
4932375
4949833
4967583
4985208
5002958
5017917
5035750
5054708
5073000
5090500
5104333
5122583
5139875
5158375
5176000
5193167
5210500
5227292
5244917
5262583
5280500
5273584
5290709
5307042
5324958
5341000
5358125
5376666
5394292
5411125
5428333
5445791
5459750
5478250
5501959
5519458
5536625
5555541
5572958
5590167
5606958
5624667
5642291
5657458
5675334
5693125
5709917
5727292
5744542
5762041
5778958
5797917
5814625
5832042
5846583
5862417
5879875
5897208
5912834
5931125
5972250
5989208
6005917
6022041
6038375
6050959
6067458
6084958
6100791
6115458
6134000
6150583
6168333
6185042
6201625
6218167
6230834
6243875
6260541
6277333
6294250
6311375
6327916
6345584
6362709
6380459
6397417
6411125
6427750
6444416
6460834
6478667
6496000
6508125
6525208
6542583
6561208
6579292
6593792
6611458
6627208
6645541
6661667
6677916
6694709
6711083
6727291
6744000
6760625
6777042
6790334
6810208
6826333
6842917
6858875
6876000
6891875
6907875
6924292
6941458
6939084
6951709
6968750
6981250
6991750
6997542
7014333
7030708
7048167
7064833
7075291
7091875
7108166
7125625
7141334
7153625
7170042
7186000
7176208
7193500
7204084
7220791
7237209
7253292
7270875
7288833
7304958
7321166
7344541
7357500
7368250
7384500
7401208
7417042
7433500
7449375
7467125
7483250
7501458
7518750
7527917
7542958
7559541
7577833
7593792
7611542
7628083
7643750
7661292
7677125
7688000
7702417
7719667
7735375
7751958
7767333
7783833
7800041
7810500
7827042
7835041
7852167
7865167
7881416
7899209
7915500
7931334
7948166
7962250
7965500
7977500
7993917
8009792
8023042
8039084
8056750
8073250
8091125
8106541
8123541
8135834
8153375
8169750
8187625
8202583
8218292
8234709
8250542
8266542
8283083
8294458
8310167
8328041
8344292
8360167
8373291
8389625
8404917
8421084
8438416
8450500
8466833
8482292
8497625
8515208
8531834
8547375
8561750
8577666
8596000
8601334
8617959
8633958
8650208
8666458
8682583
8698625
8714625
8727792
8749625
8761708
8777875
8793292
8808750
8824166
8839833
8855833
8871167
8887041
8899833
8911750
8929833
8945917
8964500
8980916
8996916
9007750
9024209
9040834
9057417
9068958
9085875
9101708
9118208
9134500
9150417
9166500
9178250
9194958
9207792
9079708
9095875
9115167
9133959
9153000
9171167
9190208
9208042
9226125
9244584
9254209
9268875
9287167
9306583
9324709
9343166
9360834
9378708
9397666
9416500
9430958
9449125
9464542
9482291
9500542
9519333
9537875
9556000
9575958
9594542
9610291
9628916
9647459
9666042
9684083
9700459
9716542
9732083
9747209
9763084
9776791
9792708
9808542
9824250
9837541
9853875
9836083
9825500
9841125
9857000
9869625
9885708
9901042
9917875
9933417
9947167
9962416
9978083
9993666
10015958
10031000
10046459
10062000
10077959
10093166
10108875
10124083
10140667
10156375
10173334
10185958
10202542
10219125
10235250
10250750
10267208
10282417
10295583
10311750
10328334
10341250
10356959
10372042
10387542
10402333
10417417
10434000
30042
44167
85375
106709
128667
148208
168833
187958
207833
228834
249708
268667
286083
308000
87375
195125
241292
278625
318125
356833
395459
434000
472458
509667
544333
571583
608333
645208
682667
709334
747584
783708
816625
854250
892709
931500
971083
1009833
1047875
1086083
1130208
1170625
1207166
1245875
1283750
1320666
1359125
1396959
1437208
1473542
1515667
1553000
1592417
1633292
1677875
1717667
1755083
1789542
1828458
1866167
1923458
1967667
2002459
2042208
2079375
2118666
2157958
2196667
2226375
2263541
2300916
2349292
2386958
2419375
2459250
2495083
2532459
2569292
2606792
2641250
2676875
2718708
2755583
2790416
2827584
2866042
2901209
2937417
2974792
3010292
3043375
3080208
3118625
3159333
3194875
3232333
3267917
3306583
3345041
3382500
3419417
3453541
3488625
3528916
3569583
3602292
3645334
3680209
3716875
3754375
3792541
3837250
3869583
3906625
3943625
3978917
4014917
4050666
4087375
93416
98291
85750
184208
226041
262292
298583
333500
367875
404708
442667
478417
513125
545583
583167
621791
659666
697125
735083
772083
806500
843292
895042
934750
970291
1008750
1046583
1084875
1122708
1165500
1203417
1239625
1276667
1313125
1349584
1384250
1478042
1518250
1554792
1592875
1630917
1668667
1706250
1744000
1787167
1824458
1856125
1894500
1932125
1969958
2007541
2045291
2084417
2122084
2160375
2199333
2237375
2273084
2312250
2350458
2388000
2423292
2455916
2492000
2529000
2564500
2600292
2635750
2670084
2704958
2773250
2811250
2847833
2883459
2919750
2955625
2994458
3031042
3067125
3100875
3138666
3176000
3211375
3246584
3282792
3318875
3357000
3388625
3407917
3427125
3445958
3461500
3480417
3497208
3505084
3524209
3542583
3561875
3581000
3600375
3619416
3638667
3655792
3674667
3694083
3713000
3733208
3752750
3771917
3797750
3816916
3839458
3859375
3867666
3887416
3909042
3929208
3950333
3971792
3999167
4011834
87125
185833
225958
260833
296709
332708
367667
403375
439125
473541
504375
539417
572083
607208
643583
678583
713250
746625
781833
820709
851250
886334
921833
956042
992417
1033458
1069417
1104417
1140958
1177417
1215417
1251291
1288334
1323333
1353542
1392334
1432541
1478792
1516083
1552166
1588917
1624250
1661250
1697875
1733458
1768583
1815333
1852709
1888542
1933250
1976958
2014666
2055208
2091917
2127875
2166417
2202959
2237084
2268042
2311375
2351833
2396541
2442792
2478875
2517083
2559458
2600333
2643791
2689417
2732500
2774167
2808208
2843416
2878583
2914166
2949750
2985084
3017042
3060125
3095375
3144334
3178542
3213500
3249417
3285417
3321750
3357625
3392667
3425084
3459417
3484042
3519750
3554958
3591209
3636292
3673541
3711875
3757291
3797042
3837833
56875
109834
153042
193208
229667
270292
308625
345166
382833
419500
454625
483542
519792
555709
591208
635000
672792
709042
743125
774959
810917
847167
881375
916917
957792
995125
1029334
1064125
1101250
1136375
1171875
1209542
1246875
1278083
1315375
1352750
1390167
1426750
1473541
1511250
1547750
96125
198500
240959
276917
315667
349166
384625
420791
456542
491583
524500
555417
591792
627792
664083
700292
743042
777500
810083
846792
883333
921625
955458
992291
1028000
1064875
1110958
1146708
1182834
1223584
1258625
1294750
1330541
1362375
1397042
1432916
1476292
1514000
1550750
1589416
1624500
65542
79333
90584
125875
198625
233750
264250
300125
324667
360750
397125
434458
473458
505167
535125
575291
612792
650084
689542
728334
88417
91542
86750
56834
75750
112834
205166
241292
280583
322500
360583
399750
437333
478125
522333
563459
594792
630125
666125
711334
750084
788625
826083
864625
901333
935958
971042
1004416
1041833
75000
156167
198209
236542
273083
312916
350709
389084
429750
467708
504375
536541
573791
610958
648875
686167
723084
760125
794750
832667
861667
903250
938708
978708
1017042
1054708
1091750
1130167
1167833
1204708
1240209
1277500
1316833
1351292
1389875
1435167
1474041
1503833
1538000
1577583
1614542
1651333
1689458
1727375
1765250
1802209
1839417
1877209
1911667
1955500
1993666
2014667
2031208
2046500
2056792
2074084
2090333
2112958
2129666
2142375
2158542
2175292
43917
86750
113084
139125
163625
189916
211167
233375
255000
277792
299125
317000
339083
361167
383375
405541
427792
449416
471208
491083
512416
534667
552042
573125
594583
617833
640875
100542
183708
210833
249875
287167
326167
362167
400417
439334
479208
514834
544208
580709
617875
656833
694583
740208
779917
816333
852750
890417
932542
967000
1005125
1043459
1082875
1122041
1160625
1198042
1235750
1272500
1309375
1346084
1386667
1424250
1460917
1511958
1551292
1588875
1626750
1664459
1702166
1739167
1778667
1813459
1851250
1889875
1937584
1977416
2016000
2049959
2087875
2124708
2163459
2201292
2237584
2274708
2312083
2349375
2386958
2425083
2462542
2504708
2545667
2584459
2620958
2649542
2687791
2725084
2772208
2810542
2850500
2887750
2927125
84500
158250
192500
229625
268500
306584
345042
383584
421959
458000
491708
520958
558625
601458
641125
680250
719750
757708
791375
828292
869500
906959
940000
983583
1022334
1069250
1108959
1146625
1184958
1221333
1259667
1297083
1336541
1378500
1416583
1453959
1492375
1527333
1571959
1610917
1649959
1688459
1725500
1763375
1797709
1835666
1872208
1909792
902167
939000
975833
1013042
1050875
1101500
1139000
1176666
1214625
1250166
1287625
1320959
1358625
1396542
1484292
86917
71500
88667
87292
55458
90000
93209
71125
83333
90083
89042
86750
87500
90666
89625
90917
89500
92459
177291
91416
94334
89250
66917
78791
76792
94458
198750
73417
68666
128125
79208
85250
204375
72083
133125
65500
99167
92500
207292
91084
66875
68083
160500
189667
208375
226625
243500
261209
278833
295625
311583
325708
334667
351084
136291
231125
281792
327125
368333
405167
448334
492875
520916
538958
553959
558167
570375
584500
573083
585167
599416
612084
622792
572000
577542
590916
594334
608000
621333
633208
642750
657250
670750
684167
697291
710250
723542
732334
745750
759000
773791
790625
803917
819583
836167
850250
857834
871791
882500
896708
910500
924208
938459
952500
966250
982625
996166
1010333
1023583
1032167
1045375
1067167
1098667
1141334
1185917
1228458
1261208
57833
95959
136000
175250
217750
258125
299041
340083
369708
390458
412375
430209
452166
472416
494958
516666
538584
560542
583083
605584
627291
646792
671333
694542
720625
742542
766667
791125
813291
835333
856917
878666
902583
922209
944750
966459
988000
1007625
1033875
1057583
1080417
1102208
1125167
1146584
1165166
1187750
1209834
1229375
1251375
1273417
1295292
1317000
1339667
1362000
1383584
1403917
1426375
1449250
1471250
1493584
1515292
122291
63375
93000
74042
65208
135334
184375
227875
267166
307667
349416
390625
432083
474000
512125
543959
584000
624667
665125
707250
747875
787917
827584
865917
906166
946041
982542
1023750
1064500
1104958
1145875
1185833
1226959
1272000
1312542
1352334
1392667
1429333
1478041
1526125
1568417
1611042
1649625
1689292
1730750
1773125
1812875
1854625
1891959
1932083
1969459
2009375
2050542
2090917
2130792
2170834
2210375
2251000
2291167
2328042
2368459
2408875
2449125
2491208
2533709
2573417
2607125
2649458
2689625
2730167
2767458
2808166
2848583
2889625
2929625
2970583
3010291
3050167
3091042
32666
60750
88208
114000
137791
161583
185375
209125
232791
257750
281334
301375
324583
348500
372459
396416
420708
444125
467625
489625
513958
538708
560792
584500
611166
635250
658375
681500
704875
730000
753708
777833
801584
822750
846208
869750
894208
918250
942125
966500
990208
1012292
1040000
1063625
1085292
1108708
1133417
1157417
1180750
41583
36292
97666
214500
83584
58334
115541
160500
202000
239667
277750
315667
353625
393541
434083
471834
503125
541416
579333
617583
655875
694750
733125
771167
800125
840083
879042
914084
953042
995916
1034750
1072583
1110417
1148666
1186458
1225042
1263041
1300583
1333708
1378958
1419208
1457125
1495416
1533666
1571500
1609208
1643666
1682416
1720541
1755584
1787041
1825500
1863709
1902792
1942083
1981000
2022042
2059542
2098792
2137084
2175458
2201416
2216542
2236625
2257041
2277375
2297875
2323625
2345458
2366166
2386125
2406709
2423875
2444292
2465167
2486208
2466875
2485792
2507292
2527875
2549125
2570125
2591791
2612834
2633083
2654125
2674666
2693083
2713459
2734250
2754834
2775458
2796125
2815875
2825959
2846459
2867833
2887958
2904792
2926125
2947708
2968834
2989958
35125
62166
110833
154583
186625
215708
245708
273542
302916
332250
360041
384375
413208
441459
471167
496666
525208
554083
582542
604542
632375
664125
692125
720042
748167
776542
802917
831000
859833
888542
915917
944791
973542
1002292
88375
168625
207291
248375
292167
332750
372250
411416
450791
490542
528791
561709
600334
637875
676791
716833
756208
796583
836416
875833
913625
949916
985167
1025166
1064792
1103666
1142375
1181334
1221042
1260250
1299417
1342000
1381000
1416500
1463958
1504834
1542583
1575458
1615958
1655083
1694209
1733417
1772417
1811333
52375
101375
145792
185500
223709
262000
301000
339709
378167
417250
455375
488250
526750
564750
603167
642459
680583
719084
756959
796625
836459
874917
910666
954458
992667
1030792
1068791
1106958
1144166
1182709
1221333
1259208
1295375
46625
46625
80792
120042
158916
195917
233541
271875
308792
347000
385917
423750
447708
485750
523792
562583
601209
639250
681167
49833
91667
131834
171250
209416
247333
285375
322375
361583
400500
438625
471500
509917
547541
586125
624916
663666
702000
739917
775708
814458
857334
892667
930375
968209
1006958
1046542
1085417
1123417
1162167
1198875
1237209
1275958
1311958
1351458
1389875
1428584
1473500
1510625
1548584
1586833
1625625
1665166
1703417
1739666
1778542
1817167
1855500
1894416
1933166
1973458
2012208
2051791
2089500
2122709
2158541
2198083
2236875
2275083
2313625
2353583
2393208
2432709
2471667
2512209
2551250
2586792
89375
171417
217292
258791
289084
326916
366709
406792
447042
486750
525542
558292
597250
633708
673334
712542
751333
791166
834291
873417
911542
948084
985625
1024708
1064000
1103167
1142666
1181667
1220209
1260833
1300541
1340166
1379375
1413709
1461667
1503334
1541708
1575584
1614333
1654208
1692625
1731167
54666
100459
142833
183333
221417
258708
298042
336291
374875
415000
454667
486916
525667
563875
602791
641542
681125
722917
762083
798625
837917
876750
917208
955625
997833
1035750
1075416
1112375
1150709
1188875
1227083
1264042
1302125
1343000
1384583
1423708
1462333
54166
99375
140667
179584
216667
254083
292042
329875
368167
406584
443958
476666
515292
554000
591834
630583
669083
707500
744833
779542
817334
855208
894708
932542
969375
1009500
1048709
1086958
1125875
1163709
1202958
1239083
1277791
1312500
1351875
1389833
1428208
1473791
1512917
1547709
1585458
1623208
1660167
1698291
1732500
1771125
1810125
1848667
1887083
1926833
1964875
57083
106208
148125
188333
226250
264291
302500
340750
379750
417875
455458
488084
526916
564958
603958
642625
681958
720500
758375
793291
832125
870541
905708
948542
987375
1025000
1062292
1100208
1137500
1171291
1209500
1247416
1286208
1321084
1359833
1398708
1436583
48000
87291
127875
166500
204083
242333
281041
318209
356750
394625
432500
465083
504417
543667
582334
621042
659792
698167
735500
771084
47291
85166
125250
164125
201917
239667
277916
315500
354208
392125
47917
85875
125875
165125
202625
240416
278375
315542
354209
392791
431917
464375
502792
541000
51542
89916
131250
170291
207625
244458
282500
319292
358125
396917
435000
467667
506250
544250
582208
620459
658917
696750
734250
769875
811625
849417
884167
921750
960375
998167
1036750
1075583
1113042
1150000
1188709
1226791
1265000
1299791
1338333
1376625
1414791
1450000
1491500
1529292
1566958
1604959
1643375
1681958
1717417
1755291
54500
96500
134959
172375
209834
248084
285584
324500
363834
401791
437917
476833
512084
553375
591958
633959
672500
710625
747958
787209
825375
863709
901375
936584
974875
1012958
1051667
1091042
1129583
47541
84791
125583
164958
203583
242000
280542
317334
356709
395208
432750
465250
505417
542791
583166
64083
153250
176083
195750
216959
235375
254375
275750
297000
320458
339792
355917
379875
400250
421750
442041
461708
480291
498125
517417
537167
556791
574916
594417
614250
634750
653750
672958
692375
712000
731000
750375
770708
787208
805125
824416
843333
862958
883292
902958
922750
942209
961875
982208
1000125
1019708
1039042
1059459
1083125
1102125
1122542
1141583
1161792
1180833
1200417
1219375
1238625
1256584
1276250
1297167
1316791
1335500
1354458
1374292
1393250
1411084
1428583
1457000
1476667
1496458
1516042
1534958
1554416
1573459
1592709
1611834
1631041
1649625
1671250
1688500
1707833
1724583
1744041
1763209
1782708
1803000
1823500
1844084
76084
76792
63542
134625
71541
144458
58667
48833
88875
131875
173958
211750
250209
286750
324459
364459
404584
440625
473291
512458
550833
48958
88292
129208
168250
206250
244167
282375
319500
358125
397125
436083
469333
508250
547166
586250
624791
663250
702084
737959
773084
816375
84083
164125
211875
262959
72625
137041
177542
220250
258583
297250
334625
372333
411708
450875
488792
520000
560333
599792
638666
677541
71167
49625
92833
136667
179709
72541
141375
183458
223917
263792
303417
343209
384459
423750
463417
501959
533334
572167
610333
93916
196917
241458
280583
320792
361125
401542
443834
485625
522917
563167
597792
636584
675416
715083
755541
797417
844833
882792
921750
966583
1008291
1044541
1083166
1122083
1162916
1201167
1241042
1280042
1321458
1367333
1405625
1443500
1478375
1517500
1556250
1599791
1641083
1681250
1718167
1756750
1795958
1835209
1874375
1910042
1949083
1988167
2023667
2062291
2102500
2143458
2182625
2221833
2261166
2300667
2336792
2378125
2417625
2458167
2497167
2537000
1839334
77917
93208
81500
197250
239625
84042
88583
86625
91958
88792
204584
67125
81750
78416
73625
76625
90792
205083
91875
91458
205708
70750
89583
92125
213833
260542
303333
97459
202542
67625
88958
92708
90959
56417
108208
152208
193375
230667
271375
309708
349042
388958
428375
463458
87542
202291
245958
285000
326250
364750
407875
449875
489125
526750
563250
595000
633500
672459
711125
749792
788375
826250
860875
68333
77708
172542
244458
287750
327708
367708
406125
444166
485042
513250
550666
586875
625708
664958
709375
749458
788833
828041
866417
902125
937417
976583
1016416
1056000
1095083
1134458
1174333
1213709
1255208
1294417
1332959
1368750
1408167
1447667
1485042
1512375
1548333
1594167
1633042
1672417
1710167
1749000
1782750
1821625
1860708
1899542
1936208
1974250
2013584
2052917
2092750
2131791
2170458
2205666
2241334
2279708
2314667
2353958
2385666
2424750
2466583
2487875
2510792
2532375
2556500
2578333
2599667
2620584
2640750
2658459
2673375
2694000
2714500
2735208
2755709
2776666
2797667
2818833
2839375
2860500
2877667
2898042
2918000
2938625
2959042
2979666
3000000
3021209
3042750
3063583
3084250
3102000
3122583
3142958
3163750
3184916
3205167
3226083
3246542
3266917
3287541
3307125
3307209
3327167
3348000
3369542
3390750
3411500
3431875
3452833
3473584
3494500
3513917
3531250
3552084
3572625
3593625
3614125
3634791
3655625
3676250
3696459
3715875
3733542
88292
85542
209209
254292
291750
332209
371542
411083
454667
497833
536666
569625
602500
642416
681666
720958
760125
799333
836666
872000
910958
949708
988500
1023125
1061667
1100583
1139417
1178125
1217209
1255792
1295291
1334792
1373417
1403834
1423584
1443750
1463083
1484333
1505833
1526083
1544959
1565834
1582166
1603584
1624750
1645625
1666583
1686958
1704375
1725458
1746792
1767667
1787250
1804291
1830583
1853125
1874166
1894708
1915541
1935833
1956125
1977375
1997292
2015792
2027209
2048041
2063708
2084958
86209
209958
255125
294250
335166
372292
412625
451958
491667
529708
565541
599042
638167
678375
718000
757500
797041
834459
871000
909833
949958
988708
1025000
1064667
1104125
1142666
1183500
1223375
1274834
1315459
1353959
1392833
1440667
1474208
1513375
1551333
1589791
1628041
1667000
1707084
1744416
1782542
1823833
1863750
1903417
1943625
1983875
2023083
2062208
2099625
2138500
2173292
2219500
2259833
2299500
2338542
2378375
2417375
2457125
2495958
2535542
2574750
2610292
2648666
2685750
2719917
2758500
2798584
2837667
2878750
2910125
2924459
2948250
2966209
2987459
3008166
3031208
3051750
3074833
3095583
3115708
3136292
3158250
3181875
3200375
3216875
3238333
3259291
3281000
3303000
3325208
3351667
3373084
3394584
3417083
3437917
3454250
3464209
3487041
3508750
3530666
3551417
3573333
3596000
3617875
3640083
3662250
3680667
3580333
3599000
3621000
3641250
3662083
3682833
3703208
3723875
3744584
3765291
3785792
3803333
3823708
3842959
3863041
3884834
3905041
3927042
3948417
3968625
3989416
4011750
4029750
4051292
4072250
4093125
4108750
2828500
2845917
2865666
2885250
2905709
2924792
2945708
2966166
2985667
3004208
3024166
3036167
3052750
3070041
3086792
3103166
3120792
3134667
3151584
3168708
3185583
3202375
3215917
3233417
3250500
3267625
3284708
3302041
3319083
3336125
3355209
3372375
3389583
3397417
3414250
3431333
3448208
3464250
3481250
3498209
3515250
3534417
3551625
3568625
3583208
3601375
3618500
3634167
3651125
3668000
3686500
3703500
3720917
3737667
3754666
3768667
3786333
3802083
3819125
3836292
3854041
3871250
3888042
3905125
3922250
3928667
3942375
3958542
3975167
3992375
4009209
4026583
4043334
4071125
4089750
4107125
4124375
4137083
4154000
4171541
4188584
4205708
4222792
4240250
4257667
4256333
4273375
4289542
4301958
4319083
4336542
4354208
4371250
4388542
4405834
4423792
4441209
4460000
4478333
4492166
4510250
4528042
4546083
4565916
4583458
4601500
4619541
4636958
4656209
4673666
4687250
4705417
4724375
78125
50542
79750
88834
200833
245833
287125
328209
369083
409833
453375
496792
535500
570750
605000
645500
686708
727875
781041
822542
861416
898667
939750
976250
1018459
1057042
1098375
1140250
1181792
1222750
1264583
1312417
1353166
1377458
1398959
1421583
1438167
1460958
1492125
1514959
1535833
1557709
1581250
1603875
1618500
1643208
1667042
1690209
1709084
1732083
1755333
1778125
1792000
1813583
1833083
1855166
1876583
1900416
1922208
1946083
1968334
1991875
2015042
2032458
2047000
2071167
2093750
2120042
2142541
2164875
2187166
2210916
2239542
2263208
2281250
2302792
2325583
2348917
2370708
2392750
2416500
2440083
2463458
2486459
2507333
2525959
2547916
2569875
2591084
2613250
2638042
2661583
2684500
2706167
2727500
2747083
2754459
2776125
2798125
2820167
2841584
2864209
2886000
2908625
2925000
2943958
2961833
2976667
2994875
86042
199542
244459
284625
326875
363917
53334
105708
151291
192792
234083
273542
312750
350459
390250
429417
464375
497000
538167
577041
615500
654042
693791
733458
771250
806709
845209
884833
920541
963875
1001917
1039709
1077292
1115791
1152500
1191750
1230917
1269209
1305583
1341792
1382375
1421375
1460750
1498958
1537500
1576417
1611333
1649083
1687083
1725958
1761333
1799875
1839125
1878583
1918042
1956709
1995125
2034583
2073916
2113541
2152167
2185334
2218750
2257708
2296083
2333917
2373209
2412417
2450083
2488958
2527708
2566458
2602417
2641250
2680834
2719459
2758042
2797333
2836292
2875666
2912875
2936292
2956667
2974000
2994708
3015750
3042708
3064041
3084916
3105625
3127667
3148458
3173167
3192375
3198625
3221167
3242041
3264042
3284334
3305500
3325958
3346333
3366625
3386834
3407834
3424875
3446125
3468042
3488542
3509000
3529458
3549959
3570709
3591125
3611959
3632500
3649916
3670000
3683875
3704917
3725500
3745959
3766292
3765416
3785792
3806833
3828167
3849334
3871458
3891916
3912625
3933417
3954125
3969583
3990208
4010417
4018667
4039500
4059250
4079792
4100458
4120750
4141292
4161750
4182584
4203541
4229042
4246666
4266625
4287750
4308792
4329375
4349667
4370416
4391000
4411583
4432042
4451208
4445292
4462083
4479208
4496959
4514000
4530708
4547416
4564042
4581250
4598334
4614375
4628084
4646208
4663000
4679666
4696333
4713125
4732041
4749417
4766250
4782375
4799125
4815417
4831916
4851833
4869083
4886250
4903417
4921625
4939417
4954708
4971958
4989125
5002916
5020917
5039459
5057083
5074084
5106792
5123667
5139542
5155750
5172667
5188625
5203125
5220125
5236958
5252250
5269416
5285958
5303083
5320166
5337167
5354500
5371541
5382166
5399375
5416000
5433291
5450208
5467083
5481666
5498583
5515958
5533292
5555875
5570125
5587292
5603833
5621084
5637958
5647541
5665333
5682708
5699875
5717375
5735792
5749833
5767083
5785042
5802500
5819084
5836375
5853833
5872625
5890791
5907625
5925083
5939459
5956584
5974083
5990000
6007875
6024875
6042167
5997375
6013208
6030166
6048083
6065500
6082666
6098500
6115708
6121750
6138958
6156292
6170375
6187584
6204791
6221667
6239000
6256541
6274166
6291375
2765458
2783042
2801791
2822500
2841166
2860208
2879541
2896875
2915417
2934291
2954708
2971625
2988083
29583
50250
65167
86833
109917
132959
155041
174375
194250
213958
232416
249875
269916
289917
309458
341625
361584
381417
400792
421500
444250
464000
483125
502291
528833
548750
573375
593208
612375
201000
220125
240167
266625
285666
304083
330250
350042
369167
387500
407125
423833
24584
24209
42375
59917
79375
98459
29375
47208
56292
77000
96167
120833
144750
167916
191542
214333
237041
256375
279375
302292
325167
348083
370833
395375
49209
87042
122583
45959
83708
47000
47292
51333
97916
56709
54584
59875
49041
67333
51292
95917
140667
183292
223958
267250
306958
347000
388250
429458
468625
504500
546125
586542
629583
671208
712500
752209
792208
830208
54084
118375
168417
213125
257666
300459
343834
382875
49583
47792
87709
137041
179125
219625
260541
60333
122917
165791
205916
80458
176083
224000
267125
308792
349958
391125
431875
474583
517959
558167
591334
632916
674000
716416
757708
799917
841042
881167
919208
960542
1002125
1039667
1084291
1136791
1181625
1224209
1268125
1311542
1353083
1395375
1436708
1479167
1518458
269291
80250
103625
224250
261958
311791
356334
398375
439459
477500
521375
564041
606333
637125
676667
718959
760875
804959
847375
888584
929958
973750
1013750
1055334
93583
89833
92167
96958
169625
94708
186625
74666
88500
93417
204209
88791
88875
91667
91542
95291
95250
188750
229500
246625
288792
331750
371458
414958
458208
500250
538709
580042
621500
662709
701166
742083
783167
822958
860958
902875
942792
983125
1025209
1071500
1113208
1149833
1189459
1230375
1271375
1312291
1353167
1393500
1431958
1482833
1526292
1568500
1605792
1647167
1687792
1728417
1766000
1805959
1846250
1887541
1927875
1969875
2009625
2047792
2089500
2130834
2172333
2215833
2258958
2301208
2344459
2383250
2418416
2443458
2462416
2486167
2508834
2525250
2547083
2568792
2590875
2612416
2634542
2656500
2678084
2697375
2719917
2740375
2762583
2784625
2807416
2830916
2854208
2876500
2901125
2923750
2942292
2958292
2975125
2998416
3020000
3041375
3065083
3084333
3091708
3112250
3130209
3146334
89625
200750
244917
284292
327625
366125
406125
445792
485833
523333
558042
587875
626917
660459
701375
742209
77542
172500
95458
212250
259833
302417
345500
386125
426375
468500
508625
552958
122500
224208
264291
292750
335667
378459
420666
459709
500458
541708
582292
615916
657375
698750
741250
783584
824500
867666
909083
951167
988292
1029583
1067458
1110000
1151459
1194167
1235542
1276917
1318500
1359208
1401000
1449916
1494042
1532000
1572833
1611709
1646792
1687417
1728125
1768875
1809500
1850250
1891458
1932500
1969834
2010250
2051500
2093417
2134333
2176291
2225750
2266750
2305250
69250
84416
94250
85250
89417
217416
256750
298291
68583
74541
65042
49458
81500
182250
227500
268417
311584
356000
398250
440917
482625
536375
572458
619375
662500
700625
742375
788375
831500
871750
909000
952875
994041
1035792
1076791
1117708
1154916
1201333
1238084
744417
781625
821542
56208
103375
148834
192500
232833
273250
316167
357750
403916
447791
487542
513875
48833
88583
130583
171500
214291
254167
295250
334667
375542
415917
456583
492750
50000
87208
128334
48417
49125
49542
91250
133500
49666
89166
86875
200084
246791
278625
321917
357542
383000
405958
428584
451042
471833
495875
519250
541000
557958
580083
601958
622375
640625
662250
683417
705125
726667
748167
770500
788459
809625
831416
853084
870291
890958
912041
933541
956292
979333
1001083
1022791
1042666
1064541
1086250
1105209
1126750
1149708
89084
204792
247500
286458
70416
145833
187500
231166
101917
165625
200292
226583
267583
308709
349959
390083
429833
470709
511167
546792
590542
633000
673250
714125
755708
797334
838958
883625
923209
963625
1001417
1042875
1082833
1123333
1163750
1204042
1244666
1285250
1325792
1366542
1408833
1446334
1487208
1526292
1559917
1606708
1646917
1687667
1727250
1768750
1808791
1848708
1886667
1927500
1966417
2007125
2047333
2087875
2128167
2170792
2211625
2250708
2288958
2326959
2367166
2407584
2448750
2488875
2529500
2569834
2611583
2653000
2678291
2708042
2727833
2749750
2770917
2792000
2807542
2831708
2853625
2875417
2898833
2920458
2942750
2961375
2983125
3004667
3041542
3066666
3088833
3109792
3131333
3153125
3175042
3196750
3218958
3238209
3260167
3282167
3305292
3327167
3349125
3371292
3393250
3415375
3437250
3459167
3478542
3498958
3509125
3404958
3426750
3448959
3470500
3492875
3515000
3537042
3559542
3577042
3598875
3619334
3640875
3662584
3684209
3706291
3647084
3667584
3689000
3711875
3734291
3753125
3775083
3797583
3819708
3841916
3863334
3881667
3904250
3926208
3947666
3967167
3988750
4011042
4032791
4052625
4070750
4089375
4103583
4121875
4139833
4155459
4173834
4191542
4210292
92833
187541
227584
257958
51000
87500
185625
89625
58750
147375
171125
192292
213458
233041
253750
267125
88750
84167
82958
192166
76083
92625
222666
269625
311833
72167
86541
91667
213083
52750
86375
93625
71084
146583
98333
213333
248459
290833
327750
51375
78458
86208
60042
41875
89042
112500
24250
45083
84417
189375
231125
270458
310958
350708
64667
89083
90417
201042
58583
95041
77625
87792
91042
90917
178542
216792
259875
86333
212708
259083
301708
59333
118834
168375
212375
253583
293666
326291
369125
410792
452291
488042
522792
564458
605000
645250
686375
727792
768375
807125
844584
886208
927083
963416
1002541
1049458
1089042
1128833
1170458
1210333
1250333
1290875
1332667
1365333
48250
89125
131750
171792
211792
251209
291125
330333
370417
412708
453750
483083
522625
563209
604000
645125
685166
724917
765042
806334
845917
885667
921000
961375
1000083
1041042
1081084
1122375
1161042
1201458
1242333
1282958
1323417
125250
211250
248292
286666
322792
359292
401708
458166
501958
545875
587959
622500
664584
706542
748833
789459
829584
869375
910750
952208
995917
54208
107416
154708
196000
238708
281375
322750
362541
403375
443584
483292
517584
558000
598708
639625
680709
721500
764291
804875
50916
88792
203917
249667
291125
333166
372625
415541
457042
498666
539625
579209
612459
661917
66042
137792
181292
222791
262583
304417
345541
388750
430417
470750
514334
547750
587291
87500
80833
96917
191583
224792
269250
309250
350625
390500
429708
471500
512167
551416
589583
630000
677292
719250
760542
800791
841750
880625
918667
962792
1005125
1043042
1083667
1124250
1166500
1207584
1249000
1290084
1331125
1369917
1410916
1450875
1496042
1535750
1577334
1617959
1657833
1696750
1736834
1776500
1817750
1858708
1898958
1934875
1975167
2014667
2055042
2097000
2137584
2177541
2219125
2251084
2291416
2332667
2369750
2411042
2444417
2466208
2487750
2509458
2531792
2552541
2574083
2595959
2617791
2639542
2661959
2677916
2699958
2721250
2743292
2764167
2786958
2808917
2830625
2852500
2871625
2892792
2914250
2935417
2958417
2977250
2999209
3021208
3043042
3064916
3086459
3109167
3131542
3153583
3175333
3195916
3217542
3239333
3260750
3282667
3304625
3327125
3346958
3354958
3376208
3399125
3420667
3442542
3465875
3487584
3503542
86250
81958
72667
74834
168667
212916
251292
293708
336875
375875
419167
462708
509250
53125
99375
147375
50625
92625
73583
178875
93083
90958
85167
85167
72292
94292
88917
208250
75375
89875
68167
66416
62250
76500
197875
234458
266375
291542
318084
60666
150125
172959
191083
209292
227084
245375
264709
283250
302417
317250
328292
344166
363083
378666
395833
414584
429542
443834
460000
477166
492875
506292
524042
539875
555125
570375
587833
603125
618458
633500
651334
666834
678625
691084
701750
717167
732459
749083
765333
781208
796667
814125
829500
845292
860834
877209
893042
908500
930292
946667
961458
976417
993583
1008875
1025750
1041083
1056291
1071625
1086750
1102209
1123958
1140083
1155291
1170292
1187750
1201583
1217125
1230791
1249000
1265083
1279917
1295833
1312250
1327250
1342458
1359000
1374708
1389791
1403667
1420875
1436167
1449750
1465208
1482542
1498000
1513458
1528959
1547083
1565167
1580125
1595875
1612917
101000
228584
274208
316083
93625
92833
93583
91584
62459
91416
82541
209584
257125
299125
340875
88750
202250
89333
210125
248041
289958
331625
91292
83000
198333
245583
287291
329834
370834
411667
453375
496583
535459
571875
605792
646083
688292
733292
773792
814542
854417
892334
933375
973333
1013542
1065084
1106083
1146500
1187667
1227750
1267709
1315084
1354625
1393542
1433708
1473541
1509625
1549709
1589958
1629416
1668292
1708500
1748709
1789583
1829666
1869833
1910541
1946958
1992583
2034500
2076209
2116458
2156959
2198166
2237667
2289875
2329917
2370458
2407333
2446875
2487084
2527500
2567625
2605375
2640125
2680916
2720750
2761375
2801958
2840208
2881000
2920917
2961084
3001333
3040792
3082042
3123334
3164209
3207292
3249583
3286292
3326292
3370375
100000
82542
199083
247541
288375
86208
94208
202875
108250
244458
297209
317500
356250
397125
436666
476959
516792
560083
600875
631875
712875
760167
804125
846208
869000
923791
979833
1004375
1023542
1013625
1025625
1048917
1071500
1093709
1115500
1144916
1169292
1195000
1216500
1238458
1261375
1281666
1306084
1327209
1342792
1369750
1392709
1414500
1436583
1458667
1480959
1511542
1529959
1549875
1574250
1595541
1615750
1637167
1657791
1678792
1699333
1721000
1743375
1760500
1782000
1789834
1481250
1498792
62458
162833
186875
207125
229208
247541
267875
281375
301667
321750
339333
359584
385333
405500
425750
446042
466500
485292
502334
524792
544667
565334
585125
608584
629833
650042
671250
692792
713291
731417
750916
771917
792125
810916
827875
848292
868250
888791
909083
929083
948375
968292
988000
1008292
1028625
1050875
1070667
1089958
1110625
1124916
1144583
1164125
1183666
1203333
1223125
1243125
1262083
1282333
1302250
1322208
1340417
1370292
1390291
1410042
1428083
1448083
1467666
1487791
1507667
1527708
1555875
1574333
1595375
1615584
1635125
1655000
1675084
1697750
1718458
1739709
1757708
1783667
1802458
1825042
1841000
97417
87875
86875
92584
86917
78416
169416
90209
92542
88250
57166
59375
62167
46750
69333
67500
67334
96041
227959
55125
59584
76500
58875
47250
33417
35166
86167
86291
38500
84417
60542
73250
60125
62584
64834
91125
65750
89500
86625
85042
90208
56875
92583
96208
91625
64125
97917
90417
211208
64209
88792
91792
92042
85041
77708
87917
212625
258167
296875
337542
369542
410542
453000
493000
529750
564583
597708
639333
678917
726292
765291
805250
842666
887000
926708
962292
1001375
1035375
1075042
1114667
1154000
1194959
1233209
1272083
1311333
1357833
1397000
1435125
1463625
1501959
1539416
1585333
1626250
1664041
1701417
1740417
1780041
1818959
1857917
1893125
1931583
1969708
2005167
2048459
2088666
2127917
2166125
2212500
2250750
2289333
2326667
2365250
2411667
2450333
2494500
2533417
2578208
2615667
2649458
2695750
1918917
1956917
1996167
2035083
2073375
2111583
2144541
2182708
2221125
2269375
2307750
2342458
2381792
2420000
2458750
2497625
2533625
2571500
2609917
2648584
2687375
2725792
2760458
2798791
2837125
2876583
2909875
2952084
2990500
3024584
3049875
3095958
3141792
3177250
3216334
3254417
3293042
3331500
3369667
3408417
3449709
3487583
3526041
3566375
3601833
3641375
3664708
3703625
3742500
3794584
3833458
3870792
3948667
4023084
4046333
4069459
4086958
4103916
4119166
4138750
4156417
4174125
4191000
4207416
4223209
4238166
4247292
4263375
4281250
4297083
4315875
4335375
4354166
4369875
4388500
4404084
4419542
4432209
4450250
4468875
4487375
4505542
4516791
4535500
4551208
4565250
4582000
4598625
4613041
4628042
4643334
4661416
4679500
4695500
4713500
4728584
4747458
4767833
4783625
4798292
4816333
4834167
4849666
4866833
4885292
4897959
4913208
4928541
4944917
4960167
4971542
4989833
5009000
5026167
5034791
5046042
5061958
5068250
5084833
5102875
5118083
5134291
5149917
5165542
5181250
5193417
5209875
5228791
5240875
5256250
5274542
5292958
5311916
5330125
5345334
5354792
5370208
5386958
5402667
5414916
5430084
5446167
5461709
5481209
5493291
94250
201083
247000
287166
329167
368625
411125
453625
494667
534125
570542
601084
639916
678666
718125
756333
796791
836083
873541
909584
947625
986209
1021375
1061375
1100667
1140166
87750
90667
94042
83041
100167
97875
80417
90875
82000
198583
242250
280209
320083
358791
397625
438042
477291
516625
553334
585958
625125
664291
703875
742750
783458
820333
856667
895375
933958
972417
1008916
1047125
1086083
1125625
1176167
1215833
1256208
1295208
1340292
1379667
1417792
1452375
1500416
1539417
1578792
1622000
1661125
1697667
1736709
1778333
1820041
1860000
1896000
1935875
1974042
2008834
2048833
2088417
2128958
2167334
2211667
2253042
2292750
2328375
2370292
2410084
2448208
2487500
2536041
2574500
2611917
2645042
2676625
2715375
2754125
2792042
2832209
2871500
2909917
2948083
2986459
3024833
3063375
3098833
3137750
3177125
3215791
3255208
3296708
3337667
3376375
3416125
3462958
3503250
3536708
3576541
3615625
3655875
3695917
3728000
81584
95875
55917
109833
93166
77333
109917
222125
259917
291875
333292
374208
416959
454750
494959
534583
571333
600166
89500
210625
255750
293833
335041
374792
415042
454208
494250
533333
570084
602125
641791
680292
719167
758417
797542
92167
193875
238791
279125
321583
359333
398667
439916
480708
520542
557583
589625
628541
668291
706458
745583
784791
822792
857958
897541
935625
975417
1010375
1049083
1087583
1126583
1165000
1204625
1249792
1288917
1340166
1389750
1435916
1473542
1514208
1554334
1597042
1638583
1679875
1719333
1759083
1797500
1836541
1875291
1912250
1943125
1981917
2021792
2061750
2101500
2141250
2179459
2219292
2259708
2300625
2336917
2376250
2417125
2578750
2652958
2700000
2740791
2790917
2833542
2874708
2916708
2954667
2993917
3035042
3074333
3115041
3154542
3194750
3234042
3274416
3327250
3369209
3404208
3443500
3483000
3522875
3561916
3600916
3641750
3681042
3722417
3763292
3803791
3839625
3879292
3918584
3956917
4004333
4035208
57666
110209
156542
199500
242459
280500
319000
356625
394500
433625
471834
504792
546292
585042
624292
663417
702750
740750
777791
813541
852000
891000
926209
965459
65458
127375
171875
212833
252084
290125
329666
369583
409208
448041
485375
517541
556583
595958
634750
673834
712084
750416
788333
823959
862125
901167
936834
975541
1014000
1053042
1104292
1143750
1187792
1226084
1264375
1302041
1340417
1374708
1413541
1458667
1498875
1536542
1576458
1615250
1654125
1692750
1730917
1769333
1804583
1839292
1879125
1917709
1956791
1996583
2034333
2072791
2111917
2150375
2194791
2232792
2272833
2311833
2350375
2388500
2426875
2459291
2497750
2536458
2575208
2613791
2648833
2687000
2725542
59083
113459
156292
195917
234834
272083
310709
349417
389417
428375
466167
497542
535791
581834
621750
661166
699667
738041
775875
811667
849542
889125
924916
963916
1002083
1046583
1085250
1122958
1162458
1200500
1238458
1277000
1317125
1353916
1391250
1429916
1475375
1514959
1553875
1592708
1632125
1670541
1707125
1745209
1780625
1819959
1858250
1897000
1938042
1977417
2016667
2055417
2096167
2135375
2173375
35209
72792
99041
118459
136500
153209
170917
189667
206791
223541
239917
253500
270083
286458
303041
319750
336458
353292
369750
385291
401500
417834
433334
450458
488666
530875
561334
578000
594000
610625
628167
645500
662167
678292
694250
707042
726667
743583
759833
776042
791916
807959
824750
842291
857625
875750
892958
909625
926792
943000
959625
976250
992250
1007958
1024417
1039500
1055917
1072500
1089458
1106166
1124167
1140583
1157166
1173666
1190833
93166
194958
81459
94417
87708
81250
104625
221792
263041
310708
352209
392375
432666
470792
510917
553083
591750
90834
68417
63334
89875
87792
85417
72208
156375
84000
89125
73375
94792
92333
77250
92334
66334
61291
86959
78209
94958
83458
61541
126333
171084
214792
254667
296834
91667
65875
92292
88083
95875
64666
93542
207958
86083
94166
90333
49542
79084
90166
98500
94250
101417
91583
75125
56041
65458
136833
183834
226708
268375
310125
350042
392209
431375
109458
229250
92333
82000
74708
147875
212708
259833
301625
342833
383458
423375
467250
509292
550167
584375
625000
666500
707875
748500
789834
831208
872209
911041
952458
993417
1033167
1075875
1117959
1159416
1202500
1244583
1286042
1326958
1369000
1410375
1452792
1491333
1532584
1573333
1614375
1654791
1699541
1742250
1782167
1822916
1862334
1903917
1942000
1983375
2024583
2067209
2108334
2148750
2186541
2226625
2267583
2308417
2350250
2387750
2430166
2472000
2505417
2529458
2552208
2576166
2600333
2622875
2645625
2665667
2678250
2700875
2723292
2746667
2768375
2791792
2802125
2823958
2845792
2867041
2889584
2911750
2933500
2955708
2977125
2999542
3020458
3039000
3060708
3082834
3104292
3126666
3148375
3170750
3192334
3214334
3236166
3258250
3276958
3298667
3320125
3340291
3350708
3372250
3393791
3415375
3429959
3451750
3473459
3492500
3514417
3535959
3557792
3579875
3602083
3624917
3645875
3667458
3689083
3711000
3729208
3751042
3773958
131167
213833
252708
293750
333709
362084
402792
444209
487083
528333
567666
607500
648542
83958
187459
241459
282583
323834
363459
404709
447583
490250
531416
569917
606000
647250
689334
731167
773625
814500
854375
892250
934667
973375
1017041
1061500
90958
166833
333375
375958
407334
432542
454292
477292
500375
522167
545375
562417
588292
613334
639042
662042
684542
706583
728292
750417
772667
792250
811292
83333
151042
192125
238333
281833
324500
366416
407459
448000
489666
531125
566584
606041
647417
688916
730666
771917
814125
855958
896708
934458
979542
1017084
1057458
1098458
1139750
1180375
1221292
1262000
1303292
1339875
1381166
1422458
90333
191458
235416
275917
319542
59625
120666
167583
211667
252417
293500
331291
373792
417500
459333
499417
533333
573208
613625
655250
695917
736708
777250
814875
852792
893166
934750
973500
54125
94750
137292
177750
217959
257500
298416
338083
378709
419833
459916
495125
535208
576042
617209
658250
698458
739000
779417
816333
856500
898125
939958
980667
1020375
1059417
1100583
1142166
1183750
1223792
1263875
1302958
49541
91792
135209
176208
217416
257125
296542
335833
376334
417000
456875
491875
531792
572833
613625
654583
695667
735958
784667
823166
863458
908584
944625
49208
92708
136166
177708
219208
260792
303041
342583
385375
427041
469500
505542
546459
588167
629375
670625
711833
758000
799542
836959
878083
918792
961209
1002375
1043125
1084708
1126500
1166417
1207500
1248209
1289375
1328625
1369667
1406917
1448667
1491208
1532583
1573792
1616416
1655458
1704459
1746167
1783000
1824042
1861250
1902083
1942917
1984666
2025500
2065875
2108125
2143667
85000
213375
261625
302833
346625
391834
433250
477083
520333
559792
597250
633542
78125
97625
182250
220292
262625
307000
349125
390083
430417
471000
510250
551500
585292
625708
665542
706750
747709
788542
829459
870750
911709
954375
992958
1034709
1078292
1119500
1160750
1203208
1244000
1284542
1325292
1366500
1407959
1460667
1500959
1542584
1584125
1623625
1659583
1700584
1741375
1780917
1821875
1862792
1903708
1940875
1981750
2024792
2066709
2107958
2150333
2191208
2231208
2271542
2312250
2352333
2399000
2440208
2481583
2523083
2563125
2602750
2644041
2685250
2726166
2759167
2800583
2821083
2842917
2865125
2886667
2909084
2930208
2948875
2970334
2991542
3013375
3035417
3054500
3076458
3098583
3120958
3142875
3165125
3186875
3207917
3229375
3252291
3274667
3291875
3310208
3331792
3353625
3375042
3396875
3417875
3439625
3461333
3483250
3505084
3527000
3544833
3567292
3589667
3611625
3632584
3654292
3676292
90167
203042
246750
287625
327959
368292
410167
453666
496125
536542
573292
608042
649875
690666
731708
773000
813917
853250
891542
933750
973708
1014833
1053250
1096041
1137667
1180083
1221625
1263792
1305250
1347000
1391291
1431250
1486916
1523500
1564125
1603583
1644083
1686917
1727166
1766667
1809542
1853417
1919833
1950375
1976375
2000458
2022125
2041791
2064667
2085833
2108917
2133625
2155667
2177792
2196292
2218458
2243458
2265167
2286583
2308500
2330375
2351791
2366750
2378958
81166
186375
231208
272208
313208
353250
395333
438375
479209
519334
556250
591667
632041
673291
713875
756541
798958
844542
882584
922625
962917
1004750
1041541
1081459
1121500
1164250
1205791
1252458
1293542
1334208
1376459
1415959
1464209
1503666
1544917
1586208
1630125
1671917
1694375
1716500
1738541
1760833
1783167
1805125
1820208
1841500
1863541
1886167
1907667
1931291
1953167
1975083
1996791
2019542
2043584
2060833
2082292
94334
167833
71791
83125
175667
209125
253375
294166
335000
86708
192708
238708
279792
323167
365667
410500
455958
498458
534042
73375
166334
213209
254333
296667
337958
378917
420708
461958
502459
541500
576834
617125
658791
699625
740333
782000
822125
860542
901708
942041
983125
1021583
1062959
1108625
1149708
1189291
1229500
1274250
1315875
1356375
1396625
1438625
1484250
1526042
1562083
1602667
1638958
1680375
1720917
1761708
1798917
1839583
1880042
1920791
1960875
2001541
2042750
2080167
2120917
2161625
2202125
2244041
2284375
2324500
2365042
65125
146292
188375
227541
268792
309250
348917
391250
431709
471250
510500
547709
588958
630041
670500
711042
752291
791667
829833
870709
911000
958125
996500
1036542
1081125
1122125
1161541
1202625
1243208
1291083
1332166
1372250
1416625
1457208
1498750
1545000
1587250
1629041
1666000
1706917
1747875
1788000
1828625
1868209
1906375
1947541
1990583
2031708
2073000
2114416
2155042
2197167
2238041
2275666
2311042
2348708
2388833
2430208
2472583
2513125
2553458
2591959
2633208
2674750
2716416
2756417
54583
71000
67208
65917
42458
125500
232000
272791
310625
345209
387542
430875
472416
511750
552208
591875
627042
667417
706833
747917
788666
829792
870666
911709
954000
993291
1030416
1067000
1107875
1149250
1189666
1230042
1270833
1318125
1359833
1387667
1409959
1432167
92500
207041
257458
299917
341208
382500
424500
467333
510167
550958
590083
623959
664750
707000
749125
790208
832125
872458
912041
953875
994625
1036291
1074583
1116334
1159125
1315291
1380833
1433041
1488042
1533208
1576250
1631084
1665334
1683666
1698791
1720250
1740667
1762291
1784167
1806625
1826084
1847666
1869375
1891333
1913042
1931917
1953792
1976458
1995333
2017709
2039417
2060417
85208
78166
65000
65791
86375
89084
193041
229291
72500
158458
189000
211541
234500
255625
279417
301708
323958
346583
364959
380375
401875
422167
442667
464500
483625
473333
470959
490875
509792
607667
635167
656209
676417
699459
720166
739250
762917
781042
798375
815834
836750
852083
869792
887709
904959
921875
939625
957250
976833
994291
1014000
1033125
1048291
1064000
1081417
1099250
1117708
1135917
1154625
1173250
1191000
1209625
1227334
1243541
1264167
1282416
1301708
1320084
1337459
1352917
1378917
1422458
1466542
1511125
1554417
1598875
1642000
95875
209583
258917
300292
341666
383791
425750
467667
509042
547958
585250
619792
660167
701375
742958
783541
831167
870250
907792
949875
990000
1030792
1069084
1112333
1153334
1193917
1235333
1276709
1321041
1365042
1408042
1455417
1503333
1541292
1582541
1622792
1653292
1676750
1698459
1721667
1741541
1763292
1784750
1806417
1825542
1847625
1871167
1894667
1913500
1935292
1959083
1980875
2002625
2024459
2046625
2063875
2085500
2110000
48750
87291
95375
61125
50708
65458
64583
129750
76625
76333
118709
240334
282500
317417
358791
399542
441583
480458
521875
563750
604000
636125
674834
715542
756958
798000
839708
881292
923750
964000
1001875
1042583
1080125
1121500
1163083
1204167
1245583
1286250
1327667
1369333
1411291
1454583
1495667
1542250
1585458
1626416
1662000
1703041
1744167
1784375
1825416
1873292
1918250
1962292
1999709
2043875
2085666
2130292
2172375
2213167
2253375
2293333
2333916
2373917
2425791
2463250
2505792
2541041
2582084
71833
91333
81625
98500
165833
203292
245542
290375
332459
375583
416125
455666
495416
535458
570875
610333
649417
65708
143041
194459
239417
281750
323000
365917
407708
448500
489875
530208
564166
605375
646584
688500
729667
771125
811291
850708
894917
936667
978208
1014917
1059625
1103792
1144500
1184458
1225250
1266083
1306958
1347292
1388917
1436209
1472625
1520458
1562667
1604000
1643500
112792
228083
269709
313125
361250
404250
444666
486542
528458
568709
608958
646083
685334
724500
765833
809500
854334
895791
936291
976917
1016333
1054167
1092000
1136083
1176708
1217542
91792
91000
196334
244958
290041
328666
368916
408625
451542
498083
62083
122542
167292
210875
251250
293083
333791
380417
425666
471333
512458
546334
586542
627458
668375
709042
750625
794417
834417
871625
913916
957083
993833
1035333
1075833
1116417
1162833
1203625
1248250
1291458
1334208
1376250
1417417
1454250
1493834
1532833
1573000
1614208
1658167
1699750
1740208
1780916
1820709
1857500
1895417
1935500
1978709
2019000
2059333
2110792
2153334
2193875
2235834
2276208
2316583
2354250
2394875
2439625
2479750
2515084
2555333
2596125
2636958
2677458
2718333
2758666
2797958
2839500
2866125
2887708
2909084
2930458
2955375
2977208
2999167
3020666
3043000
3061167
3083042
3104666
3126375
3148375
3169042
3192625
3215083
3236625
3260500
79458
64875
78708
94292
76166
173167
219666
261417
302542
67541
137208
173125
211083
75916
165500
92333
207125
243583
58291
118750
166792
208916
93667
52584
126167
146208
162459
179750
194791
211916
228917
246458
263958
284083
66959
133417
184375
58167
120459
177750
222083
265000
307083
348750
391208
432042
475208
516042
550917
594541
635292
676291
717291
758709
799708
835875
875250
916625
957625
995084
1036875
1077333
1118708
1159417
1204625
1244500
1287541
1329458
1369166
1408708
1446292
1486500
1526959
1565792
1609917
1651459
1696083
1741083
1784334
1823875
1864875
1902667
1943458
1983917
2024375
2066958
2110375
2149916
2191292
2232291
2273667
2302584
2317959
2332875
2348041
2362834
2384875
2396250
2409292
39916
74959
102291
128791
153667
177500
201791
226583
252167
276500
297333
316708
339875
432625
462917
487833
509625
532792
556750
576334
597000
618917
638375
659042
679583
701709
718375
739375
760125
780166
800792
821083
844458
864084
883625
903709
925000
943584
963708
981833
1001875
26875
49583
72458
94125
114375
135625
156834
178416
198917
222709
244792
261834
283625
304500
321834
62375
126083
170458
212250
252917
294375
333625
375167
417708
48709
61291
63125
52708
101459
145708
187833
230875
269583
308250
348625
389334
429708
470333
505875
547334
588500
636792
52042
91708
142166
185459
226583
268250
308625
347791
389833
431584
471875
500083
540834
582125
622292
662792
704000
744416
784708
814250
853833
894167
933000
65792
127500
174292
216375
258250
299167
339834
380666
422667
470625
513333
546208
587000
628750
698666
740875
783417
827917
874667
913041
61542
129625
180167
225000
266334
307791
350375
390708
435875
480625
525041
561416
602459
643084
684291
725541
765875
807250
850583
888000
105166
183458
221625
260209
288250
329583
369125
410209
451750
491750
532250
567375
607416
646417
53000
104208
150000
192667
238958
281666
323708
364166
406667
449083
490041
525583
565459
606458
647625
687875
728792
769042
807834
844250
885291
925958
969834
1017500
1058166
1097750
1140958
1181083
1222125
1262542
1303375
1343708
1382625
1422250
51333
90917
133958
174333
214459
254709
295167
337250
379125
419542
461875
497333
537167
577500
620791
661583
702916
45958
90834
190375
87333
197167
245541
287916
330750
372167
414292
456958
498834
76750
158208
206417
250334
290792
331333
371167
410666
452875
498333
527791
566875
607375
649084
689750
730500
775208
820084
861584
899417
954750
992958
1035209
1054291
1069709
1087791
1105000
1121875
1138625
1154208
1170625
1188000
1204750
1220000
1234375
1249166
1264458
1278833
1294541
1313083
1330416
1337917
1353041
1369875
1386708
1459416
1483708
1504166
1520416
1532875
1550625
1566125
1578375
1594209
1611250
1627167
1642792
1665375
1685292
1704042
1722709
1742916
1762542
1776125
1792750
1804458
1822375
1840250
1858458
1877083
1895334
1913625
1931125
1949250
1965292
1984666
2002750
2020458
2038334
2056292
2074542
2092792
2111875
70375
130500
174042
216083
256458
298375
338708
378875
423542
463917
502917
537167
576708
618541
659042
702667
58000
84792
170792
71541
145291
102708
207917
247500
289667
335709
378459
427167
470750
510750
551459
592000
77875
163417
211875
255333
296583
337125
376875
416917
449708
491625
531791
575000
47584
95209
196834
232208
261541
286584
312667
336750
359875
382541
406333
426125
438000
459917
481917
505750
528958
553041
579125
603417
625375
649333
673417
694500
717958
744750
61875
150792
71542
93209
65750
64917
53459
84958
214750
265500
307416
348875
387500
89833
103083
94083
194208
77125
164791
199334
228666
258125
285458
315417
347750
379083
407625
433875
457750
487000
516417
545500
575292
604792
633125
659458
691333
722583
751667
775375
809750
850750
891750
931875
972167
1012292
1053375
1094375
1135208
1176959
1217167
1258416
1297833
1336875
1376958
1417667
1466500
1507417
1546958
1587584
1626000
1666792
1708459
1749958
1791208
1833083
1875625
1926458
1967625
2009083
2042709
2070083
2099375
2127500
2155833
2184208
2215417
2246500
2275333
2303750
2333292
2237334
2262583
2291333
2320250
2349542
2377791
2405875
2434292
2463042
2491625
2522000
2544250
2565667
2587292
2610708
2632792
2656584
2678375
2700417
2722667
2744333
2765750
2784833
2806583
2828000
2849916
2872042
2907875
2930458
2952375
2974750
2997166
3017875
3028958
3050875
3073125
3095750
3118333
3140792
3164000
3186042
3209291
3231417
3254417
3276833
3298708
3321584
3334000
3358167
3382875
3405250
3428041
3452500
3475167
3497750
3517959
3541542
3563541
3588041
3610667
3632667
3656708
3679500
3702167
3726250
3750458
3771667
3794541
3816958
3839583
3862625
3886500
3909667
3935583
3957750
3981917
4005792
4025833
4049292
4073333
4098125
4120916
4146417
4167042
4186500
4207375
4226875
4244625
4258292
4277041
4296042
4314417
4335334
4354875
4374292
4393083
4406708
4409666
4428875
4445709
4465292
4483667
4501917
4522750
4541459
4561375
4580833
67208
140959
184791
82042
202125
248167
289292
93875
207542
256792
298959
343709
386292
428834
470875
514458
555250
591666
625000
666125
707625
749125
791417
833625
873583
911958
952791
993875
1034917
1071875
1113209
88209
168041
222083
268000
313000
363666
409042
453084
496541
538583
578459
612833
652792
693708
742917
784417
825500
866083
904291
945500
986666
1031166
1068875
1119500
58708
139416
163125
180667
197292
212333
229083
246500
264917
283000
299667
312708
329125
345167
362792
378917
394791
409334
424083
440084
455209
472416
487833
504042
521041
536708
553583
569500
586000
602459
112625
216125
73208
87209
214625
263959
306542
351375
393166
436292
479583
522167
562167
39750
35125
66333
91167
93125
91000
49917
137375
90000
49917
59250
163833
78000
181000
218459
250875
276750
301292
325334
350417
377458
401708
426125
442500
466625
491250
515917
540250
564500
594542
616917
641083
665708
690291
712375
736500
752917
775500
799333
825250
849583
873458
896833
921084
947708
967333
989750
1013291
1046500
1075334
1097584
1118041
1138167
1158375
1177708
1196000
1212167
1232167
1251750
1271166
1291208
1311792
1332833
1352459
1371958
1392625
1414458
1433708
1453166
1473375
98416
210083
268000
312458
355583
396291
443000
486917
531416
572042
610834
641041
680625
703500
725417
747416
769583
790500
810375
832208
854208
880667
901416
924083
948709
971333
993750
1015792
1037500
1068709
1090542
1111916
1133375
1151291
1172959
1195000
1217833
1238500
1260084
1281500
1303083
1324250
1347458
1369917
1387958
1417625
1437959
1460875
1482416
1504292
1526083
1548500
29250
97041
59709
160708
57125
88708
69583
48334
85542
82916
90042
212667
260417
304584
346875
389125
431792
474041
516125
554583
587791
621292
662416
703041
743292
783500
824334
863250
899417
946042
986625
1026875
1063208
1104375
1144250
1184833
1229083
1270083
1310875
77375
126583
162084
206166
245875
286791
326500
366709
412458
452625
54208
105208
152708
200167
241125
295042
337375
384708
427833
469708
511250
557792
598208
638875
679417
720500
761750
802167
846583
884250
924834
965000
98750
183292
221417
257375
301667
343208
385750
425333
463708
503416
543791
579916
619292
658333
697958
738417
778167
833209
874542
914958
957792
995250
1032458
1072875
1113708
1157167
1198166
1241166
1284167
1325292
1365583
1405917
1453750
1492875
1534208
1578750
1617500
1653417
1693292
1734334
1776750
1817042
1857250
1897625
1934500
1974792
2014916
2059417
2103458
2147208
2190667
2231584
2271666
2312000
2366166
2403333
2449000
2488209
2531875
2570792
2611250
62541
91500
61083
92375
88000
194084
88875
93250
94042
93708
90250
60042
91583
210458
97708
198167
81583
166208
209958
251791
291583
332375
373875
415667
458000
505417
544916
586917
629000
670083
711375
752375
793750
831958
869833
914375
412167
451291
492792
49416
98958
141791
183125
223000
262958
305125
122833
245625
284542
328791
375500
418708
469625
513417
554209
594458
633500
668625
712583
755458
796667
837875
879959
921000
965042
1008958
1049291
1086125
1122667
95666
87750
208042
255208
295416
338084
378917
420166
465792
512375
82042
86916
91125
208666
255500
296541
337125
376292
419334
462834
502709
543250
582583
617375
657584
697833
745709
790500
831750
870917
909042
949459
995250
1036166
1074459
1115292
1155917
1196291
1236875
1281209
1321583
1362250
1406791
1456333
1500000
1539708
1580250
1620792
1659291
1708000
1740042
1761792
1783958
1805083
1827916
1849500
1869083
1890542
1911875
1933083
1951667
1973084
1994291
2016917
2038500
2060167
2081583
2098750
2120584
2142125
2163542
2184916
2207625
2228125
2249209
72500
148083
88583
205500
83917
59583
146958
109500
238041
84500
68833
91541
95041
62000
87500
91541
208084
243708
61500
92917
90000
217584
85875
94375
89541
122417
207000
243417
285542
318042
353833
395000
441042
483375
522792
558291
597000
638333
677583
718375
756000
794041
834958
873791
914166
953083
993458
1029208
1067458
1102208
1141542
1180167
1219125
1258584
96125
53167
78209
92333
76292
93375
91417
187625
234208
274541
314291
352750
389791
429416
469875
508125
544958
578166
617417
657209
696083
735042
774750
812667
848833
888209
927375
966500
1002750
1040875
1080375
1120125
1159292
1200084
1239916
1279500
1316791
1355625
1393875
1430208
1479625
1519875
1558916
1599417
1639667
1679417
1718625
1759333
1800250
1847584
1881667
1921000
1960208
1983375
2003750
2024750
2046458
2067458
2088291
2111334
2133708
2151333
2171917
2195000
2216459
2235000
2250209
2272375
2295417
2316291
2337208
2358458
2375875
2396625
2417541
2438833
2459459
2480959
2502917
2524916
2545875
2566750
2589041
2605916
2629625
2651333
2673375
2683250
2704375
2725375
2747959
2768666
2789500
2810250
2827166
2847792
2868292
2886750
2898125
2920083
2940750
2961166
2983000
3004542
3025334
3043125
3064917
3083834
3105084
3126167
3148917
3169917
3191667
3214917
3235417
3256500
3273417
3295000
3317833
3340500
3361291
3382334
3404208
3415917
3435709
3456958
3479417
3495541
3512750
3532958
79416
180791
223208
262125
303625
340708
379042
419125
459166
497792
532959
567125
607333
647500
687750
727417
766875
804750
840583
880167
919417
958959
995416
1035000
1074958
1114709
1159709
1199875
1238458
1277833
1316375
1347375
1386958
1433334
1474125
1511708
1551458
1591000
1630291
1670000
1710166
1748667
1787375
1823709
1860000
1899875
1939209
1978917
2018792
2057916
2097166
2135458
2174459
2213875
2254166
2297167
2336042
2375584
2413125
2445875
2485125
2523333
2565750
2608875
2648667
2688292
2724500
2763917
2803750
2842542
2885291
2927833
2949250
2970708
2992083
3013500
3035125
3053083
3075708
3096834
3117583
3137416
3158250
3179083
3200375
3220708
3241792
3262416
3280166
3301833
3323750
3334792
3355708
3378708
3401042
3422750
3445583
3466291
3488541
3506042
3528917
3547666
3568333
3589125
3611709
3633166
3654667
3677250
57208
89750
78208
95375
217334
265167
307708
349917
384875
424791
469333
513750
554625
592625
624625
664542
703000
742708
782125
821875
860541
896417
935625
973834
1014000
1049250
1088125
1127000
1166708
1206083
85167
195708
68500
90375
48250
113709
135792
55708
70041
144541
86042
128459
165041
198917
237084
273000
317042
356083
395542
436125
475083
508542
548584
588459
625542
663208
702417
742542
781875
75084
133292
178959
217584
249417
290833
329583
366834
405875
446083
488167
528666
567917
606375
646542
690083
730625
771208
811625
850792
887625
924166
960208
1000166
1039542
1079333
1126000
1166250
1205459
1245084
1283875
1323375
1362333
1398083
1436458
1476125
1513208
87917
94750
181041
91500
220000
266666
308000
347458
384583
424625
466833
510625
553708
593625
626917
667291
707791
746833
786542
825875
864375
900042
939500
979292
1018709
1054166
1093791
1134000
1172833
1211916
1250625
1290000
1329459
1368375
1407167
1446375
1488417
1527958
1567250
1605958
1644583
1675959
1715417
1756041
1794708
1831833
1870708
1910875
1949875
1989500
2026208
2047375
2064583
2078417
2099000
2120666
2142334
89292
183542
222375
251292
292750
92292
65916
91875
157084
195625
231625
271750
314417
353000
412917
452958
491125
528625
562667
604833
642291
682292
722500
762958
802292
842042
882042
921791
958375
994291
1038208
1077875
1118583
1158208
1197916
1243375
1284500
1324208
1363333
1402459
1438333
1479541
1518666
1558916
1593167
1632625
1672125
1710625
1749375
1788792
1828917
1866084
1907000
1946041
1994709
2036000
2074625
2116042
2154458
2192125
2231916
2273542
2309250
2346333
2385333
2424708
2464042
2503625
2547000
2587166
2628042
2666125
2707167
2744709
2783750
2815250
2837334
2858959
2881916
2903166
2925041
2953250
2976542
2998834
3016542
3037417
3059708
3074667
3095666
3118125
3139042
3161250
3182708
3204792
3226833
3244250
3266166
3289042
3311500
3333750
3356292
3376834
3397959
3418917
3441583
3463834
3480916
3501333
3522458
3545333
3566375
3586208
3609083
3630458
3653167
3673542
3689792
52375
96792
143000
186458
225459
263209
301417
342375
382709
422792
462042
495417
535250
574917
614667
654916
694666
734042
771709
807833
848125
887417
928792
967541
1005875
1045166
1084792
1122667
1161958
1207417
1247708
1285333
1323917
1360292
1400542
1440084
1484750
1524375
1564333
1601167
1640083
1678916
1717875
1756291
1792667
1831792
1870583
1908958
1948125
1990250
2029542
2067375
2107375
2148334
2187750
2219083
2258458
2298542
2337708
2379583
2419500
2458583
2501292
2541500
2582042
2621291
2657583
2697084
2736584
2775542
2816000
2855584
2893750
2933167
2972625
3012000
3051500
3087583
3108875
3129458
3150083
3170958
3191667
3212500
3233500
3254208
3273250
3282375
3300458
3321625
51084
89500
133334
172916
211584
249708
288417
327125
366541
405625
443542
476416
515834
555334
593291
632583
671209
710417
748833
784792
824041
865375
900709
938916
976750
1015833
1054459
1092917
1132083
1171000
1208958
57125
61875
123667
167417
210083
249417
286541
324125
362166
402792
443375
480458
513708
552833
591250
630500
670083
709500
749375
788708
824833
96125
89875
212166
257125
296917
337083
374875
414375
454791
497750
535917
573083
606125
646000
689625
730333
770417
810625
849250
885417
926000
964792
1004833
1040875
1080042
1119834
1159125
1198875
1238708
1277917
1324416
1364084
1404500
1444041
1486625
1526250
1564834
1603458
1642292
1680417
1721125
1760833
1799167
1836750
1876958
1923166
1964500
2004125
2046667
2086583
2125958
2164500
2203666
2242542
2275292
2314375
2353875
2393125
2432709
2460417
60208
131375
180458
222834
262959
303209
342625
381416
420667
460041
498041
529959
569166
608042
648416
688458
728084
766875
805291
836542
875208
913833
950125
988917
1027959
1074250
1114125
1153500
1193542
1237292
1276000
1314833
1356250
1395625
1434166
1473959
1514000
1554041
1592084
1631416
1670833
1710333
1749166
1788250
1824875
1863917
1899667
1946583
1988083
2027083
2066125
2105625
2147666
2187542
2226334
2265333
2303875
2342917
2382542
2421500
2461166
2498584
2532333
2572042
2611334
2653292
2689250
2728083
2768000
2807875
2846083
2885667
2923542
2961958
3004291
3046958
3086750
3122333
3161083
3194375
3216042
3237625
3257333
3280250
3302958
3324000
3345000
74250
165458
208125
249334
290959
330917
372250
412875
453833
492875
529125
562792
602417
642000
681375
721250
759792
797875
834125
867375
906750
946083
986333
1030250
1069708
1108791
1147416
1185833
1225042
1264708
1300958
1339666
1378125
1417834
1460833
1500375
1540042
1579792
1619583
1674417
1701959
1719917
1742708
1765792
1788708
1810167
1834916
1857458
1879125
1903916
1926791
1948125
1966750
1987750
2009042
2026875
2042250
2063459
2084333
2105500
2127958
2151458
2172792
2191000
2213334
2234625
2255208
2275833
2296792
2318375
2339209
2354250
2369542
2390250
2411000
2431958
2446250
2466500
2487209
2508083
2528791
2549208
2570500
2588916
2610208
2631542
2652542
2672250
2681167
2702000
2723292
2743750
2764917
2786375
2804958
2826667
2848917
2878042
2901625
2925584
2947250
2968500
2989208
3010083
3032958
3052209
71417
146750
189750
230333
268000
307750
344917
383083
424042
463167
499917
531750
570208
611041
650541
689292
728833
768209
805625
840750
879708
919167
954667
993167
1032542
1072000
1111084
1149583
1188375
1227125
1266458
1310917
1356084
1391583
1429875
1469292
1506500
1545167
1583959
1623291
1669292
1709667
1749208
1791667
1827875
1867375
1922583
1962958
1999625
2038750
2078042
2117458
2156500
2194958
2234167
2274583
2313500
2352875
2379750
2400459
2421500
2444958
2465666
2485542
2500916
2522125
2540375
2560667
2581625
63083
131125
178667
222916
263916
303458
342667
380792
420917
463625
503708
536125
575958
615583
655166
699542
740791
779417
817959
853917
893333
933125
970041
1009750
1050042
1089792
1133459
1173375
1212833
1267833
1310084
1349250
1388208
1424250
1462750
1502083
1541375
1581417
1619125
1658958
1698459
1737292
1776709
1815083
1833333
1854500
1875833
1896917
1918334
1939250
1960750
1981875
2002792
2024042
2045333
2063750
2085042
2109083
2130583
2151875
2174750
2195750
2209750
2230916
2251750
2273000
2289500
2312083
2333166
2354334
2376917
2399833
2421125
2442250
2464375
2485417
2508083
2526041
2546917
2567875
2589625
2612208
2634708
2656167
2677250
2697959
2719959
2741084
2760625
2782416
2804625
2825500
2846125
2866333
2876500
2896875
2912375
2933000
2954208
2975458
2996708
3017375
3038042
3058583
3079417
3100166
49875
58667
109459
151958
191416
231625
272625
313166
354417
395875
437208
474500
516000
552459
594292
635167
679250
719167
759209
799250
839292
880209
922166
963666
1001167
1040333
1082250
1123000
1164584
1205000
1245500
1286583
1325917
65666
120125
168291
211792
254916
296709
338625
378458
420667
462959
503291
538334
580000
624625
667000
709000
750584
792959
834541
872667
913958
955458
993208
1037375
1078458
1120292
52750
92500
134375
175875
215292
255334
296292
336042
377250
418000
452334
486708
529084
570000
613125
654209
694667
735500
775625
812250
856500
897875
935291
975458
1018500
1058209
1098125
1139750
1180416
1218875
1259041
1300083
1340750
1381459
1422958
1463792
1503875
1542292
1582917
1623000
1665208
1705083
1744750
1785292
1823500
1864250
1905500
1946708
1987709
2031166
2071750
2113000
2155542
2190250
2231250
2269167
2310500
2358750
2400875
2442083
2483292
2521708
2562458
2606958
2648167
2688166
2729000
2769084
2810209
2851542
2892250
54333
100917
144792
187542
227417
266791
307666
347000
387791
428458
468542
503958
544167
584250
625792
666083
706625
747292
788209
826875
866959
912334
954334
995000
1034750
1075250
1125209
1166292
1208208
1249125
1290375
1329750
1370708
1408167
1459125
1502083
1544083
1586083
1629708
1669167
1710541
1751291
1792542
1834166
1872250
1915792
1957042
1998459
2039333
2083833
2125375
2167166
2208542
2249583
2290125
2325625
2375125
2417792
2458667
2501709
2542750
2584708
2627542
2672292
2713667
2754375
2792125
2833834
61500
116916
161750
203167
242000
282083
322500
361459
402875
443625
482542
520958
563500
604250
645583
690959
733583
773750
817125
855208
897667
942833
984333
1025583
1065417
1114250
1155500
1196041
1236500
1277000
1316375
1357792
1398625
1435791
1479084
1521042
132792
231250
274458
319333
354833
392958
434834
481041
523542
565125
605708
642792
684000
726542
767792
807917
848042
889416
931750
978666
1019917
1062292
1100709
1141083
1179125
1221292
1263167
1307750
1352500
1394417
1438958
1480000
1521792
1560042
1601500
1651625
1693208
1735083
1776417
1817334
1852625
1888250
68916
147000
198417
245500
287750
329834
373750
413500
455125
497875
536625
579209
620125
661708
706625
750583
796167
840834
881584
920875
962500
1007542
1046333
1087750
1129208
1170375
1211667
1252250
1294000
1334291
1375167
1415959
1456708
1498833
1539250
1580041
1620000
1660750
1699959
1740583
1781500
1830792
1869542
1909875
56375
154416
172292
192916
214000
233333
89625
62250
95709
72500
82958
188000
54000
50542
92875
138875
182375
221750
262250
302417
341875
384375
425625
465666
501292
543083
584625
625875
667625
708708
749000
789125
827875
873042
913583
947500
989250
1031209
1072875
1113959
1154959
1197542
1236667
1277541
1320500
1364625
1407417
1448084
1500833
1543125
1580792
1623541
1663000
1704125
1744667
1785250
1825875
1866666
1907541
1954833
47958
87083
132125
173833
213292
252875
293250
333542
371000
392917
414167
430583
452209
474416
495709
517416
539417
561875
583625
602542
626750
648542
665750
686708
708375
728583
750584
772542
793916
813958
835709
857958
881750
900334
922333
944584
966334
984917
1006791
1028542
1053792
1077500
1099416
1121625
1142500
1164792
1186916
1208625
1230625
1252667
1274500
1296500
1314041
1329166
1350708
1377042
1399250
1421042
1442625
1464292
1486250
1508875
1530750
1552667
1574792
1596500
1615083
1637417
1659792
1682000
1705917
1727666
1748166
1772208
1794416
1816584
1838333
1857875
1878250
1902000
1925375
1947750
1969041
1989375
2007084
2020583
2040750
2060667
2080458
2098625
2118583
2140708
2160917
2180958
2200625
2220791
2241375
2261584
2281792
2301750
2319500
2339666
2359375
2379708
2399625
2421375
2441291
48041
87417
47416
83625
249583
302709
345459
389000
431958
475167
522542
567042
611583
648125
683333
724042
766500
808500
851625
892834
932792
969959
1012125
1055750
1096958
1136208
1177333
1219041
1261541
1303292
1345000
1386583
1428125
1477791
1519167
1561291
1598125
1632625
1675042
1724500
1767208
1809167
1851125
40208
74250
107458
139666
172208
203250
235875
266041
298125
330875
360375
385750
415083
445333
475375
505333
537292
567875
599583
627375
657458
687375
715625
748542
778084
807500
836958
866625
895292
924709
954000
983833
1011417
1039125
1068916
1098042
1127750
1160459
1191125
1221209
1249291
1278500
1308125
1338042
1365667
1396042
1426458
1456000
1485834
1520000
1550417
90125
178292
216334
254791
293958
329542
369584
412792
454250
495250
532708
563042
605208
646166
689708
733458
773959
810250
846959
888875
922334
973792
1015166
1057792
1099459
1140000
1180458
1220791
1263333
1303083
1343916
1390375
1433458
1475625
1517459
1558625
1599666
1638000
1680041
1721375
1763125
1799083
1820459
1844291
1860875
1879750
1897583
1918667
1940333
1961958
1984583
2005250
2025334
2041334
2063209
2085084
2106917
2125291
2146833
2168875
2186291
2209791
2231792
2254959
2277416
2299292
2321083
2344750
2366834
2388750
2417250
2439083
2461333
2483000
2505416
2527292
2548666
2572292
57917
89834
198250
245792
285958
337291
377333
418916
462208
505458
80917
184208
228916
270750
313458
353375
395459
437041
478916
519125
564416
80750
177500
221458
262417
304167
344083
385208
425958
468708
509000
549708
586875
627750
670209
711416
752958
794334
824917
861958
902416
943417
984791
1035208
1080291
1130958
1172666
1214125
1254417
1293375
1333292
1373416
1414084
1463041
1503709
1544375
1585416
1626292
1667500
1708083
1749583
1791708
1828667
1860417
1881542
1903709
1925333
1947458
1969333
1991500
2012458
2031125
2052459
2074292
2098625
2122541
2141750
2160542
2176792
2199209
2223375
2245083
2266333
2288417
2310584
2332958
2354625
63917
129625
177833
222208
263583
306625
347792
391083
433708
475583
520375
556417
596375
637709
678875
721208
761291
802041
841417
883250
924833
965417
1001541
1042583
1092583
50209
92791
138583
179792
219375
259917
301083
340709
381083
417541
438792
456125
477333
498542
521584
546667
568375
589958
611500
632209
654167
672333
689708
710542
54667
55125
92542
92625
194459
237542
276000
316250
355459
394750
436000
477417
515667
552042
584667
624166
663750
704041
744125
784542
823041
859084
899250
938916
977208
1012959
1052959
1094375
1134375
1174125
1213917
1253500
1294250
1338459
1377291
1415459
1453333
1494459
1543000
1574916
1598083
1619542
1638209
1659625
1684708
1705750
1727667
1748292
1771708
1793584
1811792
1839250
1861041
1881417
1901000
1921667
1945083
1965959
1983584
2004500
2025167
2046708
2066959
2089208
2108375
2127333
2141917
2162750
2183125
2201000
2221167
2241833
2264666
2285292
2304541
2324958
2357291
2379250
2400417
2421750
2438166
2459709
2483167
2504291
2518333
2539292
2560042
2580417
2601709
2622458
2642958
2664000
2684500
2704791
2725667
2743958
2764291
2783333
2793208
2814000
2834584
2855292
2875958
2893500
2914084
2934500
2955125
2976042
2996334
3016750
3037333
3061250
3082208
3102750
3105083
3123792
3140958
3159250
3176167
3193375
3210208
3105750
3121375
3138250
3153541
3170500
3188583
3207000
3224334
3241208
3258167
3275542
3289917
3307916
3325791
3344375
3361583
3378792
3395625
3412875
3429917
3447208
3464458
3479542
3497292
3514583
3531458
3548541
3565875
3583208
3600333
3617208
3634667
3651625
3664291
3681209
3699708
3716417
3733083
3751458
3768500
3784625
3780333
3797291
3813792
3828000
3844459
3861500
3880209
3897709
3914709
3931708
3948791
3966125
3982209
4003167
4016375
4033583
4050375
4067083
4083791
4100833
4117916
4134792
4151959
4168791
4188000
98375
171000
205125
242416
274125
312792
351708
83500
157667
190125
233084
273917
89208
206083
84458
194250
239208
280292
320708
361459
401375
442083
483750
524792
110958
188709
221667
255125
294208
322750
51834
91541
69708
53209
100167
121167
145666
168458
192125
214125
235042
255959
281417
302458
319958
339208
359667
382792
404917
425167
445792
467333
486875
507917
529042
547209
570000
588958
610000
629625
650208
671750
693417
712542
732459
752708
772750
792958
810333
827083
848875
868875
888667
909792
932458
952583
972916
993792
1014209
1037333
1057208
1076709
56875
143291
172291
194167
215166
237083
257625
278459
299167
318541
336541
352625
372458
392167
412334
432917
456791
478542
497667
518042
537208
557250
576333
596458
619000
639584
660167
680584
701208
721292
740750
761584
782166
800084
817584
837792
860042
880542
902459
926666
946709
972125
991750
1011208
1029584
1049083
1071000
1091750
1112250
1132000
1151333
1171209
1191416
1214583
1234750
1253333
1275375
1295541
1314083
1334000
1354041
1374000
1394417
1415333
1439917
1460333
1479000
1500750
1521167
1541333
1561875
1574750
1594292
1614084
1631125
1651709
1676375
1699875
1720125
1742833
1763167
1784875
1832333
1855875
1877000
1897042
1918375
1939708
1958458
1977625
1996500
2013625
2037375
2055917
76333
153375
62792
63583
125750
140208
153000
171375
184708
201792
43542
87042
100417
116500
133375
150750
166542
184167
201834
218583
231417
242333
258833
260209
277042
293625
310583
328750
344209
359541
415208
437708
453791
468292
484959
502834
519500
536792
553708
570584
587583
604333
620208
635083
35625
70250
77500
64792
71167
160042
49958
111375
90833
172500
199583
240000
280667
335958
363875
403625
441667
481167
520125
558500
599084
639375
679542
719500
757792
791875
829292
863958
902458
940833
979542
1017958
1055333
1093958
1132459
1169875
1204792
1250417
1290042
1327666
1364625
1403541
1440917
1486708
1529791
1568125
1606000
1641834
1679958
1718875
1755959
1797708
1836042
1875583
1913458
1942500
1967167
1997750
2024417
2047250
2067750
2088417
2108667
2129125
2152625
2172500
2200500
2220791
2241333
2265500
2281292
2301959
2331041
2357208
2380667
2401416
2421291
2441375
2462000
2482917
2499250
2528916
2549917
2577417
2598125
2618292
2639041
2660208
2681041
2701125
2722417
2741542
2765292
2786542
2807667
2725416
2745833
2766500
2786166
2808708
2831291
2851250
2860125
2881416
2901333
2922708
2939000
2959667
2982000
3004458
3018292
3040708
3062500
3082584
3102500
3122959
3142916
3160917
3180750
3202958
3223084
3245125
3265416
3286291
3306375
3327542
3349708
3369792
3383000
3400459
3416000
3434000
3452791
3470375
3486916
3503083
3519541
3541000
3558917
3575208
3591709
3608167
3627292
3646958
3664667
3681791
3707000
3723792
3741625
3758875
3772208
3791417
3809125
3825542
3844375
3861750
3880042
92500
202625
247042
285750
324333
371584
410958
450834
490416
528292
93417
84458
177625
320542
280583
61583
89542
77750
53458
54792
130208
52792
49750
107459
125250
146583
165500
188625
207750
226541
245625
264417
282042
297625
317250
337625
355667
373875
391834
410083
427917
444959
450792
469292
485792
503750
521958
540000
558375
576667
594667
613167
630708
648709
666834
681875
694625
709958
728250
746250
766375
784625
802250
819750
837583
855250
873791
890583
908625
925958
944083
962000
980333
1001292
1008708
1026959
1044958
1061417
1077875
1096166
1114125
1132125
1150250
1168375
1186167
1204000
1222041
1239916
1258042
1274792
1292708
1310250
1328042
1348375
1366500
1384375
61000
122083
145458
163959
184917
203000
225334
245250
263667
282375
300541
316250
334792
354167
372750
390292
408834
427709
447875
59000
129292
149833
165209
180416
195500
210875
225625
241083
255709
269250
280291
295458
310459
325666
340750
355791
369584
383416
398584
415375
432750
446500
464375
480292
495875
511083
527417
543250
576375
592583
607500
622459
635709
647250
663292
707916
759792
780166
809667
827167
843875
859959
879333
893709
910917
926708
942084
957417
972625
1009416
1026584
1042125
360625
242583
292625
336125
378500
67209
176916
209209
233334
258416
279708
302959
328708
36625
25917
54167
139083
151208
166834
180875
195542
209250
221958
235792
249209
52833
126125
139500
157417
172375
188167
203458
219833
236250
252541
267750
279583
295417
310958
326542
342042
357542
372708
387375
401084
415959
431250
445167
461417
477666
493084
508708
524167
539834
555959
571209
591709
607416
620875
635042
648625
663916
679000
694416
709750
725041
740208
756833
772625
786125
96041
227708
279125
318792
360083
400834
440250
481250
521166
560750
596042
638625
675208
715250
754791
792959
831334
869000
904458
950709
990625
1038042
63875
137000
157666
178292
202250
223292
242709
47708
142875
165333
65667
221333
116792
236041
79625
194375
66917
